/*
 * GENERATED by scripts/gen_lvgl_font.py -- do not edit by hand.
 * Source: RobotoMono-Bold.ttf  size: 28px  bpp: 4  range 0x20-0x7E
 * Out-of-range glyphs fall back to lv_font_dot_sym_28.
 */

#include "lvgl.h"

extern const lv_font_t lv_font_dot_sym_28;

#ifndef LV_FONT_DOT_28
#define LV_FONT_DOT_28 1
#endif
#if LV_FONT_DOT_28


static LV_ATTRIBUTE_LARGE_CONST const uint8_t glyph_bitmap[] = {
    0x00, 0x00, 0x00, 0x00, 0x00, 0x00, 0x00, 0x00, 0x00, 0x00, 0x00, 0x00, 0x00, 0x04, 0x40, 0x04,
    0x40, 0x00, 0x00, 0x4f, 0xf3, 0x3f, 0xf4, 0x00, 0x00, 0x4f, 0xf3, 0x3f, 0xf4, 0x00, 0x00, 0x03,
    0x30, 0x03, 0x30, 0x00, 0x00, 0x03, 0x30, 0x03, 0x30, 0x00, 0x00, 0x4f, 0xf3, 0x3f, 0xf4, 0x00,
    0x00, 0x4f, 0xf3, 0x3f, 0xf4, 0x00, 0x00, 0x03, 0x30, 0x03, 0x30, 0x00, 0x00, 0x03, 0x30, 0x03,
    0x30, 0x00, 0x00, 0x4f, 0xf3, 0x3f, 0xf4, 0x00, 0x00, 0x4f, 0xf3, 0x3f, 0xf4, 0x00, 0x00, 0x03,
    0x30, 0x03, 0x30, 0x00, 0x00, 0x03, 0x30, 0x03, 0x30, 0x00, 0x00, 0x4f, 0xf3, 0x3f, 0xf4, 0x00,
    0x00, 0x4f, 0xf3, 0x3f, 0xf4, 0x00, 0x00, 0x03, 0x30, 0x03, 0x30, 0x00, 0x00, 0x03, 0x30, 0x03,
    0x30, 0x00, 0x00, 0x4f, 0xf3, 0x3f, 0xf4, 0x00, 0x00, 0x4f, 0xf3, 0x3f, 0xf4, 0x00, 0x00, 0x03,
    0x30, 0x03, 0x30, 0x00, 0x00, 0x03, 0x30, 0x03, 0x30, 0x00, 0x00, 0x4f, 0xf3, 0x3f, 0xf4, 0x00,
    0x00, 0x4f, 0xf3, 0x3f, 0xf4, 0x00, 0x00, 0x04, 0x40, 0x04, 0x40, 0x00, 0x00, 0x00, 0x00, 0x00,
    0x00, 0x00, 0x00, 0x00, 0x00, 0x00, 0x00, 0x00, 0x00, 0x00, 0x00, 0x00, 0x00, 0x00, 0x00, 0x00,
    0x00, 0x00, 0x00, 0x00, 0x00, 0x04, 0x40, 0x04, 0x40, 0x00, 0x00, 0x4f, 0xf3, 0x3f, 0xf4, 0x00,
    0x00, 0x4f, 0xf3, 0x3f, 0xf4, 0x00, 0x00, 0x03, 0x30, 0x03, 0x30, 0x00, 0x00, 0x03, 0x30, 0x03,
    0x30, 0x00, 0x00, 0x4f, 0xf3, 0x3f, 0xf4, 0x00, 0x00, 0x4f, 0xf3, 0x3f, 0xf4, 0x00, 0x00, 0x04,
    0x40, 0x04, 0x40, 0x00, 0x00, 0x00, 0x00, 0x00, 0x00, 0x00, 0x00, 0x00, 0x00, 0x00, 0x00, 0x00,
    0x00, 0x00, 0x00, 0x00, 0x00, 0x00, 0x00, 0x00, 0x00, 0x00, 0x00, 0x00, 0x00, 0x00, 0x00, 0x00,
    0x00, 0x00, 0x00, 0x00, 0x00, 0x00, 0x00, 0x04, 0x40, 0x04, 0x40, 0x04, 0x40, 0x00, 0x00, 0x00,
    0x00, 0x4f, 0xf3, 0x3f, 0xf3, 0x3f, 0xf4, 0x00, 0x00, 0x00, 0x00, 0x4f, 0xf3, 0x3f, 0xf3, 0x3f,
    0xf4, 0x00, 0x00, 0x00, 0x00, 0x03, 0x30, 0x03, 0x30, 0x03, 0x30, 0x00, 0x00, 0x00, 0x00, 0x03,
    0x30, 0x03, 0x30, 0x03, 0x30, 0x00, 0x00, 0x00, 0x00, 0x4f, 0xf3, 0x3f, 0xf3, 0x3f, 0xf4, 0x00,
    0x00, 0x00, 0x00, 0x4f, 0xf3, 0x3f, 0xf3, 0x3f, 0xf4, 0x00, 0x00, 0x00, 0x00, 0x03, 0x30, 0x03,
    0x30, 0x03, 0x30, 0x00, 0x00, 0x04, 0x40, 0x03, 0x30, 0x03, 0x30, 0x03, 0x30, 0x00, 0x00, 0x4f,
    0xf3, 0x3f, 0xf3, 0x3f, 0xf3, 0x3f, 0xf4, 0x00, 0x00, 0x4f, 0xf3, 0x3f, 0xf3, 0x3f, 0xf3, 0x3f,
    0xf4, 0x00, 0x00, 0x03, 0x30, 0x03, 0x30, 0x03, 0x30, 0x03, 0x30, 0x00, 0x00, 0x03, 0x30, 0x03,
    0x30, 0x03, 0x30, 0x03, 0x30, 0x00, 0x00, 0x4f, 0xf3, 0x3f, 0xf3, 0x3f, 0xf3, 0x3f, 0xf4, 0x00,
    0x00, 0x4f, 0xf3, 0x3f, 0xf3, 0x3f, 0xf3, 0x3f, 0xf4, 0x00, 0x00, 0x03, 0x30, 0x03, 0x30, 0x03,
    0x30, 0x04, 0x40, 0x00, 0x00, 0x03, 0x30, 0x03, 0x30, 0x03, 0x30, 0x00, 0x00, 0x00, 0x00, 0x4f,
    0xf3, 0x3f, 0xf3, 0x3f, 0xf4, 0x00, 0x00, 0x00, 0x00, 0x4f, 0xf3, 0x3f, 0xf3, 0x3f, 0xf4, 0x00,
    0x00, 0x00, 0x00, 0x03, 0x30, 0x03, 0x30, 0x03, 0x30, 0x00, 0x00, 0x00, 0x00, 0x03, 0x30, 0x03,
    0x30, 0x03, 0x30, 0x00, 0x00, 0x00, 0x00, 0x4f, 0xf3, 0x3f, 0xf3, 0x3f, 0xf4, 0x00, 0x00, 0x00,
    0x00, 0x4f, 0xf3, 0x3f, 0xf3, 0x3f, 0xf4, 0x00, 0x00, 0x00, 0x00, 0x04, 0x40, 0x04, 0x40, 0x04,
    0x40, 0x00, 0x00, 0x00, 0x00, 0x00, 0x00, 0x00, 0x00, 0x00, 0x00, 0x00, 0x00, 0x00, 0x00, 0x00,
    0x00, 0x00, 0x00, 0x00, 0x00, 0x00, 0x00, 0x00, 0x00, 0x00, 0x00, 0x00, 0x00, 0x00, 0x00, 0x00,
    0x00, 0x00, 0x00, 0x00, 0x00, 0x00, 0x00, 0x00, 0x00, 0x00, 0x00, 0x00, 0x00, 0x00, 0x00, 0x00,
    0x00, 0x04, 0x40, 0x00, 0x00, 0x00, 0x00, 0x00, 0x00, 0x00, 0x00, 0x4f, 0xf4, 0x00, 0x00, 0x00,
    0x00, 0x00, 0x00, 0x00, 0x00, 0x4f, 0xf4, 0x00, 0x00, 0x00, 0x00, 0x00, 0x00, 0x00, 0x00, 0x03,
    0x30, 0x00, 0x00, 0x00, 0x00, 0x00, 0x00, 0x04, 0x40, 0x03, 0x30, 0x04, 0x40, 0x00, 0x00, 0x00,
    0x00, 0x4f, 0xf3, 0x3f, 0xf3, 0x3f, 0xf4, 0x00, 0x00, 0x00, 0x00, 0x4f, 0xf3, 0x3f, 0xf3, 0x3f,
    0xf4, 0x00, 0x00, 0x00, 0x00, 0x03, 0x30, 0x03, 0x30, 0x03, 0x30, 0x00, 0x00, 0x04, 0x40, 0x03,
    0x30, 0x03, 0x30, 0x03, 0x30, 0x00, 0x00, 0x4f, 0xf3, 0x3f, 0xf3, 0x3f, 0xf3, 0x3f, 0xf4, 0x00,
    0x00, 0x4f, 0xf3, 0x3f, 0xf3, 0x3f, 0xf3, 0x3f, 0xf4, 0x00, 0x00, 0x03, 0x30, 0x03, 0x30, 0x03,
    0x30, 0x04, 0x40, 0x00, 0x00, 0x03, 0x30, 0x03, 0x30, 0x03, 0x30, 0x00, 0x00, 0x00, 0x00, 0x4f,
    0xf3, 0x3f, 0xf3, 0x3f, 0xf4, 0x00, 0x00, 0x00, 0x00, 0x4f, 0xf3, 0x3f, 0xf3, 0x3f, 0xf4, 0x00,
    0x00, 0x00, 0x00, 0x04, 0x40, 0x03, 0x30, 0x03, 0x30, 0x00, 0x00, 0x00, 0x00, 0x00, 0x00, 0x03,
    0x30, 0x03, 0x30, 0x04, 0x40, 0x00, 0x00, 0x00, 0x00, 0x4f, 0xf3, 0x3f, 0xf3, 0x3f, 0xf4, 0x00,
    0x00, 0x00, 0x00, 0x4f, 0xf3, 0x3f, 0xf3, 0x3f, 0xf4, 0x00, 0x00, 0x00, 0x00, 0x03, 0x30, 0x03,
    0x30, 0x03, 0x30, 0x00, 0x00, 0x04, 0x40, 0x03, 0x30, 0x03, 0x30, 0x03, 0x30, 0x00, 0x00, 0x4f,
    0xf3, 0x3f, 0xf3, 0x3f, 0xf3, 0x3f, 0xf4, 0x00, 0x00, 0x4f, 0xf3, 0x3f, 0xf3, 0x3f, 0xf3, 0x3f,
    0xf4, 0x00, 0x00, 0x04, 0x40, 0x03, 0x30, 0x03, 0x30, 0x03, 0x30, 0x00, 0x00, 0x00, 0x00, 0x03,
    0x30, 0x03, 0x30, 0x03, 0x30, 0x00, 0x00, 0x00, 0x00, 0x4f, 0xf3, 0x3f, 0xf3, 0x3f, 0xf4, 0x00,
    0x00, 0x00, 0x00, 0x4f, 0xf3, 0x3f, 0xf3, 0x3f, 0xf4, 0x00, 0x00, 0x00, 0x00, 0x04, 0x40, 0x03,
    0x30, 0x04, 0x40, 0x00, 0x00, 0x00, 0x00, 0x00, 0x00, 0x03, 0x30, 0x00, 0x00, 0x00, 0x00, 0x00,
    0x00, 0x00, 0x00, 0x4f, 0xf4, 0x00, 0x00, 0x00, 0x00, 0x00, 0x00, 0x00, 0x00, 0x4f, 0xf4, 0x00,
    0x00, 0x00, 0x00, 0x00, 0x00, 0x00, 0x00, 0x04, 0x40, 0x00, 0x00, 0x00, 0x00, 0x00, 0x00, 0x00,
    0x00, 0x00, 0x00, 0x00, 0x00, 0x00, 0x00, 0x00, 0x00, 0x00, 0x00, 0x00, 0x00, 0x00, 0x00, 0x00,
    0x00, 0x00, 0x00, 0x00, 0x00, 0x00, 0x00, 0x00, 0x00, 0x00, 0x00, 0x00, 0x00, 0x00, 0x00, 0x00,
    0x00, 0x00, 0x00, 0x00, 0x00, 0x04, 0x40, 0x04, 0x40, 0x00, 0x00, 0x00, 0x00, 0x00, 0x00, 0x4f,
    0xf3, 0x3f, 0xf4, 0x00, 0x00, 0x00, 0x00, 0x00, 0x00, 0x4f, 0xf3, 0x3f, 0xf4, 0x00, 0x00, 0x00,
    0x00, 0x00, 0x00, 0x03, 0x30, 0x03, 0x30, 0x00, 0x00, 0x00, 0x00, 0x00, 0x00, 0x03, 0x30, 0x03,
    0x30, 0x04, 0x40, 0x04, 0x40, 0x00, 0x00, 0x4f, 0xf3, 0x3f, 0xf3, 0x3f, 0xf3, 0x3f, 0xf4, 0x00,
    0x00, 0x4f, 0xf3, 0x3f, 0xf3, 0x3f, 0xf3, 0x3f, 0xf4, 0x00, 0x00, 0x03, 0x30, 0x03, 0x30, 0x03,
    0x30, 0x04, 0x40, 0x00, 0x00, 0x03, 0x30, 0x03, 0x30, 0x03, 0x30, 0x00, 0x00, 0x00, 0x00, 0x4f,
    0xf3, 0x3f, 0xf3, 0x3f, 0xf4, 0x00, 0x00, 0x00, 0x00, 0x4f, 0xf3, 0x3f, 0xf3, 0x3f, 0xf4, 0x00,
    0x00, 0x00, 0x00, 0x04, 0x40, 0x03, 0x30, 0x03, 0x30, 0x00, 0x00, 0x00, 0x00, 0x00, 0x00, 0x03,
    0x30, 0x03, 0x30, 0x04, 0x40, 0x00, 0x00, 0x00, 0x00, 0x4f, 0xf3, 0x3f, 0xf3, 0x3f, 0xf4, 0x00,
    0x00, 0x00, 0x00, 0x4f, 0xf3, 0x3f, 0xf3, 0x3f, 0xf4, 0x00, 0x00, 0x00, 0x00, 0x03, 0x30, 0x03,
    0x30, 0x03, 0x30, 0x00, 0x00, 0x00, 0x00, 0x03, 0x30, 0x03, 0x30, 0x03, 0x30, 0x00, 0x00, 0x00,
    0x00, 0x4f, 0xf3, 0x3f, 0xf3, 0x3f, 0xf4, 0x00, 0x00, 0x00, 0x00, 0x4f, 0xf3, 0x3f, 0xf3, 0x3f,
    0xf4, 0x00, 0x00, 0x00, 0x00, 0x04, 0x40, 0x03, 0x30, 0x03, 0x30, 0x00, 0x00, 0x00, 0x00, 0x00,
    0x00, 0x03, 0x30, 0x03, 0x30, 0x00, 0x00, 0x00, 0x00, 0x00, 0x00, 0x4f, 0xf3, 0x3f, 0xf4, 0x00,
    0x00, 0x00, 0x00, 0x00, 0x00, 0x4f, 0xf3, 0x3f, 0xf4, 0x00, 0x00, 0x00, 0x00, 0x00, 0x00, 0x04,
    0x40, 0x04, 0x40, 0x00, 0x00, 0x00, 0x00, 0x00, 0x00, 0x00, 0x00, 0x00, 0x00, 0x00, 0x00, 0x00,
    0x00, 0x00, 0x00, 0x00, 0x00, 0x00, 0x00, 0x00, 0x00, 0x00, 0x00, 0x00, 0x00, 0x00, 0x00, 0x00,
    0x00, 0x00, 0x00, 0x00, 0x00, 0x00, 0x00, 0x00, 0x00, 0x00, 0x00, 0x00, 0x00, 0x00, 0x00, 0x00,
    0x00, 0x00, 0x00, 0x04, 0x40, 0x04, 0x40, 0x00, 0x00, 0x00, 0x00, 0x00, 0x00, 0x00, 0x00, 0x4f,
    0xf3, 0x3f, 0xf4, 0x00, 0x00, 0x00, 0x00, 0x00, 0x00, 0x00, 0x00, 0x4f, 0xf3, 0x3f, 0xf4, 0x00,
    0x00, 0x00, 0x00, 0x00, 0x00, 0x00, 0x00, 0x03, 0x30, 0x03, 0x30, 0x00, 0x00, 0x00, 0x00, 0x00,
    0x00, 0x04, 0x40, 0x03, 0x30, 0x03, 0x30, 0x04, 0x40, 0x00, 0x00, 0x00, 0x00, 0x4f, 0xf3, 0x3f,
    0xf3, 0x3f, 0xf3, 0x3f, 0xf4, 0x00, 0x00, 0x00, 0x00, 0x4f, 0xf3, 0x3f, 0xf3, 0x3f, 0xf3, 0x3f,
    0xf4, 0x00, 0x00, 0x00, 0x00, 0x03, 0x30, 0x03, 0x30, 0x03, 0x30, 0x04, 0x40, 0x00, 0x00, 0x00,
    0x00, 0x03, 0x30, 0x03, 0x30, 0x03, 0x30, 0x00, 0x00, 0x00, 0x00, 0x00, 0x00, 0x4f, 0xf3, 0x3f,
    0xf3, 0x3f, 0xf4, 0x00, 0x00, 0x00, 0x00, 0x00, 0x00, 0x4f, 0xf3, 0x3f, 0xf3, 0x3f, 0xf4, 0x00,
    0x00, 0x00, 0x00, 0x00, 0x00, 0x03, 0x30, 0x03, 0x30, 0x03, 0x30, 0x00, 0x00, 0x00, 0x00, 0x00,
    0x00, 0x03, 0x30, 0x03, 0x30, 0x03, 0x30, 0x04, 0x40, 0x00, 0x00, 0x00, 0x00, 0x4f, 0xf3, 0x3f,
    0xf3, 0x3f, 0xf3, 0x3f, 0xf4, 0x00, 0x00, 0x00, 0x00, 0x4f, 0xf3, 0x3f, 0xf3, 0x3f, 0xf3, 0x3f,
    0xf4, 0x00, 0x00, 0x00, 0x00, 0x03, 0x30, 0x03, 0x30, 0x03, 0x30, 0x03, 0x30, 0x00, 0x00, 0x00,
    0x00, 0x03, 0x30, 0x03, 0x30, 0x03, 0x30, 0x03, 0x30, 0x00, 0x00, 0x00, 0x00, 0x4f, 0xf3, 0x3f,
    0xf3, 0x3f, 0xf3, 0x3f, 0xf4, 0x00, 0x00, 0x00, 0x00, 0x4f, 0xf3, 0x3f, 0xf3, 0x3f, 0xf3, 0x3f,
    0xf4, 0x00, 0x00, 0x00, 0x00, 0x03, 0x30, 0x03, 0x30, 0x03, 0x30, 0x03, 0x30, 0x00, 0x00, 0x00,
    0x00, 0x03, 0x30, 0x03, 0x30, 0x03, 0x30, 0x03, 0x30, 0x04, 0x40, 0x00, 0x00, 0x4f, 0xf3, 0x3f,
    0xf3, 0x3f, 0xf3, 0x3f, 0xf3, 0x3f, 0xf4, 0x00, 0x00, 0x4f, 0xf3, 0x3f, 0xf3, 0x3f, 0xf3, 0x3f,
    0xf3, 0x3f, 0xf4, 0x00, 0x00, 0x04, 0x40, 0x04, 0x40, 0x04, 0x40, 0x04, 0x40, 0x04, 0x40, 0x00,
    0x00, 0x00, 0x00, 0x00, 0x00, 0x00, 0x00, 0x00, 0x00, 0x00, 0x00, 0x00, 0x00, 0x00, 0x00, 0x00,
    0x00, 0x00, 0x00, 0x00, 0x00, 0x00, 0x00, 0x00, 0x00, 0x00, 0x00, 0x00, 0x00, 0x00, 0x00, 0x00,
    0x00, 0x00, 0x00, 0x00, 0x00, 0x04, 0x40, 0x04, 0x40, 0x00, 0x00, 0x4f, 0xf3, 0x3f, 0xf4, 0x00,
    0x00, 0x4f, 0xf3, 0x3f, 0xf4, 0x00, 0x00, 0x03, 0x30, 0x03, 0x30, 0x00, 0x00, 0x03, 0x30, 0x03,
    0x30, 0x00, 0x00, 0x4f, 0xf3, 0x3f, 0xf4, 0x00, 0x00, 0x4f, 0xf3, 0x3f, 0xf4, 0x00, 0x00, 0x04,
    0x40, 0x04, 0x40, 0x00, 0x00, 0x00, 0x00, 0x00, 0x00, 0x00, 0x00, 0x00, 0x00, 0x00, 0x00, 0x00,
    0x00, 0x00, 0x00, 0x00, 0x00, 0x00, 0x00, 0x00, 0x00, 0x00, 0x00, 0x00, 0x00, 0x00, 0x00, 0x04,
    0x40, 0x00, 0x00, 0x00, 0x00, 0x4f, 0xf4, 0x00, 0x00, 0x00, 0x00, 0x4f, 0xf4, 0x00, 0x00, 0x00,
    0x00, 0x03, 0x30, 0x00, 0x00, 0x04, 0x40, 0x03, 0x30, 0x00, 0x00, 0x4f, 0xf3, 0x3f, 0xf4, 0x00,
    0x00, 0x4f, 0xf3, 0x3f, 0xf4, 0x00, 0x00, 0x03, 0x30, 0x03, 0x30, 0x00, 0x00, 0x03, 0x30, 0x03,
    0x30, 0x00, 0x00, 0x4f, 0xf3, 0x3f, 0xf4, 0x00, 0x00, 0x4f, 0xf3, 0x3f, 0xf4, 0x00, 0x00, 0x03,
    0x30, 0x04, 0x40, 0x00, 0x00, 0x03, 0x30, 0x00, 0x00, 0x00, 0x00, 0x4f, 0xf4, 0x00, 0x00, 0x00,
    0x00, 0x4f, 0xf4, 0x00, 0x00, 0x00, 0x00, 0x03, 0x30, 0x00, 0x00, 0x00, 0x00, 0x03, 0x30, 0x04,
    0x40, 0x00, 0x00, 0x4f, 0xf3, 0x3f, 0xf4, 0x00, 0x00, 0x4f, 0xf3, 0x3f, 0xf4, 0x00, 0x00, 0x03,
    0x30, 0x03, 0x30, 0x00, 0x00, 0x03, 0x30, 0x03, 0x30, 0x00, 0x00, 0x4f, 0xf3, 0x3f, 0xf4, 0x00,
    0x00, 0x4f, 0xf3, 0x3f, 0xf4, 0x00, 0x00, 0x04, 0x40, 0x03, 0x30, 0x00, 0x00, 0x00, 0x00, 0x03,
    0x30, 0x00, 0x00, 0x00, 0x00, 0x4f, 0xf4, 0x00, 0x00, 0x00, 0x00, 0x4f, 0xf4, 0x00, 0x00, 0x00,
    0x00, 0x04, 0x40, 0x00, 0x00, 0x00, 0x00, 0x00, 0x00, 0x00, 0x00, 0x00, 0x00, 0x00, 0x00, 0x00,
    0x00, 0x00, 0x00, 0x00, 0x00, 0x00, 0x00, 0x00, 0x00, 0x00, 0x00, 0x00, 0x00, 0x04, 0x40, 0x04,
    0x40, 0x00, 0x00, 0x4f, 0xf3, 0x3f, 0xf4, 0x00, 0x00, 0x4f, 0xf3, 0x3f, 0xf4, 0x00, 0x00, 0x03,
    0x30, 0x03, 0x30, 0x00, 0x00, 0x03, 0x30, 0x03, 0x30, 0x00, 0x00, 0x4f, 0xf3, 0x3f, 0xf4, 0x00,
    0x00, 0x4f, 0xf3, 0x3f, 0xf4, 0x00, 0x00, 0x04, 0x40, 0x03, 0x30, 0x00, 0x00, 0x00, 0x00, 0x03,
    0x30, 0x00, 0x00, 0x00, 0x00, 0x4f, 0xf4, 0x00, 0x00, 0x00, 0x00, 0x4f, 0xf4, 0x00, 0x00, 0x00,
    0x00, 0x03, 0x30, 0x00, 0x00, 0x00, 0x00, 0x03, 0x30, 0x00, 0x00, 0x00, 0x00, 0x4f, 0xf4, 0x00,
    0x00, 0x00, 0x00, 0x4f, 0xf4, 0x00, 0x00, 0x00, 0x00, 0x03, 0x30, 0x00, 0x00, 0x00, 0x00, 0x03,
    0x30, 0x00, 0x00, 0x00, 0x00, 0x4f, 0xf4, 0x00, 0x00, 0x00, 0x00, 0x4f, 0xf4, 0x00, 0x00, 0x00,
    0x00, 0x03, 0x30, 0x00, 0x00, 0x04, 0x40, 0x03, 0x30, 0x00, 0x00, 0x4f, 0xf3, 0x3f, 0xf4, 0x00,
    0x00, 0x4f, 0xf3, 0x3f, 0xf4, 0x00, 0x00, 0x03, 0x30, 0x03, 0x30, 0x00, 0x00, 0x03, 0x30, 0x03,
    0x30, 0x00, 0x00, 0x4f, 0xf3, 0x3f, 0xf4, 0x00, 0x00, 0x4f, 0xf3, 0x3f, 0xf4, 0x00, 0x00, 0x04,
    0x40, 0x04, 0x40, 0x00, 0x00, 0x00, 0x00, 0x00, 0x00, 0x00, 0x00, 0x00, 0x00, 0x00, 0x00, 0x00,
    0x00, 0x00, 0x00, 0x00, 0x00, 0x00, 0x00, 0x00, 0x00, 0x00, 0x00, 0x00, 0x00, 0x00, 0x00, 0x00,
    0x00, 0x00, 0x00, 0x00, 0x00, 0x00, 0x00, 0x00, 0x00, 0x04, 0x40, 0x00, 0x00, 0x00, 0x00, 0x00,
    0x00, 0x00, 0x00, 0x4f, 0xf4, 0x00, 0x00, 0x00, 0x00, 0x00, 0x00, 0x00, 0x00, 0x4f, 0xf4, 0x00,
    0x00, 0x00, 0x00, 0x00, 0x00, 0x00, 0x00, 0x03, 0x30, 0x00, 0x00, 0x00, 0x00, 0x04, 0x40, 0x04,
    0x40, 0x03, 0x30, 0x04, 0x40, 0x00, 0x00, 0x4f, 0xf3, 0x3f, 0xf3, 0x3f, 0xf3, 0x3f, 0xf4, 0x00,
    0x00, 0x4f, 0xf3, 0x3f, 0xf3, 0x3f, 0xf3, 0x3f, 0xf4, 0x00, 0x00, 0x03, 0x30, 0x03, 0x30, 0x03,
    0x30, 0x03, 0x30, 0x00, 0x00, 0x03, 0x30, 0x03, 0x30, 0x03, 0x30, 0x03, 0x30, 0x00, 0x00, 0x4f,
    0xf3, 0x3f, 0xf3, 0x3f, 0xf3, 0x3f, 0xf4, 0x00, 0x00, 0x4f, 0xf3, 0x3f, 0xf3, 0x3f, 0xf3, 0x3f,
    0xf4, 0x00, 0x00, 0x04, 0x40, 0x03, 0x30, 0x03, 0x30, 0x03, 0x30, 0x00, 0x00, 0x00, 0x00, 0x03,
    0x30, 0x03, 0x30, 0x03, 0x30, 0x00, 0x00, 0x00, 0x00, 0x4f, 0xf3, 0x3f, 0xf3, 0x3f, 0xf4, 0x00,
    0x00, 0x00, 0x00, 0x4f, 0xf3, 0x3f, 0xf3, 0x3f, 0xf4, 0x00, 0x00, 0x00, 0x00, 0x04, 0x40, 0x04,
    0x40, 0x04, 0x40, 0x00, 0x00, 0x00, 0x00, 0x00, 0x00, 0x00, 0x00, 0x00, 0x00, 0x00, 0x00, 0x00,
    0x00, 0x00, 0x00, 0x00, 0x00, 0x00, 0x00, 0x00, 0x00, 0x00, 0x00, 0x00, 0x00, 0x00, 0x00, 0x00,
    0x00, 0x00, 0x00, 0x00, 0x00, 0x00, 0x00, 0x00, 0x00, 0x00, 0x00, 0x00, 0x00, 0x00, 0x00, 0x04,
    0x40, 0x04, 0x40, 0x00, 0x00, 0x00, 0x00, 0x00, 0x00, 0x4f, 0xf3, 0x3f, 0xf4, 0x00, 0x00, 0x00,
    0x00, 0x00, 0x00, 0x4f, 0xf3, 0x3f, 0xf4, 0x00, 0x00, 0x00, 0x00, 0x00, 0x00, 0x03, 0x30, 0x03,
    0x30, 0x00, 0x00, 0x00, 0x00, 0x04, 0x40, 0x03, 0x30, 0x03, 0x30, 0x04, 0x40, 0x00, 0x00, 0x4f,
    0xf3, 0x3f, 0xf3, 0x3f, 0xf3, 0x3f, 0xf4, 0x00, 0x00, 0x4f, 0xf3, 0x3f, 0xf3, 0x3f, 0xf3, 0x3f,
    0xf4, 0x00, 0x00, 0x03, 0x30, 0x03, 0x30, 0x03, 0x30, 0x03, 0x30, 0x00, 0x00, 0x03, 0x30, 0x03,
    0x30, 0x03, 0x30, 0x03, 0x30, 0x00, 0x00, 0x4f, 0xf3, 0x3f, 0xf3, 0x3f, 0xf3, 0x3f, 0xf4, 0x00,
    0x00, 0x4f, 0xf3, 0x3f, 0xf3, 0x3f, 0xf3, 0x3f, 0xf4, 0x00, 0x00, 0x04, 0x40, 0x03, 0x30, 0x03,
    0x30, 0x04, 0x40, 0x00, 0x00, 0x00, 0x00, 0x03, 0x30, 0x03, 0x30, 0x00, 0x00, 0x00, 0x00, 0x00,
    0x00, 0x4f, 0xf3, 0x3f, 0xf4, 0x00, 0x00, 0x00, 0x00, 0x00, 0x00, 0x4f, 0xf3, 0x3f, 0xf4, 0x00,
    0x00, 0x00, 0x00, 0x00, 0x00, 0x04, 0x40, 0x04, 0x40, 0x00, 0x00, 0x00, 0x00, 0x00, 0x00, 0x00,
    0x00, 0x00, 0x00, 0x00, 0x00, 0x00, 0x00, 0x00, 0x00, 0x00, 0x00, 0x00, 0x00, 0x00, 0x00, 0x00,
    0x00, 0x00, 0x00, 0x00, 0x00, 0x00, 0x00, 0x00, 0x00, 0x00, 0x00, 0x00, 0x00, 0x04, 0x40, 0x04,
    0x40, 0x00, 0x00, 0x4f, 0xf3, 0x3f, 0xf4, 0x00, 0x00, 0x4f, 0xf3, 0x3f, 0xf4, 0x00, 0x00, 0x03,
    0x30, 0x03, 0x30, 0x00, 0x00, 0x03, 0x30, 0x03, 0x30, 0x00, 0x00, 0x4f, 0xf3, 0x3f, 0xf4, 0x00,
    0x00, 0x4f, 0xf3, 0x3f, 0xf4, 0x00, 0x00, 0x03, 0x30, 0x03, 0x30, 0x00, 0x00, 0x03, 0x30, 0x03,
    0x30, 0x00, 0x00, 0x4f, 0xf3, 0x3f, 0xf4, 0x00, 0x00, 0x4f, 0xf3, 0x3f, 0xf4, 0x00, 0x00, 0x04,
    0x40, 0x04, 0x40, 0x00, 0x00, 0x00, 0x00, 0x00, 0x00, 0x00, 0x00, 0x00, 0x00, 0x00, 0x00, 0x00,
    0x00, 0x00, 0x00, 0x00, 0x00, 0x00, 0x00, 0x00, 0x00, 0x00, 0x00, 0x00, 0x00, 0x00, 0x00, 0x00,
    0x00, 0x04, 0x40, 0x04, 0x40, 0x04, 0x40, 0x00, 0x00, 0x4f, 0xf3, 0x3f, 0xf3, 0x3f, 0xf4, 0x00,
    0x00, 0x4f, 0xf3, 0x3f, 0xf3, 0x3f, 0xf4, 0x00, 0x00, 0x04, 0x40, 0x04, 0x40, 0x04, 0x40, 0x00,
    0x00, 0x00, 0x00, 0x00, 0x00, 0x00, 0x00, 0x00, 0x00, 0x00, 0x00, 0x00, 0x00, 0x00, 0x00, 0x00,
    0x00, 0x00, 0x00, 0x00, 0x00, 0x00, 0x00, 0x00, 0x00, 0x00, 0x00, 0x00, 0x00, 0x04, 0x40, 0x04,
    0x40, 0x00, 0x00, 0x4f, 0xf3, 0x3f, 0xf4, 0x00, 0x00, 0x4f, 0xf3, 0x3f, 0xf4, 0x00, 0x00, 0x03,
    0x30, 0x03, 0x30, 0x00, 0x00, 0x03, 0x30, 0x03, 0x30, 0x00, 0x00, 0x4f, 0xf3, 0x3f, 0xf4, 0x00,
    0x00, 0x4f, 0xf3, 0x3f, 0xf4, 0x00, 0x00, 0x04, 0x40, 0x04, 0x40, 0x00, 0x00, 0x00, 0x00, 0x00,
    0x00, 0x00, 0x00, 0x00, 0x00, 0x00, 0x00, 0x00, 0x00, 0x00, 0x00, 0x00, 0x00, 0x00, 0x00, 0x00,
    0x00, 0x00, 0x00, 0x00, 0x00, 0x00, 0x00, 0x00, 0x00, 0x00, 0x00, 0x00, 0x00, 0x00, 0x00, 0x00,
    0x00, 0x04, 0x40, 0x04, 0x40, 0x00, 0x00, 0x00, 0x00, 0x00, 0x00, 0x4f, 0xf3, 0x3f, 0xf4, 0x00,
    0x00, 0x00, 0x00, 0x00, 0x00, 0x4f, 0xf3, 0x3f, 0xf4, 0x00, 0x00, 0x00, 0x00, 0x00, 0x00, 0x03,
    0x30, 0x03, 0x30, 0x00, 0x00, 0x00, 0x00, 0x00, 0x00, 0x03, 0x30, 0x03, 0x30, 0x00, 0x00, 0x00,
    0x00, 0x00, 0x00, 0x4f, 0xf3, 0x3f, 0xf4, 0x00, 0x00, 0x00, 0x00, 0x00, 0x00, 0x4f, 0xf3, 0x3f,
    0xf4, 0x00, 0x00, 0x00, 0x00, 0x00, 0x00, 0x03, 0x30, 0x04, 0x40, 0x00, 0x00, 0x00, 0x00, 0x04,
    0x40, 0x03, 0x30, 0x00, 0x00, 0x00, 0x00, 0x00, 0x00, 0x4f, 0xf3, 0x3f, 0xf4, 0x00, 0x00, 0x00,
    0x00, 0x00, 0x00, 0x4f, 0xf3, 0x3f, 0xf4, 0x00, 0x00, 0x00, 0x00, 0x00, 0x00, 0x03, 0x30, 0x03,
    0x30, 0x00, 0x00, 0x00, 0x00, 0x00, 0x00, 0x03, 0x30, 0x03, 0x30, 0x00, 0x00, 0x00, 0x00, 0x00,
    0x00, 0x4f, 0xf3, 0x3f, 0xf4, 0x00, 0x00, 0x00, 0x00, 0x00, 0x00, 0x4f, 0xf3, 0x3f, 0xf4, 0x00,
    0x00, 0x00, 0x00, 0x00, 0x00, 0x03, 0x30, 0x03, 0x30, 0x00, 0x00, 0x00, 0x00, 0x00, 0x00, 0x03,
    0x30, 0x03, 0x30, 0x00, 0x00, 0x00, 0x00, 0x00, 0x00, 0x4f, 0xf3, 0x3f, 0xf4, 0x00, 0x00, 0x00,
    0x00, 0x00, 0x00, 0x4f, 0xf3, 0x3f, 0xf4, 0x00, 0x00, 0x00, 0x00, 0x00, 0x00, 0x03, 0x30, 0x04,
    0x40, 0x00, 0x00, 0x00, 0x00, 0x04, 0x40, 0x03, 0x30, 0x00, 0x00, 0x00, 0x00, 0x00, 0x00, 0x4f,
    0xf3, 0x3f, 0xf4, 0x00, 0x00, 0x00, 0x00, 0x00, 0x00, 0x4f, 0xf3, 0x3f, 0xf4, 0x00, 0x00, 0x00,
    0x00, 0x00, 0x00, 0x04, 0x40, 0x04, 0x40, 0x00, 0x00, 0x00, 0x00, 0x00, 0x00, 0x00, 0x00, 0x00,
    0x00, 0x00, 0x00, 0x00, 0x00, 0x00, 0x00, 0x00, 0x00, 0x00, 0x00, 0x00, 0x00, 0x00, 0x00, 0x00,
    0x00, 0x00, 0x00, 0x00, 0x00, 0x00, 0x00, 0x00, 0x00, 0x00, 0x00, 0x00, 0x00, 0x00, 0x00, 0x00,
    0x00, 0x00, 0x00, 0x00, 0x00, 0x00, 0x00, 0x04, 0x40, 0x04, 0x40, 0x04, 0x40, 0x00, 0x00, 0x00,
    0x00, 0x4f, 0xf3, 0x3f, 0xf3, 0x3f, 0xf4, 0x00, 0x00, 0x00, 0x00, 0x4f, 0xf3, 0x3f, 0xf3, 0x3f,
    0xf4, 0x00, 0x00, 0x00, 0x00, 0x03, 0x30, 0x03, 0x30, 0x03, 0x30, 0x00, 0x00, 0x04, 0x40, 0x03,
    0x30, 0x03, 0x30, 0x03, 0x30, 0x00, 0x00, 0x4f, 0xf3, 0x3f, 0xf3, 0x3f, 0xf3, 0x3f, 0xf4, 0x00,
    0x00, 0x4f, 0xf3, 0x3f, 0xf3, 0x3f, 0xf3, 0x3f, 0xf4, 0x00, 0x00, 0x03, 0x30, 0x03, 0x30, 0x03,
    0x30, 0x03, 0x30, 0x00, 0x00, 0x03, 0x30, 0x03, 0x30, 0x03, 0x30, 0x03, 0x30, 0x00, 0x00, 0x4f,
    0xf3, 0x3f, 0xf3, 0x3f, 0xf3, 0x3f, 0xf4, 0x00, 0x00, 0x4f, 0xf3, 0x3f, 0xf3, 0x3f, 0xf3, 0x3f,
    0xf4, 0x00, 0x00, 0x03, 0x30, 0x03, 0x30, 0x03, 0x30, 0x03, 0x30, 0x00, 0x00, 0x03, 0x30, 0x03,
    0x30, 0x03, 0x30, 0x03, 0x30, 0x00, 0x00, 0x4f, 0xf3, 0x3f, 0xf3, 0x3f, 0xf3, 0x3f, 0xf4, 0x00,
    0x00, 0x4f, 0xf3, 0x3f, 0xf3, 0x3f, 0xf3, 0x3f, 0xf4, 0x00, 0x00, 0x03, 0x30, 0x03, 0x30, 0x03,
    0x30, 0x03, 0x30, 0x00, 0x00, 0x03, 0x30, 0x03, 0x30, 0x03, 0x30, 0x03, 0x30, 0x00, 0x00, 0x4f,
    0xf3, 0x3f, 0xf3, 0x3f, 0xf3, 0x3f, 0xf4, 0x00, 0x00, 0x4f, 0xf3, 0x3f, 0xf3, 0x3f, 0xf3, 0x3f,
    0xf4, 0x00, 0x00, 0x04, 0x40, 0x03, 0x30, 0x03, 0x30, 0x03, 0x30, 0x00, 0x00, 0x00, 0x00, 0x03,
    0x30, 0x03, 0x30, 0x03, 0x30, 0x00, 0x00, 0x00, 0x00, 0x4f, 0xf3, 0x3f, 0xf3, 0x3f, 0xf4, 0x00,
    0x00, 0x00, 0x00, 0x4f, 0xf3, 0x3f, 0xf3, 0x3f, 0xf4, 0x00, 0x00, 0x00, 0x00, 0x04, 0x40, 0x04,
    0x40, 0x04, 0x40, 0x00, 0x00, 0x00, 0x00, 0x00, 0x00, 0x00, 0x00, 0x00, 0x00, 0x00, 0x00, 0x00,
    0x00, 0x00, 0x00, 0x00, 0x00, 0x00, 0x00, 0x00, 0x00, 0x00, 0x00, 0x00, 0x00, 0x00, 0x00, 0x00,
    0x00, 0x00, 0x00, 0x00, 0x00, 0x00, 0x00, 0x00, 0x00, 0x00, 0x00, 0x04, 0x40, 0x04, 0x40, 0x00,
    0x00, 0x00, 0x00, 0x4f, 0xf3, 0x3f, 0xf4, 0x00, 0x00, 0x00, 0x00, 0x4f, 0xf3, 0x3f, 0xf4, 0x00,
    0x00, 0x00, 0x00, 0x03, 0x30, 0x03, 0x30, 0x00, 0x00, 0x04, 0x40, 0x03, 0x30, 0x03, 0x30, 0x00,
    0x00, 0x4f, 0xf3, 0x3f, 0xf3, 0x3f, 0xf4, 0x00, 0x00, 0x4f, 0xf3, 0x3f, 0xf3, 0x3f, 0xf4, 0x00,
    0x00, 0x04, 0x40, 0x03, 0x30, 0x03, 0x30, 0x00, 0x00, 0x00, 0x00, 0x03, 0x30, 0x03, 0x30, 0x00,
    0x00, 0x00, 0x00, 0x4f, 0xf3, 0x3f, 0xf4, 0x00, 0x00, 0x00, 0x00, 0x4f, 0xf3, 0x3f, 0xf4, 0x00,
    0x00, 0x00, 0x00, 0x03, 0x30, 0x03, 0x30, 0x00, 0x00, 0x00, 0x00, 0x03, 0x30, 0x03, 0x30, 0x00,
    0x00, 0x00, 0x00, 0x4f, 0xf3, 0x3f, 0xf4, 0x00, 0x00, 0x00, 0x00, 0x4f, 0xf3, 0x3f, 0xf4, 0x00,
    0x00, 0x00, 0x00, 0x03, 0x30, 0x03, 0x30, 0x00, 0x00, 0x00, 0x00, 0x03, 0x30, 0x03, 0x30, 0x00,
    0x00, 0x00, 0x00, 0x4f, 0xf3, 0x3f, 0xf4, 0x00, 0x00, 0x00, 0x00, 0x4f, 0xf3, 0x3f, 0xf4, 0x00,
    0x00, 0x00, 0x00, 0x03, 0x30, 0x03, 0x30, 0x00, 0x00, 0x00, 0x00, 0x03, 0x30, 0x03, 0x30, 0x00,
    0x00, 0x00, 0x00, 0x4f, 0xf3, 0x3f, 0xf4, 0x00, 0x00, 0x00, 0x00, 0x4f, 0xf3, 0x3f, 0xf4, 0x00,
    0x00, 0x00, 0x00, 0x04, 0x40, 0x04, 0x40, 0x00, 0x00, 0x00, 0x00, 0x00, 0x00, 0x00, 0x00, 0x00,
    0x00, 0x00, 0x00, 0x00, 0x00, 0x00, 0x00, 0x00, 0x00, 0x00, 0x00, 0x00, 0x00, 0x00, 0x00, 0x00,
    0x00, 0x00, 0x00, 0x00, 0x00, 0x00, 0x00, 0x00, 0x00, 0x00, 0x00, 0x00, 0x00, 0x04, 0x40, 0x04,
    0x40, 0x04, 0x40, 0x04, 0x40, 0x00, 0x00, 0x4f, 0xf3, 0x3f, 0xf3, 0x3f, 0xf3, 0x3f, 0xf4, 0x00,
    0x00, 0x4f, 0xf3, 0x3f, 0xf3, 0x3f, 0xf3, 0x3f, 0xf4, 0x00, 0x00, 0x03, 0x30, 0x03, 0x30, 0x03,
    0x30, 0x03, 0x30, 0x00, 0x00, 0x03, 0x30, 0x03, 0x30, 0x03, 0x30, 0x03, 0x30, 0x00, 0x00, 0x4f,
    0xf3, 0x3f, 0xf3, 0x3f, 0xf3, 0x3f, 0xf4, 0x00, 0x00, 0x4f, 0xf3, 0x3f, 0xf3, 0x3f, 0xf3, 0x3f,
    0xf4, 0x00, 0x00, 0x04, 0x40, 0x04, 0x40, 0x03, 0x30, 0x03, 0x30, 0x00, 0x00, 0x00, 0x00, 0x00,
    0x00, 0x03, 0x30, 0x03, 0x30, 0x00, 0x00, 0x00, 0x00, 0x00, 0x00, 0x4f, 0xf3, 0x3f, 0xf4, 0x00,
    0x00, 0x00, 0x00, 0x00, 0x00, 0x4f, 0xf3, 0x3f, 0xf4, 0x00, 0x00, 0x00, 0x00, 0x00, 0x00, 0x03,
    0x30, 0x04, 0x40, 0x00, 0x00, 0x00, 0x00, 0x04, 0x40, 0x03, 0x30, 0x00, 0x00, 0x00, 0x00, 0x00,
    0x00, 0x4f, 0xf3, 0x3f, 0xf4, 0x00, 0x00, 0x00, 0x00, 0x00, 0x00, 0x4f, 0xf3, 0x3f, 0xf4, 0x00,
    0x00, 0x00, 0x00, 0x00, 0x00, 0x03, 0x30, 0x03, 0x30, 0x00, 0x00, 0x00, 0x00, 0x04, 0x40, 0x03,
    0x30, 0x03, 0x30, 0x04, 0x40, 0x00, 0x00, 0x4f, 0xf3, 0x3f, 0xf3, 0x3f, 0xf3, 0x3f, 0xf4, 0x00,
    0x00, 0x4f, 0xf3, 0x3f, 0xf3, 0x3f, 0xf3, 0x3f, 0xf4, 0x00, 0x00, 0x03, 0x30, 0x03, 0x30, 0x03,
    0x30, 0x03, 0x30, 0x00, 0x00, 0x03, 0x30, 0x03, 0x30, 0x03, 0x30, 0x03, 0x30, 0x00, 0x00, 0x4f,
    0xf3, 0x3f, 0xf3, 0x3f, 0xf3, 0x3f, 0xf4, 0x00, 0x00, 0x4f, 0xf3, 0x3f, 0xf3, 0x3f, 0xf3, 0x3f,
    0xf4, 0x00, 0x00, 0x04, 0x40, 0x04, 0x40, 0x04, 0x40, 0x04, 0x40, 0x00, 0x00, 0x00, 0x00, 0x00,
    0x00, 0x00, 0x00, 0x00, 0x00, 0x00, 0x00, 0x00, 0x00, 0x00, 0x00, 0x00, 0x00, 0x00, 0x00, 0x00,
    0x00, 0x00, 0x00, 0x00, 0x00, 0x00, 0x00, 0x00, 0x00, 0x00, 0x00, 0x00, 0x00, 0x00, 0x00, 0x00,
    0x00, 0x00, 0x00, 0x00, 0x00, 0x04, 0x40, 0x04, 0x40, 0x04, 0x40, 0x04, 0x40, 0x00, 0x00, 0x4f,
    0xf3, 0x3f, 0xf3, 0x3f, 0xf3, 0x3f, 0xf4, 0x00, 0x00, 0x4f, 0xf3, 0x3f, 0xf3, 0x3f, 0xf3, 0x3f,
    0xf4, 0x00, 0x00, 0x03, 0x30, 0x03, 0x30, 0x03, 0x30, 0x03, 0x30, 0x00, 0x00, 0x03, 0x30, 0x03,
    0x30, 0x03, 0x30, 0x03, 0x30, 0x00, 0x00, 0x4f, 0xf3, 0x3f, 0xf3, 0x3f, 0xf3, 0x3f, 0xf4, 0x00,
    0x00, 0x4f, 0xf3, 0x3f, 0xf3, 0x3f, 0xf3, 0x3f, 0xf4, 0x00, 0x00, 0x04, 0x40, 0x03, 0x30, 0x03,
    0x30, 0x03, 0x30, 0x00, 0x00, 0x00, 0x00, 0x03, 0x30, 0x03, 0x30, 0x03, 0x30, 0x00, 0x00, 0x00,
    0x00, 0x4f, 0xf3, 0x3f, 0xf3, 0x3f, 0xf4, 0x00, 0x00, 0x00, 0x00, 0x4f, 0xf3, 0x3f, 0xf3, 0x3f,
    0xf4, 0x00, 0x00, 0x00, 0x00, 0x03, 0x30, 0x03, 0x30, 0x03, 0x30, 0x00, 0x00, 0x00, 0x00, 0x03,
    0x30, 0x03, 0x30, 0x03, 0x30, 0x00, 0x00, 0x00, 0x00, 0x4f, 0xf3, 0x3f, 0xf3, 0x3f, 0xf4, 0x00,
    0x00, 0x00, 0x00, 0x4f, 0xf3, 0x3f, 0xf3, 0x3f, 0xf4, 0x00, 0x00, 0x00, 0x00, 0x03, 0x30, 0x03,
    0x30, 0x03, 0x30, 0x00, 0x00, 0x04, 0x40, 0x03, 0x30, 0x03, 0x30, 0x03, 0x30, 0x00, 0x00, 0x4f,
    0xf3, 0x3f, 0xf3, 0x3f, 0xf3, 0x3f, 0xf4, 0x00, 0x00, 0x4f, 0xf3, 0x3f, 0xf3, 0x3f, 0xf3, 0x3f,
    0xf4, 0x00, 0x00, 0x03, 0x30, 0x03, 0x30, 0x03, 0x30, 0x03, 0x30, 0x00, 0x00, 0x03, 0x30, 0x03,
    0x30, 0x03, 0x30, 0x03, 0x30, 0x00, 0x00, 0x4f, 0xf3, 0x3f, 0xf3, 0x3f, 0xf3, 0x3f, 0xf4, 0x00,
    0x00, 0x4f, 0xf3, 0x3f, 0xf3, 0x3f, 0xf3, 0x3f, 0xf4, 0x00, 0x00, 0x04, 0x40, 0x04, 0x40, 0x04,
    0x40, 0x04, 0x40, 0x00, 0x00, 0x00, 0x00, 0x00, 0x00, 0x00, 0x00, 0x00, 0x00, 0x00, 0x00, 0x00,
    0x00, 0x00, 0x00, 0x00, 0x00, 0x00, 0x00, 0x00, 0x00, 0x00, 0x00, 0x00, 0x00, 0x00, 0x00, 0x00,
    0x00, 0x00, 0x00, 0x00, 0x00, 0x00, 0x00, 0x00, 0x00, 0x00, 0x00, 0x00, 0x00, 0x00, 0x00, 0x00,
    0x00, 0x04, 0x40, 0x04, 0x40, 0x00, 0x00, 0x00, 0x00, 0x00, 0x00, 0x4f, 0xf3, 0x3f, 0xf4, 0x00,
    0x00, 0x00, 0x00, 0x00, 0x00, 0x4f, 0xf3, 0x3f, 0xf4, 0x00, 0x00, 0x00, 0x00, 0x00, 0x00, 0x03,
    0x30, 0x03, 0x30, 0x00, 0x00, 0x00, 0x00, 0x04, 0x40, 0x03, 0x30, 0x03, 0x30, 0x00, 0x00, 0x00,
    0x00, 0x4f, 0xf3, 0x3f, 0xf3, 0x3f, 0xf4, 0x00, 0x00, 0x00, 0x00, 0x4f, 0xf3, 0x3f, 0xf3, 0x3f,
    0xf4, 0x00, 0x00, 0x00, 0x00, 0x03, 0x30, 0x03, 0x30, 0x03, 0x30, 0x00, 0x00, 0x04, 0x40, 0x03,
    0x30, 0x03, 0x30, 0x03, 0x30, 0x00, 0x00, 0x4f, 0xf3, 0x3f, 0xf3, 0x3f, 0xf3, 0x3f, 0xf4, 0x00,
    0x00, 0x4f, 0xf3, 0x3f, 0xf3, 0x3f, 0xf3, 0x3f, 0xf4, 0x00, 0x00, 0x03, 0x30, 0x03, 0x30, 0x03,
    0x30, 0x03, 0x30, 0x00, 0x00, 0x03, 0x30, 0x03, 0x30, 0x03, 0x30, 0x03, 0x30, 0x00, 0x00, 0x4f,
    0xf3, 0x3f, 0xf3, 0x3f, 0xf3, 0x3f, 0xf4, 0x00, 0x00, 0x4f, 0xf3, 0x3f, 0xf3, 0x3f, 0xf3, 0x3f,
    0xf4, 0x00, 0x00, 0x03, 0x30, 0x03, 0x30, 0x03, 0x30, 0x03, 0x30, 0x00, 0x00, 0x03, 0x30, 0x03,
    0x30, 0x03, 0x30, 0x03, 0x30, 0x00, 0x00, 0x4f, 0xf3, 0x3f, 0xf3, 0x3f, 0xf3, 0x3f, 0xf4, 0x00,
    0x00, 0x4f, 0xf3, 0x3f, 0xf3, 0x3f, 0xf3, 0x3f, 0xf4, 0x00, 0x00, 0x04, 0x40, 0x04, 0x40, 0x03,
    0x30, 0x03, 0x30, 0x00, 0x00, 0x00, 0x00, 0x00, 0x00, 0x03, 0x30, 0x03, 0x30, 0x00, 0x00, 0x00,
    0x00, 0x00, 0x00, 0x4f, 0xf3, 0x3f, 0xf4, 0x00, 0x00, 0x00, 0x00, 0x00, 0x00, 0x4f, 0xf3, 0x3f,
    0xf4, 0x00, 0x00, 0x00, 0x00, 0x00, 0x00, 0x04, 0x40, 0x04, 0x40, 0x00, 0x00, 0x00, 0x00, 0x00,
    0x00, 0x00, 0x00, 0x00, 0x00, 0x00, 0x00, 0x00, 0x00, 0x00, 0x00, 0x00, 0x00, 0x00, 0x00, 0x00,
    0x00, 0x00, 0x00, 0x00, 0x00, 0x00, 0x00, 0x00, 0x00, 0x00, 0x00, 0x00, 0x00, 0x00, 0x00, 0x00,
    0x00, 0x00, 0x00, 0x00, 0x00, 0x04, 0x40, 0x04, 0x40, 0x04, 0x40, 0x04, 0x40, 0x00, 0x00, 0x4f,
    0xf3, 0x3f, 0xf3, 0x3f, 0xf3, 0x3f, 0xf4, 0x00, 0x00, 0x4f, 0xf3, 0x3f, 0xf3, 0x3f, 0xf3, 0x3f,
    0xf4, 0x00, 0x00, 0x03, 0x30, 0x03, 0x30, 0x03, 0x30, 0x03, 0x30, 0x00, 0x00, 0x03, 0x30, 0x03,
    0x30, 0x03, 0x30, 0x03, 0x30, 0x00, 0x00, 0x4f, 0xf3, 0x3f, 0xf3, 0x3f, 0xf3, 0x3f, 0xf4, 0x00,
    0x00, 0x4f, 0xf3, 0x3f, 0xf3, 0x3f, 0xf3, 0x3f, 0xf4, 0x00, 0x00, 0x03, 0x30, 0x03, 0x30, 0x03,
    0x30, 0x03, 0x30, 0x00, 0x00, 0x03, 0x30, 0x03, 0x30, 0x03, 0x30, 0x03, 0x30, 0x00, 0x00, 0x4f,
    0xf3, 0x3f, 0xf3, 0x3f, 0xf3, 0x3f, 0xf4, 0x00, 0x00, 0x4f, 0xf3, 0x3f, 0xf3, 0x3f, 0xf3, 0x3f,
    0xf4, 0x00, 0x00, 0x03, 0x30, 0x03, 0x30, 0x03, 0x30, 0x03, 0x30, 0x00, 0x00, 0x03, 0x30, 0x03,
    0x30, 0x03, 0x30, 0x03, 0x30, 0x00, 0x00, 0x4f, 0xf3, 0x3f, 0xf3, 0x3f, 0xf3, 0x3f, 0xf4, 0x00,
    0x00, 0x4f, 0xf3, 0x3f, 0xf3, 0x3f, 0xf3, 0x3f, 0xf4, 0x00, 0x00, 0x03, 0x30, 0x03, 0x30, 0x03,
    0x30, 0x03, 0x30, 0x00, 0x00, 0x03, 0x30, 0x03, 0x30, 0x03, 0x30, 0x03, 0x30, 0x00, 0x00, 0x4f,
    0xf3, 0x3f, 0xf3, 0x3f, 0xf3, 0x3f, 0xf4, 0x00, 0x00, 0x4f, 0xf3, 0x3f, 0xf3, 0x3f, 0xf3, 0x3f,
    0xf4, 0x00, 0x00, 0x04, 0x40, 0x03, 0x30, 0x03, 0x30, 0x03, 0x30, 0x00, 0x00, 0x00, 0x00, 0x03,
    0x30, 0x03, 0x30, 0x03, 0x30, 0x00, 0x00, 0x00, 0x00, 0x4f, 0xf3, 0x3f, 0xf3, 0x3f, 0xf4, 0x00,
    0x00, 0x00, 0x00, 0x4f, 0xf3, 0x3f, 0xf3, 0x3f, 0xf4, 0x00, 0x00, 0x00, 0x00, 0x04, 0x40, 0x04,
    0x40, 0x04, 0x40, 0x00, 0x00, 0x00, 0x00, 0x00, 0x00, 0x00, 0x00, 0x00, 0x00, 0x00, 0x00, 0x00,
    0x00, 0x00, 0x00, 0x00, 0x00, 0x00, 0x00, 0x00, 0x00, 0x00, 0x00, 0x00, 0x00, 0x00, 0x00, 0x00,
    0x00, 0x00, 0x00, 0x00, 0x00, 0x00, 0x00, 0x00, 0x00, 0x00, 0x00, 0x00, 0x00, 0x00, 0x00, 0x04,
    0x40, 0x04, 0x40, 0x00, 0x00, 0x00, 0x00, 0x00, 0x00, 0x4f, 0xf3, 0x3f, 0xf4, 0x00, 0x00, 0x00,
    0x00, 0x00, 0x00, 0x4f, 0xf3, 0x3f, 0xf4, 0x00, 0x00, 0x00, 0x00, 0x00, 0x00, 0x03, 0x30, 0x03,
    0x30, 0x00, 0x00, 0x00, 0x00, 0x04, 0x40, 0x03, 0x30, 0x03, 0x30, 0x00, 0x00, 0x00, 0x00, 0x4f,
    0xf3, 0x3f, 0xf3, 0x3f, 0xf4, 0x00, 0x00, 0x00, 0x00, 0x4f, 0xf3, 0x3f, 0xf3, 0x3f, 0xf4, 0x00,
    0x00, 0x00, 0x00, 0x03, 0x30, 0x03, 0x30, 0x03, 0x30, 0x00, 0x00, 0x00, 0x00, 0x03, 0x30, 0x03,
    0x30, 0x03, 0x30, 0x04, 0x40, 0x00, 0x00, 0x4f, 0xf3, 0x3f, 0xf3, 0x3f, 0xf3, 0x3f, 0xf4, 0x00,
    0x00, 0x4f, 0xf3, 0x3f, 0xf3, 0x3f, 0xf3, 0x3f, 0xf4, 0x00, 0x00, 0x03, 0x30, 0x03, 0x30, 0x03,
    0x30, 0x03, 0x30, 0x00, 0x00, 0x03, 0x30, 0x03, 0x30, 0x03, 0x30, 0x03, 0x30, 0x00, 0x00, 0x4f,
    0xf3, 0x3f, 0xf3, 0x3f, 0xf3, 0x3f, 0xf4, 0x00, 0x00, 0x4f, 0xf3, 0x3f, 0xf3, 0x3f, 0xf3, 0x3f,
    0xf4, 0x00, 0x00, 0x03, 0x30, 0x03, 0x30, 0x03, 0x30, 0x03, 0x30, 0x00, 0x00, 0x03, 0x30, 0x03,
    0x30, 0x03, 0x30, 0x03, 0x30, 0x00, 0x00, 0x4f, 0xf3, 0x3f, 0xf3, 0x3f, 0xf3, 0x3f, 0xf4, 0x00,
    0x00, 0x4f, 0xf3, 0x3f, 0xf3, 0x3f, 0xf3, 0x3f, 0xf4, 0x00, 0x00, 0x04, 0x40, 0x03, 0x30, 0x03,
    0x30, 0x03, 0x30, 0x00, 0x00, 0x00, 0x00, 0x03, 0x30, 0x03, 0x30, 0x03, 0x30, 0x00, 0x00, 0x00,
    0x00, 0x4f, 0xf3, 0x3f, 0xf3, 0x3f, 0xf4, 0x00, 0x00, 0x00, 0x00, 0x4f, 0xf3, 0x3f, 0xf3, 0x3f,
    0xf4, 0x00, 0x00, 0x00, 0x00, 0x04, 0x40, 0x04, 0x40, 0x04, 0x40, 0x00, 0x00, 0x00, 0x00, 0x00,
    0x00, 0x00, 0x00, 0x00, 0x00, 0x00, 0x00, 0x00, 0x00, 0x00, 0x00, 0x00, 0x00, 0x00, 0x00, 0x00,
    0x00, 0x00, 0x00, 0x00, 0x00, 0x00, 0x00, 0x00, 0x00, 0x00, 0x00, 0x00, 0x00, 0x00, 0x00, 0x00,
    0x00, 0x00, 0x00, 0x00, 0x00, 0x04, 0x40, 0x04, 0x40, 0x04, 0x40, 0x04, 0x40, 0x00, 0x00, 0x4f,
    0xf3, 0x3f, 0xf3, 0x3f, 0xf3, 0x3f, 0xf4, 0x00, 0x00, 0x4f, 0xf3, 0x3f, 0xf3, 0x3f, 0xf3, 0x3f,
    0xf4, 0x00, 0x00, 0x03, 0x30, 0x03, 0x30, 0x03, 0x30, 0x03, 0x30, 0x00, 0x00, 0x03, 0x30, 0x03,
    0x30, 0x03, 0x30, 0x03, 0x30, 0x00, 0x00, 0x4f, 0xf3, 0x3f, 0xf3, 0x3f, 0xf3, 0x3f, 0xf4, 0x00,
    0x00, 0x4f, 0xf3, 0x3f, 0xf3, 0x3f, 0xf3, 0x3f, 0xf4, 0x00, 0x00, 0x04, 0x40, 0x04, 0x40, 0x03,
    0x30, 0x03, 0x30, 0x00, 0x00, 0x00, 0x00, 0x00, 0x00, 0x03, 0x30, 0x03, 0x30, 0x00, 0x00, 0x00,
    0x00, 0x00, 0x00, 0x4f, 0xf3, 0x3f, 0xf4, 0x00, 0x00, 0x00, 0x00, 0x00, 0x00, 0x4f, 0xf3, 0x3f,
    0xf4, 0x00, 0x00, 0x00, 0x00, 0x00, 0x00, 0x03, 0x30, 0x04, 0x40, 0x00, 0x00, 0x00, 0x00, 0x04,
    0x40, 0x03, 0x30, 0x00, 0x00, 0x00, 0x00, 0x00, 0x00, 0x4f, 0xf3, 0x3f, 0xf4, 0x00, 0x00, 0x00,
    0x00, 0x00, 0x00, 0x4f, 0xf3, 0x3f, 0xf4, 0x00, 0x00, 0x00, 0x00, 0x00, 0x00, 0x03, 0x30, 0x03,
    0x30, 0x00, 0x00, 0x00, 0x00, 0x00, 0x00, 0x03, 0x30, 0x03, 0x30, 0x00, 0x00, 0x00, 0x00, 0x00,
    0x00, 0x4f, 0xf3, 0x3f, 0xf4, 0x00, 0x00, 0x00, 0x00, 0x00, 0x00, 0x4f, 0xf3, 0x3f, 0xf4, 0x00,
    0x00, 0x00, 0x00, 0x00, 0x00, 0x03, 0x30, 0x04, 0x40, 0x00, 0x00, 0x00, 0x00, 0x04, 0x40, 0x03,
    0x30, 0x00, 0x00, 0x00, 0x00, 0x00, 0x00, 0x4f, 0xf3, 0x3f, 0xf4, 0x00, 0x00, 0x00, 0x00, 0x00,
    0x00, 0x4f, 0xf3, 0x3f, 0xf4, 0x00, 0x00, 0x00, 0x00, 0x00, 0x00, 0x04, 0x40, 0x04, 0x40, 0x00,
    0x00, 0x00, 0x00, 0x00, 0x00, 0x00, 0x00, 0x00, 0x00, 0x00, 0x00, 0x00, 0x00, 0x00, 0x00, 0x00,
    0x00, 0x00, 0x00, 0x00, 0x00, 0x00, 0x00, 0x00, 0x00, 0x00, 0x00, 0x00, 0x00, 0x00, 0x00, 0x00,
    0x00, 0x00, 0x00, 0x00, 0x00, 0x00, 0x00, 0x00, 0x00, 0x00, 0x00, 0x00, 0x00, 0x00, 0x00, 0x04,
    0x40, 0x04, 0x40, 0x04, 0x40, 0x00, 0x00, 0x00, 0x00, 0x4f, 0xf3, 0x3f, 0xf3, 0x3f, 0xf4, 0x00,
    0x00, 0x00, 0x00, 0x4f, 0xf3, 0x3f, 0xf3, 0x3f, 0xf4, 0x00, 0x00, 0x00, 0x00, 0x03, 0x30, 0x03,
    0x30, 0x03, 0x30, 0x00, 0x00, 0x04, 0x40, 0x03, 0x30, 0x03, 0x30, 0x03, 0x30, 0x00, 0x00, 0x4f,
    0xf3, 0x3f, 0xf3, 0x3f, 0xf3, 0x3f, 0xf4, 0x00, 0x00, 0x4f, 0xf3, 0x3f, 0xf3, 0x3f, 0xf3, 0x3f,
    0xf4, 0x00, 0x00, 0x03, 0x30, 0x03, 0x30, 0x03, 0x30, 0x03, 0x30, 0x00, 0x00, 0x03, 0x30, 0x03,
    0x30, 0x03, 0x30, 0x03, 0x30, 0x00, 0x00, 0x4f, 0xf3, 0x3f, 0xf3, 0x3f, 0xf3, 0x3f, 0xf4, 0x00,
    0x00, 0x4f, 0xf3, 0x3f, 0xf3, 0x3f, 0xf3, 0x3f, 0xf4, 0x00, 0x00, 0x03, 0x30, 0x03, 0x30, 0x03,
    0x30, 0x03, 0x30, 0x00, 0x00, 0x03, 0x30, 0x03, 0x30, 0x03, 0x30, 0x03, 0x30, 0x00, 0x00, 0x4f,
    0xf3, 0x3f, 0xf3, 0x3f, 0xf3, 0x3f, 0xf4, 0x00, 0x00, 0x4f, 0xf3, 0x3f, 0xf3, 0x3f, 0xf3, 0x3f,
    0xf4, 0x00, 0x00, 0x03, 0x30, 0x03, 0x30, 0x03, 0x30, 0x03, 0x30, 0x00, 0x00, 0x03, 0x30, 0x03,
    0x30, 0x03, 0x30, 0x03, 0x30, 0x00, 0x00, 0x4f, 0xf3, 0x3f, 0xf3, 0x3f, 0xf3, 0x3f, 0xf4, 0x00,
    0x00, 0x4f, 0xf3, 0x3f, 0xf3, 0x3f, 0xf3, 0x3f, 0xf4, 0x00, 0x00, 0x03, 0x30, 0x03, 0x30, 0x03,
    0x30, 0x03, 0x30, 0x00, 0x00, 0x03, 0x30, 0x03, 0x30, 0x03, 0x30, 0x03, 0x30, 0x00, 0x00, 0x4f,
    0xf3, 0x3f, 0xf3, 0x3f, 0xf3, 0x3f, 0xf4, 0x00, 0x00, 0x4f, 0xf3, 0x3f, 0xf3, 0x3f, 0xf3, 0x3f,
    0xf4, 0x00, 0x00, 0x04, 0x40, 0x04, 0x40, 0x04, 0x40, 0x04, 0x40, 0x00, 0x00, 0x00, 0x00, 0x00,
    0x00, 0x00, 0x00, 0x00, 0x00, 0x00, 0x00, 0x00, 0x00, 0x00, 0x00, 0x00, 0x00, 0x00, 0x00, 0x00,
    0x00, 0x00, 0x00, 0x00, 0x00, 0x00, 0x00, 0x00, 0x00, 0x00, 0x00, 0x00, 0x00, 0x00, 0x00, 0x00,
    0x00, 0x00, 0x00, 0x00, 0x00, 0x00, 0x00, 0x04, 0x40, 0x04, 0x40, 0x00, 0x00, 0x00, 0x00, 0x00,
    0x00, 0x4f, 0xf3, 0x3f, 0xf4, 0x00, 0x00, 0x00, 0x00, 0x00, 0x00, 0x4f, 0xf3, 0x3f, 0xf4, 0x00,
    0x00, 0x00, 0x00, 0x00, 0x00, 0x03, 0x30, 0x03, 0x30, 0x00, 0x00, 0x00, 0x00, 0x04, 0x40, 0x03,
    0x30, 0x03, 0x30, 0x04, 0x40, 0x00, 0x00, 0x4f, 0xf3, 0x3f, 0xf3, 0x3f, 0xf3, 0x3f, 0xf4, 0x00,
    0x00, 0x4f, 0xf3, 0x3f, 0xf3, 0x3f, 0xf3, 0x3f, 0xf4, 0x00, 0x00, 0x03, 0x30, 0x03, 0x30, 0x03,
    0x30, 0x03, 0x30, 0x00, 0x00, 0x03, 0x30, 0x03, 0x30, 0x03, 0x30, 0x03, 0x30, 0x00, 0x00, 0x4f,
    0xf3, 0x3f, 0xf3, 0x3f, 0xf3, 0x3f, 0xf4, 0x00, 0x00, 0x4f, 0xf3, 0x3f, 0xf3, 0x3f, 0xf3, 0x3f,
    0xf4, 0x00, 0x00, 0x03, 0x30, 0x03, 0x30, 0x03, 0x30, 0x03, 0x30, 0x00, 0x00, 0x03, 0x30, 0x03,
    0x30, 0x03, 0x30, 0x03, 0x30, 0x00, 0x00, 0x4f, 0xf3, 0x3f, 0xf3, 0x3f, 0xf3, 0x3f, 0xf4, 0x00,
    0x00, 0x4f, 0xf3, 0x3f, 0xf3, 0x3f, 0xf3, 0x3f, 0xf4, 0x00, 0x00, 0x04, 0x40, 0x03, 0x30, 0x03,
    0x30, 0x03, 0x30, 0x00, 0x00, 0x00, 0x00, 0x03, 0x30, 0x03, 0x30, 0x03, 0x30, 0x00, 0x00, 0x00,
    0x00, 0x4f, 0xf3, 0x3f, 0xf3, 0x3f, 0xf4, 0x00, 0x00, 0x00, 0x00, 0x4f, 0xf3, 0x3f, 0xf3, 0x3f,
    0xf4, 0x00, 0x00, 0x00, 0x00, 0x03, 0x30, 0x03, 0x30, 0x04, 0x40, 0x00, 0x00, 0x00, 0x00, 0x03,
    0x30, 0x03, 0x30, 0x00, 0x00, 0x00, 0x00, 0x00, 0x00, 0x4f, 0xf3, 0x3f, 0xf4, 0x00, 0x00, 0x00,
    0x00, 0x00, 0x00, 0x4f, 0xf3, 0x3f, 0xf4, 0x00, 0x00, 0x00, 0x00, 0x00, 0x00, 0x04, 0x40, 0x04,
    0x40, 0x00, 0x00, 0x00, 0x00, 0x00, 0x00, 0x00, 0x00, 0x00, 0x00, 0x00, 0x00, 0x00, 0x00, 0x00,
    0x00, 0x00, 0x00, 0x00, 0x00, 0x00, 0x00, 0x00, 0x00, 0x00, 0x00, 0x00, 0x00, 0x00, 0x00, 0x00,
    0x00, 0x00, 0x00, 0x00, 0x00, 0x04, 0x40, 0x04, 0x40, 0x00, 0x00, 0x4f, 0xf3, 0x3f, 0xf4, 0x00,
    0x00, 0x4f, 0xf3, 0x3f, 0xf4, 0x00, 0x00, 0x03, 0x30, 0x03, 0x30, 0x00, 0x00, 0x03, 0x30, 0x03,
    0x30, 0x00, 0x00, 0x4f, 0xf3, 0x3f, 0xf4, 0x00, 0x00, 0x4f, 0xf3, 0x3f, 0xf4, 0x00, 0x00, 0x04,
    0x40, 0x04, 0x40, 0x00, 0x00, 0x00, 0x00, 0x00, 0x00, 0x00, 0x00, 0x00, 0x00, 0x00, 0x00, 0x00,
    0x00, 0x00, 0x00, 0x00, 0x00, 0x00, 0x00, 0x00, 0x00, 0x00, 0x00, 0x00, 0x00, 0x04, 0x40, 0x04,
    0x40, 0x00, 0x00, 0x4f, 0xf3, 0x3f, 0xf4, 0x00, 0x00, 0x4f, 0xf3, 0x3f, 0xf4, 0x00, 0x00, 0x03,
    0x30, 0x03, 0x30, 0x00, 0x00, 0x03, 0x30, 0x03, 0x30, 0x00, 0x00, 0x4f, 0xf3, 0x3f, 0xf4, 0x00,
    0x00, 0x4f, 0xf3, 0x3f, 0xf4, 0x00, 0x00, 0x04, 0x40, 0x04, 0x40, 0x00, 0x00, 0x00, 0x00, 0x00,
    0x00, 0x00, 0x00, 0x00, 0x00, 0x00, 0x00, 0x00, 0x00, 0x00, 0x00, 0x00, 0x00, 0x00, 0x00, 0x00,
    0x00, 0x00, 0x00, 0x00, 0x00, 0x04, 0x40, 0x04, 0x40, 0x00, 0x00, 0x4f, 0xf3, 0x3f, 0xf4, 0x00,
    0x00, 0x4f, 0xf3, 0x3f, 0xf4, 0x00, 0x00, 0x03, 0x30, 0x03, 0x30, 0x00, 0x00, 0x03, 0x30, 0x03,
    0x30, 0x00, 0x00, 0x4f, 0xf3, 0x3f, 0xf4, 0x00, 0x00, 0x4f, 0xf3, 0x3f, 0xf4, 0x00, 0x00, 0x04,
    0x40, 0x04, 0x40, 0x00, 0x00, 0x00, 0x00, 0x00, 0x00, 0x00, 0x00, 0x00, 0x00, 0x00, 0x00, 0x00,
    0x00, 0x00, 0x00, 0x00, 0x00, 0x00, 0x00, 0x00, 0x00, 0x00, 0x00, 0x00, 0x00, 0x04, 0x40, 0x04,
    0x40, 0x00, 0x00, 0x4f, 0xf3, 0x3f, 0xf4, 0x00, 0x00, 0x4f, 0xf3, 0x3f, 0xf4, 0x00, 0x00, 0x03,
    0x30, 0x03, 0x30, 0x00, 0x00, 0x03, 0x30, 0x03, 0x30, 0x00, 0x00, 0x4f, 0xf3, 0x3f, 0xf4, 0x00,
    0x00, 0x4f, 0xf3, 0x3f, 0xf4, 0x00, 0x00, 0x03, 0x30, 0x03, 0x30, 0x00, 0x00, 0x03, 0x30, 0x03,
    0x30, 0x00, 0x00, 0x4f, 0xf3, 0x3f, 0xf4, 0x00, 0x00, 0x4f, 0xf3, 0x3f, 0xf4, 0x00, 0x00, 0x04,
    0x40, 0x04, 0x40, 0x00, 0x00, 0x00, 0x00, 0x00, 0x00, 0x00, 0x00, 0x00, 0x00, 0x00, 0x00, 0x00,
    0x00, 0x00, 0x00, 0x00, 0x00, 0x00, 0x00, 0x00, 0x00, 0x00, 0x00, 0x00, 0x00, 0x00, 0x00, 0x00,
    0x00, 0x00, 0x00, 0x00, 0x00, 0x00, 0x00, 0x00, 0x00, 0x00, 0x00, 0x04, 0x40, 0x00, 0x00, 0x00,
    0x00, 0x00, 0x00, 0x00, 0x00, 0x4f, 0xf4, 0x00, 0x00, 0x00, 0x00, 0x00, 0x00, 0x00, 0x00, 0x4f,
    0xf4, 0x00, 0x00, 0x00, 0x00, 0x00, 0x00, 0x00, 0x00, 0x03, 0x30, 0x00, 0x00, 0x04, 0x40, 0x04,
    0x40, 0x04, 0x40, 0x03, 0x30, 0x00, 0x00, 0x4f, 0xf3, 0x3f, 0xf3, 0x3f, 0xf3, 0x3f, 0xf4, 0x00,
    0x00, 0x4f, 0xf3, 0x3f, 0xf3, 0x3f, 0xf3, 0x3f, 0xf4, 0x00, 0x00, 0x03, 0x30, 0x03, 0x30, 0x03,
    0x30, 0x04, 0x40, 0x00, 0x00, 0x03, 0x30, 0x03, 0x30, 0x03, 0x30, 0x00, 0x00, 0x00, 0x00, 0x4f,
    0xf3, 0x3f, 0xf3, 0x3f, 0xf4, 0x00, 0x00, 0x00, 0x00, 0x4f, 0xf3, 0x3f, 0xf3, 0x3f, 0xf4, 0x00,
    0x00, 0x00, 0x00, 0x04, 0x40, 0x03, 0x30, 0x03, 0x30, 0x00, 0x00, 0x00, 0x00, 0x00, 0x00, 0x03,
    0x30, 0x03, 0x30, 0x04, 0x40, 0x00, 0x00, 0x00, 0x00, 0x4f, 0xf3, 0x3f, 0xf3, 0x3f, 0xf4, 0x00,
    0x00, 0x00, 0x00, 0x4f, 0xf3, 0x3f, 0xf3, 0x3f, 0xf4, 0x00, 0x00, 0x00, 0x00, 0x04, 0x40, 0x04,
    0x40, 0x04, 0x40, 0x00, 0x00, 0x00, 0x00, 0x00, 0x00, 0x00, 0x00, 0x00, 0x00, 0x00, 0x00, 0x00,
    0x00, 0x00, 0x00, 0x00, 0x00, 0x00, 0x00, 0x00, 0x00, 0x00, 0x00, 0x00, 0x00, 0x00, 0x00, 0x00,
    0x00, 0x00, 0x00, 0x00, 0x00, 0x00, 0x00, 0x00, 0x00, 0x00, 0x00, 0x00, 0x00, 0x04, 0x40, 0x04,
    0x40, 0x04, 0x40, 0x04, 0x40, 0x00, 0x00, 0x4f, 0xf3, 0x3f, 0xf3, 0x3f, 0xf3, 0x3f, 0xf4, 0x00,
    0x00, 0x4f, 0xf3, 0x3f, 0xf3, 0x3f, 0xf3, 0x3f, 0xf4, 0x00, 0x00, 0x03, 0x30, 0x03, 0x30, 0x03,
    0x30, 0x03, 0x30, 0x00, 0x00, 0x03, 0x30, 0x03, 0x30, 0x03, 0x30, 0x03, 0x30, 0x00, 0x00, 0x4f,
    0xf3, 0x3f, 0xf3, 0x3f, 0xf3, 0x3f, 0xf4, 0x00, 0x00, 0x4f, 0xf3, 0x3f, 0xf3, 0x3f, 0xf3, 0x3f,
    0xf4, 0x00, 0x00, 0x03, 0x30, 0x03, 0x30, 0x03, 0x30, 0x03, 0x30, 0x00, 0x00, 0x03, 0x30, 0x03,
    0x30, 0x03, 0x30, 0x03, 0x30, 0x00, 0x00, 0x4f, 0xf3, 0x3f, 0xf3, 0x3f, 0xf3, 0x3f, 0xf4, 0x00,
    0x00, 0x4f, 0xf3, 0x3f, 0xf3, 0x3f, 0xf3, 0x3f, 0xf4, 0x00, 0x00, 0x04, 0x40, 0x04, 0x40, 0x04,
    0x40, 0x04, 0x40, 0x00, 0x00, 0x00, 0x00, 0x00, 0x00, 0x00, 0x00, 0x00, 0x00, 0x00, 0x00, 0x00,
    0x00, 0x00, 0x00, 0x00, 0x00, 0x00, 0x00, 0x00, 0x00, 0x00, 0x00, 0x00, 0x00, 0x00, 0x00, 0x00,
    0x00, 0x00, 0x00, 0x00, 0x00, 0x00, 0x00, 0x00, 0x00, 0x00, 0x00, 0x00, 0x00, 0x04, 0x40, 0x00,
    0x00, 0x00, 0x00, 0x00, 0x00, 0x00, 0x00, 0x4f, 0xf4, 0x00, 0x00, 0x00, 0x00, 0x00, 0x00, 0x00,
    0x00, 0x4f, 0xf4, 0x00, 0x00, 0x00, 0x00, 0x00, 0x00, 0x00, 0x00, 0x03, 0x30, 0x00, 0x00, 0x00,
    0x00, 0x00, 0x00, 0x00, 0x00, 0x03, 0x30, 0x04, 0x40, 0x04, 0x40, 0x04, 0x40, 0x00, 0x00, 0x4f,
    0xf3, 0x3f, 0xf3, 0x3f, 0xf3, 0x3f, 0xf4, 0x00, 0x00, 0x4f, 0xf3, 0x3f, 0xf3, 0x3f, 0xf3, 0x3f,
    0xf4, 0x00, 0x00, 0x04, 0x40, 0x03, 0x30, 0x03, 0x30, 0x03, 0x30, 0x00, 0x00, 0x00, 0x00, 0x03,
    0x30, 0x03, 0x30, 0x03, 0x30, 0x00, 0x00, 0x00, 0x00, 0x4f, 0xf3, 0x3f, 0xf3, 0x3f, 0xf4, 0x00,
    0x00, 0x00, 0x00, 0x4f, 0xf3, 0x3f, 0xf3, 0x3f, 0xf4, 0x00, 0x00, 0x00, 0x00, 0x03, 0x30, 0x03,
    0x30, 0x04, 0x40, 0x00, 0x00, 0x04, 0x40, 0x03, 0x30, 0x03, 0x30, 0x00, 0x00, 0x00, 0x00, 0x4f,
    0xf3, 0x3f, 0xf3, 0x3f, 0xf4, 0x00, 0x00, 0x00, 0x00, 0x4f, 0xf3, 0x3f, 0xf3, 0x3f, 0xf4, 0x00,
    0x00, 0x00, 0x00, 0x04, 0x40, 0x04, 0x40, 0x04, 0x40, 0x00, 0x00, 0x00, 0x00, 0x00, 0x00, 0x00,
    0x00, 0x00, 0x00, 0x00, 0x00, 0x00, 0x00, 0x00, 0x00, 0x00, 0x00, 0x00, 0x00, 0x00, 0x00, 0x00,
    0x00, 0x00, 0x00, 0x00, 0x00, 0x00, 0x00, 0x00, 0x00, 0x00, 0x00, 0x00, 0x00, 0x00, 0x00, 0x00,
    0x00, 0x00, 0x00, 0x00, 0x00, 0x00, 0x00, 0x04, 0x40, 0x04, 0x40, 0x04, 0x40, 0x00, 0x00, 0x00,
    0x00, 0x4f, 0xf3, 0x3f, 0xf3, 0x3f, 0xf4, 0x00, 0x00, 0x00, 0x00, 0x4f, 0xf3, 0x3f, 0xf3, 0x3f,
    0xf4, 0x00, 0x00, 0x00, 0x00, 0x03, 0x30, 0x03, 0x30, 0x03, 0x30, 0x00, 0x00, 0x04, 0x40, 0x03,
    0x30, 0x03, 0x30, 0x03, 0x30, 0x00, 0x00, 0x4f, 0xf3, 0x3f, 0xf3, 0x3f, 0xf3, 0x3f, 0xf4, 0x00,
    0x00, 0x4f, 0xf3, 0x3f, 0xf3, 0x3f, 0xf3, 0x3f, 0xf4, 0x00, 0x00, 0x04, 0x40, 0x04, 0x40, 0x03,
    0x30, 0x03, 0x30, 0x00, 0x00, 0x00, 0x00, 0x00, 0x00, 0x03, 0x30, 0x03, 0x30, 0x00, 0x00, 0x00,
    0x00, 0x00, 0x00, 0x4f, 0xf3, 0x3f, 0xf4, 0x00, 0x00, 0x00, 0x00, 0x00, 0x00, 0x4f, 0xf3, 0x3f,
    0xf4, 0x00, 0x00, 0x00, 0x00, 0x00, 0x00, 0x03, 0x30, 0x04, 0x40, 0x00, 0x00, 0x00, 0x00, 0x04,
    0x40, 0x03, 0x30, 0x00, 0x00, 0x00, 0x00, 0x00, 0x00, 0x4f, 0xf3, 0x3f, 0xf4, 0x00, 0x00, 0x00,
    0x00, 0x00, 0x00, 0x4f, 0xf3, 0x3f, 0xf4, 0x00, 0x00, 0x00, 0x00, 0x00, 0x00, 0x03, 0x30, 0x03,
    0x30, 0x00, 0x00, 0x00, 0x00, 0x00, 0x00, 0x03, 0x30, 0x03, 0x30, 0x00, 0x00, 0x00, 0x00, 0x00,
    0x00, 0x4f, 0xf3, 0x3f, 0xf4, 0x00, 0x00, 0x00, 0x00, 0x00, 0x00, 0x4f, 0xf3, 0x3f, 0xf4, 0x00,
    0x00, 0x00, 0x00, 0x00, 0x00, 0x03, 0x30, 0x03, 0x30, 0x00, 0x00, 0x00, 0x00, 0x00, 0x00, 0x03,
    0x30, 0x03, 0x30, 0x00, 0x00, 0x00, 0x00, 0x00, 0x00, 0x4f, 0xf3, 0x3f, 0xf4, 0x00, 0x00, 0x00,
    0x00, 0x00, 0x00, 0x4f, 0xf3, 0x3f, 0xf4, 0x00, 0x00, 0x00, 0x00, 0x00, 0x00, 0x04, 0x40, 0x04,
    0x40, 0x00, 0x00, 0x00, 0x00, 0x00, 0x00, 0x00, 0x00, 0x00, 0x00, 0x00, 0x00, 0x00, 0x00, 0x00,
    0x00, 0x00, 0x00, 0x00, 0x00, 0x00, 0x00, 0x00, 0x00, 0x00, 0x00, 0x00, 0x00, 0x00, 0x00, 0x00,
    0x00, 0x00, 0x00, 0x00, 0x00, 0x00, 0x00, 0x00, 0x00, 0x00, 0x00, 0x00, 0x00, 0x00, 0x00, 0x04,
    0x40, 0x04, 0x40, 0x04, 0x40, 0x00, 0x00, 0x00, 0x00, 0x4f, 0xf3, 0x3f, 0xf3, 0x3f, 0xf4, 0x00,
    0x00, 0x00, 0x00, 0x4f, 0xf3, 0x3f, 0xf3, 0x3f, 0xf4, 0x00, 0x00, 0x00, 0x00, 0x03, 0x30, 0x03,
    0x30, 0x03, 0x30, 0x00, 0x00, 0x04, 0x40, 0x03, 0x30, 0x03, 0x30, 0x03, 0x30, 0x00, 0x00, 0x4f,
    0xf3, 0x3f, 0xf3, 0x3f, 0xf3, 0x3f, 0xf4, 0x00, 0x00, 0x4f, 0xf3, 0x3f, 0xf3, 0x3f, 0xf3, 0x3f,
    0xf4, 0x00, 0x00, 0x03, 0x30, 0x03, 0x30, 0x03, 0x30, 0x03, 0x30, 0x00, 0x00, 0x03, 0x30, 0x03,
    0x30, 0x03, 0x30, 0x03, 0x30, 0x00, 0x00, 0x4f, 0xf3, 0x3f, 0xf3, 0x3f, 0xf3, 0x3f, 0xf4, 0x00,
    0x00, 0x4f, 0xf3, 0x3f, 0xf3, 0x3f, 0xf3, 0x3f, 0xf4, 0x00, 0x00, 0x03, 0x30, 0x03, 0x30, 0x03,
    0x30, 0x03, 0x30, 0x00, 0x00, 0x03, 0x30, 0x03, 0x30, 0x03, 0x30, 0x03, 0x30, 0x00, 0x00, 0x4f,
    0xf3, 0x3f, 0xf3, 0x3f, 0xf3, 0x3f, 0xf4, 0x00, 0x00, 0x4f, 0xf3, 0x3f, 0xf3, 0x3f, 0xf3, 0x3f,
    0xf4, 0x00, 0x00, 0x03, 0x30, 0x03, 0x30, 0x03, 0x30, 0x03, 0x30, 0x00, 0x00, 0x03, 0x30, 0x03,
    0x30, 0x03, 0x30, 0x03, 0x30, 0x00, 0x00, 0x4f, 0xf3, 0x3f, 0xf3, 0x3f, 0xf3, 0x3f, 0xf4, 0x00,
    0x00, 0x4f, 0xf3, 0x3f, 0xf3, 0x3f, 0xf3, 0x3f, 0xf4, 0x00, 0x00, 0x03, 0x30, 0x03, 0x30, 0x03,
    0x30, 0x04, 0x40, 0x00, 0x00, 0x03, 0x30, 0x03, 0x30, 0x03, 0x30, 0x00, 0x00, 0x00, 0x00, 0x4f,
    0xf3, 0x3f, 0xf3, 0x3f, 0xf4, 0x00, 0x00, 0x00, 0x00, 0x4f, 0xf3, 0x3f, 0xf3, 0x3f, 0xf4, 0x00,
    0x00, 0x00, 0x00, 0x04, 0x40, 0x04, 0x40, 0x04, 0x40, 0x00, 0x00, 0x00, 0x00, 0x00, 0x00, 0x00,
    0x00, 0x00, 0x00, 0x00, 0x00, 0x00, 0x00, 0x00, 0x00, 0x00, 0x00, 0x00, 0x00, 0x00, 0x00, 0x00,
    0x00, 0x00, 0x00, 0x00, 0x00, 0x00, 0x00, 0x00, 0x00, 0x00, 0x00, 0x00, 0x00, 0x00, 0x00, 0x00,
    0x00, 0x00, 0x00, 0x00, 0x00, 0x00, 0x00, 0x00, 0x00, 0x00, 0x00, 0x04, 0x40, 0x04, 0x40, 0x00,
    0x00, 0x00, 0x00, 0x00, 0x00, 0x00, 0x00, 0x4f, 0xf3, 0x3f, 0xf4, 0x00, 0x00, 0x00, 0x00, 0x00,
    0x00, 0x00, 0x00, 0x4f, 0xf3, 0x3f, 0xf4, 0x00, 0x00, 0x00, 0x00, 0x00, 0x00, 0x00, 0x00, 0x03,
    0x30, 0x03, 0x30, 0x00, 0x00, 0x00, 0x00, 0x00, 0x00, 0x00, 0x00, 0x03, 0x30, 0x03, 0x30, 0x00,
    0x00, 0x00, 0x00, 0x00, 0x00, 0x00, 0x00, 0x4f, 0xf3, 0x3f, 0xf4, 0x00, 0x00, 0x00, 0x00, 0x00,
    0x00, 0x00, 0x00, 0x4f, 0xf3, 0x3f, 0xf4, 0x00, 0x00, 0x00, 0x00, 0x00, 0x00, 0x00, 0x00, 0x03,
    0x30, 0x03, 0x30, 0x00, 0x00, 0x00, 0x00, 0x00, 0x00, 0x00, 0x00, 0x03, 0x30, 0x03, 0x30, 0x04,
    0x40, 0x00, 0x00, 0x00, 0x00, 0x00, 0x00, 0x4f, 0xf3, 0x3f, 0xf3, 0x3f, 0xf4, 0x00, 0x00, 0x00,
    0x00, 0x00, 0x00, 0x4f, 0xf3, 0x3f, 0xf3, 0x3f, 0xf4, 0x00, 0x00, 0x00, 0x00, 0x00, 0x00, 0x03,
    0x30, 0x03, 0x30, 0x03, 0x30, 0x00, 0x00, 0x00, 0x00, 0x04, 0x40, 0x03, 0x30, 0x03, 0x30, 0x03,
    0x30, 0x00, 0x00, 0x00, 0x00, 0x4f, 0xf3, 0x3f, 0xf3, 0x3f, 0xf3, 0x3f, 0xf4, 0x00, 0x00, 0x00,
    0x00, 0x4f, 0xf3, 0x3f, 0xf3, 0x3f, 0xf3, 0x3f, 0xf4, 0x00, 0x00, 0x00, 0x00, 0x03, 0x30, 0x03,
    0x30, 0x03, 0x30, 0x03, 0x30, 0x00, 0x00, 0x00, 0x00, 0x03, 0x30, 0x03, 0x30, 0x03, 0x30, 0x03,
    0x30, 0x00, 0x00, 0x00, 0x00, 0x4f, 0xf3, 0x3f, 0xf3, 0x3f, 0xf3, 0x3f, 0xf4, 0x00, 0x00, 0x00,
    0x00, 0x4f, 0xf3, 0x3f, 0xf3, 0x3f, 0xf3, 0x3f, 0xf4, 0x00, 0x00, 0x00, 0x00, 0x03, 0x30, 0x03,
    0x30, 0x04, 0x40, 0x03, 0x30, 0x00, 0x00, 0x00, 0x00, 0x03, 0x30, 0x03, 0x30, 0x00, 0x00, 0x03,
    0x30, 0x04, 0x40, 0x00, 0x00, 0x4f, 0xf3, 0x3f, 0xf4, 0x00, 0x00, 0x4f, 0xf3, 0x3f, 0xf4, 0x00,
    0x00, 0x4f, 0xf3, 0x3f, 0xf4, 0x00, 0x00, 0x4f, 0xf3, 0x3f, 0xf4, 0x00, 0x00, 0x04, 0x40, 0x04,
    0x40, 0x00, 0x00, 0x04, 0x40, 0x04, 0x40, 0x00, 0x00, 0x00, 0x00, 0x00, 0x00, 0x00, 0x00, 0x00,
    0x00, 0x00, 0x00, 0x00, 0x00, 0x00, 0x00, 0x00, 0x00, 0x00, 0x00, 0x00, 0x00, 0x00, 0x00, 0x00,
    0x00, 0x00, 0x00, 0x00, 0x00, 0x00, 0x00, 0x00, 0x00, 0x00, 0x00, 0x00, 0x00, 0x00, 0x00, 0x00,
    0x00, 0x00, 0x00, 0x00, 0x00, 0x04, 0x40, 0x04, 0x40, 0x04, 0x40, 0x04, 0x40, 0x00, 0x00, 0x4f,
    0xf3, 0x3f, 0xf3, 0x3f, 0xf3, 0x3f, 0xf4, 0x00, 0x00, 0x4f, 0xf3, 0x3f, 0xf3, 0x3f, 0xf3, 0x3f,
    0xf4, 0x00, 0x00, 0x03, 0x30, 0x03, 0x30, 0x03, 0x30, 0x03, 0x30, 0x00, 0x00, 0x03, 0x30, 0x03,
    0x30, 0x03, 0x30, 0x03, 0x30, 0x00, 0x00, 0x4f, 0xf3, 0x3f, 0xf3, 0x3f, 0xf3, 0x3f, 0xf4, 0x00,
    0x00, 0x4f, 0xf3, 0x3f, 0xf3, 0x3f, 0xf3, 0x3f, 0xf4, 0x00, 0x00, 0x03, 0x30, 0x03, 0x30, 0x03,
    0x30, 0x03, 0x30, 0x00, 0x00, 0x03, 0x30, 0x03, 0x30, 0x03, 0x30, 0x03, 0x30, 0x00, 0x00, 0x4f,
    0xf3, 0x3f, 0xf3, 0x3f, 0xf3, 0x3f, 0xf4, 0x00, 0x00, 0x4f, 0xf3, 0x3f, 0xf3, 0x3f, 0xf3, 0x3f,
    0xf4, 0x00, 0x00, 0x03, 0x30, 0x03, 0x30, 0x03, 0x30, 0x03, 0x30, 0x00, 0x00, 0x03, 0x30, 0x03,
    0x30, 0x03, 0x30, 0x03, 0x30, 0x00, 0x00, 0x4f, 0xf3, 0x3f, 0xf3, 0x3f, 0xf3, 0x3f, 0xf4, 0x00,
    0x00, 0x4f, 0xf3, 0x3f, 0xf3, 0x3f, 0xf3, 0x3f, 0xf4, 0x00, 0x00, 0x03, 0x30, 0x03, 0x30, 0x03,
    0x30, 0x03, 0x30, 0x00, 0x00, 0x03, 0x30, 0x03, 0x30, 0x03, 0x30, 0x03, 0x30, 0x00, 0x00, 0x4f,
    0xf3, 0x3f, 0xf3, 0x3f, 0xf3, 0x3f, 0xf4, 0x00, 0x00, 0x4f, 0xf3, 0x3f, 0xf3, 0x3f, 0xf3, 0x3f,
    0xf4, 0x00, 0x00, 0x03, 0x30, 0x03, 0x30, 0x03, 0x30, 0x03, 0x30, 0x00, 0x00, 0x03, 0x30, 0x03,
    0x30, 0x03, 0x30, 0x03, 0x30, 0x00, 0x00, 0x4f, 0xf3, 0x3f, 0xf3, 0x3f, 0xf3, 0x3f, 0xf4, 0x00,
    0x00, 0x4f, 0xf3, 0x3f, 0xf3, 0x3f, 0xf3, 0x3f, 0xf4, 0x00, 0x00, 0x04, 0x40, 0x04, 0x40, 0x04,
    0x40, 0x04, 0x40, 0x00, 0x00, 0x00, 0x00, 0x00, 0x00, 0x00, 0x00, 0x00, 0x00, 0x00, 0x00, 0x00,
    0x00, 0x00, 0x00, 0x00, 0x00, 0x00, 0x00, 0x00, 0x00, 0x00, 0x00, 0x00, 0x00, 0x00, 0x00, 0x00,
    0x00, 0x00, 0x00, 0x00, 0x00, 0x00, 0x00, 0x00, 0x00, 0x00, 0x00, 0x00, 0x00, 0x00, 0x00, 0x04,
    0x40, 0x04, 0x40, 0x04, 0x40, 0x00, 0x00, 0x00, 0x00, 0x4f, 0xf3, 0x3f, 0xf3, 0x3f, 0xf4, 0x00,
    0x00, 0x00, 0x00, 0x4f, 0xf3, 0x3f, 0xf3, 0x3f, 0xf4, 0x00, 0x00, 0x00, 0x00, 0x03, 0x30, 0x03,
    0x30, 0x03, 0x30, 0x00, 0x00, 0x04, 0x40, 0x03, 0x30, 0x03, 0x30, 0x03, 0x30, 0x00, 0x00, 0x4f,
    0xf3, 0x3f, 0xf3, 0x3f, 0xf3, 0x3f, 0xf4, 0x00, 0x00, 0x4f, 0xf3, 0x3f, 0xf3, 0x3f, 0xf3, 0x3f,
    0xf4, 0x00, 0x00, 0x03, 0x30, 0x03, 0x30, 0x04, 0x40, 0x03, 0x30, 0x00, 0x00, 0x03, 0x30, 0x03,
    0x30, 0x00, 0x00, 0x03, 0x30, 0x00, 0x00, 0x4f, 0xf3, 0x3f, 0xf4, 0x00, 0x00, 0x4f, 0xf4, 0x00,
    0x00, 0x4f, 0xf3, 0x3f, 0xf4, 0x00, 0x00, 0x4f, 0xf4, 0x00, 0x00, 0x03, 0x30, 0x03, 0x30, 0x00,
    0x00, 0x04, 0x40, 0x00, 0x00, 0x03, 0x30, 0x03, 0x30, 0x00, 0x00, 0x00, 0x00, 0x00, 0x00, 0x4f,
    0xf3, 0x3f, 0xf4, 0x00, 0x00, 0x00, 0x00, 0x00, 0x00, 0x4f, 0xf3, 0x3f, 0xf4, 0x00, 0x00, 0x00,
    0x00, 0x00, 0x00, 0x03, 0x30, 0x03, 0x30, 0x00, 0x00, 0x00, 0x00, 0x00, 0x00, 0x03, 0x30, 0x03,
    0x30, 0x04, 0x40, 0x04, 0x40, 0x00, 0x00, 0x4f, 0xf3, 0x3f, 0xf3, 0x3f, 0xf3, 0x3f, 0xf4, 0x00,
    0x00, 0x4f, 0xf3, 0x3f, 0xf3, 0x3f, 0xf3, 0x3f, 0xf4, 0x00, 0x00, 0x04, 0x40, 0x03, 0x30, 0x03,
    0x30, 0x03, 0x30, 0x00, 0x00, 0x00, 0x00, 0x03, 0x30, 0x03, 0x30, 0x03, 0x30, 0x00, 0x00, 0x00,
    0x00, 0x4f, 0xf3, 0x3f, 0xf3, 0x3f, 0xf4, 0x00, 0x00, 0x00, 0x00, 0x4f, 0xf3, 0x3f, 0xf3, 0x3f,
    0xf4, 0x00, 0x00, 0x00, 0x00, 0x04, 0x40, 0x04, 0x40, 0x04, 0x40, 0x00, 0x00, 0x00, 0x00, 0x00,
    0x00, 0x00, 0x00, 0x00, 0x00, 0x00, 0x00, 0x00, 0x00, 0x00, 0x00, 0x00, 0x00, 0x00, 0x00, 0x00,
    0x00, 0x00, 0x00, 0x00, 0x00, 0x00, 0x00, 0x00, 0x00, 0x00, 0x00, 0x00, 0x00, 0x00, 0x00, 0x00,
    0x00, 0x00, 0x00, 0x00, 0x00, 0x04, 0x40, 0x04, 0x40, 0x04, 0x40, 0x00, 0x00, 0x00, 0x00, 0x4f,
    0xf3, 0x3f, 0xf3, 0x3f, 0xf4, 0x00, 0x00, 0x00, 0x00, 0x4f, 0xf3, 0x3f, 0xf3, 0x3f, 0xf4, 0x00,
    0x00, 0x00, 0x00, 0x03, 0x30, 0x03, 0x30, 0x03, 0x30, 0x00, 0x00, 0x00, 0x00, 0x03, 0x30, 0x03,
    0x30, 0x03, 0x30, 0x04, 0x40, 0x00, 0x00, 0x4f, 0xf3, 0x3f, 0xf3, 0x3f, 0xf3, 0x3f, 0xf4, 0x00,
    0x00, 0x4f, 0xf3, 0x3f, 0xf3, 0x3f, 0xf3, 0x3f, 0xf4, 0x00, 0x00, 0x03, 0x30, 0x03, 0x30, 0x03,
    0x30, 0x03, 0x30, 0x00, 0x00, 0x03, 0x30, 0x03, 0x30, 0x03, 0x30, 0x03, 0x30, 0x00, 0x00, 0x4f,
    0xf3, 0x3f, 0xf3, 0x3f, 0xf3, 0x3f, 0xf4, 0x00, 0x00, 0x4f, 0xf3, 0x3f, 0xf3, 0x3f, 0xf3, 0x3f,
    0xf4, 0x00, 0x00, 0x03, 0x30, 0x03, 0x30, 0x03, 0x30, 0x03, 0x30, 0x00, 0x00, 0x03, 0x30, 0x03,
    0x30, 0x03, 0x30, 0x03, 0x30, 0x00, 0x00, 0x4f, 0xf3, 0x3f, 0xf3, 0x3f, 0xf3, 0x3f, 0xf4, 0x00,
    0x00, 0x4f, 0xf3, 0x3f, 0xf3, 0x3f, 0xf3, 0x3f, 0xf4, 0x00, 0x00, 0x03, 0x30, 0x03, 0x30, 0x03,
    0x30, 0x03, 0x30, 0x00, 0x00, 0x03, 0x30, 0x03, 0x30, 0x03, 0x30, 0x03, 0x30, 0x00, 0x00, 0x4f,
    0xf3, 0x3f, 0xf3, 0x3f, 0xf3, 0x3f, 0xf4, 0x00, 0x00, 0x4f, 0xf3, 0x3f, 0xf3, 0x3f, 0xf3, 0x3f,
    0xf4, 0x00, 0x00, 0x03, 0x30, 0x03, 0x30, 0x03, 0x30, 0x04, 0x40, 0x00, 0x00, 0x03, 0x30, 0x03,
    0x30, 0x03, 0x30, 0x00, 0x00, 0x00, 0x00, 0x4f, 0xf3, 0x3f, 0xf3, 0x3f, 0xf4, 0x00, 0x00, 0x00,
    0x00, 0x4f, 0xf3, 0x3f, 0xf3, 0x3f, 0xf4, 0x00, 0x00, 0x00, 0x00, 0x04, 0x40, 0x04, 0x40, 0x04,
    0x40, 0x00, 0x00, 0x00, 0x00, 0x00, 0x00, 0x00, 0x00, 0x00, 0x00, 0x00, 0x00, 0x00, 0x00, 0x00,
    0x00, 0x00, 0x00, 0x00, 0x00, 0x00, 0x00, 0x00, 0x00, 0x00, 0x00, 0x00, 0x00, 0x00, 0x00, 0x00,
    0x00, 0x00, 0x00, 0x00, 0x00, 0x00, 0x00, 0x00, 0x00, 0x00, 0x00, 0x00, 0x00, 0x04, 0x40, 0x04,
    0x40, 0x04, 0x40, 0x04, 0x40, 0x00, 0x00, 0x4f, 0xf3, 0x3f, 0xf3, 0x3f, 0xf3, 0x3f, 0xf4, 0x00,
    0x00, 0x4f, 0xf3, 0x3f, 0xf3, 0x3f, 0xf3, 0x3f, 0xf4, 0x00, 0x00, 0x03, 0x30, 0x03, 0x30, 0x03,
    0x30, 0x03, 0x30, 0x00, 0x00, 0x03, 0x30, 0x03, 0x30, 0x03, 0x30, 0x03, 0x30, 0x00, 0x00, 0x4f,
    0xf3, 0x3f, 0xf3, 0x3f, 0xf3, 0x3f, 0xf4, 0x00, 0x00, 0x4f, 0xf3, 0x3f, 0xf3, 0x3f, 0xf3, 0x3f,
    0xf4, 0x00, 0x00, 0x03, 0x30, 0x03, 0x30, 0x03, 0x30, 0x03, 0x30, 0x00, 0x00, 0x03, 0x30, 0x03,
    0x30, 0x03, 0x30, 0x03, 0x30, 0x00, 0x00, 0x4f, 0xf3, 0x3f, 0xf3, 0x3f, 0xf3, 0x3f, 0xf4, 0x00,
    0x00, 0x4f, 0xf3, 0x3f, 0xf3, 0x3f, 0xf3, 0x3f, 0xf4, 0x00, 0x00, 0x03, 0x30, 0x03, 0x30, 0x03,
    0x30, 0x03, 0x30, 0x00, 0x00, 0x03, 0x30, 0x03, 0x30, 0x03, 0x30, 0x03, 0x30, 0x00, 0x00, 0x4f,
    0xf3, 0x3f, 0xf3, 0x3f, 0xf3, 0x3f, 0xf4, 0x00, 0x00, 0x4f, 0xf3, 0x3f, 0xf3, 0x3f, 0xf3, 0x3f,
    0xf4, 0x00, 0x00, 0x03, 0x30, 0x03, 0x30, 0x03, 0x30, 0x03, 0x30, 0x00, 0x00, 0x03, 0x30, 0x03,
    0x30, 0x03, 0x30, 0x03, 0x30, 0x00, 0x00, 0x4f, 0xf3, 0x3f, 0xf3, 0x3f, 0xf3, 0x3f, 0xf4, 0x00,
    0x00, 0x4f, 0xf3, 0x3f, 0xf3, 0x3f, 0xf3, 0x3f, 0xf4, 0x00, 0x00, 0x03, 0x30, 0x03, 0x30, 0x03,
    0x30, 0x03, 0x30, 0x00, 0x00, 0x03, 0x30, 0x03, 0x30, 0x03, 0x30, 0x03, 0x30, 0x00, 0x00, 0x4f,
    0xf3, 0x3f, 0xf3, 0x3f, 0xf3, 0x3f, 0xf4, 0x00, 0x00, 0x4f, 0xf3, 0x3f, 0xf3, 0x3f, 0xf3, 0x3f,
    0xf4, 0x00, 0x00, 0x04, 0x40, 0x04, 0x40, 0x04, 0x40, 0x04, 0x40, 0x00, 0x00, 0x00, 0x00, 0x00,
    0x00, 0x00, 0x00, 0x00, 0x00, 0x00, 0x00, 0x00, 0x00, 0x00, 0x00, 0x00, 0x00, 0x00, 0x00, 0x00,
    0x00, 0x00, 0x00, 0x00, 0x00, 0x00, 0x00, 0x00, 0x00, 0x00, 0x00, 0x00, 0x00, 0x00, 0x00, 0x00,
    0x00, 0x00, 0x00, 0x00, 0x00, 0x04, 0x40, 0x04, 0x40, 0x04, 0x40, 0x04, 0x40, 0x00, 0x00, 0x4f,
    0xf3, 0x3f, 0xf3, 0x3f, 0xf3, 0x3f, 0xf4, 0x00, 0x00, 0x4f, 0xf3, 0x3f, 0xf3, 0x3f, 0xf3, 0x3f,
    0xf4, 0x00, 0x00, 0x03, 0x30, 0x03, 0x30, 0x03, 0x30, 0x03, 0x30, 0x00, 0x00, 0x03, 0x30, 0x03,
    0x30, 0x03, 0x30, 0x03, 0x30, 0x00, 0x00, 0x4f, 0xf3, 0x3f, 0xf3, 0x3f, 0xf3, 0x3f, 0xf4, 0x00,
    0x00, 0x4f, 0xf3, 0x3f, 0xf3, 0x3f, 0xf3, 0x3f, 0xf4, 0x00, 0x00, 0x03, 0x30, 0x03, 0x30, 0x03,
    0x30, 0x03, 0x30, 0x00, 0x00, 0x03, 0x30, 0x03, 0x30, 0x03, 0x30, 0x03, 0x30, 0x00, 0x00, 0x4f,
    0xf3, 0x3f, 0xf3, 0x3f, 0xf3, 0x3f, 0xf4, 0x00, 0x00, 0x4f, 0xf3, 0x3f, 0xf3, 0x3f, 0xf3, 0x3f,
    0xf4, 0x00, 0x00, 0x03, 0x30, 0x03, 0x30, 0x03, 0x30, 0x03, 0x30, 0x00, 0x00, 0x03, 0x30, 0x03,
    0x30, 0x03, 0x30, 0x03, 0x30, 0x00, 0x00, 0x4f, 0xf3, 0x3f, 0xf3, 0x3f, 0xf3, 0x3f, 0xf4, 0x00,
    0x00, 0x4f, 0xf3, 0x3f, 0xf3, 0x3f, 0xf3, 0x3f, 0xf4, 0x00, 0x00, 0x03, 0x30, 0x03, 0x30, 0x04,
    0x40, 0x04, 0x40, 0x00, 0x00, 0x03, 0x30, 0x03, 0x30, 0x00, 0x00, 0x00, 0x00, 0x00, 0x00, 0x4f,
    0xf3, 0x3f, 0xf4, 0x00, 0x00, 0x00, 0x00, 0x00, 0x00, 0x4f, 0xf3, 0x3f, 0xf4, 0x00, 0x00, 0x00,
    0x00, 0x00, 0x00, 0x03, 0x30, 0x03, 0x30, 0x00, 0x00, 0x00, 0x00, 0x00, 0x00, 0x03, 0x30, 0x03,
    0x30, 0x00, 0x00, 0x00, 0x00, 0x00, 0x00, 0x4f, 0xf3, 0x3f, 0xf4, 0x00, 0x00, 0x00, 0x00, 0x00,
    0x00, 0x4f, 0xf3, 0x3f, 0xf4, 0x00, 0x00, 0x00, 0x00, 0x00, 0x00, 0x04, 0x40, 0x04, 0x40, 0x00,
    0x00, 0x00, 0x00, 0x00, 0x00, 0x00, 0x00, 0x00, 0x00, 0x00, 0x00, 0x00, 0x00, 0x00, 0x00, 0x00,
    0x00, 0x00, 0x00, 0x00, 0x00, 0x00, 0x00, 0x00, 0x00, 0x00, 0x00, 0x00, 0x00, 0x00, 0x00, 0x00,
    0x00, 0x00, 0x00, 0x00, 0x00, 0x00, 0x00, 0x00, 0x00, 0x00, 0x00, 0x00, 0x00, 0x00, 0x00, 0x04,
    0x40, 0x04, 0x40, 0x04, 0x40, 0x00, 0x00, 0x00, 0x00, 0x4f, 0xf3, 0x3f, 0xf3, 0x3f, 0xf4, 0x00,
    0x00, 0x00, 0x00, 0x4f, 0xf3, 0x3f, 0xf3, 0x3f, 0xf4, 0x00, 0x00, 0x00, 0x00, 0x03, 0x30, 0x03,
    0x30, 0x03, 0x30, 0x00, 0x00, 0x04, 0x40, 0x03, 0x30, 0x03, 0x30, 0x03, 0x30, 0x00, 0x00, 0x4f,
    0xf3, 0x3f, 0xf3, 0x3f, 0xf3, 0x3f, 0xf4, 0x00, 0x00, 0x4f, 0xf3, 0x3f, 0xf3, 0x3f, 0xf3, 0x3f,
    0xf4, 0x00, 0x00, 0x03, 0x30, 0x03, 0x30, 0x04, 0x40, 0x04, 0x40, 0x00, 0x00, 0x03, 0x30, 0x03,
    0x30, 0x00, 0x00, 0x00, 0x00, 0x00, 0x00, 0x4f, 0xf3, 0x3f, 0xf4, 0x00, 0x00, 0x00, 0x00, 0x00,
    0x00, 0x4f, 0xf3, 0x3f, 0xf4, 0x00, 0x00, 0x00, 0x00, 0x00, 0x00, 0x03, 0x30, 0x03, 0x30, 0x00,
    0x00, 0x00, 0x00, 0x00, 0x00, 0x03, 0x30, 0x03, 0x30, 0x04, 0x40, 0x04, 0x40, 0x00, 0x00, 0x4f,
    0xf3, 0x3f, 0xf3, 0x3f, 0xf3, 0x3f, 0xf4, 0x00, 0x00, 0x4f, 0xf3, 0x3f, 0xf3, 0x3f, 0xf3, 0x3f,
    0xf4, 0x00, 0x00, 0x03, 0x30, 0x03, 0x30, 0x03, 0x30, 0x03, 0x30, 0x00, 0x00, 0x03, 0x30, 0x03,
    0x30, 0x03, 0x30, 0x03, 0x30, 0x00, 0x00, 0x4f, 0xf3, 0x3f, 0xf3, 0x3f, 0xf3, 0x3f, 0xf4, 0x00,
    0x00, 0x4f, 0xf3, 0x3f, 0xf3, 0x3f, 0xf3, 0x3f, 0xf4, 0x00, 0x00, 0x04, 0x40, 0x03, 0x30, 0x03,
    0x30, 0x03, 0x30, 0x00, 0x00, 0x00, 0x00, 0x03, 0x30, 0x03, 0x30, 0x03, 0x30, 0x00, 0x00, 0x00,
    0x00, 0x4f, 0xf3, 0x3f, 0xf3, 0x3f, 0xf4, 0x00, 0x00, 0x00, 0x00, 0x4f, 0xf3, 0x3f, 0xf3, 0x3f,
    0xf4, 0x00, 0x00, 0x00, 0x00, 0x04, 0x40, 0x04, 0x40, 0x04, 0x40, 0x00, 0x00, 0x00, 0x00, 0x00,
    0x00, 0x00, 0x00, 0x00, 0x00, 0x00, 0x00, 0x00, 0x00, 0x00, 0x00, 0x00, 0x00, 0x00, 0x00, 0x00,
    0x00, 0x00, 0x00, 0x00, 0x00, 0x00, 0x00, 0x00, 0x00, 0x00, 0x00, 0x00, 0x00, 0x00, 0x00, 0x00,
    0x00, 0x00, 0x00, 0x00, 0x00, 0x04, 0x40, 0x04, 0x40, 0x04, 0x40, 0x04, 0x40, 0x00, 0x00, 0x4f,
    0xf3, 0x3f, 0xf3, 0x3f, 0xf3, 0x3f, 0xf4, 0x00, 0x00, 0x4f, 0xf3, 0x3f, 0xf3, 0x3f, 0xf3, 0x3f,
    0xf4, 0x00, 0x00, 0x03, 0x30, 0x03, 0x30, 0x03, 0x30, 0x03, 0x30, 0x00, 0x00, 0x03, 0x30, 0x03,
    0x30, 0x03, 0x30, 0x03, 0x30, 0x00, 0x00, 0x4f, 0xf3, 0x3f, 0xf3, 0x3f, 0xf3, 0x3f, 0xf4, 0x00,
    0x00, 0x4f, 0xf3, 0x3f, 0xf3, 0x3f, 0xf3, 0x3f, 0xf4, 0x00, 0x00, 0x03, 0x30, 0x03, 0x30, 0x03,
    0x30, 0x03, 0x30, 0x00, 0x00, 0x03, 0x30, 0x03, 0x30, 0x03, 0x30, 0x03, 0x30, 0x00, 0x00, 0x4f,
    0xf3, 0x3f, 0xf3, 0x3f, 0xf3, 0x3f, 0xf4, 0x00, 0x00, 0x4f, 0xf3, 0x3f, 0xf3, 0x3f, 0xf3, 0x3f,
    0xf4, 0x00, 0x00, 0x03, 0x30, 0x03, 0x30, 0x03, 0x30, 0x03, 0x30, 0x00, 0x00, 0x03, 0x30, 0x03,
    0x30, 0x03, 0x30, 0x03, 0x30, 0x00, 0x00, 0x4f, 0xf3, 0x3f, 0xf3, 0x3f, 0xf3, 0x3f, 0xf4, 0x00,
    0x00, 0x4f, 0xf3, 0x3f, 0xf3, 0x3f, 0xf3, 0x3f, 0xf4, 0x00, 0x00, 0x03, 0x30, 0x03, 0x30, 0x03,
    0x30, 0x03, 0x30, 0x00, 0x00, 0x03, 0x30, 0x03, 0x30, 0x03, 0x30, 0x03, 0x30, 0x00, 0x00, 0x4f,
    0xf3, 0x3f, 0xf3, 0x3f, 0xf3, 0x3f, 0xf4, 0x00, 0x00, 0x4f, 0xf3, 0x3f, 0xf3, 0x3f, 0xf3, 0x3f,
    0xf4, 0x00, 0x00, 0x03, 0x30, 0x03, 0x30, 0x03, 0x30, 0x03, 0x30, 0x00, 0x00, 0x03, 0x30, 0x03,
    0x30, 0x03, 0x30, 0x03, 0x30, 0x00, 0x00, 0x4f, 0xf3, 0x3f, 0xf3, 0x3f, 0xf3, 0x3f, 0xf4, 0x00,
    0x00, 0x4f, 0xf3, 0x3f, 0xf3, 0x3f, 0xf3, 0x3f, 0xf4, 0x00, 0x00, 0x04, 0x40, 0x04, 0x40, 0x04,
    0x40, 0x04, 0x40, 0x00, 0x00, 0x00, 0x00, 0x00, 0x00, 0x00, 0x00, 0x00, 0x00, 0x00, 0x00, 0x00,
    0x00, 0x00, 0x00, 0x00, 0x00, 0x00, 0x00, 0x00, 0x00, 0x00, 0x00, 0x00, 0x00, 0x00, 0x00, 0x00,
    0x00, 0x00, 0x00, 0x00, 0x00, 0x00, 0x00, 0x00, 0x00, 0x00, 0x00, 0x00, 0x00, 0x04, 0x40, 0x04,
    0x40, 0x04, 0x40, 0x04, 0x40, 0x00, 0x00, 0x4f, 0xf3, 0x3f, 0xf3, 0x3f, 0xf3, 0x3f, 0xf4, 0x00,
    0x00, 0x4f, 0xf3, 0x3f, 0xf3, 0x3f, 0xf3, 0x3f, 0xf4, 0x00, 0x00, 0x03, 0x30, 0x03, 0x30, 0x03,
    0x30, 0x03, 0x30, 0x00, 0x00, 0x03, 0x30, 0x03, 0x30, 0x03, 0x30, 0x03, 0x30, 0x00, 0x00, 0x4f,
    0xf3, 0x3f, 0xf3, 0x3f, 0xf3, 0x3f, 0xf4, 0x00, 0x00, 0x4f, 0xf3, 0x3f, 0xf3, 0x3f, 0xf3, 0x3f,
    0xf4, 0x00, 0x00, 0x04, 0x40, 0x03, 0x30, 0x03, 0x30, 0x04, 0x40, 0x00, 0x00, 0x00, 0x00, 0x03,
    0x30, 0x03, 0x30, 0x00, 0x00, 0x00, 0x00, 0x00, 0x00, 0x4f, 0xf3, 0x3f, 0xf4, 0x00, 0x00, 0x00,
    0x00, 0x00, 0x00, 0x4f, 0xf3, 0x3f, 0xf4, 0x00, 0x00, 0x00, 0x00, 0x00, 0x00, 0x03, 0x30, 0x03,
    0x30, 0x00, 0x00, 0x00, 0x00, 0x00, 0x00, 0x03, 0x30, 0x03, 0x30, 0x00, 0x00, 0x00, 0x00, 0x00,
    0x00, 0x4f, 0xf3, 0x3f, 0xf4, 0x00, 0x00, 0x00, 0x00, 0x00, 0x00, 0x4f, 0xf3, 0x3f, 0xf4, 0x00,
    0x00, 0x00, 0x00, 0x00, 0x00, 0x03, 0x30, 0x03, 0x30, 0x00, 0x00, 0x00, 0x00, 0x04, 0x40, 0x03,
    0x30, 0x03, 0x30, 0x04, 0x40, 0x00, 0x00, 0x4f, 0xf3, 0x3f, 0xf3, 0x3f, 0xf3, 0x3f, 0xf4, 0x00,
    0x00, 0x4f, 0xf3, 0x3f, 0xf3, 0x3f, 0xf3, 0x3f, 0xf4, 0x00, 0x00, 0x03, 0x30, 0x03, 0x30, 0x03,
    0x30, 0x03, 0x30, 0x00, 0x00, 0x03, 0x30, 0x03, 0x30, 0x03, 0x30, 0x03, 0x30, 0x00, 0x00, 0x4f,
    0xf3, 0x3f, 0xf3, 0x3f, 0xf3, 0x3f, 0xf4, 0x00, 0x00, 0x4f, 0xf3, 0x3f, 0xf3, 0x3f, 0xf3, 0x3f,
    0xf4, 0x00, 0x00, 0x04, 0x40, 0x04, 0x40, 0x04, 0x40, 0x04, 0x40, 0x00, 0x00, 0x00, 0x00, 0x00,
    0x00, 0x00, 0x00, 0x00, 0x00, 0x00, 0x00, 0x00, 0x00, 0x00, 0x00, 0x00, 0x00, 0x00, 0x00, 0x00,
    0x00, 0x00, 0x00, 0x00, 0x00, 0x00, 0x00, 0x00, 0x00, 0x00, 0x00, 0x00, 0x00, 0x00, 0x00, 0x00,
    0x00, 0x00, 0x00, 0x00, 0x00, 0x00, 0x00, 0x00, 0x00, 0x04, 0x40, 0x04, 0x40, 0x00, 0x00, 0x00,
    0x00, 0x00, 0x00, 0x4f, 0xf3, 0x3f, 0xf4, 0x00, 0x00, 0x00, 0x00, 0x00, 0x00, 0x4f, 0xf3, 0x3f,
    0xf4, 0x00, 0x00, 0x00, 0x00, 0x00, 0x00, 0x03, 0x30, 0x03, 0x30, 0x00, 0x00, 0x00, 0x00, 0x00,
    0x00, 0x03, 0x30, 0x03, 0x30, 0x00, 0x00, 0x00, 0x00, 0x00, 0x00, 0x4f, 0xf3, 0x3f, 0xf4, 0x00,
    0x00, 0x00, 0x00, 0x00, 0x00, 0x4f, 0xf3, 0x3f, 0xf4, 0x00, 0x00, 0x00, 0x00, 0x00, 0x00, 0x03,
    0x30, 0x03, 0x30, 0x00, 0x00, 0x00, 0x00, 0x00, 0x00, 0x03, 0x30, 0x03, 0x30, 0x00, 0x00, 0x00,
    0x00, 0x00, 0x00, 0x4f, 0xf3, 0x3f, 0xf4, 0x00, 0x00, 0x00, 0x00, 0x00, 0x00, 0x4f, 0xf3, 0x3f,
    0xf4, 0x00, 0x00, 0x00, 0x00, 0x00, 0x00, 0x03, 0x30, 0x03, 0x30, 0x00, 0x00, 0x00, 0x00, 0x00,
    0x00, 0x03, 0x30, 0x03, 0x30, 0x00, 0x00, 0x00, 0x00, 0x00, 0x00, 0x4f, 0xf3, 0x3f, 0xf4, 0x00,
    0x00, 0x00, 0x00, 0x00, 0x00, 0x4f, 0xf3, 0x3f, 0xf4, 0x00, 0x00, 0x00, 0x00, 0x00, 0x00, 0x03,
    0x30, 0x03, 0x30, 0x00, 0x00, 0x04, 0x40, 0x04, 0x40, 0x03, 0x30, 0x03, 0x30, 0x00, 0x00, 0x4f,
    0xf3, 0x3f, 0xf3, 0x3f, 0xf3, 0x3f, 0xf4, 0x00, 0x00, 0x4f, 0xf3, 0x3f, 0xf3, 0x3f, 0xf3, 0x3f,
    0xf4, 0x00, 0x00, 0x03, 0x30, 0x03, 0x30, 0x03, 0x30, 0x03, 0x30, 0x00, 0x00, 0x03, 0x30, 0x03,
    0x30, 0x03, 0x30, 0x03, 0x30, 0x00, 0x00, 0x4f, 0xf3, 0x3f, 0xf3, 0x3f, 0xf3, 0x3f, 0xf4, 0x00,
    0x00, 0x4f, 0xf3, 0x3f, 0xf3, 0x3f, 0xf3, 0x3f, 0xf4, 0x00, 0x00, 0x04, 0x40, 0x04, 0x40, 0x04,
    0x40, 0x04, 0x40, 0x00, 0x00, 0x00, 0x00, 0x00, 0x00, 0x00, 0x00, 0x00, 0x00, 0x00, 0x00, 0x00,
    0x00, 0x00, 0x00, 0x00, 0x00, 0x00, 0x00, 0x00, 0x00, 0x00, 0x00, 0x00, 0x00, 0x00, 0x00, 0x00,
    0x00, 0x00, 0x00, 0x00, 0x00, 0x00, 0x00, 0x00, 0x00, 0x00, 0x00, 0x00, 0x00, 0x00, 0x00, 0x00,
    0x00, 0x04, 0x40, 0x04, 0x40, 0x04, 0x40, 0x04, 0x40, 0x04, 0x40, 0x00, 0x00, 0x4f, 0xf3, 0x3f,
    0xf3, 0x3f, 0xf3, 0x3f, 0xf3, 0x3f, 0xf4, 0x00, 0x00, 0x4f, 0xf3, 0x3f, 0xf3, 0x3f, 0xf3, 0x3f,
    0xf3, 0x3f, 0xf4, 0x00, 0x00, 0x03, 0x30, 0x03, 0x30, 0x03, 0x30, 0x03, 0x30, 0x04, 0x40, 0x00,
    0x00, 0x03, 0x30, 0x03, 0x30, 0x03, 0x30, 0x03, 0x30, 0x00, 0x00, 0x00, 0x00, 0x4f, 0xf3, 0x3f,
    0xf3, 0x3f, 0xf3, 0x3f, 0xf4, 0x00, 0x00, 0x00, 0x00, 0x4f, 0xf3, 0x3f, 0xf3, 0x3f, 0xf3, 0x3f,
    0xf4, 0x00, 0x00, 0x00, 0x00, 0x03, 0x30, 0x03, 0x30, 0x03, 0x30, 0x04, 0x40, 0x00, 0x00, 0x00,
    0x00, 0x03, 0x30, 0x03, 0x30, 0x03, 0x30, 0x00, 0x00, 0x00, 0x00, 0x00, 0x00, 0x4f, 0xf3, 0x3f,
    0xf3, 0x3f, 0xf4, 0x00, 0x00, 0x00, 0x00, 0x00, 0x00, 0x4f, 0xf3, 0x3f, 0xf3, 0x3f, 0xf4, 0x00,
    0x00, 0x00, 0x00, 0x00, 0x00, 0x03, 0x30, 0x03, 0x30, 0x03, 0x30, 0x00, 0x00, 0x00, 0x00, 0x00,
    0x00, 0x03, 0x30, 0x03, 0x30, 0x03, 0x30, 0x04, 0x40, 0x00, 0x00, 0x00, 0x00, 0x4f, 0xf3, 0x3f,
    0xf3, 0x3f, 0xf3, 0x3f, 0xf4, 0x00, 0x00, 0x00, 0x00, 0x4f, 0xf3, 0x3f, 0xf3, 0x3f, 0xf3, 0x3f,
    0xf4, 0x00, 0x00, 0x00, 0x00, 0x03, 0x30, 0x03, 0x30, 0x03, 0x30, 0x03, 0x30, 0x00, 0x00, 0x00,
    0x00, 0x03, 0x30, 0x03, 0x30, 0x03, 0x30, 0x03, 0x30, 0x00, 0x00, 0x00, 0x00, 0x4f, 0xf3, 0x3f,
    0xf3, 0x3f, 0xf3, 0x3f, 0xf4, 0x00, 0x00, 0x00, 0x00, 0x4f, 0xf3, 0x3f, 0xf3, 0x3f, 0xf3, 0x3f,
    0xf4, 0x00, 0x00, 0x00, 0x00, 0x03, 0x30, 0x03, 0x30, 0x04, 0x40, 0x03, 0x30, 0x00, 0x00, 0x00,
    0x00, 0x03, 0x30, 0x03, 0x30, 0x00, 0x00, 0x03, 0x30, 0x04, 0x40, 0x00, 0x00, 0x4f, 0xf3, 0x3f,
    0xf4, 0x00, 0x00, 0x4f, 0xf3, 0x3f, 0xf4, 0x00, 0x00, 0x4f, 0xf3, 0x3f, 0xf4, 0x00, 0x00, 0x4f,
    0xf3, 0x3f, 0xf4, 0x00, 0x00, 0x04, 0x40, 0x04, 0x40, 0x00, 0x00, 0x04, 0x40, 0x04, 0x40, 0x00,
    0x00, 0x00, 0x00, 0x00, 0x00, 0x00, 0x00, 0x00, 0x00, 0x00, 0x00, 0x00, 0x00, 0x00, 0x00, 0x00,
    0x00, 0x00, 0x00, 0x00, 0x00, 0x00, 0x00, 0x00, 0x00, 0x00, 0x00, 0x00, 0x00, 0x00, 0x00, 0x00,
    0x00, 0x00, 0x00, 0x00, 0x00, 0x00, 0x00, 0x00, 0x00, 0x00, 0x00, 0x00, 0x00, 0x04, 0x40, 0x04,
    0x40, 0x00, 0x00, 0x00, 0x00, 0x00, 0x00, 0x4f, 0xf3, 0x3f, 0xf4, 0x00, 0x00, 0x00, 0x00, 0x00,
    0x00, 0x4f, 0xf3, 0x3f, 0xf4, 0x00, 0x00, 0x00, 0x00, 0x00, 0x00, 0x03, 0x30, 0x03, 0x30, 0x00,
    0x00, 0x00, 0x00, 0x00, 0x00, 0x03, 0x30, 0x03, 0x30, 0x00, 0x00, 0x00, 0x00, 0x00, 0x00, 0x4f,
    0xf3, 0x3f, 0xf4, 0x00, 0x00, 0x00, 0x00, 0x00, 0x00, 0x4f, 0xf3, 0x3f, 0xf4, 0x00, 0x00, 0x00,
    0x00, 0x00, 0x00, 0x03, 0x30, 0x03, 0x30, 0x00, 0x00, 0x00, 0x00, 0x00, 0x00, 0x03, 0x30, 0x03,
    0x30, 0x00, 0x00, 0x00, 0x00, 0x00, 0x00, 0x4f, 0xf3, 0x3f, 0xf4, 0x00, 0x00, 0x00, 0x00, 0x00,
    0x00, 0x4f, 0xf3, 0x3f, 0xf4, 0x00, 0x00, 0x00, 0x00, 0x00, 0x00, 0x03, 0x30, 0x03, 0x30, 0x00,
    0x00, 0x00, 0x00, 0x00, 0x00, 0x03, 0x30, 0x03, 0x30, 0x00, 0x00, 0x00, 0x00, 0x00, 0x00, 0x4f,
    0xf3, 0x3f, 0xf4, 0x00, 0x00, 0x00, 0x00, 0x00, 0x00, 0x4f, 0xf3, 0x3f, 0xf4, 0x00, 0x00, 0x00,
    0x00, 0x00, 0x00, 0x03, 0x30, 0x03, 0x30, 0x00, 0x00, 0x00, 0x00, 0x00, 0x00, 0x03, 0x30, 0x03,
    0x30, 0x04, 0x40, 0x04, 0x40, 0x00, 0x00, 0x4f, 0xf3, 0x3f, 0xf3, 0x3f, 0xf3, 0x3f, 0xf4, 0x00,
    0x00, 0x4f, 0xf3, 0x3f, 0xf3, 0x3f, 0xf3, 0x3f, 0xf4, 0x00, 0x00, 0x03, 0x30, 0x03, 0x30, 0x03,
    0x30, 0x03, 0x30, 0x00, 0x00, 0x03, 0x30, 0x03, 0x30, 0x03, 0x30, 0x03, 0x30, 0x00, 0x00, 0x4f,
    0xf3, 0x3f, 0xf3, 0x3f, 0xf3, 0x3f, 0xf4, 0x00, 0x00, 0x4f, 0xf3, 0x3f, 0xf3, 0x3f, 0xf3, 0x3f,
    0xf4, 0x00, 0x00, 0x04, 0x40, 0x04, 0x40, 0x04, 0x40, 0x04, 0x40, 0x00, 0x00, 0x00, 0x00, 0x00,
    0x00, 0x00, 0x00, 0x00, 0x00, 0x00, 0x00, 0x00, 0x00, 0x00, 0x00, 0x00, 0x00, 0x00, 0x00, 0x00,
    0x00, 0x00, 0x00, 0x00, 0x00, 0x00, 0x00, 0x00, 0x00, 0x00, 0x00, 0x00, 0x00, 0x00, 0x00, 0x00,
    0x00, 0x00, 0x00, 0x00, 0x00, 0x04, 0x40, 0x04, 0x40, 0x04, 0x40, 0x04, 0x40, 0x00, 0x00, 0x4f,
    0xf3, 0x3f, 0xf3, 0x3f, 0xf3, 0x3f, 0xf4, 0x00, 0x00, 0x4f, 0xf3, 0x3f, 0xf3, 0x3f, 0xf3, 0x3f,
    0xf4, 0x00, 0x00, 0x03, 0x30, 0x03, 0x30, 0x03, 0x30, 0x03, 0x30, 0x00, 0x00, 0x03, 0x30, 0x03,
    0x30, 0x03, 0x30, 0x03, 0x30, 0x00, 0x00, 0x4f, 0xf3, 0x3f, 0xf3, 0x3f, 0xf3, 0x3f, 0xf4, 0x00,
    0x00, 0x4f, 0xf3, 0x3f, 0xf3, 0x3f, 0xf3, 0x3f, 0xf4, 0x00, 0x00, 0x03, 0x30, 0x03, 0x30, 0x03,
    0x30, 0x03, 0x30, 0x00, 0x00, 0x03, 0x30, 0x03, 0x30, 0x03, 0x30, 0x03, 0x30, 0x00, 0x00, 0x4f,
    0xf3, 0x3f, 0xf3, 0x3f, 0xf3, 0x3f, 0xf4, 0x00, 0x00, 0x4f, 0xf3, 0x3f, 0xf3, 0x3f, 0xf3, 0x3f,
    0xf4, 0x00, 0x00, 0x03, 0x30, 0x03, 0x30, 0x03, 0x30, 0x03, 0x30, 0x00, 0x00, 0x03, 0x30, 0x03,
    0x30, 0x03, 0x30, 0x03, 0x30, 0x00, 0x00, 0x4f, 0xf3, 0x3f, 0xf3, 0x3f, 0xf3, 0x3f, 0xf4, 0x00,
    0x00, 0x4f, 0xf3, 0x3f, 0xf3, 0x3f, 0xf3, 0x3f, 0xf4, 0x00, 0x00, 0x03, 0x30, 0x03, 0x30, 0x04,
    0x40, 0x03, 0x30, 0x00, 0x00, 0x03, 0x30, 0x03, 0x30, 0x00, 0x00, 0x03, 0x30, 0x00, 0x00, 0x4f,
    0xf3, 0x3f, 0xf4, 0x00, 0x00, 0x4f, 0xf4, 0x00, 0x00, 0x4f, 0xf3, 0x3f, 0xf4, 0x00, 0x00, 0x4f,
    0xf4, 0x00, 0x00, 0x03, 0x30, 0x03, 0x30, 0x00, 0x00, 0x03, 0x30, 0x00, 0x00, 0x03, 0x30, 0x03,
    0x30, 0x00, 0x00, 0x03, 0x30, 0x00, 0x00, 0x4f, 0xf3, 0x3f, 0xf4, 0x00, 0x00, 0x4f, 0xf4, 0x00,
    0x00, 0x4f, 0xf3, 0x3f, 0xf4, 0x00, 0x00, 0x4f, 0xf4, 0x00, 0x00, 0x04, 0x40, 0x04, 0x40, 0x00,
    0x00, 0x04, 0x40, 0x00, 0x00, 0x00, 0x00, 0x00, 0x00, 0x00, 0x00, 0x00, 0x00, 0x00, 0x00, 0x00,
    0x00, 0x00, 0x00, 0x00, 0x00, 0x00, 0x00, 0x00, 0x00, 0x00, 0x00, 0x00, 0x00, 0x00, 0x00, 0x00,
    0x00, 0x00, 0x00, 0x00, 0x00, 0x00, 0x00, 0x00, 0x00, 0x00, 0x00, 0x00, 0x00, 0x04, 0x40, 0x04,
    0x40, 0x04, 0x40, 0x04, 0x40, 0x00, 0x00, 0x4f, 0xf3, 0x3f, 0xf3, 0x3f, 0xf3, 0x3f, 0xf4, 0x00,
    0x00, 0x4f, 0xf3, 0x3f, 0xf3, 0x3f, 0xf3, 0x3f, 0xf4, 0x00, 0x00, 0x03, 0x30, 0x03, 0x30, 0x03,
    0x30, 0x03, 0x30, 0x00, 0x00, 0x03, 0x30, 0x03, 0x30, 0x03, 0x30, 0x03, 0x30, 0x00, 0x00, 0x4f,
    0xf3, 0x3f, 0xf3, 0x3f, 0xf3, 0x3f, 0xf4, 0x00, 0x00, 0x4f, 0xf3, 0x3f, 0xf3, 0x3f, 0xf3, 0x3f,
    0xf4, 0x00, 0x00, 0x03, 0x30, 0x03, 0x30, 0x03, 0x30, 0x03, 0x30, 0x00, 0x00, 0x03, 0x30, 0x03,
    0x30, 0x03, 0x30, 0x03, 0x30, 0x00, 0x00, 0x4f, 0xf3, 0x3f, 0xf3, 0x3f, 0xf3, 0x3f, 0xf4, 0x00,
    0x00, 0x4f, 0xf3, 0x3f, 0xf3, 0x3f, 0xf3, 0x3f, 0xf4, 0x00, 0x00, 0x03, 0x30, 0x03, 0x30, 0x03,
    0x30, 0x03, 0x30, 0x00, 0x00, 0x03, 0x30, 0x03, 0x30, 0x03, 0x30, 0x03, 0x30, 0x00, 0x00, 0x4f,
    0xf3, 0x3f, 0xf3, 0x3f, 0xf3, 0x3f, 0xf4, 0x00, 0x00, 0x4f, 0xf3, 0x3f, 0xf3, 0x3f, 0xf3, 0x3f,
    0xf4, 0x00, 0x00, 0x03, 0x30, 0x03, 0x30, 0x03, 0x30, 0x03, 0x30, 0x00, 0x00, 0x03, 0x30, 0x03,
    0x30, 0x03, 0x30, 0x03, 0x30, 0x00, 0x00, 0x4f, 0xf3, 0x3f, 0xf3, 0x3f, 0xf3, 0x3f, 0xf4, 0x00,
    0x00, 0x4f, 0xf3, 0x3f, 0xf3, 0x3f, 0xf3, 0x3f, 0xf4, 0x00, 0x00, 0x03, 0x30, 0x03, 0x30, 0x03,
    0x30, 0x03, 0x30, 0x00, 0x00, 0x03, 0x30, 0x03, 0x30, 0x03, 0x30, 0x03, 0x30, 0x00, 0x00, 0x4f,
    0xf3, 0x3f, 0xf3, 0x3f, 0xf3, 0x3f, 0xf4, 0x00, 0x00, 0x4f, 0xf3, 0x3f, 0xf3, 0x3f, 0xf3, 0x3f,
    0xf4, 0x00, 0x00, 0x04, 0x40, 0x04, 0x40, 0x04, 0x40, 0x04, 0x40, 0x00, 0x00, 0x00, 0x00, 0x00,
    0x00, 0x00, 0x00, 0x00, 0x00, 0x00, 0x00, 0x00, 0x00, 0x00, 0x00, 0x00, 0x00, 0x00, 0x00, 0x00,
    0x00, 0x00, 0x00, 0x00, 0x00, 0x00, 0x00, 0x00, 0x00, 0x00, 0x00, 0x00, 0x00, 0x00, 0x00, 0x00,
    0x00, 0x00, 0x00, 0x00, 0x00, 0x00, 0x00, 0x04, 0x40, 0x04, 0x40, 0x04, 0x40, 0x00, 0x00, 0x00,
    0x00, 0x4f, 0xf3, 0x3f, 0xf3, 0x3f, 0xf4, 0x00, 0x00, 0x00, 0x00, 0x4f, 0xf3, 0x3f, 0xf3, 0x3f,
    0xf4, 0x00, 0x00, 0x00, 0x00, 0x03, 0x30, 0x03, 0x30, 0x03, 0x30, 0x00, 0x00, 0x04, 0x40, 0x03,
    0x30, 0x03, 0x30, 0x03, 0x30, 0x00, 0x00, 0x4f, 0xf3, 0x3f, 0xf3, 0x3f, 0xf3, 0x3f, 0xf4, 0x00,
    0x00, 0x4f, 0xf3, 0x3f, 0xf3, 0x3f, 0xf3, 0x3f, 0xf4, 0x00, 0x00, 0x03, 0x30, 0x03, 0x30, 0x04,
    0x40, 0x03, 0x30, 0x00, 0x00, 0x03, 0x30, 0x03, 0x30, 0x00, 0x00, 0x03, 0x30, 0x00, 0x00, 0x4f,
    0xf3, 0x3f, 0xf4, 0x00, 0x00, 0x4f, 0xf4, 0x00, 0x00, 0x4f, 0xf3, 0x3f, 0xf4, 0x00, 0x00, 0x4f,
    0xf4, 0x00, 0x00, 0x03, 0x30, 0x03, 0x30, 0x00, 0x00, 0x03, 0x30, 0x00, 0x00, 0x03, 0x30, 0x03,
    0x30, 0x00, 0x00, 0x03, 0x30, 0x00, 0x00, 0x4f, 0xf3, 0x3f, 0xf4, 0x00, 0x00, 0x4f, 0xf4, 0x00,
    0x00, 0x4f, 0xf3, 0x3f, 0xf4, 0x00, 0x00, 0x4f, 0xf4, 0x00, 0x00, 0x03, 0x30, 0x03, 0x30, 0x00,
    0x00, 0x03, 0x30, 0x00, 0x00, 0x03, 0x30, 0x03, 0x30, 0x04, 0x40, 0x03, 0x30, 0x00, 0x00, 0x4f,
    0xf3, 0x3f, 0xf3, 0x3f, 0xf3, 0x3f, 0xf4, 0x00, 0x00, 0x4f, 0xf3, 0x3f, 0xf3, 0x3f, 0xf3, 0x3f,
    0xf4, 0x00, 0x00, 0x04, 0x40, 0x03, 0x30, 0x03, 0x30, 0x03, 0x30, 0x00, 0x00, 0x00, 0x00, 0x03,
    0x30, 0x03, 0x30, 0x03, 0x30, 0x00, 0x00, 0x00, 0x00, 0x4f, 0xf3, 0x3f, 0xf3, 0x3f, 0xf4, 0x00,
    0x00, 0x00, 0x00, 0x4f, 0xf3, 0x3f, 0xf3, 0x3f, 0xf4, 0x00, 0x00, 0x00, 0x00, 0x04, 0x40, 0x04,
    0x40, 0x04, 0x40, 0x00, 0x00, 0x00, 0x00, 0x00, 0x00, 0x00, 0x00, 0x00, 0x00, 0x00, 0x00, 0x00,
    0x00, 0x00, 0x00, 0x00, 0x00, 0x00, 0x00, 0x00, 0x00, 0x00, 0x00, 0x00, 0x00, 0x00, 0x00, 0x00,
    0x00, 0x00, 0x00, 0x00, 0x00, 0x00, 0x00, 0x00, 0x00, 0x00, 0x00, 0x00, 0x00, 0x04, 0x40, 0x04,
    0x40, 0x04, 0x40, 0x04, 0x40, 0x00, 0x00, 0x4f, 0xf3, 0x3f, 0xf3, 0x3f, 0xf3, 0x3f, 0xf4, 0x00,
    0x00, 0x4f, 0xf3, 0x3f, 0xf3, 0x3f, 0xf3, 0x3f, 0xf4, 0x00, 0x00, 0x03, 0x30, 0x03, 0x30, 0x03,
    0x30, 0x03, 0x30, 0x00, 0x00, 0x03, 0x30, 0x03, 0x30, 0x03, 0x30, 0x03, 0x30, 0x00, 0x00, 0x4f,
    0xf3, 0x3f, 0xf3, 0x3f, 0xf3, 0x3f, 0xf4, 0x00, 0x00, 0x4f, 0xf3, 0x3f, 0xf3, 0x3f, 0xf3, 0x3f,
    0xf4, 0x00, 0x00, 0x03, 0x30, 0x03, 0x30, 0x03, 0x30, 0x03, 0x30, 0x00, 0x00, 0x03, 0x30, 0x03,
    0x30, 0x03, 0x30, 0x03, 0x30, 0x00, 0x00, 0x4f, 0xf3, 0x3f, 0xf3, 0x3f, 0xf3, 0x3f, 0xf4, 0x00,
    0x00, 0x4f, 0xf3, 0x3f, 0xf3, 0x3f, 0xf3, 0x3f, 0xf4, 0x00, 0x00, 0x03, 0x30, 0x03, 0x30, 0x03,
    0x30, 0x03, 0x30, 0x00, 0x00, 0x03, 0x30, 0x03, 0x30, 0x03, 0x30, 0x03, 0x30, 0x00, 0x00, 0x4f,
    0xf3, 0x3f, 0xf3, 0x3f, 0xf3, 0x3f, 0xf4, 0x00, 0x00, 0x4f, 0xf3, 0x3f, 0xf3, 0x3f, 0xf3, 0x3f,
    0xf4, 0x00, 0x00, 0x03, 0x30, 0x03, 0x30, 0x04, 0x40, 0x04, 0x40, 0x00, 0x00, 0x03, 0x30, 0x03,
    0x30, 0x00, 0x00, 0x00, 0x00, 0x00, 0x00, 0x4f, 0xf3, 0x3f, 0xf4, 0x00, 0x00, 0x00, 0x00, 0x00,
    0x00, 0x4f, 0xf3, 0x3f, 0xf4, 0x00, 0x00, 0x00, 0x00, 0x00, 0x00, 0x03, 0x30, 0x03, 0x30, 0x00,
    0x00, 0x00, 0x00, 0x00, 0x00, 0x03, 0x30, 0x03, 0x30, 0x00, 0x00, 0x00, 0x00, 0x00, 0x00, 0x4f,
    0xf3, 0x3f, 0xf4, 0x00, 0x00, 0x00, 0x00, 0x00, 0x00, 0x4f, 0xf3, 0x3f, 0xf4, 0x00, 0x00, 0x00,
    0x00, 0x00, 0x00, 0x04, 0x40, 0x04, 0x40, 0x00, 0x00, 0x00, 0x00, 0x00, 0x00, 0x00, 0x00, 0x00,
    0x00, 0x00, 0x00, 0x00, 0x00, 0x00, 0x00, 0x00, 0x00, 0x00, 0x00, 0x00, 0x00, 0x00, 0x00, 0x00,
    0x00, 0x00, 0x00, 0x00, 0x00, 0x00, 0x00, 0x00, 0x00, 0x00, 0x00, 0x00, 0x00, 0x00, 0x00, 0x00,
    0x00, 0x00, 0x00, 0x00, 0x00, 0x00, 0x00, 0x04, 0x40, 0x04, 0x40, 0x04, 0x40, 0x00, 0x00, 0x00,
    0x00, 0x4f, 0xf3, 0x3f, 0xf3, 0x3f, 0xf4, 0x00, 0x00, 0x00, 0x00, 0x4f, 0xf3, 0x3f, 0xf3, 0x3f,
    0xf4, 0x00, 0x00, 0x00, 0x00, 0x03, 0x30, 0x03, 0x30, 0x03, 0x30, 0x00, 0x00, 0x04, 0x40, 0x03,
    0x30, 0x03, 0x30, 0x03, 0x30, 0x00, 0x00, 0x4f, 0xf3, 0x3f, 0xf3, 0x3f, 0xf3, 0x3f, 0xf4, 0x00,
    0x00, 0x4f, 0xf3, 0x3f, 0xf3, 0x3f, 0xf3, 0x3f, 0xf4, 0x00, 0x00, 0x03, 0x30, 0x03, 0x30, 0x04,
    0x40, 0x03, 0x30, 0x00, 0x00, 0x03, 0x30, 0x03, 0x30, 0x00, 0x00, 0x03, 0x30, 0x00, 0x00, 0x4f,
    0xf3, 0x3f, 0xf4, 0x00, 0x00, 0x4f, 0xf4, 0x00, 0x00, 0x4f, 0xf3, 0x3f, 0xf4, 0x00, 0x00, 0x4f,
    0xf4, 0x00, 0x00, 0x03, 0x30, 0x03, 0x30, 0x00, 0x00, 0x03, 0x30, 0x00, 0x00, 0x03, 0x30, 0x03,
    0x30, 0x00, 0x00, 0x03, 0x30, 0x00, 0x00, 0x4f, 0xf3, 0x3f, 0xf4, 0x00, 0x00, 0x4f, 0xf4, 0x00,
    0x00, 0x4f, 0xf3, 0x3f, 0xf4, 0x00, 0x00, 0x4f, 0xf4, 0x00, 0x00, 0x03, 0x30, 0x03, 0x30, 0x00,
    0x00, 0x03, 0x30, 0x00, 0x00, 0x03, 0x30, 0x03, 0x30, 0x04, 0x40, 0x03, 0x30, 0x00, 0x00, 0x4f,
    0xf3, 0x3f, 0xf3, 0x3f, 0xf3, 0x3f, 0xf4, 0x00, 0x00, 0x4f, 0xf3, 0x3f, 0xf3, 0x3f, 0xf3, 0x3f,
    0xf4, 0x00, 0x00, 0x04, 0x40, 0x03, 0x30, 0x03, 0x30, 0x03, 0x30, 0x00, 0x00, 0x00, 0x00, 0x03,
    0x30, 0x03, 0x30, 0x03, 0x30, 0x00, 0x00, 0x00, 0x00, 0x4f, 0xf3, 0x3f, 0xf3, 0x3f, 0xf4, 0x00,
    0x00, 0x00, 0x00, 0x4f, 0xf3, 0x3f, 0xf3, 0x3f, 0xf4, 0x00, 0x00, 0x00, 0x00, 0x04, 0x40, 0x04,
    0x40, 0x03, 0x30, 0x00, 0x00, 0x00, 0x00, 0x00, 0x00, 0x00, 0x00, 0x03, 0x30, 0x00, 0x00, 0x00,
    0x00, 0x00, 0x00, 0x00, 0x00, 0x4f, 0xf4, 0x00, 0x00, 0x00, 0x00, 0x00, 0x00, 0x00, 0x00, 0x4f,
    0xf4, 0x00, 0x00, 0x00, 0x00, 0x00, 0x00, 0x00, 0x00, 0x04, 0x40, 0x00, 0x00, 0x00, 0x00, 0x00,
    0x00, 0x00, 0x00, 0x00, 0x00, 0x00, 0x00, 0x00, 0x00, 0x00, 0x00, 0x00, 0x00, 0x00, 0x00, 0x00,
    0x00, 0x00, 0x00, 0x00, 0x00, 0x00, 0x00, 0x00, 0x00, 0x00, 0x00, 0x00, 0x00, 0x00, 0x00, 0x00,
    0x00, 0x00, 0x00, 0x00, 0x00, 0x04, 0x40, 0x04, 0x40, 0x04, 0x40, 0x04, 0x40, 0x00, 0x00, 0x4f,
    0xf3, 0x3f, 0xf3, 0x3f, 0xf3, 0x3f, 0xf4, 0x00, 0x00, 0x4f, 0xf3, 0x3f, 0xf3, 0x3f, 0xf3, 0x3f,
    0xf4, 0x00, 0x00, 0x03, 0x30, 0x03, 0x30, 0x03, 0x30, 0x03, 0x30, 0x00, 0x00, 0x03, 0x30, 0x03,
    0x30, 0x03, 0x30, 0x03, 0x30, 0x00, 0x00, 0x4f, 0xf3, 0x3f, 0xf3, 0x3f, 0xf3, 0x3f, 0xf4, 0x00,
    0x00, 0x4f, 0xf3, 0x3f, 0xf3, 0x3f, 0xf3, 0x3f, 0xf4, 0x00, 0x00, 0x03, 0x30, 0x03, 0x30, 0x03,
    0x30, 0x03, 0x30, 0x00, 0x00, 0x03, 0x30, 0x03, 0x30, 0x03, 0x30, 0x03, 0x30, 0x00, 0x00, 0x4f,
    0xf3, 0x3f, 0xf3, 0x3f, 0xf3, 0x3f, 0xf4, 0x00, 0x00, 0x4f, 0xf3, 0x3f, 0xf3, 0x3f, 0xf3, 0x3f,
    0xf4, 0x00, 0x00, 0x03, 0x30, 0x03, 0x30, 0x03, 0x30, 0x03, 0x30, 0x00, 0x00, 0x03, 0x30, 0x03,
    0x30, 0x03, 0x30, 0x03, 0x30, 0x00, 0x00, 0x4f, 0xf3, 0x3f, 0xf3, 0x3f, 0xf3, 0x3f, 0xf4, 0x00,
    0x00, 0x4f, 0xf3, 0x3f, 0xf3, 0x3f, 0xf3, 0x3f, 0xf4, 0x00, 0x00, 0x03, 0x30, 0x03, 0x30, 0x03,
    0x30, 0x03, 0x30, 0x00, 0x00, 0x03, 0x30, 0x03, 0x30, 0x03, 0x30, 0x03, 0x30, 0x00, 0x00, 0x4f,
    0xf3, 0x3f, 0xf3, 0x3f, 0xf3, 0x3f, 0xf4, 0x00, 0x00, 0x4f, 0xf3, 0x3f, 0xf3, 0x3f, 0xf3, 0x3f,
    0xf4, 0x00, 0x00, 0x03, 0x30, 0x03, 0x30, 0x03, 0x30, 0x03, 0x30, 0x00, 0x00, 0x03, 0x30, 0x03,
    0x30, 0x03, 0x30, 0x03, 0x30, 0x00, 0x00, 0x4f, 0xf3, 0x3f, 0xf3, 0x3f, 0xf3, 0x3f, 0xf4, 0x00,
    0x00, 0x4f, 0xf3, 0x3f, 0xf3, 0x3f, 0xf3, 0x3f, 0xf4, 0x00, 0x00, 0x04, 0x40, 0x04, 0x40, 0x04,
    0x40, 0x04, 0x40, 0x00, 0x00, 0x00, 0x00, 0x00, 0x00, 0x00, 0x00, 0x00, 0x00, 0x00, 0x00, 0x00,
    0x00, 0x00, 0x00, 0x00, 0x00, 0x00, 0x00, 0x00, 0x00, 0x00, 0x00, 0x00, 0x00, 0x00, 0x00, 0x00,
    0x00, 0x00, 0x00, 0x00, 0x00, 0x00, 0x00, 0x00, 0x00, 0x00, 0x00, 0x00, 0x00, 0x00, 0x00, 0x04,
    0x40, 0x04, 0x40, 0x04, 0x40, 0x00, 0x00, 0x00, 0x00, 0x4f, 0xf3, 0x3f, 0xf3, 0x3f, 0xf4, 0x00,
    0x00, 0x00, 0x00, 0x4f, 0xf3, 0x3f, 0xf3, 0x3f, 0xf4, 0x00, 0x00, 0x00, 0x00, 0x03, 0x30, 0x03,
    0x30, 0x03, 0x30, 0x00, 0x00, 0x04, 0x40, 0x03, 0x30, 0x03, 0x30, 0x03, 0x30, 0x00, 0x00, 0x4f,
    0xf3, 0x3f, 0xf3, 0x3f, 0xf3, 0x3f, 0xf4, 0x00, 0x00, 0x4f, 0xf3, 0x3f, 0xf3, 0x3f, 0xf3, 0x3f,
    0xf4, 0x00, 0x00, 0x03, 0x30, 0x03, 0x30, 0x03, 0x30, 0x04, 0x40, 0x00, 0x00, 0x03, 0x30, 0x03,
    0x30, 0x03, 0x30, 0x00, 0x00, 0x00, 0x00, 0x4f, 0xf3, 0x3f, 0xf3, 0x3f, 0xf4, 0x00, 0x00, 0x00,
    0x00, 0x4f, 0xf3, 0x3f, 0xf3, 0x3f, 0xf4, 0x00, 0x00, 0x00, 0x00, 0x04, 0x40, 0x03, 0x30, 0x03,
    0x30, 0x00, 0x00, 0x00, 0x00, 0x00, 0x00, 0x03, 0x30, 0x03, 0x30, 0x04, 0x40, 0x00, 0x00, 0x00,
    0x00, 0x4f, 0xf3, 0x3f, 0xf3, 0x3f, 0xf4, 0x00, 0x00, 0x00, 0x00, 0x4f, 0xf3, 0x3f, 0xf3, 0x3f,
    0xf4, 0x00, 0x00, 0x00, 0x00, 0x03, 0x30, 0x03, 0x30, 0x03, 0x30, 0x00, 0x00, 0x04, 0x40, 0x03,
    0x30, 0x03, 0x30, 0x03, 0x30, 0x00, 0x00, 0x4f, 0xf3, 0x3f, 0xf3, 0x3f, 0xf3, 0x3f, 0xf4, 0x00,
    0x00, 0x4f, 0xf3, 0x3f, 0xf3, 0x3f, 0xf3, 0x3f, 0xf4, 0x00, 0x00, 0x04, 0x40, 0x03, 0x30, 0x03,
    0x30, 0x03, 0x30, 0x00, 0x00, 0x00, 0x00, 0x03, 0x30, 0x03, 0x30, 0x03, 0x30, 0x00, 0x00, 0x00,
    0x00, 0x4f, 0xf3, 0x3f, 0xf3, 0x3f, 0xf4, 0x00, 0x00, 0x00, 0x00, 0x4f, 0xf3, 0x3f, 0xf3, 0x3f,
    0xf4, 0x00, 0x00, 0x00, 0x00, 0x04, 0x40, 0x04, 0x40, 0x04, 0x40, 0x00, 0x00, 0x00, 0x00, 0x00,
    0x00, 0x00, 0x00, 0x00, 0x00, 0x00, 0x00, 0x00, 0x00, 0x00, 0x00, 0x00, 0x00, 0x00, 0x00, 0x00,
    0x00, 0x00, 0x00, 0x00, 0x00, 0x00, 0x00, 0x00, 0x00, 0x00, 0x00, 0x00, 0x00, 0x00, 0x00, 0x00,
    0x00, 0x00, 0x00, 0x00, 0x00, 0x04, 0x40, 0x04, 0x40, 0x04, 0x40, 0x04, 0x40, 0x00, 0x00, 0x4f,
    0xf3, 0x3f, 0xf3, 0x3f, 0xf3, 0x3f, 0xf4, 0x00, 0x00, 0x4f, 0xf3, 0x3f, 0xf3, 0x3f, 0xf3, 0x3f,
    0xf4, 0x00, 0x00, 0x03, 0x30, 0x03, 0x30, 0x03, 0x30, 0x03, 0x30, 0x00, 0x00, 0x03, 0x30, 0x03,
    0x30, 0x03, 0x30, 0x03, 0x30, 0x00, 0x00, 0x4f, 0xf3, 0x3f, 0xf3, 0x3f, 0xf3, 0x3f, 0xf4, 0x00,
    0x00, 0x4f, 0xf3, 0x3f, 0xf3, 0x3f, 0xf3, 0x3f, 0xf4, 0x00, 0x00, 0x04, 0x40, 0x03, 0x30, 0x03,
    0x30, 0x04, 0x40, 0x00, 0x00, 0x00, 0x00, 0x03, 0x30, 0x03, 0x30, 0x00, 0x00, 0x00, 0x00, 0x00,
    0x00, 0x4f, 0xf3, 0x3f, 0xf4, 0x00, 0x00, 0x00, 0x00, 0x00, 0x00, 0x4f, 0xf3, 0x3f, 0xf4, 0x00,
    0x00, 0x00, 0x00, 0x00, 0x00, 0x03, 0x30, 0x03, 0x30, 0x00, 0x00, 0x00, 0x00, 0x00, 0x00, 0x03,
    0x30, 0x03, 0x30, 0x00, 0x00, 0x00, 0x00, 0x00, 0x00, 0x4f, 0xf3, 0x3f, 0xf4, 0x00, 0x00, 0x00,
    0x00, 0x00, 0x00, 0x4f, 0xf3, 0x3f, 0xf4, 0x00, 0x00, 0x00, 0x00, 0x00, 0x00, 0x03, 0x30, 0x03,
    0x30, 0x00, 0x00, 0x00, 0x00, 0x00, 0x00, 0x03, 0x30, 0x03, 0x30, 0x00, 0x00, 0x00, 0x00, 0x00,
    0x00, 0x4f, 0xf3, 0x3f, 0xf4, 0x00, 0x00, 0x00, 0x00, 0x00, 0x00, 0x4f, 0xf3, 0x3f, 0xf4, 0x00,
    0x00, 0x00, 0x00, 0x00, 0x00, 0x03, 0x30, 0x03, 0x30, 0x00, 0x00, 0x00, 0x00, 0x00, 0x00, 0x03,
    0x30, 0x03, 0x30, 0x00, 0x00, 0x00, 0x00, 0x00, 0x00, 0x4f, 0xf3, 0x3f, 0xf4, 0x00, 0x00, 0x00,
    0x00, 0x00, 0x00, 0x4f, 0xf3, 0x3f, 0xf4, 0x00, 0x00, 0x00, 0x00, 0x00, 0x00, 0x04, 0x40, 0x04,
    0x40, 0x00, 0x00, 0x00, 0x00, 0x00, 0x00, 0x00, 0x00, 0x00, 0x00, 0x00, 0x00, 0x00, 0x00, 0x00,
    0x00, 0x00, 0x00, 0x00, 0x00, 0x00, 0x00, 0x00, 0x00, 0x00, 0x00, 0x00, 0x00, 0x00, 0x00, 0x00,
    0x00, 0x00, 0x00, 0x00, 0x00, 0x00, 0x00, 0x00, 0x00, 0x00, 0x00, 0x00, 0x00, 0x04, 0x40, 0x04,
    0x40, 0x04, 0x40, 0x04, 0x40, 0x00, 0x00, 0x4f, 0xf3, 0x3f, 0xf3, 0x3f, 0xf3, 0x3f, 0xf4, 0x00,
    0x00, 0x4f, 0xf3, 0x3f, 0xf3, 0x3f, 0xf3, 0x3f, 0xf4, 0x00, 0x00, 0x03, 0x30, 0x03, 0x30, 0x03,
    0x30, 0x03, 0x30, 0x00, 0x00, 0x03, 0x30, 0x03, 0x30, 0x03, 0x30, 0x03, 0x30, 0x00, 0x00, 0x4f,
    0xf3, 0x3f, 0xf3, 0x3f, 0xf3, 0x3f, 0xf4, 0x00, 0x00, 0x4f, 0xf3, 0x3f, 0xf3, 0x3f, 0xf3, 0x3f,
    0xf4, 0x00, 0x00, 0x03, 0x30, 0x03, 0x30, 0x03, 0x30, 0x03, 0x30, 0x00, 0x00, 0x03, 0x30, 0x03,
    0x30, 0x03, 0x30, 0x03, 0x30, 0x00, 0x00, 0x4f, 0xf3, 0x3f, 0xf3, 0x3f, 0xf3, 0x3f, 0xf4, 0x00,
    0x00, 0x4f, 0xf3, 0x3f, 0xf3, 0x3f, 0xf3, 0x3f, 0xf4, 0x00, 0x00, 0x03, 0x30, 0x03, 0x30, 0x03,
    0x30, 0x03, 0x30, 0x00, 0x00, 0x03, 0x30, 0x03, 0x30, 0x03, 0x30, 0x03, 0x30, 0x00, 0x00, 0x4f,
    0xf3, 0x3f, 0xf3, 0x3f, 0xf3, 0x3f, 0xf4, 0x00, 0x00, 0x4f, 0xf3, 0x3f, 0xf3, 0x3f, 0xf3, 0x3f,
    0xf4, 0x00, 0x00, 0x03, 0x30, 0x03, 0x30, 0x03, 0x30, 0x03, 0x30, 0x00, 0x00, 0x03, 0x30, 0x03,
    0x30, 0x03, 0x30, 0x03, 0x30, 0x00, 0x00, 0x4f, 0xf3, 0x3f, 0xf3, 0x3f, 0xf3, 0x3f, 0xf4, 0x00,
    0x00, 0x4f, 0xf3, 0x3f, 0xf3, 0x3f, 0xf3, 0x3f, 0xf4, 0x00, 0x00, 0x04, 0x40, 0x03, 0x30, 0x03,
    0x30, 0x03, 0x30, 0x00, 0x00, 0x00, 0x00, 0x03, 0x30, 0x03, 0x30, 0x03, 0x30, 0x00, 0x00, 0x00,
    0x00, 0x4f, 0xf3, 0x3f, 0xf3, 0x3f, 0xf4, 0x00, 0x00, 0x00, 0x00, 0x4f, 0xf3, 0x3f, 0xf3, 0x3f,
    0xf4, 0x00, 0x00, 0x00, 0x00, 0x04, 0x40, 0x04, 0x40, 0x04, 0x40, 0x00, 0x00, 0x00, 0x00, 0x00,
    0x00, 0x00, 0x00, 0x00, 0x00, 0x00, 0x00, 0x00, 0x00, 0x00, 0x00, 0x00, 0x00, 0x00, 0x00, 0x00,
    0x00, 0x00, 0x00, 0x00, 0x00, 0x00, 0x00, 0x00, 0x00, 0x00, 0x00, 0x00, 0x00, 0x00, 0x00, 0x00,
    0x00, 0x00, 0x00, 0x00, 0x00, 0x04, 0x40, 0x04, 0x40, 0x00, 0x00, 0x04, 0x40, 0x00, 0x00, 0x4f,
    0xf3, 0x3f, 0xf4, 0x00, 0x00, 0x4f, 0xf4, 0x00, 0x00, 0x4f, 0xf3, 0x3f, 0xf4, 0x00, 0x00, 0x4f,
    0xf4, 0x00, 0x00, 0x03, 0x30, 0x03, 0x30, 0x00, 0x00, 0x03, 0x30, 0x00, 0x00, 0x03, 0x30, 0x03,
    0x30, 0x04, 0x40, 0x03, 0x30, 0x00, 0x00, 0x4f, 0xf3, 0x3f, 0xf3, 0x3f, 0xf3, 0x3f, 0xf4, 0x00,
    0x00, 0x4f, 0xf3, 0x3f, 0xf3, 0x3f, 0xf3, 0x3f, 0xf4, 0x00, 0x00, 0x03, 0x30, 0x03, 0x30, 0x03,
    0x30, 0x03, 0x30, 0x00, 0x00, 0x03, 0x30, 0x03, 0x30, 0x03, 0x30, 0x03, 0x30, 0x00, 0x00, 0x4f,
    0xf3, 0x3f, 0xf3, 0x3f, 0xf3, 0x3f, 0xf4, 0x00, 0x00, 0x4f, 0xf3, 0x3f, 0xf3, 0x3f, 0xf3, 0x3f,
    0xf4, 0x00, 0x00, 0x04, 0x40, 0x03, 0x30, 0x03, 0x30, 0x03, 0x30, 0x00, 0x00, 0x00, 0x00, 0x03,
    0x30, 0x03, 0x30, 0x03, 0x30, 0x00, 0x00, 0x00, 0x00, 0x4f, 0xf3, 0x3f, 0xf3, 0x3f, 0xf4, 0x00,
    0x00, 0x00, 0x00, 0x4f, 0xf3, 0x3f, 0xf3, 0x3f, 0xf4, 0x00, 0x00, 0x00, 0x00, 0x03, 0x30, 0x03,
    0x30, 0x04, 0x40, 0x00, 0x00, 0x00, 0x00, 0x03, 0x30, 0x03, 0x30, 0x00, 0x00, 0x00, 0x00, 0x00,
    0x00, 0x4f, 0xf3, 0x3f, 0xf4, 0x00, 0x00, 0x00, 0x00, 0x00, 0x00, 0x4f, 0xf3, 0x3f, 0xf4, 0x00,
    0x00, 0x00, 0x00, 0x00, 0x00, 0x03, 0x30, 0x03, 0x30, 0x00, 0x00, 0x00, 0x00, 0x00, 0x00, 0x03,
    0x30, 0x03, 0x30, 0x00, 0x00, 0x00, 0x00, 0x00, 0x00, 0x4f, 0xf3, 0x3f, 0xf4, 0x00, 0x00, 0x00,
    0x00, 0x00, 0x00, 0x4f, 0xf3, 0x3f, 0xf4, 0x00, 0x00, 0x00, 0x00, 0x00, 0x00, 0x04, 0x40, 0x04,
    0x40, 0x00, 0x00, 0x00, 0x00, 0x00, 0x00, 0x00, 0x00, 0x00, 0x00, 0x00, 0x00, 0x00, 0x00, 0x00,
    0x00, 0x00, 0x00, 0x00, 0x00, 0x00, 0x00, 0x00, 0x00, 0x00, 0x00, 0x00, 0x00, 0x00, 0x00, 0x00,
    0x00, 0x00, 0x00, 0x00, 0x00, 0x00, 0x00, 0x00, 0x00, 0x00, 0x00, 0x00, 0x00, 0x04, 0x40, 0x04,
    0x40, 0x04, 0x40, 0x04, 0x40, 0x00, 0x00, 0x4f, 0xf3, 0x3f, 0xf3, 0x3f, 0xf3, 0x3f, 0xf4, 0x00,
    0x00, 0x4f, 0xf3, 0x3f, 0xf3, 0x3f, 0xf3, 0x3f, 0xf4, 0x00, 0x00, 0x03, 0x30, 0x03, 0x30, 0x03,
    0x30, 0x03, 0x30, 0x00, 0x00, 0x03, 0x30, 0x03, 0x30, 0x03, 0x30, 0x03, 0x30, 0x00, 0x00, 0x4f,
    0xf3, 0x3f, 0xf3, 0x3f, 0xf3, 0x3f, 0xf4, 0x00, 0x00, 0x4f, 0xf3, 0x3f, 0xf3, 0x3f, 0xf3, 0x3f,
    0xf4, 0x00, 0x00, 0x03, 0x30, 0x03, 0x30, 0x03, 0x30, 0x03, 0x30, 0x00, 0x00, 0x03, 0x30, 0x03,
    0x30, 0x03, 0x30, 0x03, 0x30, 0x00, 0x00, 0x4f, 0xf3, 0x3f, 0xf3, 0x3f, 0xf3, 0x3f, 0xf4, 0x00,
    0x00, 0x4f, 0xf3, 0x3f, 0xf3, 0x3f, 0xf3, 0x3f, 0xf4, 0x00, 0x00, 0x03, 0x30, 0x03, 0x30, 0x03,
    0x30, 0x03, 0x30, 0x00, 0x00, 0x03, 0x30, 0x03, 0x30, 0x03, 0x30, 0x03, 0x30, 0x00, 0x00, 0x4f,
    0xf3, 0x3f, 0xf3, 0x3f, 0xf3, 0x3f, 0xf4, 0x00, 0x00, 0x4f, 0xf3, 0x3f, 0xf3, 0x3f, 0xf3, 0x3f,
    0xf4, 0x00, 0x00, 0x03, 0x30, 0x03, 0x30, 0x03, 0x30, 0x03, 0x30, 0x00, 0x00, 0x03, 0x30, 0x03,
    0x30, 0x03, 0x30, 0x03, 0x30, 0x00, 0x00, 0x4f, 0xf3, 0x3f, 0xf3, 0x3f, 0xf3, 0x3f, 0xf4, 0x00,
    0x00, 0x4f, 0xf3, 0x3f, 0xf3, 0x3f, 0xf3, 0x3f, 0xf4, 0x00, 0x00, 0x03, 0x30, 0x03, 0x30, 0x03,
    0x30, 0x03, 0x30, 0x00, 0x00, 0x03, 0x30, 0x03, 0x30, 0x03, 0x30, 0x03, 0x30, 0x00, 0x00, 0x4f,
    0xf3, 0x3f, 0xf3, 0x3f, 0xf3, 0x3f, 0xf4, 0x00, 0x00, 0x4f, 0xf3, 0x3f, 0xf3, 0x3f, 0xf3, 0x3f,
    0xf4, 0x00, 0x00, 0x04, 0x40, 0x04, 0x40, 0x04, 0x40, 0x04, 0x40, 0x00, 0x00, 0x00, 0x00, 0x00,
    0x00, 0x00, 0x00, 0x00, 0x00, 0x00, 0x00, 0x00, 0x00, 0x00, 0x00, 0x00, 0x00, 0x00, 0x00, 0x00,
    0x00, 0x00, 0x00, 0x00, 0x00, 0x00, 0x00, 0x00, 0x00, 0x00, 0x00, 0x00, 0x00, 0x00, 0x00, 0x00,
    0x00, 0x00, 0x00, 0x00, 0x00, 0x04, 0x40, 0x04, 0x40, 0x04, 0x40, 0x04, 0x40, 0x00, 0x00, 0x4f,
    0xf3, 0x3f, 0xf3, 0x3f, 0xf3, 0x3f, 0xf4, 0x00, 0x00, 0x4f, 0xf3, 0x3f, 0xf3, 0x3f, 0xf3, 0x3f,
    0xf4, 0x00, 0x00, 0x03, 0x30, 0x03, 0x30, 0x03, 0x30, 0x03, 0x30, 0x00, 0x00, 0x03, 0x30, 0x03,
    0x30, 0x03, 0x30, 0x03, 0x30, 0x00, 0x00, 0x4f, 0xf3, 0x3f, 0xf3, 0x3f, 0xf3, 0x3f, 0xf4, 0x00,
    0x00, 0x4f, 0xf3, 0x3f, 0xf3, 0x3f, 0xf3, 0x3f, 0xf4, 0x00, 0x00, 0x04, 0x40, 0x03, 0x30, 0x03,
    0x30, 0x03, 0x30, 0x00, 0x00, 0x00, 0x00, 0x03, 0x30, 0x03, 0x30, 0x03, 0x30, 0x00, 0x00, 0x00,
    0x00, 0x4f, 0xf3, 0x3f, 0xf3, 0x3f, 0xf4, 0x00, 0x00, 0x00, 0x00, 0x4f, 0xf3, 0x3f, 0xf3, 0x3f,
    0xf4, 0x00, 0x00, 0x00, 0x00, 0x03, 0x30, 0x03, 0x30, 0x03, 0x30, 0x00, 0x00, 0x00, 0x00, 0x03,
    0x30, 0x03, 0x30, 0x03, 0x30, 0x00, 0x00, 0x00, 0x00, 0x4f, 0xf3, 0x3f, 0xf3, 0x3f, 0xf4, 0x00,
    0x00, 0x00, 0x00, 0x4f, 0xf3, 0x3f, 0xf3, 0x3f, 0xf4, 0x00, 0x00, 0x00, 0x00, 0x03, 0x30, 0x03,
    0x30, 0x03, 0x30, 0x00, 0x00, 0x04, 0x40, 0x03, 0x30, 0x03, 0x30, 0x03, 0x30, 0x00, 0x00, 0x4f,
    0xf3, 0x3f, 0xf3, 0x3f, 0xf3, 0x3f, 0xf4, 0x00, 0x00, 0x4f, 0xf3, 0x3f, 0xf3, 0x3f, 0xf3, 0x3f,
    0xf4, 0x00, 0x00, 0x03, 0x30, 0x03, 0x30, 0x03, 0x30, 0x03, 0x30, 0x00, 0x00, 0x03, 0x30, 0x03,
    0x30, 0x03, 0x30, 0x03, 0x30, 0x00, 0x00, 0x4f, 0xf3, 0x3f, 0xf3, 0x3f, 0xf3, 0x3f, 0xf4, 0x00,
    0x00, 0x4f, 0xf3, 0x3f, 0xf3, 0x3f, 0xf3, 0x3f, 0xf4, 0x00, 0x00, 0x04, 0x40, 0x04, 0x40, 0x04,
    0x40, 0x04, 0x40, 0x00, 0x00, 0x00, 0x00, 0x00, 0x00, 0x00, 0x00, 0x00, 0x00, 0x00, 0x00, 0x00,
    0x00, 0x00, 0x00, 0x00, 0x00, 0x00, 0x00, 0x00, 0x00, 0x00, 0x00, 0x00, 0x00, 0x00, 0x00, 0x00,
    0x00, 0x00, 0x00, 0x00, 0x00, 0x00, 0x00, 0x00, 0x00, 0x00, 0x00, 0x00, 0x00, 0x00, 0x00, 0x00,
    0x00, 0x04, 0x40, 0x04, 0x40, 0x00, 0x00, 0x04, 0x40, 0x04, 0x40, 0x00, 0x00, 0x4f, 0xf3, 0x3f,
    0xf4, 0x00, 0x00, 0x4f, 0xf3, 0x3f, 0xf4, 0x00, 0x00, 0x4f, 0xf3, 0x3f, 0xf4, 0x00, 0x00, 0x4f,
    0xf3, 0x3f, 0xf4, 0x00, 0x00, 0x03, 0x30, 0x03, 0x30, 0x00, 0x00, 0x03, 0x30, 0x04, 0x40, 0x00,
    0x00, 0x03, 0x30, 0x03, 0x30, 0x04, 0x40, 0x03, 0x30, 0x00, 0x00, 0x00, 0x00, 0x4f, 0xf3, 0x3f,
    0xf3, 0x3f, 0xf3, 0x3f, 0xf4, 0x00, 0x00, 0x00, 0x00, 0x4f, 0xf3, 0x3f, 0xf3, 0x3f, 0xf3, 0x3f,
    0xf4, 0x00, 0x00, 0x00, 0x00, 0x04, 0x40, 0x03, 0x30, 0x03, 0x30, 0x03, 0x30, 0x00, 0x00, 0x00,
    0x00, 0x00, 0x00, 0x03, 0x30, 0x03, 0x30, 0x03, 0x30, 0x00, 0x00, 0x00, 0x00, 0x00, 0x00, 0x4f,
    0xf3, 0x3f, 0xf3, 0x3f, 0xf4, 0x00, 0x00, 0x00, 0x00, 0x00, 0x00, 0x4f, 0xf3, 0x3f, 0xf3, 0x3f,
    0xf4, 0x00, 0x00, 0x00, 0x00, 0x00, 0x00, 0x03, 0x30, 0x03, 0x30, 0x04, 0x40, 0x00, 0x00, 0x00,
    0x00, 0x00, 0x00, 0x03, 0x30, 0x03, 0x30, 0x00, 0x00, 0x00, 0x00, 0x00, 0x00, 0x00, 0x00, 0x4f,
    0xf3, 0x3f, 0xf4, 0x00, 0x00, 0x00, 0x00, 0x00, 0x00, 0x00, 0x00, 0x4f, 0xf3, 0x3f, 0xf4, 0x00,
    0x00, 0x00, 0x00, 0x00, 0x00, 0x00, 0x00, 0x03, 0x30, 0x03, 0x30, 0x00, 0x00, 0x00, 0x00, 0x00,
    0x00, 0x00, 0x00, 0x03, 0x30, 0x03, 0x30, 0x00, 0x00, 0x00, 0x00, 0x00, 0x00, 0x00, 0x00, 0x4f,
    0xf3, 0x3f, 0xf4, 0x00, 0x00, 0x00, 0x00, 0x00, 0x00, 0x00, 0x00, 0x4f, 0xf3, 0x3f, 0xf4, 0x00,
    0x00, 0x00, 0x00, 0x00, 0x00, 0x00, 0x00, 0x03, 0x30, 0x03, 0x30, 0x00, 0x00, 0x00, 0x00, 0x00,
    0x00, 0x00, 0x00, 0x03, 0x30, 0x03, 0x30, 0x00, 0x00, 0x00, 0x00, 0x00, 0x00, 0x00, 0x00, 0x4f,
    0xf3, 0x3f, 0xf4, 0x00, 0x00, 0x00, 0x00, 0x00, 0x00, 0x00, 0x00, 0x4f, 0xf3, 0x3f, 0xf4, 0x00,
    0x00, 0x00, 0x00, 0x00, 0x00, 0x00, 0x00, 0x04, 0x40, 0x04, 0x40, 0x00, 0x00, 0x00, 0x00, 0x00,
    0x00, 0x00, 0x00, 0x00, 0x00, 0x00, 0x00, 0x00, 0x00, 0x00, 0x00, 0x00, 0x00, 0x00, 0x00, 0x00,
    0x00, 0x00, 0x00, 0x00, 0x00, 0x00, 0x00, 0x00, 0x00, 0x00, 0x00, 0x00, 0x00, 0x00, 0x00, 0x00,
    0x00, 0x00, 0x00, 0x00, 0x00, 0x00, 0x00, 0x00, 0x00, 0x00, 0x00, 0x00, 0x00, 0x04, 0x40, 0x04,
    0x40, 0x04, 0x40, 0x04, 0x40, 0x00, 0x00, 0x4f, 0xf3, 0x3f, 0xf3, 0x3f, 0xf3, 0x3f, 0xf4, 0x00,
    0x00, 0x4f, 0xf3, 0x3f, 0xf3, 0x3f, 0xf3, 0x3f, 0xf4, 0x00, 0x00, 0x03, 0x30, 0x03, 0x30, 0x03,
    0x30, 0x03, 0x30, 0x00, 0x00, 0x03, 0x30, 0x03, 0x30, 0x03, 0x30, 0x03, 0x30, 0x00, 0x00, 0x4f,
    0xf3, 0x3f, 0xf3, 0x3f, 0xf3, 0x3f, 0xf4, 0x00, 0x00, 0x4f, 0xf3, 0x3f, 0xf3, 0x3f, 0xf3, 0x3f,
    0xf4, 0x00, 0x00, 0x04, 0x40, 0x03, 0x30, 0x03, 0x30, 0x03, 0x30, 0x00, 0x00, 0x00, 0x00, 0x03,
    0x30, 0x03, 0x30, 0x03, 0x30, 0x00, 0x00, 0x00, 0x00, 0x4f, 0xf3, 0x3f, 0xf3, 0x3f, 0xf4, 0x00,
    0x00, 0x00, 0x00, 0x4f, 0xf3, 0x3f, 0xf3, 0x3f, 0xf4, 0x00, 0x00, 0x00, 0x00, 0x03, 0x30, 0x03,
    0x30, 0x04, 0x40, 0x00, 0x00, 0x00, 0x00, 0x03, 0x30, 0x03, 0x30, 0x00, 0x00, 0x00, 0x00, 0x00,
    0x00, 0x4f, 0xf3, 0x3f, 0xf4, 0x00, 0x00, 0x00, 0x00, 0x00, 0x00, 0x4f, 0xf3, 0x3f, 0xf4, 0x00,
    0x00, 0x00, 0x00, 0x00, 0x00, 0x03, 0x30, 0x03, 0x30, 0x00, 0x00, 0x00, 0x00, 0x04, 0x40, 0x03,
    0x30, 0x03, 0x30, 0x04, 0x40, 0x00, 0x00, 0x4f, 0xf3, 0x3f, 0xf3, 0x3f, 0xf3, 0x3f, 0xf4, 0x00,
    0x00, 0x4f, 0xf3, 0x3f, 0xf3, 0x3f, 0xf3, 0x3f, 0xf4, 0x00, 0x00, 0x03, 0x30, 0x03, 0x30, 0x03,
    0x30, 0x03, 0x30, 0x00, 0x00, 0x03, 0x30, 0x03, 0x30, 0x03, 0x30, 0x03, 0x30, 0x00, 0x00, 0x4f,
    0xf3, 0x3f, 0xf3, 0x3f, 0xf3, 0x3f, 0xf4, 0x00, 0x00, 0x4f, 0xf3, 0x3f, 0xf3, 0x3f, 0xf3, 0x3f,
    0xf4, 0x00, 0x00, 0x04, 0x40, 0x04, 0x40, 0x04, 0x40, 0x04, 0x40, 0x00, 0x00, 0x00, 0x00, 0x00,
    0x00, 0x00, 0x00, 0x00, 0x00, 0x00, 0x00, 0x00, 0x00, 0x00, 0x00, 0x00, 0x00, 0x00, 0x00, 0x00,
    0x00, 0x00, 0x00, 0x00, 0x00, 0x00, 0x00, 0x00, 0x00, 0x00, 0x00, 0x00, 0x00, 0x04, 0x40, 0x04,
    0x40, 0x00, 0x00, 0x4f, 0xf3, 0x3f, 0xf4, 0x00, 0x00, 0x4f, 0xf3, 0x3f, 0xf4, 0x00, 0x00, 0x03,
    0x30, 0x03, 0x30, 0x00, 0x00, 0x03, 0x30, 0x03, 0x30, 0x00, 0x00, 0x4f, 0xf3, 0x3f, 0xf4, 0x00,
    0x00, 0x4f, 0xf3, 0x3f, 0xf4, 0x00, 0x00, 0x03, 0x30, 0x03, 0x30, 0x00, 0x00, 0x03, 0x30, 0x03,
    0x30, 0x00, 0x00, 0x4f, 0xf3, 0x3f, 0xf4, 0x00, 0x00, 0x4f, 0xf3, 0x3f, 0xf4, 0x00, 0x00, 0x03,
    0x30, 0x03, 0x30, 0x00, 0x00, 0x03, 0x30, 0x03, 0x30, 0x00, 0x00, 0x4f, 0xf3, 0x3f, 0xf4, 0x00,
    0x00, 0x4f, 0xf3, 0x3f, 0xf4, 0x00, 0x00, 0x03, 0x30, 0x03, 0x30, 0x00, 0x00, 0x03, 0x30, 0x03,
    0x30, 0x00, 0x00, 0x4f, 0xf3, 0x3f, 0xf4, 0x00, 0x00, 0x4f, 0xf3, 0x3f, 0xf4, 0x00, 0x00, 0x03,
    0x30, 0x03, 0x30, 0x00, 0x00, 0x03, 0x30, 0x03, 0x30, 0x00, 0x00, 0x4f, 0xf3, 0x3f, 0xf4, 0x00,
    0x00, 0x4f, 0xf3, 0x3f, 0xf4, 0x00, 0x00, 0x03, 0x30, 0x03, 0x30, 0x00, 0x00, 0x03, 0x30, 0x03,
    0x30, 0x00, 0x00, 0x4f, 0xf3, 0x3f, 0xf4, 0x00, 0x00, 0x4f, 0xf3, 0x3f, 0xf4, 0x00, 0x00, 0x03,
    0x30, 0x03, 0x30, 0x00, 0x00, 0x03, 0x30, 0x03, 0x30, 0x00, 0x00, 0x4f, 0xf3, 0x3f, 0xf4, 0x00,
    0x00, 0x4f, 0xf3, 0x3f, 0xf4, 0x00, 0x00, 0x04, 0x40, 0x04, 0x40, 0x00, 0x00, 0x00, 0x00, 0x00,
    0x00, 0x00, 0x00, 0x00, 0x00, 0x00, 0x00, 0x00, 0x00, 0x00, 0x00, 0x00, 0x00, 0x00, 0x00, 0x00,
    0x00, 0x00, 0x00, 0x00, 0x00, 0x00, 0x00, 0x00, 0x00, 0x00, 0x00, 0x00, 0x00, 0x04, 0x40, 0x04,
    0x40, 0x00, 0x00, 0x00, 0x00, 0x00, 0x00, 0x4f, 0xf3, 0x3f, 0xf4, 0x00, 0x00, 0x00, 0x00, 0x00,
    0x00, 0x4f, 0xf3, 0x3f, 0xf4, 0x00, 0x00, 0x00, 0x00, 0x00, 0x00, 0x04, 0x40, 0x03, 0x30, 0x00,
    0x00, 0x00, 0x00, 0x00, 0x00, 0x00, 0x00, 0x03, 0x30, 0x04, 0x40, 0x00, 0x00, 0x00, 0x00, 0x00,
    0x00, 0x4f, 0xf3, 0x3f, 0xf4, 0x00, 0x00, 0x00, 0x00, 0x00, 0x00, 0x4f, 0xf3, 0x3f, 0xf4, 0x00,
    0x00, 0x00, 0x00, 0x00, 0x00, 0x03, 0x30, 0x03, 0x30, 0x00, 0x00, 0x00, 0x00, 0x00, 0x00, 0x03,
    0x30, 0x03, 0x30, 0x00, 0x00, 0x00, 0x00, 0x00, 0x00, 0x4f, 0xf3, 0x3f, 0xf4, 0x00, 0x00, 0x00,
    0x00, 0x00, 0x00, 0x4f, 0xf3, 0x3f, 0xf4, 0x00, 0x00, 0x00, 0x00, 0x00, 0x00, 0x03, 0x30, 0x03,
    0x30, 0x00, 0x00, 0x00, 0x00, 0x00, 0x00, 0x03, 0x30, 0x03, 0x30, 0x00, 0x00, 0x00, 0x00, 0x00,
    0x00, 0x4f, 0xf3, 0x3f, 0xf4, 0x00, 0x00, 0x00, 0x00, 0x00, 0x00, 0x4f, 0xf3, 0x3f, 0xf4, 0x00,
    0x00, 0x00, 0x00, 0x00, 0x00, 0x04, 0x40, 0x03, 0x30, 0x00, 0x00, 0x00, 0x00, 0x00, 0x00, 0x00,
    0x00, 0x03, 0x30, 0x04, 0x40, 0x00, 0x00, 0x00, 0x00, 0x00, 0x00, 0x4f, 0xf3, 0x3f, 0xf4, 0x00,
    0x00, 0x00, 0x00, 0x00, 0x00, 0x4f, 0xf3, 0x3f, 0xf4, 0x00, 0x00, 0x00, 0x00, 0x00, 0x00, 0x03,
    0x30, 0x03, 0x30, 0x00, 0x00, 0x00, 0x00, 0x00, 0x00, 0x03, 0x30, 0x03, 0x30, 0x00, 0x00, 0x00,
    0x00, 0x00, 0x00, 0x4f, 0xf3, 0x3f, 0xf4, 0x00, 0x00, 0x00, 0x00, 0x00, 0x00, 0x4f, 0xf3, 0x3f,
    0xf4, 0x00, 0x00, 0x00, 0x00, 0x00, 0x00, 0x04, 0x40, 0x04, 0x40, 0x00, 0x00, 0x00, 0x00, 0x00,
    0x00, 0x00, 0x00, 0x00, 0x00, 0x00, 0x00, 0x00, 0x00, 0x00, 0x00, 0x00, 0x00, 0x00, 0x00, 0x00,
    0x00, 0x00, 0x00, 0x00, 0x00, 0x00, 0x00, 0x00, 0x00, 0x00, 0x00, 0x00, 0x00, 0x04, 0x40, 0x04,
    0x40, 0x00, 0x00, 0x4f, 0xf3, 0x3f, 0xf4, 0x00, 0x00, 0x4f, 0xf3, 0x3f, 0xf4, 0x00, 0x00, 0x03,
    0x30, 0x03, 0x30, 0x00, 0x00, 0x03, 0x30, 0x03, 0x30, 0x00, 0x00, 0x4f, 0xf3, 0x3f, 0xf4, 0x00,
    0x00, 0x4f, 0xf3, 0x3f, 0xf4, 0x00, 0x00, 0x04, 0x40, 0x03, 0x30, 0x00, 0x00, 0x00, 0x00, 0x03,
    0x30, 0x00, 0x00, 0x00, 0x00, 0x4f, 0xf4, 0x00, 0x00, 0x00, 0x00, 0x4f, 0xf4, 0x00, 0x00, 0x00,
    0x00, 0x03, 0x30, 0x00, 0x00, 0x00, 0x00, 0x03, 0x30, 0x00, 0x00, 0x00, 0x00, 0x4f, 0xf4, 0x00,
    0x00, 0x00, 0x00, 0x4f, 0xf4, 0x00, 0x00, 0x00, 0x00, 0x03, 0x30, 0x00, 0x00, 0x00, 0x00, 0x03,
    0x30, 0x00, 0x00, 0x00, 0x00, 0x4f, 0xf4, 0x00, 0x00, 0x00, 0x00, 0x4f, 0xf4, 0x00, 0x00, 0x00,
    0x00, 0x03, 0x30, 0x00, 0x00, 0x00, 0x00, 0x03, 0x30, 0x00, 0x00, 0x00, 0x00, 0x4f, 0xf4, 0x00,
    0x00, 0x00, 0x00, 0x4f, 0xf4, 0x00, 0x00, 0x00, 0x00, 0x03, 0x30, 0x00, 0x00, 0x00, 0x00, 0x03,
    0x30, 0x00, 0x00, 0x00, 0x00, 0x4f, 0xf4, 0x00, 0x00, 0x00, 0x00, 0x4f, 0xf4, 0x00, 0x00, 0x00,
    0x00, 0x03, 0x30, 0x00, 0x00, 0x04, 0x40, 0x03, 0x30, 0x00, 0x00, 0x4f, 0xf3, 0x3f, 0xf4, 0x00,
    0x00, 0x4f, 0xf3, 0x3f, 0xf4, 0x00, 0x00, 0x04, 0x40, 0x04, 0x40, 0x00, 0x00, 0x00, 0x00, 0x00,
    0x00, 0x00, 0x00, 0x00, 0x00, 0x00, 0x00, 0x00, 0x00, 0x00, 0x00, 0x00, 0x00, 0x00, 0x00, 0x00,
    0x00, 0x00, 0x00, 0x00, 0x00, 0x00, 0x00, 0x00, 0x00, 0x00, 0x00, 0x00, 0x00, 0x00, 0x00, 0x04,
    0x40, 0x04, 0x40, 0x00, 0x00, 0x00, 0x00, 0x00, 0x00, 0x4f, 0xf3, 0x3f, 0xf4, 0x00, 0x00, 0x00,
    0x00, 0x00, 0x00, 0x4f, 0xf3, 0x3f, 0xf4, 0x00, 0x00, 0x00, 0x00, 0x00, 0x00, 0x03, 0x30, 0x03,
    0x30, 0x00, 0x00, 0x00, 0x00, 0x00, 0x00, 0x03, 0x30, 0x03, 0x30, 0x00, 0x00, 0x00, 0x00, 0x00,
    0x00, 0x4f, 0xf3, 0x3f, 0xf4, 0x00, 0x00, 0x00, 0x00, 0x00, 0x00, 0x4f, 0xf3, 0x3f, 0xf4, 0x00,
    0x00, 0x00, 0x00, 0x00, 0x00, 0x03, 0x30, 0x03, 0x30, 0x00, 0x00, 0x00, 0x00, 0x04, 0x40, 0x03,
    0x30, 0x03, 0x30, 0x04, 0x40, 0x00, 0x00, 0x4f, 0xf3, 0x3f, 0xf3, 0x3f, 0xf3, 0x3f, 0xf4, 0x00,
    0x00, 0x4f, 0xf3, 0x3f, 0xf3, 0x3f, 0xf3, 0x3f, 0xf4, 0x00, 0x00, 0x03, 0x30, 0x03, 0x30, 0x04,
    0x40, 0x03, 0x30, 0x00, 0x00, 0x03, 0x30, 0x03, 0x30, 0x00, 0x00, 0x03, 0x30, 0x00, 0x00, 0x4f,
    0xf3, 0x3f, 0xf4, 0x00, 0x00, 0x4f, 0xf4, 0x00, 0x00, 0x4f, 0xf3, 0x3f, 0xf4, 0x00, 0x00, 0x4f,
    0xf4, 0x00, 0x00, 0x04, 0x40, 0x04, 0x40, 0x00, 0x00, 0x04, 0x40, 0x00, 0x00, 0x00, 0x00, 0x00,
    0x00, 0x00, 0x00, 0x00, 0x00, 0x00, 0x00, 0x00, 0x00, 0x00, 0x00, 0x00, 0x00, 0x00, 0x00, 0x00,
    0x00, 0x00, 0x00, 0x00, 0x00, 0x00, 0x00, 0x00, 0x00, 0x00, 0x00, 0x00, 0x00, 0x00, 0x00, 0x00,
    0x00, 0x00, 0x00, 0x00, 0x00, 0x04, 0x40, 0x04, 0x40, 0x04, 0x40, 0x04, 0x40, 0x00, 0x00, 0x4f,
    0xf3, 0x3f, 0xf3, 0x3f, 0xf3, 0x3f, 0xf4, 0x00, 0x00, 0x4f, 0xf3, 0x3f, 0xf3, 0x3f, 0xf3, 0x3f,
    0xf4, 0x00, 0x00, 0x03, 0x30, 0x03, 0x30, 0x03, 0x30, 0x03, 0x30, 0x00, 0x00, 0x03, 0x30, 0x03,
    0x30, 0x03, 0x30, 0x03, 0x30, 0x00, 0x00, 0x4f, 0xf3, 0x3f, 0xf3, 0x3f, 0xf3, 0x3f, 0xf4, 0x00,
    0x00, 0x4f, 0xf3, 0x3f, 0xf3, 0x3f, 0xf3, 0x3f, 0xf4, 0x00, 0x00, 0x04, 0x40, 0x04, 0x40, 0x04,
    0x40, 0x04, 0x40, 0x00, 0x00, 0x00, 0x00, 0x00, 0x00, 0x00, 0x00, 0x00, 0x00, 0x00, 0x00, 0x00,
    0x00, 0x00, 0x00, 0x00, 0x00, 0x00, 0x00, 0x00, 0x00, 0x00, 0x00, 0x00, 0x00, 0x00, 0x00, 0x00,
    0x00, 0x00, 0x00, 0x00, 0x00, 0x04, 0x40, 0x04, 0x40, 0x00, 0x00, 0x4f, 0xf3, 0x3f, 0xf4, 0x00,
    0x00, 0x4f, 0xf3, 0x3f, 0xf4, 0x00, 0x00, 0x04, 0x40, 0x03, 0x30, 0x00, 0x00, 0x00, 0x00, 0x03,
    0x30, 0x00, 0x00, 0x00, 0x00, 0x4f, 0xf4, 0x00, 0x00, 0x00, 0x00, 0x4f, 0xf4, 0x00, 0x00, 0x00,
    0x00, 0x04, 0x40, 0x00, 0x00, 0x00, 0x00, 0x00, 0x00, 0x00, 0x00, 0x00, 0x00, 0x00, 0x00, 0x00,
    0x00, 0x00, 0x00, 0x00, 0x00, 0x00, 0x00, 0x00, 0x00, 0x00, 0x00, 0x00, 0x00, 0x00, 0x00, 0x00,
    0x00, 0x00, 0x00, 0x00, 0x00, 0x00, 0x00, 0x04, 0x40, 0x04, 0x40, 0x00, 0x00, 0x00, 0x00, 0x00,
    0x00, 0x4f, 0xf3, 0x3f, 0xf4, 0x00, 0x00, 0x00, 0x00, 0x00, 0x00, 0x4f, 0xf3, 0x3f, 0xf4, 0x00,
    0x00, 0x00, 0x00, 0x00, 0x00, 0x03, 0x30, 0x03, 0x30, 0x00, 0x00, 0x00, 0x00, 0x04, 0x40, 0x03,
    0x30, 0x03, 0x30, 0x04, 0x40, 0x00, 0x00, 0x4f, 0xf3, 0x3f, 0xf3, 0x3f, 0xf3, 0x3f, 0xf4, 0x00,
    0x00, 0x4f, 0xf3, 0x3f, 0xf3, 0x3f, 0xf3, 0x3f, 0xf4, 0x00, 0x00, 0x03, 0x30, 0x03, 0x30, 0x03,
    0x30, 0x03, 0x30, 0x00, 0x00, 0x03, 0x30, 0x03, 0x30, 0x03, 0x30, 0x03, 0x30, 0x00, 0x00, 0x4f,
    0xf3, 0x3f, 0xf3, 0x3f, 0xf3, 0x3f, 0xf4, 0x00, 0x00, 0x4f, 0xf3, 0x3f, 0xf3, 0x3f, 0xf3, 0x3f,
    0xf4, 0x00, 0x00, 0x03, 0x30, 0x03, 0x30, 0x03, 0x30, 0x03, 0x30, 0x00, 0x00, 0x03, 0x30, 0x03,
    0x30, 0x03, 0x30, 0x03, 0x30, 0x00, 0x00, 0x4f, 0xf3, 0x3f, 0xf3, 0x3f, 0xf3, 0x3f, 0xf4, 0x00,
    0x00, 0x4f, 0xf3, 0x3f, 0xf3, 0x3f, 0xf3, 0x3f, 0xf4, 0x00, 0x00, 0x03, 0x30, 0x03, 0x30, 0x03,
    0x30, 0x03, 0x30, 0x00, 0x00, 0x03, 0x30, 0x03, 0x30, 0x03, 0x30, 0x03, 0x30, 0x00, 0x00, 0x4f,
    0xf3, 0x3f, 0xf3, 0x3f, 0xf3, 0x3f, 0xf4, 0x00, 0x00, 0x4f, 0xf3, 0x3f, 0xf3, 0x3f, 0xf3, 0x3f,
    0xf4, 0x00, 0x00, 0x04, 0x40, 0x04, 0x40, 0x04, 0x40, 0x04, 0x40, 0x00, 0x00, 0x00, 0x00, 0x00,
    0x00, 0x00, 0x00, 0x00, 0x00, 0x00, 0x00, 0x00, 0x00, 0x00, 0x00, 0x00, 0x00, 0x00, 0x00, 0x00,
    0x00, 0x00, 0x00, 0x00, 0x00, 0x00, 0x00, 0x00, 0x00, 0x00, 0x00, 0x00, 0x00, 0x00, 0x00, 0x00,
    0x00, 0x00, 0x00, 0x00, 0x00, 0x04, 0x40, 0x04, 0x40, 0x00, 0x00, 0x00, 0x00, 0x00, 0x00, 0x4f,
    0xf3, 0x3f, 0xf4, 0x00, 0x00, 0x00, 0x00, 0x00, 0x00, 0x4f, 0xf3, 0x3f, 0xf4, 0x00, 0x00, 0x00,
    0x00, 0x00, 0x00, 0x03, 0x30, 0x03, 0x30, 0x00, 0x00, 0x00, 0x00, 0x00, 0x00, 0x03, 0x30, 0x03,
    0x30, 0x04, 0x40, 0x00, 0x00, 0x00, 0x00, 0x4f, 0xf3, 0x3f, 0xf3, 0x3f, 0xf4, 0x00, 0x00, 0x00,
    0x00, 0x4f, 0xf3, 0x3f, 0xf3, 0x3f, 0xf4, 0x00, 0x00, 0x00, 0x00, 0x03, 0x30, 0x03, 0x30, 0x03,
    0x30, 0x00, 0x00, 0x00, 0x00, 0x03, 0x30, 0x03, 0x30, 0x03, 0x30, 0x04, 0x40, 0x00, 0x00, 0x4f,
    0xf3, 0x3f, 0xf3, 0x3f, 0xf3, 0x3f, 0xf4, 0x00, 0x00, 0x4f, 0xf3, 0x3f, 0xf3, 0x3f, 0xf3, 0x3f,
    0xf4, 0x00, 0x00, 0x03, 0x30, 0x03, 0x30, 0x03, 0x30, 0x03, 0x30, 0x00, 0x00, 0x03, 0x30, 0x03,
    0x30, 0x03, 0x30, 0x03, 0x30, 0x00, 0x00, 0x4f, 0xf3, 0x3f, 0xf3, 0x3f, 0xf3, 0x3f, 0xf4, 0x00,
    0x00, 0x4f, 0xf3, 0x3f, 0xf3, 0x3f, 0xf3, 0x3f, 0xf4, 0x00, 0x00, 0x03, 0x30, 0x03, 0x30, 0x03,
    0x30, 0x03, 0x30, 0x00, 0x00, 0x03, 0x30, 0x03, 0x30, 0x03, 0x30, 0x03, 0x30, 0x00, 0x00, 0x4f,
    0xf3, 0x3f, 0xf3, 0x3f, 0xf3, 0x3f, 0xf4, 0x00, 0x00, 0x4f, 0xf3, 0x3f, 0xf3, 0x3f, 0xf3, 0x3f,
    0xf4, 0x00, 0x00, 0x03, 0x30, 0x03, 0x30, 0x03, 0x30, 0x03, 0x30, 0x00, 0x00, 0x03, 0x30, 0x03,
    0x30, 0x03, 0x30, 0x03, 0x30, 0x00, 0x00, 0x4f, 0xf3, 0x3f, 0xf3, 0x3f, 0xf3, 0x3f, 0xf4, 0x00,
    0x00, 0x4f, 0xf3, 0x3f, 0xf3, 0x3f, 0xf3, 0x3f, 0xf4, 0x00, 0x00, 0x04, 0x40, 0x04, 0x40, 0x04,
    0x40, 0x04, 0x40, 0x00, 0x00, 0x00, 0x00, 0x00, 0x00, 0x00, 0x00, 0x00, 0x00, 0x00, 0x00, 0x00,
    0x00, 0x00, 0x00, 0x00, 0x00, 0x00, 0x00, 0x00, 0x00, 0x00, 0x00, 0x00, 0x00, 0x00, 0x00, 0x00,
    0x00, 0x00, 0x00, 0x00, 0x00, 0x00, 0x00, 0x00, 0x00, 0x00, 0x00, 0x00, 0x00, 0x00, 0x00, 0x04,
    0x40, 0x04, 0x40, 0x00, 0x00, 0x00, 0x00, 0x00, 0x00, 0x4f, 0xf3, 0x3f, 0xf4, 0x00, 0x00, 0x00,
    0x00, 0x00, 0x00, 0x4f, 0xf3, 0x3f, 0xf4, 0x00, 0x00, 0x00, 0x00, 0x00, 0x00, 0x03, 0x30, 0x03,
    0x30, 0x00, 0x00, 0x00, 0x00, 0x04, 0x40, 0x03, 0x30, 0x03, 0x30, 0x04, 0x40, 0x00, 0x00, 0x4f,
    0xf3, 0x3f, 0xf3, 0x3f, 0xf3, 0x3f, 0xf4, 0x00, 0x00, 0x4f, 0xf3, 0x3f, 0xf3, 0x3f, 0xf3, 0x3f,
    0xf4, 0x00, 0x00, 0x03, 0x30, 0x03, 0x30, 0x03, 0x30, 0x03, 0x30, 0x00, 0x00, 0x03, 0x30, 0x03,
    0x30, 0x03, 0x30, 0x03, 0x30, 0x00, 0x00, 0x4f, 0xf3, 0x3f, 0xf3, 0x3f, 0xf3, 0x3f, 0xf4, 0x00,
    0x00, 0x4f, 0xf3, 0x3f, 0xf3, 0x3f, 0xf3, 0x3f, 0xf4, 0x00, 0x00, 0x03, 0x30, 0x03, 0x30, 0x03,
    0x30, 0x03, 0x30, 0x00, 0x00, 0x03, 0x30, 0x03, 0x30, 0x03, 0x30, 0x03, 0x30, 0x00, 0x00, 0x4f,
    0xf3, 0x3f, 0xf3, 0x3f, 0xf3, 0x3f, 0xf4, 0x00, 0x00, 0x4f, 0xf3, 0x3f, 0xf3, 0x3f, 0xf3, 0x3f,
    0xf4, 0x00, 0x00, 0x04, 0x40, 0x03, 0x30, 0x03, 0x30, 0x03, 0x30, 0x00, 0x00, 0x00, 0x00, 0x03,
    0x30, 0x03, 0x30, 0x03, 0x30, 0x00, 0x00, 0x00, 0x00, 0x4f, 0xf3, 0x3f, 0xf3, 0x3f, 0xf4, 0x00,
    0x00, 0x00, 0x00, 0x4f, 0xf3, 0x3f, 0xf3, 0x3f, 0xf4, 0x00, 0x00, 0x00, 0x00, 0x04, 0x40, 0x04,
    0x40, 0x04, 0x40, 0x00, 0x00, 0x00, 0x00, 0x00, 0x00, 0x00, 0x00, 0x00, 0x00, 0x00, 0x00, 0x00,
    0x00, 0x00, 0x00, 0x00, 0x00, 0x00, 0x00, 0x00, 0x00, 0x00, 0x00, 0x00, 0x00, 0x00, 0x00, 0x00,
    0x00, 0x00, 0x00, 0x00, 0x00, 0x00, 0x00, 0x00, 0x00, 0x00, 0x00, 0x00, 0x00, 0x00, 0x00, 0x00,
    0x00, 0x04, 0x40, 0x04, 0x40, 0x00, 0x00, 0x00, 0x00, 0x00, 0x00, 0x4f, 0xf3, 0x3f, 0xf4, 0x00,
    0x00, 0x00, 0x00, 0x00, 0x00, 0x4f, 0xf3, 0x3f, 0xf4, 0x00, 0x00, 0x00, 0x00, 0x00, 0x00, 0x03,
    0x30, 0x03, 0x30, 0x00, 0x00, 0x00, 0x00, 0x04, 0x40, 0x03, 0x30, 0x03, 0x30, 0x00, 0x00, 0x00,
    0x00, 0x4f, 0xf3, 0x3f, 0xf3, 0x3f, 0xf4, 0x00, 0x00, 0x00, 0x00, 0x4f, 0xf3, 0x3f, 0xf3, 0x3f,
    0xf4, 0x00, 0x00, 0x00, 0x00, 0x03, 0x30, 0x03, 0x30, 0x03, 0x30, 0x00, 0x00, 0x04, 0x40, 0x03,
    0x30, 0x03, 0x30, 0x03, 0x30, 0x00, 0x00, 0x4f, 0xf3, 0x3f, 0xf3, 0x3f, 0xf3, 0x3f, 0xf4, 0x00,
    0x00, 0x4f, 0xf3, 0x3f, 0xf3, 0x3f, 0xf3, 0x3f, 0xf4, 0x00, 0x00, 0x03, 0x30, 0x03, 0x30, 0x03,
    0x30, 0x03, 0x30, 0x00, 0x00, 0x03, 0x30, 0x03, 0x30, 0x03, 0x30, 0x03, 0x30, 0x00, 0x00, 0x4f,
    0xf3, 0x3f, 0xf3, 0x3f, 0xf3, 0x3f, 0xf4, 0x00, 0x00, 0x4f, 0xf3, 0x3f, 0xf3, 0x3f, 0xf3, 0x3f,
    0xf4, 0x00, 0x00, 0x03, 0x30, 0x03, 0x30, 0x03, 0x30, 0x03, 0x30, 0x00, 0x00, 0x03, 0x30, 0x03,
    0x30, 0x03, 0x30, 0x03, 0x30, 0x00, 0x00, 0x4f, 0xf3, 0x3f, 0xf3, 0x3f, 0xf3, 0x3f, 0xf4, 0x00,
    0x00, 0x4f, 0xf3, 0x3f, 0xf3, 0x3f, 0xf3, 0x3f, 0xf4, 0x00, 0x00, 0x04, 0x40, 0x03, 0x30, 0x03,
    0x30, 0x03, 0x30, 0x00, 0x00, 0x00, 0x00, 0x03, 0x30, 0x03, 0x30, 0x03, 0x30, 0x00, 0x00, 0x00,
    0x00, 0x4f, 0xf3, 0x3f, 0xf3, 0x3f, 0xf4, 0x00, 0x00, 0x00, 0x00, 0x4f, 0xf3, 0x3f, 0xf3, 0x3f,
    0xf4, 0x00, 0x00, 0x00, 0x00, 0x04, 0x40, 0x04, 0x40, 0x04, 0x40, 0x00, 0x00, 0x00, 0x00, 0x00,
    0x00, 0x00, 0x00, 0x00, 0x00, 0x00, 0x00, 0x00, 0x00, 0x00, 0x00, 0x00, 0x00, 0x00, 0x00, 0x00,
    0x00, 0x00, 0x00, 0x00, 0x00, 0x00, 0x00, 0x00, 0x00, 0x00, 0x00, 0x00, 0x00, 0x00, 0x00, 0x00,
    0x00, 0x00, 0x00, 0x00, 0x00, 0x00, 0x00, 0x04, 0x40, 0x04, 0x40, 0x00, 0x00, 0x00, 0x00, 0x00,
    0x00, 0x4f, 0xf3, 0x3f, 0xf4, 0x00, 0x00, 0x00, 0x00, 0x00, 0x00, 0x4f, 0xf3, 0x3f, 0xf4, 0x00,
    0x00, 0x00, 0x00, 0x00, 0x00, 0x03, 0x30, 0x03, 0x30, 0x00, 0x00, 0x00, 0x00, 0x04, 0x40, 0x03,
    0x30, 0x03, 0x30, 0x04, 0x40, 0x00, 0x00, 0x4f, 0xf3, 0x3f, 0xf3, 0x3f, 0xf3, 0x3f, 0xf4, 0x00,
    0x00, 0x4f, 0xf3, 0x3f, 0xf3, 0x3f, 0xf3, 0x3f, 0xf4, 0x00, 0x00, 0x03, 0x30, 0x03, 0x30, 0x03,
    0x30, 0x03, 0x30, 0x00, 0x00, 0x03, 0x30, 0x03, 0x30, 0x03, 0x30, 0x03, 0x30, 0x00, 0x00, 0x4f,
    0xf3, 0x3f, 0xf3, 0x3f, 0xf3, 0x3f, 0xf4, 0x00, 0x00, 0x4f, 0xf3, 0x3f, 0xf3, 0x3f, 0xf3, 0x3f,
    0xf4, 0x00, 0x00, 0x03, 0x30, 0x03, 0x30, 0x03, 0x30, 0x03, 0x30, 0x00, 0x00, 0x03, 0x30, 0x03,
    0x30, 0x03, 0x30, 0x03, 0x30, 0x00, 0x00, 0x4f, 0xf3, 0x3f, 0xf3, 0x3f, 0xf3, 0x3f, 0xf4, 0x00,
    0x00, 0x4f, 0xf3, 0x3f, 0xf3, 0x3f, 0xf3, 0x3f, 0xf4, 0x00, 0x00, 0x04, 0x40, 0x03, 0x30, 0x03,
    0x30, 0x03, 0x30, 0x00, 0x00, 0x00, 0x00, 0x03, 0x30, 0x03, 0x30, 0x03, 0x30, 0x00, 0x00, 0x00,
    0x00, 0x4f, 0xf3, 0x3f, 0xf3, 0x3f, 0xf4, 0x00, 0x00, 0x00, 0x00, 0x4f, 0xf3, 0x3f, 0xf3, 0x3f,
    0xf4, 0x00, 0x00, 0x00, 0x00, 0x04, 0x40, 0x04, 0x40, 0x04, 0x40, 0x00, 0x00, 0x00, 0x00, 0x00,
    0x00, 0x00, 0x00, 0x00, 0x00, 0x00, 0x00, 0x00, 0x00, 0x00, 0x00, 0x00, 0x00, 0x00, 0x00, 0x00,
    0x00, 0x00, 0x00, 0x00, 0x00, 0x00, 0x00, 0x00, 0x00, 0x00, 0x00, 0x00, 0x00, 0x00, 0x00, 0x00,
    0x00, 0x00, 0x00, 0x00, 0x00, 0x00, 0x00, 0x04, 0x40, 0x04, 0x40, 0x04, 0x40, 0x00, 0x00, 0x00,
    0x00, 0x4f, 0xf3, 0x3f, 0xf3, 0x3f, 0xf4, 0x00, 0x00, 0x00, 0x00, 0x4f, 0xf3, 0x3f, 0xf3, 0x3f,
    0xf4, 0x00, 0x00, 0x00, 0x00, 0x03, 0x30, 0x03, 0x30, 0x03, 0x30, 0x00, 0x00, 0x04, 0x40, 0x03,
    0x30, 0x03, 0x30, 0x03, 0x30, 0x00, 0x00, 0x4f, 0xf3, 0x3f, 0xf3, 0x3f, 0xf3, 0x3f, 0xf4, 0x00,
    0x00, 0x4f, 0xf3, 0x3f, 0xf3, 0x3f, 0xf3, 0x3f, 0xf4, 0x00, 0x00, 0x03, 0x30, 0x03, 0x30, 0x03,
    0x30, 0x03, 0x30, 0x00, 0x00, 0x03, 0x30, 0x03, 0x30, 0x03, 0x30, 0x03, 0x30, 0x00, 0x00, 0x4f,
    0xf3, 0x3f, 0xf3, 0x3f, 0xf3, 0x3f, 0xf4, 0x00, 0x00, 0x4f, 0xf3, 0x3f, 0xf3, 0x3f, 0xf3, 0x3f,
    0xf4, 0x00, 0x00, 0x04, 0x40, 0x03, 0x30, 0x03, 0x30, 0x04, 0x40, 0x00, 0x00, 0x00, 0x00, 0x03,
    0x30, 0x03, 0x30, 0x00, 0x00, 0x00, 0x00, 0x00, 0x00, 0x4f, 0xf3, 0x3f, 0xf4, 0x00, 0x00, 0x00,
    0x00, 0x00, 0x00, 0x4f, 0xf3, 0x3f, 0xf4, 0x00, 0x00, 0x00, 0x00, 0x00, 0x00, 0x03, 0x30, 0x03,
    0x30, 0x00, 0x00, 0x00, 0x00, 0x00, 0x00, 0x03, 0x30, 0x03, 0x30, 0x00, 0x00, 0x00, 0x00, 0x00,
    0x00, 0x4f, 0xf3, 0x3f, 0xf4, 0x00, 0x00, 0x00, 0x00, 0x00, 0x00, 0x4f, 0xf3, 0x3f, 0xf4, 0x00,
    0x00, 0x00, 0x00, 0x00, 0x00, 0x03, 0x30, 0x03, 0x30, 0x00, 0x00, 0x00, 0x00, 0x00, 0x00, 0x03,
    0x30, 0x03, 0x30, 0x00, 0x00, 0x00, 0x00, 0x00, 0x00, 0x4f, 0xf3, 0x3f, 0xf4, 0x00, 0x00, 0x00,
    0x00, 0x00, 0x00, 0x4f, 0xf3, 0x3f, 0xf4, 0x00, 0x00, 0x00, 0x00, 0x00, 0x00, 0x04, 0x40, 0x04,
    0x40, 0x00, 0x00, 0x00, 0x00, 0x00, 0x00, 0x00, 0x00, 0x00, 0x00, 0x00, 0x00, 0x00, 0x00, 0x00,
    0x00, 0x00, 0x00, 0x00, 0x00, 0x00, 0x00, 0x00, 0x00, 0x00, 0x00, 0x00, 0x00, 0x00, 0x00, 0x00,
    0x00, 0x00, 0x00, 0x00, 0x00, 0x00, 0x00, 0x00, 0x00, 0x00, 0x00, 0x00, 0x00, 0x00, 0x00, 0x04,
    0x40, 0x04, 0x40, 0x04, 0x40, 0x00, 0x00, 0x00, 0x00, 0x4f, 0xf3, 0x3f, 0xf3, 0x3f, 0xf4, 0x00,
    0x00, 0x00, 0x00, 0x4f, 0xf3, 0x3f, 0xf3, 0x3f, 0xf4, 0x00, 0x00, 0x00, 0x00, 0x03, 0x30, 0x03,
    0x30, 0x03, 0x30, 0x00, 0x00, 0x04, 0x40, 0x03, 0x30, 0x03, 0x30, 0x03, 0x30, 0x00, 0x00, 0x4f,
    0xf3, 0x3f, 0xf3, 0x3f, 0xf3, 0x3f, 0xf4, 0x00, 0x00, 0x4f, 0xf3, 0x3f, 0xf3, 0x3f, 0xf3, 0x3f,
    0xf4, 0x00, 0x00, 0x03, 0x30, 0x03, 0x30, 0x03, 0x30, 0x03, 0x30, 0x00, 0x00, 0x03, 0x30, 0x03,
    0x30, 0x03, 0x30, 0x03, 0x30, 0x00, 0x00, 0x4f, 0xf3, 0x3f, 0xf3, 0x3f, 0xf3, 0x3f, 0xf4, 0x00,
    0x00, 0x4f, 0xf3, 0x3f, 0xf3, 0x3f, 0xf3, 0x3f, 0xf4, 0x00, 0x00, 0x03, 0x30, 0x03, 0x30, 0x03,
    0x30, 0x03, 0x30, 0x00, 0x00, 0x03, 0x30, 0x03, 0x30, 0x03, 0x30, 0x03, 0x30, 0x00, 0x00, 0x4f,
    0xf3, 0x3f, 0xf3, 0x3f, 0xf3, 0x3f, 0xf4, 0x00, 0x00, 0x4f, 0xf3, 0x3f, 0xf3, 0x3f, 0xf3, 0x3f,
    0xf4, 0x00, 0x00, 0x04, 0x40, 0x03, 0x30, 0x03, 0x30, 0x03, 0x30, 0x00, 0x00, 0x00, 0x00, 0x03,
    0x30, 0x03, 0x30, 0x03, 0x30, 0x00, 0x00, 0x00, 0x00, 0x4f, 0xf3, 0x3f, 0xf3, 0x3f, 0xf4, 0x00,
    0x00, 0x00, 0x00, 0x4f, 0xf3, 0x3f, 0xf3, 0x3f, 0xf4, 0x00, 0x00, 0x00, 0x00, 0x03, 0x30, 0x03,
    0x30, 0x03, 0x30, 0x00, 0x00, 0x04, 0x40, 0x03, 0x30, 0x03, 0x30, 0x03, 0x30, 0x00, 0x00, 0x4f,
    0xf3, 0x3f, 0xf3, 0x3f, 0xf3, 0x3f, 0xf4, 0x00, 0x00, 0x4f, 0xf3, 0x3f, 0xf3, 0x3f, 0xf3, 0x3f,
    0xf4, 0x00, 0x00, 0x04, 0x40, 0x04, 0x40, 0x04, 0x40, 0x04, 0x40, 0x00, 0x00, 0x00, 0x00, 0x00,
    0x00, 0x00, 0x00, 0x00, 0x00, 0x00, 0x00, 0x00, 0x00, 0x00, 0x00, 0x00, 0x00, 0x00, 0x00, 0x00,
    0x00, 0x00, 0x00, 0x00, 0x00, 0x00, 0x00, 0x00, 0x00, 0x00, 0x00, 0x00, 0x00, 0x00, 0x00, 0x00,
    0x00, 0x00, 0x00, 0x00, 0x00, 0x04, 0x40, 0x04, 0x40, 0x00, 0x00, 0x00, 0x00, 0x00, 0x00, 0x4f,
    0xf3, 0x3f, 0xf4, 0x00, 0x00, 0x00, 0x00, 0x00, 0x00, 0x4f, 0xf3, 0x3f, 0xf4, 0x00, 0x00, 0x00,
    0x00, 0x00, 0x00, 0x03, 0x30, 0x03, 0x30, 0x00, 0x00, 0x00, 0x00, 0x00, 0x00, 0x03, 0x30, 0x03,
    0x30, 0x04, 0x40, 0x00, 0x00, 0x00, 0x00, 0x4f, 0xf3, 0x3f, 0xf3, 0x3f, 0xf4, 0x00, 0x00, 0x00,
    0x00, 0x4f, 0xf3, 0x3f, 0xf3, 0x3f, 0xf4, 0x00, 0x00, 0x00, 0x00, 0x03, 0x30, 0x03, 0x30, 0x03,
    0x30, 0x00, 0x00, 0x00, 0x00, 0x03, 0x30, 0x03, 0x30, 0x03, 0x30, 0x04, 0x40, 0x00, 0x00, 0x4f,
    0xf3, 0x3f, 0xf3, 0x3f, 0xf3, 0x3f, 0xf4, 0x00, 0x00, 0x4f, 0xf3, 0x3f, 0xf3, 0x3f, 0xf3, 0x3f,
    0xf4, 0x00, 0x00, 0x03, 0x30, 0x03, 0x30, 0x03, 0x30, 0x03, 0x30, 0x00, 0x00, 0x03, 0x30, 0x03,
    0x30, 0x03, 0x30, 0x03, 0x30, 0x00, 0x00, 0x4f, 0xf3, 0x3f, 0xf3, 0x3f, 0xf3, 0x3f, 0xf4, 0x00,
    0x00, 0x4f, 0xf3, 0x3f, 0xf3, 0x3f, 0xf3, 0x3f, 0xf4, 0x00, 0x00, 0x03, 0x30, 0x03, 0x30, 0x03,
    0x30, 0x03, 0x30, 0x00, 0x00, 0x03, 0x30, 0x03, 0x30, 0x03, 0x30, 0x03, 0x30, 0x00, 0x00, 0x4f,
    0xf3, 0x3f, 0xf3, 0x3f, 0xf3, 0x3f, 0xf4, 0x00, 0x00, 0x4f, 0xf3, 0x3f, 0xf3, 0x3f, 0xf3, 0x3f,
    0xf4, 0x00, 0x00, 0x03, 0x30, 0x03, 0x30, 0x03, 0x30, 0x03, 0x30, 0x00, 0x00, 0x03, 0x30, 0x03,
    0x30, 0x03, 0x30, 0x03, 0x30, 0x00, 0x00, 0x4f, 0xf3, 0x3f, 0xf3, 0x3f, 0xf3, 0x3f, 0xf4, 0x00,
    0x00, 0x4f, 0xf3, 0x3f, 0xf3, 0x3f, 0xf3, 0x3f, 0xf4, 0x00, 0x00, 0x04, 0x40, 0x04, 0x40, 0x04,
    0x40, 0x04, 0x40, 0x00, 0x00, 0x00, 0x00, 0x00, 0x00, 0x00, 0x00, 0x00, 0x00, 0x00, 0x00, 0x00,
    0x00, 0x00, 0x00, 0x00, 0x00, 0x00, 0x00, 0x00, 0x00, 0x00, 0x00, 0x00, 0x00, 0x00, 0x00, 0x00,
    0x00, 0x00, 0x00, 0x00, 0x00, 0x00, 0x00, 0x00, 0x00, 0x00, 0x00, 0x00, 0x00, 0x00, 0x00, 0x04,
    0x40, 0x04, 0x40, 0x00, 0x00, 0x00, 0x00, 0x00, 0x00, 0x4f, 0xf3, 0x3f, 0xf4, 0x00, 0x00, 0x00,
    0x00, 0x00, 0x00, 0x4f, 0xf3, 0x3f, 0xf4, 0x00, 0x00, 0x00, 0x00, 0x00, 0x00, 0x03, 0x30, 0x03,
    0x30, 0x00, 0x00, 0x00, 0x00, 0x04, 0x40, 0x03, 0x30, 0x03, 0x30, 0x00, 0x00, 0x00, 0x00, 0x4f,
    0xf3, 0x3f, 0xf3, 0x3f, 0xf4, 0x00, 0x00, 0x00, 0x00, 0x4f, 0xf3, 0x3f, 0xf3, 0x3f, 0xf4, 0x00,
    0x00, 0x00, 0x00, 0x03, 0x30, 0x03, 0x30, 0x03, 0x30, 0x00, 0x00, 0x00, 0x00, 0x03, 0x30, 0x03,
    0x30, 0x03, 0x30, 0x00, 0x00, 0x00, 0x00, 0x4f, 0xf3, 0x3f, 0xf3, 0x3f, 0xf4, 0x00, 0x00, 0x00,
    0x00, 0x4f, 0xf3, 0x3f, 0xf3, 0x3f, 0xf4, 0x00, 0x00, 0x00, 0x00, 0x04, 0x40, 0x03, 0x30, 0x03,
    0x30, 0x00, 0x00, 0x00, 0x00, 0x00, 0x00, 0x03, 0x30, 0x03, 0x30, 0x00, 0x00, 0x00, 0x00, 0x00,
    0x00, 0x4f, 0xf3, 0x3f, 0xf4, 0x00, 0x00, 0x00, 0x00, 0x00, 0x00, 0x4f, 0xf3, 0x3f, 0xf4, 0x00,
    0x00, 0x00, 0x00, 0x00, 0x00, 0x03, 0x30, 0x03, 0x30, 0x00, 0x00, 0x00, 0x00, 0x04, 0x40, 0x03,
    0x30, 0x03, 0x30, 0x04, 0x40, 0x00, 0x00, 0x4f, 0xf3, 0x3f, 0xf3, 0x3f, 0xf3, 0x3f, 0xf4, 0x00,
    0x00, 0x4f, 0xf3, 0x3f, 0xf3, 0x3f, 0xf3, 0x3f, 0xf4, 0x00, 0x00, 0x03, 0x30, 0x03, 0x30, 0x03,
    0x30, 0x03, 0x30, 0x00, 0x00, 0x03, 0x30, 0x03, 0x30, 0x03, 0x30, 0x03, 0x30, 0x00, 0x00, 0x4f,
    0xf3, 0x3f, 0xf3, 0x3f, 0xf3, 0x3f, 0xf4, 0x00, 0x00, 0x4f, 0xf3, 0x3f, 0xf3, 0x3f, 0xf3, 0x3f,
    0xf4, 0x00, 0x00, 0x04, 0x40, 0x04, 0x40, 0x04, 0x40, 0x04, 0x40, 0x00, 0x00, 0x00, 0x00, 0x00,
    0x00, 0x00, 0x00, 0x00, 0x00, 0x00, 0x00, 0x00, 0x00, 0x00, 0x00, 0x00, 0x00, 0x00, 0x00, 0x00,
    0x00, 0x00, 0x00, 0x00, 0x00, 0x00, 0x00, 0x00, 0x00, 0x00, 0x00, 0x00, 0x00, 0x00, 0x00, 0x00,
    0x00, 0x00, 0x00, 0x00, 0x00, 0x04, 0x40, 0x00, 0x00, 0x00, 0x00, 0x00, 0x00, 0x4f, 0xf4, 0x00,
    0x00, 0x00, 0x00, 0x00, 0x00, 0x4f, 0xf4, 0x00, 0x00, 0x00, 0x00, 0x00, 0x00, 0x03, 0x30, 0x00,
    0x00, 0x00, 0x00, 0x04, 0x40, 0x03, 0x30, 0x00, 0x00, 0x00, 0x00, 0x4f, 0xf3, 0x3f, 0xf4, 0x00,
    0x00, 0x00, 0x00, 0x4f, 0xf3, 0x3f, 0xf4, 0x00, 0x00, 0x00, 0x00, 0x03, 0x30, 0x03, 0x30, 0x00,
    0x00, 0x00, 0x00, 0x03, 0x30, 0x03, 0x30, 0x00, 0x00, 0x00, 0x00, 0x4f, 0xf3, 0x3f, 0xf4, 0x00,
    0x00, 0x00, 0x00, 0x4f, 0xf3, 0x3f, 0xf4, 0x00, 0x00, 0x00, 0x00, 0x04, 0x40, 0x03, 0x30, 0x00,
    0x00, 0x00, 0x00, 0x00, 0x00, 0x03, 0x30, 0x00, 0x00, 0x00, 0x00, 0x00, 0x00, 0x4f, 0xf4, 0x00,
    0x00, 0x00, 0x00, 0x00, 0x00, 0x4f, 0xf4, 0x00, 0x00, 0x00, 0x00, 0x00, 0x00, 0x03, 0x30, 0x00,
    0x00, 0x00, 0x00, 0x00, 0x00, 0x03, 0x30, 0x00, 0x00, 0x00, 0x00, 0x00, 0x00, 0x4f, 0xf4, 0x00,
    0x00, 0x00, 0x00, 0x00, 0x00, 0x4f, 0xf4, 0x00, 0x00, 0x00, 0x00, 0x00, 0x00, 0x03, 0x30, 0x00,
    0x00, 0x00, 0x00, 0x00, 0x00, 0x03, 0x30, 0x00, 0x00, 0x00, 0x00, 0x00, 0x00, 0x4f, 0xf4, 0x00,
    0x00, 0x00, 0x00, 0x00, 0x00, 0x4f, 0xf4, 0x00, 0x00, 0x00, 0x00, 0x00, 0x00, 0x03, 0x30, 0x00,
    0x00, 0x04, 0x40, 0x04, 0x40, 0x03, 0x30, 0x00, 0x00, 0x4f, 0xf3, 0x3f, 0xf3, 0x3f, 0xf4, 0x00,
    0x00, 0x4f, 0xf3, 0x3f, 0xf3, 0x3f, 0xf4, 0x00, 0x00, 0x04, 0x40, 0x04, 0x40, 0x04, 0x40, 0x00,
    0x00, 0x00, 0x00, 0x00, 0x00, 0x00, 0x00, 0x00, 0x00, 0x00, 0x00, 0x00, 0x00, 0x00, 0x00, 0x00,
    0x00, 0x00, 0x00, 0x00, 0x00, 0x00, 0x00, 0x00, 0x00, 0x00, 0x00, 0x00, 0x00, 0x00, 0x00, 0x00,
    0x00, 0x00, 0x00, 0x00, 0x00, 0x04, 0x40, 0x04, 0x40, 0x00, 0x00, 0x00, 0x00, 0x00, 0x00, 0x4f,
    0xf3, 0x3f, 0xf4, 0x00, 0x00, 0x00, 0x00, 0x00, 0x00, 0x4f, 0xf3, 0x3f, 0xf4, 0x00, 0x00, 0x00,
    0x00, 0x00, 0x00, 0x03, 0x30, 0x03, 0x30, 0x00, 0x00, 0x00, 0x00, 0x00, 0x00, 0x03, 0x30, 0x03,
    0x30, 0x04, 0x40, 0x04, 0x40, 0x00, 0x00, 0x4f, 0xf3, 0x3f, 0xf3, 0x3f, 0xf3, 0x3f, 0xf4, 0x00,
    0x00, 0x4f, 0xf3, 0x3f, 0xf3, 0x3f, 0xf3, 0x3f, 0xf4, 0x00, 0x00, 0x03, 0x30, 0x03, 0x30, 0x03,
    0x30, 0x03, 0x30, 0x00, 0x00, 0x03, 0x30, 0x03, 0x30, 0x03, 0x30, 0x03, 0x30, 0x00, 0x00, 0x4f,
    0xf3, 0x3f, 0xf3, 0x3f, 0xf3, 0x3f, 0xf4, 0x00, 0x00, 0x4f, 0xf3, 0x3f, 0xf3, 0x3f, 0xf3, 0x3f,
    0xf4, 0x00, 0x00, 0x03, 0x30, 0x03, 0x30, 0x03, 0x30, 0x04, 0x40, 0x00, 0x00, 0x03, 0x30, 0x03,
    0x30, 0x03, 0x30, 0x00, 0x00, 0x00, 0x00, 0x4f, 0xf3, 0x3f, 0xf3, 0x3f, 0xf4, 0x00, 0x00, 0x00,
    0x00, 0x4f, 0xf3, 0x3f, 0xf3, 0x3f, 0xf4, 0x00, 0x00, 0x00, 0x00, 0x03, 0x30, 0x03, 0x30, 0x03,
    0x30, 0x00, 0x00, 0x00, 0x00, 0x03, 0x30, 0x03, 0x30, 0x03, 0x30, 0x04, 0x40, 0x00, 0x00, 0x4f,
    0xf3, 0x3f, 0xf3, 0x3f, 0xf3, 0x3f, 0xf4, 0x00, 0x00, 0x4f, 0xf3, 0x3f, 0xf3, 0x3f, 0xf3, 0x3f,
    0xf4, 0x00, 0x00, 0x03, 0x30, 0x03, 0x30, 0x03, 0x30, 0x03, 0x30, 0x00, 0x00, 0x03, 0x30, 0x03,
    0x30, 0x03, 0x30, 0x03, 0x30, 0x00, 0x00, 0x4f, 0xf3, 0x3f, 0xf3, 0x3f, 0xf3, 0x3f, 0xf4, 0x00,
    0x00, 0x4f, 0xf3, 0x3f, 0xf3, 0x3f, 0xf3, 0x3f, 0xf4, 0x00, 0x00, 0x04, 0x40, 0x04, 0x40, 0x04,
    0x40, 0x04, 0x40, 0x00, 0x00, 0x00, 0x00, 0x00, 0x00, 0x00, 0x00, 0x00, 0x00, 0x00, 0x00, 0x00,
    0x00, 0x00, 0x00, 0x00, 0x00, 0x00, 0x00, 0x00, 0x00, 0x00, 0x00, 0x00, 0x00, 0x00, 0x00, 0x00,
    0x00, 0x00, 0x00, 0x00, 0x00, 0x00, 0x00, 0x00, 0x00, 0x00, 0x00, 0x00, 0x00, 0x04, 0x40, 0x04,
    0x40, 0x04, 0x40, 0x00, 0x00, 0x00, 0x00, 0x4f, 0xf3, 0x3f, 0xf3, 0x3f, 0xf4, 0x00, 0x00, 0x00,
    0x00, 0x4f, 0xf3, 0x3f, 0xf3, 0x3f, 0xf4, 0x00, 0x00, 0x00, 0x00, 0x04, 0x40, 0x03, 0x30, 0x03,
    0x30, 0x00, 0x00, 0x00, 0x00, 0x00, 0x00, 0x03, 0x30, 0x03, 0x30, 0x00, 0x00, 0x00, 0x00, 0x00,
    0x00, 0x4f, 0xf3, 0x3f, 0xf4, 0x00, 0x00, 0x00, 0x00, 0x00, 0x00, 0x4f, 0xf3, 0x3f, 0xf4, 0x00,
    0x00, 0x00, 0x00, 0x00, 0x00, 0x03, 0x30, 0x03, 0x30, 0x00, 0x00, 0x00, 0x00, 0x00, 0x00, 0x03,
    0x30, 0x03, 0x30, 0x00, 0x00, 0x00, 0x00, 0x00, 0x00, 0x4f, 0xf3, 0x3f, 0xf4, 0x00, 0x00, 0x00,
    0x00, 0x00, 0x00, 0x4f, 0xf3, 0x3f, 0xf4, 0x00, 0x00, 0x00, 0x00, 0x00, 0x00, 0x03, 0x30, 0x03,
    0x30, 0x00, 0x00, 0x00, 0x00, 0x00, 0x00, 0x03, 0x30, 0x03, 0x30, 0x00, 0x00, 0x00, 0x00, 0x00,
    0x00, 0x4f, 0xf3, 0x3f, 0xf4, 0x00, 0x00, 0x00, 0x00, 0x00, 0x00, 0x4f, 0xf3, 0x3f, 0xf4, 0x00,
    0x00, 0x00, 0x00, 0x00, 0x00, 0x03, 0x30, 0x03, 0x30, 0x00, 0x00, 0x00, 0x00, 0x04, 0x40, 0x03,
    0x30, 0x03, 0x30, 0x04, 0x40, 0x00, 0x00, 0x4f, 0xf3, 0x3f, 0xf3, 0x3f, 0xf3, 0x3f, 0xf4, 0x00,
    0x00, 0x4f, 0xf3, 0x3f, 0xf3, 0x3f, 0xf3, 0x3f, 0xf4, 0x00, 0x00, 0x03, 0x30, 0x03, 0x30, 0x03,
    0x30, 0x03, 0x30, 0x00, 0x00, 0x03, 0x30, 0x03, 0x30, 0x03, 0x30, 0x03, 0x30, 0x00, 0x00, 0x4f,
    0xf3, 0x3f, 0xf3, 0x3f, 0xf3, 0x3f, 0xf4, 0x00, 0x00, 0x4f, 0xf3, 0x3f, 0xf3, 0x3f, 0xf3, 0x3f,
    0xf4, 0x00, 0x00, 0x04, 0x40, 0x04, 0x40, 0x04, 0x40, 0x04, 0x40, 0x00, 0x00, 0x00, 0x00, 0x00,
    0x00, 0x00, 0x00, 0x00, 0x00, 0x00, 0x00, 0x00, 0x00, 0x00, 0x00, 0x00, 0x00, 0x00, 0x00, 0x00,
    0x00, 0x00, 0x00, 0x00, 0x00, 0x00, 0x00, 0x00, 0x00, 0x00, 0x00, 0x00, 0x00, 0x00, 0x00, 0x00,
    0x00, 0x00, 0x00, 0x00, 0x00, 0x04, 0x40, 0x04, 0x40, 0x04, 0x40, 0x04, 0x40, 0x00, 0x00, 0x4f,
    0xf3, 0x3f, 0xf3, 0x3f, 0xf3, 0x3f, 0xf4, 0x00, 0x00, 0x4f, 0xf3, 0x3f, 0xf3, 0x3f, 0xf3, 0x3f,
    0xf4, 0x00, 0x00, 0x03, 0x30, 0x03, 0x30, 0x03, 0x30, 0x03, 0x30, 0x00, 0x00, 0x03, 0x30, 0x03,
    0x30, 0x03, 0x30, 0x03, 0x30, 0x00, 0x00, 0x4f, 0xf3, 0x3f, 0xf3, 0x3f, 0xf3, 0x3f, 0xf4, 0x00,
    0x00, 0x4f, 0xf3, 0x3f, 0xf3, 0x3f, 0xf3, 0x3f, 0xf4, 0x00, 0x00, 0x03, 0x30, 0x03, 0x30, 0x03,
    0x30, 0x03, 0x30, 0x00, 0x00, 0x03, 0x30, 0x03, 0x30, 0x03, 0x30, 0x03, 0x30, 0x00, 0x00, 0x4f,
    0xf3, 0x3f, 0xf3, 0x3f, 0xf3, 0x3f, 0xf4, 0x00, 0x00, 0x4f, 0xf3, 0x3f, 0xf3, 0x3f, 0xf3, 0x3f,
    0xf4, 0x00, 0x00, 0x03, 0x30, 0x03, 0x30, 0x03, 0x30, 0x03, 0x30, 0x00, 0x00, 0x03, 0x30, 0x03,
    0x30, 0x03, 0x30, 0x03, 0x30, 0x00, 0x00, 0x4f, 0xf3, 0x3f, 0xf3, 0x3f, 0xf3, 0x3f, 0xf4, 0x00,
    0x00, 0x4f, 0xf3, 0x3f, 0xf3, 0x3f, 0xf3, 0x3f, 0xf4, 0x00, 0x00, 0x03, 0x30, 0x03, 0x30, 0x03,
    0x30, 0x03, 0x30, 0x00, 0x00, 0x03, 0x30, 0x03, 0x30, 0x03, 0x30, 0x03, 0x30, 0x00, 0x00, 0x4f,
    0xf3, 0x3f, 0xf3, 0x3f, 0xf3, 0x3f, 0xf4, 0x00, 0x00, 0x4f, 0xf3, 0x3f, 0xf3, 0x3f, 0xf3, 0x3f,
    0xf4, 0x00, 0x00, 0x04, 0x40, 0x04, 0x40, 0x04, 0x40, 0x04, 0x40, 0x00, 0x00, 0x00, 0x00, 0x00,
    0x00, 0x00, 0x00, 0x00, 0x00, 0x00, 0x00, 0x00, 0x00, 0x00, 0x00, 0x00, 0x00, 0x00, 0x00, 0x00,
    0x00, 0x00, 0x00, 0x00, 0x00, 0x00, 0x00, 0x00, 0x00, 0x00, 0x00, 0x00, 0x00, 0x00, 0x00, 0x00,
    0x00, 0x00, 0x00, 0x00, 0x00, 0x04, 0x40, 0x04, 0x40, 0x04, 0x40, 0x04, 0x40, 0x00, 0x00, 0x4f,
    0xf3, 0x3f, 0xf3, 0x3f, 0xf3, 0x3f, 0xf4, 0x00, 0x00, 0x4f, 0xf3, 0x3f, 0xf3, 0x3f, 0xf3, 0x3f,
    0xf4, 0x00, 0x00, 0x03, 0x30, 0x03, 0x30, 0x03, 0x30, 0x03, 0x30, 0x00, 0x00, 0x03, 0x30, 0x03,
    0x30, 0x03, 0x30, 0x03, 0x30, 0x00, 0x00, 0x4f, 0xf3, 0x3f, 0xf3, 0x3f, 0xf3, 0x3f, 0xf4, 0x00,
    0x00, 0x4f, 0xf3, 0x3f, 0xf3, 0x3f, 0xf3, 0x3f, 0xf4, 0x00, 0x00, 0x03, 0x30, 0x03, 0x30, 0x03,
    0x30, 0x03, 0x30, 0x00, 0x00, 0x03, 0x30, 0x03, 0x30, 0x03, 0x30, 0x03, 0x30, 0x00, 0x00, 0x4f,
    0xf3, 0x3f, 0xf3, 0x3f, 0xf3, 0x3f, 0xf4, 0x00, 0x00, 0x4f, 0xf3, 0x3f, 0xf3, 0x3f, 0xf3, 0x3f,
    0xf4, 0x00, 0x00, 0x03, 0x30, 0x03, 0x30, 0x03, 0x30, 0x03, 0x30, 0x00, 0x00, 0x03, 0x30, 0x03,
    0x30, 0x03, 0x30, 0x03, 0x30, 0x00, 0x00, 0x4f, 0xf3, 0x3f, 0xf3, 0x3f, 0xf3, 0x3f, 0xf4, 0x00,
    0x00, 0x4f, 0xf3, 0x3f, 0xf3, 0x3f, 0xf3, 0x3f, 0xf4, 0x00, 0x00, 0x03, 0x30, 0x03, 0x30, 0x03,
    0x30, 0x03, 0x30, 0x00, 0x00, 0x03, 0x30, 0x03, 0x30, 0x03, 0x30, 0x03, 0x30, 0x00, 0x00, 0x4f,
    0xf3, 0x3f, 0xf3, 0x3f, 0xf3, 0x3f, 0xf4, 0x00, 0x00, 0x4f, 0xf3, 0x3f, 0xf3, 0x3f, 0xf3, 0x3f,
    0xf4, 0x00, 0x00, 0x04, 0x40, 0x04, 0x40, 0x04, 0x40, 0x04, 0x40, 0x00, 0x00, 0x00, 0x00, 0x00,
    0x00, 0x00, 0x00, 0x00, 0x00, 0x00, 0x00, 0x00, 0x00, 0x00, 0x00, 0x00, 0x00, 0x00, 0x00, 0x00,
    0x00, 0x00, 0x00, 0x00, 0x00, 0x00, 0x00, 0x00, 0x00, 0x00, 0x00, 0x00, 0x00, 0x00, 0x00, 0x00,
    0x00, 0x00, 0x00, 0x00, 0x00, 0x00, 0x00, 0x04, 0x40, 0x04, 0x40, 0x00, 0x00, 0x00, 0x00, 0x00,
    0x00, 0x4f, 0xf3, 0x3f, 0xf4, 0x00, 0x00, 0x00, 0x00, 0x00, 0x00, 0x4f, 0xf3, 0x3f, 0xf4, 0x00,
    0x00, 0x00, 0x00, 0x00, 0x00, 0x03, 0x30, 0x03, 0x30, 0x00, 0x00, 0x00, 0x00, 0x04, 0x40, 0x03,
    0x30, 0x03, 0x30, 0x04, 0x40, 0x00, 0x00, 0x4f, 0xf3, 0x3f, 0xf3, 0x3f, 0xf3, 0x3f, 0xf4, 0x00,
    0x00, 0x4f, 0xf3, 0x3f, 0xf3, 0x3f, 0xf3, 0x3f, 0xf4, 0x00, 0x00, 0x03, 0x30, 0x03, 0x30, 0x03,
    0x30, 0x03, 0x30, 0x00, 0x00, 0x03, 0x30, 0x03, 0x30, 0x03, 0x30, 0x03, 0x30, 0x00, 0x00, 0x4f,
    0xf3, 0x3f, 0xf3, 0x3f, 0xf3, 0x3f, 0xf4, 0x00, 0x00, 0x4f, 0xf3, 0x3f, 0xf3, 0x3f, 0xf3, 0x3f,
    0xf4, 0x00, 0x00, 0x03, 0x30, 0x03, 0x30, 0x03, 0x30, 0x03, 0x30, 0x00, 0x00, 0x03, 0x30, 0x03,
    0x30, 0x03, 0x30, 0x03, 0x30, 0x00, 0x00, 0x4f, 0xf3, 0x3f, 0xf3, 0x3f, 0xf3, 0x3f, 0xf4, 0x00,
    0x00, 0x4f, 0xf3, 0x3f, 0xf3, 0x3f, 0xf3, 0x3f, 0xf4, 0x00, 0x00, 0x04, 0x40, 0x03, 0x30, 0x03,
    0x30, 0x03, 0x30, 0x00, 0x00, 0x00, 0x00, 0x03, 0x30, 0x03, 0x30, 0x03, 0x30, 0x00, 0x00, 0x00,
    0x00, 0x4f, 0xf3, 0x3f, 0xf3, 0x3f, 0xf4, 0x00, 0x00, 0x00, 0x00, 0x4f, 0xf3, 0x3f, 0xf3, 0x3f,
    0xf4, 0x00, 0x00, 0x00, 0x00, 0x04, 0x40, 0x04, 0x40, 0x04, 0x40, 0x00, 0x00, 0x00, 0x00, 0x00,
    0x00, 0x00, 0x00, 0x00, 0x00, 0x00, 0x00, 0x00, 0x00, 0x00, 0x00, 0x00, 0x00, 0x00, 0x00, 0x00,
    0x00, 0x00, 0x00, 0x00, 0x00, 0x00, 0x00, 0x00, 0x00, 0x00, 0x00, 0x00, 0x00, 0x00, 0x00, 0x00,
    0x00, 0x00, 0x00, 0x00, 0x00, 0x04, 0x40, 0x04, 0x40, 0x04, 0x40, 0x00, 0x00, 0x00, 0x00, 0x4f,
    0xf3, 0x3f, 0xf3, 0x3f, 0xf4, 0x00, 0x00, 0x00, 0x00, 0x4f, 0xf3, 0x3f, 0xf3, 0x3f, 0xf4, 0x00,
    0x00, 0x00, 0x00, 0x03, 0x30, 0x03, 0x30, 0x03, 0x30, 0x00, 0x00, 0x00, 0x00, 0x03, 0x30, 0x03,
    0x30, 0x03, 0x30, 0x04, 0x40, 0x00, 0x00, 0x4f, 0xf3, 0x3f, 0xf3, 0x3f, 0xf3, 0x3f, 0xf4, 0x00,
    0x00, 0x4f, 0xf3, 0x3f, 0xf3, 0x3f, 0xf3, 0x3f, 0xf4, 0x00, 0x00, 0x03, 0x30, 0x03, 0x30, 0x03,
    0x30, 0x03, 0x30, 0x00, 0x00, 0x03, 0x30, 0x03, 0x30, 0x03, 0x30, 0x03, 0x30, 0x00, 0x00, 0x4f,
    0xf3, 0x3f, 0xf3, 0x3f, 0xf3, 0x3f, 0xf4, 0x00, 0x00, 0x4f, 0xf3, 0x3f, 0xf3, 0x3f, 0xf3, 0x3f,
    0xf4, 0x00, 0x00, 0x03, 0x30, 0x03, 0x30, 0x03, 0x30, 0x03, 0x30, 0x00, 0x00, 0x03, 0x30, 0x03,
    0x30, 0x03, 0x30, 0x03, 0x30, 0x00, 0x00, 0x4f, 0xf3, 0x3f, 0xf3, 0x3f, 0xf3, 0x3f, 0xf4, 0x00,
    0x00, 0x4f, 0xf3, 0x3f, 0xf3, 0x3f, 0xf3, 0x3f, 0xf4, 0x00, 0x00, 0x03, 0x30, 0x03, 0x30, 0x03,
    0x30, 0x03, 0x30, 0x00, 0x00, 0x03, 0x30, 0x03, 0x30, 0x03, 0x30, 0x03, 0x30, 0x00, 0x00, 0x4f,
    0xf3, 0x3f, 0xf3, 0x3f, 0xf3, 0x3f, 0xf4, 0x00, 0x00, 0x4f, 0xf3, 0x3f, 0xf3, 0x3f, 0xf3, 0x3f,
    0xf4, 0x00, 0x00, 0x03, 0x30, 0x03, 0x30, 0x04, 0x40, 0x04, 0x40, 0x00, 0x00, 0x03, 0x30, 0x03,
    0x30, 0x00, 0x00, 0x00, 0x00, 0x00, 0x00, 0x4f, 0xf3, 0x3f, 0xf4, 0x00, 0x00, 0x00, 0x00, 0x00,
    0x00, 0x4f, 0xf3, 0x3f, 0xf4, 0x00, 0x00, 0x00, 0x00, 0x00, 0x00, 0x04, 0x40, 0x04, 0x40, 0x00,
    0x00, 0x00, 0x00, 0x00, 0x00, 0x00, 0x00, 0x00, 0x00, 0x00, 0x00, 0x00, 0x00, 0x00, 0x00, 0x00,
    0x00, 0x00, 0x00, 0x00, 0x00, 0x00, 0x00, 0x00, 0x00, 0x00, 0x00, 0x00, 0x00, 0x00, 0x00, 0x00,
    0x00, 0x00, 0x00, 0x00, 0x00, 0x00, 0x00, 0x00, 0x00, 0x00, 0x00, 0x00, 0x00, 0x00, 0x00, 0x04,
    0x40, 0x04, 0x40, 0x04, 0x40, 0x00, 0x00, 0x00, 0x00, 0x4f, 0xf3, 0x3f, 0xf3, 0x3f, 0xf4, 0x00,
    0x00, 0x00, 0x00, 0x4f, 0xf3, 0x3f, 0xf3, 0x3f, 0xf4, 0x00, 0x00, 0x00, 0x00, 0x03, 0x30, 0x03,
    0x30, 0x03, 0x30, 0x00, 0x00, 0x04, 0x40, 0x03, 0x30, 0x03, 0x30, 0x03, 0x30, 0x00, 0x00, 0x4f,
    0xf3, 0x3f, 0xf3, 0x3f, 0xf3, 0x3f, 0xf4, 0x00, 0x00, 0x4f, 0xf3, 0x3f, 0xf3, 0x3f, 0xf3, 0x3f,
    0xf4, 0x00, 0x00, 0x03, 0x30, 0x03, 0x30, 0x03, 0x30, 0x03, 0x30, 0x00, 0x00, 0x03, 0x30, 0x03,
    0x30, 0x03, 0x30, 0x03, 0x30, 0x00, 0x00, 0x4f, 0xf3, 0x3f, 0xf3, 0x3f, 0xf3, 0x3f, 0xf4, 0x00,
    0x00, 0x4f, 0xf3, 0x3f, 0xf3, 0x3f, 0xf3, 0x3f, 0xf4, 0x00, 0x00, 0x03, 0x30, 0x03, 0x30, 0x03,
    0x30, 0x03, 0x30, 0x00, 0x00, 0x03, 0x30, 0x03, 0x30, 0x03, 0x30, 0x03, 0x30, 0x00, 0x00, 0x4f,
    0xf3, 0x3f, 0xf3, 0x3f, 0xf3, 0x3f, 0xf4, 0x00, 0x00, 0x4f, 0xf3, 0x3f, 0xf3, 0x3f, 0xf3, 0x3f,
    0xf4, 0x00, 0x00, 0x04, 0x40, 0x03, 0x30, 0x03, 0x30, 0x03, 0x30, 0x00, 0x00, 0x00, 0x00, 0x03,
    0x30, 0x03, 0x30, 0x03, 0x30, 0x00, 0x00, 0x00, 0x00, 0x4f, 0xf3, 0x3f, 0xf3, 0x3f, 0xf4, 0x00,
    0x00, 0x00, 0x00, 0x4f, 0xf3, 0x3f, 0xf3, 0x3f, 0xf4, 0x00, 0x00, 0x00, 0x00, 0x04, 0x40, 0x03,
    0x30, 0x03, 0x30, 0x00, 0x00, 0x00, 0x00, 0x00, 0x00, 0x03, 0x30, 0x03, 0x30, 0x00, 0x00, 0x00,
    0x00, 0x00, 0x00, 0x4f, 0xf3, 0x3f, 0xf4, 0x00, 0x00, 0x00, 0x00, 0x00, 0x00, 0x4f, 0xf3, 0x3f,
    0xf4, 0x00, 0x00, 0x00, 0x00, 0x00, 0x00, 0x04, 0x40, 0x04, 0x40, 0x00, 0x00, 0x00, 0x00, 0x00,
    0x00, 0x00, 0x00, 0x00, 0x00, 0x00, 0x00, 0x00, 0x00, 0x00, 0x00, 0x00, 0x00, 0x00, 0x00, 0x00,
    0x00, 0x00, 0x00, 0x00, 0x00, 0x00, 0x00, 0x00, 0x00, 0x00, 0x00, 0x00, 0x00, 0x00, 0x00, 0x00,
    0x00, 0x04, 0x40, 0x04, 0x40, 0x04, 0x40, 0x00, 0x00, 0x4f, 0xf3, 0x3f, 0xf3, 0x3f, 0xf4, 0x00,
    0x00, 0x4f, 0xf3, 0x3f, 0xf3, 0x3f, 0xf4, 0x00, 0x00, 0x03, 0x30, 0x03, 0x30, 0x03, 0x30, 0x00,
    0x00, 0x03, 0x30, 0x03, 0x30, 0x03, 0x30, 0x00, 0x00, 0x4f, 0xf3, 0x3f, 0xf3, 0x3f, 0xf4, 0x00,
    0x00, 0x4f, 0xf3, 0x3f, 0xf3, 0x3f, 0xf4, 0x00, 0x00, 0x03, 0x30, 0x04, 0x40, 0x04, 0x40, 0x00,
    0x00, 0x03, 0x30, 0x00, 0x00, 0x00, 0x00, 0x00, 0x00, 0x4f, 0xf4, 0x00, 0x00, 0x00, 0x00, 0x00,
    0x00, 0x4f, 0xf4, 0x00, 0x00, 0x00, 0x00, 0x00, 0x00, 0x03, 0x30, 0x00, 0x00, 0x00, 0x00, 0x00,
    0x00, 0x03, 0x30, 0x00, 0x00, 0x00, 0x00, 0x00, 0x00, 0x4f, 0xf4, 0x00, 0x00, 0x00, 0x00, 0x00,
    0x00, 0x4f, 0xf4, 0x00, 0x00, 0x00, 0x00, 0x00, 0x00, 0x03, 0x30, 0x00, 0x00, 0x00, 0x00, 0x00,
    0x00, 0x03, 0x30, 0x00, 0x00, 0x00, 0x00, 0x00, 0x00, 0x4f, 0xf4, 0x00, 0x00, 0x00, 0x00, 0x00,
    0x00, 0x4f, 0xf4, 0x00, 0x00, 0x00, 0x00, 0x00, 0x00, 0x04, 0x40, 0x00, 0x00, 0x00, 0x00, 0x00,
    0x00, 0x00, 0x00, 0x00, 0x00, 0x00, 0x00, 0x00, 0x00, 0x00, 0x00, 0x00, 0x00, 0x00, 0x00, 0x00,
    0x00, 0x00, 0x00, 0x00, 0x00, 0x00, 0x00, 0x00, 0x00, 0x00, 0x00, 0x00, 0x00, 0x00, 0x00, 0x00,
    0x00, 0x00, 0x00, 0x00, 0x00, 0x00, 0x00, 0x04, 0x40, 0x04, 0x40, 0x00, 0x00, 0x00, 0x00, 0x00,
    0x00, 0x4f, 0xf3, 0x3f, 0xf4, 0x00, 0x00, 0x00, 0x00, 0x00, 0x00, 0x4f, 0xf3, 0x3f, 0xf4, 0x00,
    0x00, 0x00, 0x00, 0x00, 0x00, 0x03, 0x30, 0x03, 0x30, 0x00, 0x00, 0x00, 0x00, 0x04, 0x40, 0x03,
    0x30, 0x03, 0x30, 0x04, 0x40, 0x00, 0x00, 0x4f, 0xf3, 0x3f, 0xf3, 0x3f, 0xf3, 0x3f, 0xf4, 0x00,
    0x00, 0x4f, 0xf3, 0x3f, 0xf3, 0x3f, 0xf3, 0x3f, 0xf4, 0x00, 0x00, 0x03, 0x30, 0x03, 0x30, 0x03,
    0x30, 0x03, 0x30, 0x00, 0x00, 0x03, 0x30, 0x03, 0x30, 0x03, 0x30, 0x03, 0x30, 0x00, 0x00, 0x4f,
    0xf3, 0x3f, 0xf3, 0x3f, 0xf3, 0x3f, 0xf4, 0x00, 0x00, 0x4f, 0xf3, 0x3f, 0xf3, 0x3f, 0xf3, 0x3f,
    0xf4, 0x00, 0x00, 0x03, 0x30, 0x03, 0x30, 0x03, 0x30, 0x03, 0x30, 0x00, 0x00, 0x03, 0x30, 0x03,
    0x30, 0x03, 0x30, 0x03, 0x30, 0x00, 0x00, 0x4f, 0xf3, 0x3f, 0xf3, 0x3f, 0xf3, 0x3f, 0xf4, 0x00,
    0x00, 0x4f, 0xf3, 0x3f, 0xf3, 0x3f, 0xf3, 0x3f, 0xf4, 0x00, 0x00, 0x04, 0x40, 0x03, 0x30, 0x03,
    0x30, 0x03, 0x30, 0x00, 0x00, 0x00, 0x00, 0x03, 0x30, 0x03, 0x30, 0x03, 0x30, 0x00, 0x00, 0x00,
    0x00, 0x4f, 0xf3, 0x3f, 0xf3, 0x3f, 0xf4, 0x00, 0x00, 0x00, 0x00, 0x4f, 0xf3, 0x3f, 0xf3, 0x3f,
    0xf4, 0x00, 0x00, 0x00, 0x00, 0x04, 0x40, 0x04, 0x40, 0x04, 0x40, 0x00, 0x00, 0x00, 0x00, 0x00,
    0x00, 0x00, 0x00, 0x00, 0x00, 0x00, 0x00, 0x00, 0x00, 0x00, 0x00, 0x00, 0x00, 0x00, 0x00, 0x00,
    0x00, 0x00, 0x00, 0x00, 0x00, 0x00, 0x00, 0x00, 0x00, 0x00, 0x00, 0x00, 0x00, 0x00, 0x00, 0x00,
    0x00, 0x00, 0x00, 0x00, 0x00, 0x00, 0x00, 0x04, 0x40, 0x00, 0x00, 0x00, 0x00, 0x00, 0x00, 0x00,
    0x00, 0x4f, 0xf4, 0x00, 0x00, 0x00, 0x00, 0x00, 0x00, 0x00, 0x00, 0x4f, 0xf4, 0x00, 0x00, 0x00,
    0x00, 0x00, 0x00, 0x00, 0x00, 0x03, 0x30, 0x00, 0x00, 0x00, 0x00, 0x00, 0x00, 0x04, 0x40, 0x03,
    0x30, 0x04, 0x40, 0x04, 0x40, 0x00, 0x00, 0x4f, 0xf3, 0x3f, 0xf3, 0x3f, 0xf3, 0x3f, 0xf4, 0x00,
    0x00, 0x4f, 0xf3, 0x3f, 0xf3, 0x3f, 0xf3, 0x3f, 0xf4, 0x00, 0x00, 0x03, 0x30, 0x03, 0x30, 0x03,
    0x30, 0x03, 0x30, 0x00, 0x00, 0x03, 0x30, 0x03, 0x30, 0x03, 0x30, 0x03, 0x30, 0x00, 0x00, 0x4f,
    0xf3, 0x3f, 0xf3, 0x3f, 0xf3, 0x3f, 0xf4, 0x00, 0x00, 0x4f, 0xf3, 0x3f, 0xf3, 0x3f, 0xf3, 0x3f,
    0xf4, 0x00, 0x00, 0x04, 0x40, 0x03, 0x30, 0x03, 0x30, 0x04, 0x40, 0x00, 0x00, 0x00, 0x00, 0x03,
    0x30, 0x03, 0x30, 0x00, 0x00, 0x00, 0x00, 0x00, 0x00, 0x4f, 0xf3, 0x3f, 0xf4, 0x00, 0x00, 0x00,
    0x00, 0x00, 0x00, 0x4f, 0xf3, 0x3f, 0xf4, 0x00, 0x00, 0x00, 0x00, 0x00, 0x00, 0x03, 0x30, 0x03,
    0x30, 0x00, 0x00, 0x00, 0x00, 0x00, 0x00, 0x03, 0x30, 0x03, 0x30, 0x04, 0x40, 0x00, 0x00, 0x00,
    0x00, 0x4f, 0xf3, 0x3f, 0xf3, 0x3f, 0xf4, 0x00, 0x00, 0x00, 0x00, 0x4f, 0xf3, 0x3f, 0xf3, 0x3f,
    0xf4, 0x00, 0x00, 0x00, 0x00, 0x03, 0x30, 0x03, 0x30, 0x03, 0x30, 0x00, 0x00, 0x00, 0x00, 0x03,
    0x30, 0x03, 0x30, 0x03, 0x30, 0x00, 0x00, 0x00, 0x00, 0x4f, 0xf3, 0x3f, 0xf3, 0x3f, 0xf4, 0x00,
    0x00, 0x00, 0x00, 0x4f, 0xf3, 0x3f, 0xf3, 0x3f, 0xf4, 0x00, 0x00, 0x00, 0x00, 0x04, 0x40, 0x04,
    0x40, 0x04, 0x40, 0x00, 0x00, 0x00, 0x00, 0x00, 0x00, 0x00, 0x00, 0x00, 0x00, 0x00, 0x00, 0x00,
    0x00, 0x00, 0x00, 0x00, 0x00, 0x00, 0x00, 0x00, 0x00, 0x00, 0x00, 0x00, 0x00, 0x00, 0x00, 0x00,
    0x00, 0x00, 0x00, 0x00, 0x00, 0x00, 0x00, 0x00, 0x00, 0x00, 0x00, 0x00, 0x00, 0x04, 0x40, 0x04,
    0x40, 0x04, 0x40, 0x04, 0x40, 0x00, 0x00, 0x4f, 0xf3, 0x3f, 0xf3, 0x3f, 0xf3, 0x3f, 0xf4, 0x00,
    0x00, 0x4f, 0xf3, 0x3f, 0xf3, 0x3f, 0xf3, 0x3f, 0xf4, 0x00, 0x00, 0x03, 0x30, 0x03, 0x30, 0x03,
    0x30, 0x03, 0x30, 0x00, 0x00, 0x03, 0x30, 0x03, 0x30, 0x03, 0x30, 0x03, 0x30, 0x00, 0x00, 0x4f,
    0xf3, 0x3f, 0xf3, 0x3f, 0xf3, 0x3f, 0xf4, 0x00, 0x00, 0x4f, 0xf3, 0x3f, 0xf3, 0x3f, 0xf3, 0x3f,
    0xf4, 0x00, 0x00, 0x03, 0x30, 0x03, 0x30, 0x03, 0x30, 0x03, 0x30, 0x00, 0x00, 0x03, 0x30, 0x03,
    0x30, 0x03, 0x30, 0x03, 0x30, 0x00, 0x00, 0x4f, 0xf3, 0x3f, 0xf3, 0x3f, 0xf3, 0x3f, 0xf4, 0x00,
    0x00, 0x4f, 0xf3, 0x3f, 0xf3, 0x3f, 0xf3, 0x3f, 0xf4, 0x00, 0x00, 0x03, 0x30, 0x03, 0x30, 0x03,
    0x30, 0x03, 0x30, 0x00, 0x00, 0x03, 0x30, 0x03, 0x30, 0x03, 0x30, 0x03, 0x30, 0x00, 0x00, 0x4f,
    0xf3, 0x3f, 0xf3, 0x3f, 0xf3, 0x3f, 0xf4, 0x00, 0x00, 0x4f, 0xf3, 0x3f, 0xf3, 0x3f, 0xf3, 0x3f,
    0xf4, 0x00, 0x00, 0x03, 0x30, 0x03, 0x30, 0x03, 0x30, 0x03, 0x30, 0x00, 0x00, 0x03, 0x30, 0x03,
    0x30, 0x03, 0x30, 0x03, 0x30, 0x00, 0x00, 0x4f, 0xf3, 0x3f, 0xf3, 0x3f, 0xf3, 0x3f, 0xf4, 0x00,
    0x00, 0x4f, 0xf3, 0x3f, 0xf3, 0x3f, 0xf3, 0x3f, 0xf4, 0x00, 0x00, 0x04, 0x40, 0x04, 0x40, 0x04,
    0x40, 0x04, 0x40, 0x00, 0x00, 0x00, 0x00, 0x00, 0x00, 0x00, 0x00, 0x00, 0x00, 0x00, 0x00, 0x00,
    0x00, 0x00, 0x00, 0x00, 0x00, 0x00, 0x00, 0x00, 0x00, 0x00, 0x00, 0x00, 0x00, 0x00, 0x00, 0x00,
    0x00, 0x00, 0x00, 0x00, 0x00, 0x00, 0x00, 0x00, 0x00, 0x00, 0x00, 0x00, 0x00, 0x04, 0x40, 0x04,
    0x40, 0x00, 0x00, 0x04, 0x40, 0x00, 0x00, 0x4f, 0xf3, 0x3f, 0xf4, 0x00, 0x00, 0x4f, 0xf4, 0x00,
    0x00, 0x4f, 0xf3, 0x3f, 0xf4, 0x00, 0x00, 0x4f, 0xf4, 0x00, 0x00, 0x03, 0x30, 0x03, 0x30, 0x00,
    0x00, 0x03, 0x30, 0x00, 0x00, 0x03, 0x30, 0x03, 0x30, 0x04, 0x40, 0x03, 0x30, 0x00, 0x00, 0x4f,
    0xf3, 0x3f, 0xf3, 0x3f, 0xf3, 0x3f, 0xf4, 0x00, 0x00, 0x4f, 0xf3, 0x3f, 0xf3, 0x3f, 0xf3, 0x3f,
    0xf4, 0x00, 0x00, 0x03, 0x30, 0x03, 0x30, 0x03, 0x30, 0x03, 0x30, 0x00, 0x00, 0x03, 0x30, 0x03,
    0x30, 0x03, 0x30, 0x03, 0x30, 0x00, 0x00, 0x4f, 0xf3, 0x3f, 0xf3, 0x3f, 0xf3, 0x3f, 0xf4, 0x00,
    0x00, 0x4f, 0xf3, 0x3f, 0xf3, 0x3f, 0xf3, 0x3f, 0xf4, 0x00, 0x00, 0x04, 0x40, 0x03, 0x30, 0x03,
    0x30, 0x04, 0x40, 0x00, 0x00, 0x00, 0x00, 0x03, 0x30, 0x03, 0x30, 0x00, 0x00, 0x00, 0x00, 0x00,
    0x00, 0x4f, 0xf3, 0x3f, 0xf4, 0x00, 0x00, 0x00, 0x00, 0x00, 0x00, 0x4f, 0xf3, 0x3f, 0xf4, 0x00,
    0x00, 0x00, 0x00, 0x00, 0x00, 0x03, 0x30, 0x03, 0x30, 0x00, 0x00, 0x00, 0x00, 0x00, 0x00, 0x03,
    0x30, 0x03, 0x30, 0x00, 0x00, 0x00, 0x00, 0x00, 0x00, 0x4f, 0xf3, 0x3f, 0xf4, 0x00, 0x00, 0x00,
    0x00, 0x00, 0x00, 0x4f, 0xf3, 0x3f, 0xf4, 0x00, 0x00, 0x00, 0x00, 0x00, 0x00, 0x04, 0x40, 0x04,
    0x40, 0x00, 0x00, 0x00, 0x00, 0x00, 0x00, 0x00, 0x00, 0x00, 0x00, 0x00, 0x00, 0x00, 0x00, 0x00,
    0x00, 0x00, 0x00, 0x00, 0x00, 0x00, 0x00, 0x00, 0x00, 0x00, 0x00, 0x00, 0x00, 0x00, 0x00, 0x00,
    0x00, 0x00, 0x00, 0x00, 0x00, 0x00, 0x00, 0x00, 0x00, 0x00, 0x00, 0x00, 0x00, 0x04, 0x40, 0x04,
    0x40, 0x04, 0x40, 0x04, 0x40, 0x00, 0x00, 0x4f, 0xf3, 0x3f, 0xf3, 0x3f, 0xf3, 0x3f, 0xf4, 0x00,
    0x00, 0x4f, 0xf3, 0x3f, 0xf3, 0x3f, 0xf3, 0x3f, 0xf4, 0x00, 0x00, 0x03, 0x30, 0x03, 0x30, 0x03,
    0x30, 0x03, 0x30, 0x00, 0x00, 0x03, 0x30, 0x03, 0x30, 0x03, 0x30, 0x03, 0x30, 0x00, 0x00, 0x4f,
    0xf3, 0x3f, 0xf3, 0x3f, 0xf3, 0x3f, 0xf4, 0x00, 0x00, 0x4f, 0xf3, 0x3f, 0xf3, 0x3f, 0xf3, 0x3f,
    0xf4, 0x00, 0x00, 0x03, 0x30, 0x03, 0x30, 0x03, 0x30, 0x03, 0x30, 0x00, 0x00, 0x03, 0x30, 0x03,
    0x30, 0x03, 0x30, 0x03, 0x30, 0x00, 0x00, 0x4f, 0xf3, 0x3f, 0xf3, 0x3f, 0xf3, 0x3f, 0xf4, 0x00,
    0x00, 0x4f, 0xf3, 0x3f, 0xf3, 0x3f, 0xf3, 0x3f, 0xf4, 0x00, 0x00, 0x03, 0x30, 0x03, 0x30, 0x03,
    0x30, 0x03, 0x30, 0x00, 0x00, 0x03, 0x30, 0x03, 0x30, 0x03, 0x30, 0x03, 0x30, 0x00, 0x00, 0x4f,
    0xf3, 0x3f, 0xf3, 0x3f, 0xf3, 0x3f, 0xf4, 0x00, 0x00, 0x4f, 0xf3, 0x3f, 0xf3, 0x3f, 0xf3, 0x3f,
    0xf4, 0x00, 0x00, 0x03, 0x30, 0x03, 0x30, 0x03, 0x30, 0x03, 0x30, 0x00, 0x00, 0x03, 0x30, 0x03,
    0x30, 0x03, 0x30, 0x03, 0x30, 0x00, 0x00, 0x4f, 0xf3, 0x3f, 0xf3, 0x3f, 0xf3, 0x3f, 0xf4, 0x00,
    0x00, 0x4f, 0xf3, 0x3f, 0xf3, 0x3f, 0xf3, 0x3f, 0xf4, 0x00, 0x00, 0x04, 0x40, 0x04, 0x40, 0x04,
    0x40, 0x04, 0x40, 0x00, 0x00, 0x00, 0x00, 0x00, 0x00, 0x00, 0x00, 0x00, 0x00, 0x00, 0x00, 0x00,
    0x00, 0x00, 0x00, 0x00, 0x00, 0x00, 0x00, 0x00, 0x00, 0x00, 0x00, 0x00, 0x00, 0x00, 0x00, 0x00,
    0x00, 0x00, 0x00, 0x00, 0x00, 0x00, 0x00, 0x00, 0x00, 0x00, 0x00, 0x00, 0x00, 0x04, 0x40, 0x04,
    0x40, 0x00, 0x00, 0x04, 0x40, 0x00, 0x00, 0x4f, 0xf3, 0x3f, 0xf4, 0x00, 0x00, 0x4f, 0xf4, 0x00,
    0x00, 0x4f, 0xf3, 0x3f, 0xf4, 0x00, 0x00, 0x4f, 0xf4, 0x00, 0x00, 0x03, 0x30, 0x03, 0x30, 0x00,
    0x00, 0x03, 0x30, 0x00, 0x00, 0x03, 0x30, 0x03, 0x30, 0x04, 0x40, 0x03, 0x30, 0x00, 0x00, 0x4f,
    0xf3, 0x3f, 0xf3, 0x3f, 0xf3, 0x3f, 0xf4, 0x00, 0x00, 0x4f, 0xf3, 0x3f, 0xf3, 0x3f, 0xf3, 0x3f,
    0xf4, 0x00, 0x00, 0x04, 0x40, 0x03, 0x30, 0x03, 0x30, 0x04, 0x40, 0x00, 0x00, 0x00, 0x00, 0x03,
    0x30, 0x03, 0x30, 0x00, 0x00, 0x00, 0x00, 0x00, 0x00, 0x4f, 0xf3, 0x3f, 0xf4, 0x00, 0x00, 0x00,
    0x00, 0x00, 0x00, 0x4f, 0xf3, 0x3f, 0xf4, 0x00, 0x00, 0x00, 0x00, 0x00, 0x00, 0x03, 0x30, 0x03,
    0x30, 0x00, 0x00, 0x00, 0x00, 0x04, 0x40, 0x03, 0x30, 0x03, 0x30, 0x04, 0x40, 0x00, 0x00, 0x4f,
    0xf3, 0x3f, 0xf3, 0x3f, 0xf3, 0x3f, 0xf4, 0x00, 0x00, 0x4f, 0xf3, 0x3f, 0xf3, 0x3f, 0xf3, 0x3f,
    0xf4, 0x00, 0x00, 0x03, 0x30, 0x03, 0x30, 0x03, 0x30, 0x03, 0x30, 0x00, 0x00, 0x03, 0x30, 0x03,
    0x30, 0x03, 0x30, 0x03, 0x30, 0x00, 0x00, 0x4f, 0xf3, 0x3f, 0xf3, 0x3f, 0xf3, 0x3f, 0xf4, 0x00,
    0x00, 0x4f, 0xf3, 0x3f, 0xf3, 0x3f, 0xf3, 0x3f, 0xf4, 0x00, 0x00, 0x04, 0x40, 0x04, 0x40, 0x04,
    0x40, 0x04, 0x40, 0x00, 0x00, 0x00, 0x00, 0x00, 0x00, 0x00, 0x00, 0x00, 0x00, 0x00, 0x00, 0x00,
    0x00, 0x00, 0x00, 0x00, 0x00, 0x00, 0x00, 0x00, 0x00, 0x00, 0x00, 0x00, 0x00, 0x00, 0x00, 0x00,
    0x00, 0x00, 0x00, 0x00, 0x00, 0x00, 0x00, 0x00, 0x00, 0x00, 0x00, 0x00, 0x00, 0x00, 0x00, 0x00,
    0x00, 0x04, 0x40, 0x04, 0x40, 0x00, 0x00, 0x04, 0x40, 0x04, 0x40, 0x00, 0x00, 0x4f, 0xf3, 0x3f,
    0xf4, 0x00, 0x00, 0x4f, 0xf3, 0x3f, 0xf4, 0x00, 0x00, 0x4f, 0xf3, 0x3f, 0xf4, 0x00, 0x00, 0x4f,
    0xf3, 0x3f, 0xf4, 0x00, 0x00, 0x03, 0x30, 0x03, 0x30, 0x00, 0x00, 0x03, 0x30, 0x04, 0x40, 0x00,
    0x00, 0x03, 0x30, 0x03, 0x30, 0x04, 0x40, 0x03, 0x30, 0x00, 0x00, 0x00, 0x00, 0x4f, 0xf3, 0x3f,
    0xf3, 0x3f, 0xf3, 0x3f, 0xf4, 0x00, 0x00, 0x00, 0x00, 0x4f, 0xf3, 0x3f, 0xf3, 0x3f, 0xf3, 0x3f,
    0xf4, 0x00, 0x00, 0x00, 0x00, 0x03, 0x30, 0x03, 0x30, 0x03, 0x30, 0x03, 0x30, 0x00, 0x00, 0x00,
    0x00, 0x03, 0x30, 0x03, 0x30, 0x03, 0x30, 0x03, 0x30, 0x00, 0x00, 0x00, 0x00, 0x4f, 0xf3, 0x3f,
    0xf3, 0x3f, 0xf3, 0x3f, 0xf4, 0x00, 0x00, 0x00, 0x00, 0x4f, 0xf3, 0x3f, 0xf3, 0x3f, 0xf3, 0x3f,
    0xf4, 0x00, 0x00, 0x00, 0x00, 0x04, 0x40, 0x03, 0x30, 0x03, 0x30, 0x03, 0x30, 0x00, 0x00, 0x00,
    0x00, 0x00, 0x00, 0x03, 0x30, 0x03, 0x30, 0x03, 0x30, 0x00, 0x00, 0x00, 0x00, 0x00, 0x00, 0x4f,
    0xf3, 0x3f, 0xf3, 0x3f, 0xf4, 0x00, 0x00, 0x00, 0x00, 0x00, 0x00, 0x4f, 0xf3, 0x3f, 0xf3, 0x3f,
    0xf4, 0x00, 0x00, 0x00, 0x00, 0x00, 0x00, 0x03, 0x30, 0x03, 0x30, 0x04, 0x40, 0x00, 0x00, 0x00,
    0x00, 0x00, 0x00, 0x03, 0x30, 0x03, 0x30, 0x00, 0x00, 0x00, 0x00, 0x00, 0x00, 0x00, 0x00, 0x4f,
    0xf3, 0x3f, 0xf4, 0x00, 0x00, 0x00, 0x00, 0x00, 0x00, 0x00, 0x00, 0x4f, 0xf3, 0x3f, 0xf4, 0x00,
    0x00, 0x00, 0x00, 0x00, 0x00, 0x00, 0x00, 0x03, 0x30, 0x03, 0x30, 0x00, 0x00, 0x00, 0x00, 0x00,
    0x00, 0x04, 0x40, 0x03, 0x30, 0x03, 0x30, 0x00, 0x00, 0x00, 0x00, 0x00, 0x00, 0x4f, 0xf3, 0x3f,
    0xf3, 0x3f, 0xf4, 0x00, 0x00, 0x00, 0x00, 0x00, 0x00, 0x4f, 0xf3, 0x3f, 0xf3, 0x3f, 0xf4, 0x00,
    0x00, 0x00, 0x00, 0x00, 0x00, 0x04, 0x40, 0x04, 0x40, 0x04, 0x40, 0x00, 0x00, 0x00, 0x00, 0x00,
    0x00, 0x00, 0x00, 0x00, 0x00, 0x00, 0x00, 0x00, 0x00, 0x00, 0x00, 0x00, 0x00, 0x00, 0x00, 0x00,
    0x00, 0x00, 0x00, 0x00, 0x00, 0x00, 0x00, 0x00, 0x00, 0x00, 0x00, 0x00, 0x00, 0x00, 0x00, 0x00,
    0x00, 0x00, 0x00, 0x00, 0x00, 0x00, 0x00, 0x00, 0x00, 0x00, 0x00, 0x00, 0x00, 0x04, 0x40, 0x04,
    0x40, 0x04, 0x40, 0x04, 0x40, 0x00, 0x00, 0x4f, 0xf3, 0x3f, 0xf3, 0x3f, 0xf3, 0x3f, 0xf4, 0x00,
    0x00, 0x4f, 0xf3, 0x3f, 0xf3, 0x3f, 0xf3, 0x3f, 0xf4, 0x00, 0x00, 0x03, 0x30, 0x03, 0x30, 0x03,
    0x30, 0x03, 0x30, 0x00, 0x00, 0x03, 0x30, 0x03, 0x30, 0x03, 0x30, 0x03, 0x30, 0x00, 0x00, 0x4f,
    0xf3, 0x3f, 0xf3, 0x3f, 0xf3, 0x3f, 0xf4, 0x00, 0x00, 0x4f, 0xf3, 0x3f, 0xf3, 0x3f, 0xf3, 0x3f,
    0xf4, 0x00, 0x00, 0x04, 0x40, 0x03, 0x30, 0x03, 0x30, 0x04, 0x40, 0x00, 0x00, 0x00, 0x00, 0x03,
    0x30, 0x03, 0x30, 0x00, 0x00, 0x00, 0x00, 0x00, 0x00, 0x4f, 0xf3, 0x3f, 0xf4, 0x00, 0x00, 0x00,
    0x00, 0x00, 0x00, 0x4f, 0xf3, 0x3f, 0xf4, 0x00, 0x00, 0x00, 0x00, 0x00, 0x00, 0x03, 0x30, 0x03,
    0x30, 0x00, 0x00, 0x00, 0x00, 0x04, 0x40, 0x03, 0x30, 0x03, 0x30, 0x04, 0x40, 0x00, 0x00, 0x4f,
    0xf3, 0x3f, 0xf3, 0x3f, 0xf3, 0x3f, 0xf4, 0x00, 0x00, 0x4f, 0xf3, 0x3f, 0xf3, 0x3f, 0xf3, 0x3f,
    0xf4, 0x00, 0x00, 0x03, 0x30, 0x03, 0x30, 0x03, 0x30, 0x03, 0x30, 0x00, 0x00, 0x03, 0x30, 0x03,
    0x30, 0x03, 0x30, 0x03, 0x30, 0x00, 0x00, 0x4f, 0xf3, 0x3f, 0xf3, 0x3f, 0xf3, 0x3f, 0xf4, 0x00,
    0x00, 0x4f, 0xf3, 0x3f, 0xf3, 0x3f, 0xf3, 0x3f, 0xf4, 0x00, 0x00, 0x04, 0x40, 0x04, 0x40, 0x04,
    0x40, 0x04, 0x40, 0x00, 0x00, 0x00, 0x00, 0x00, 0x00, 0x00, 0x00, 0x00, 0x00, 0x00, 0x00, 0x00,
    0x00, 0x00, 0x00, 0x00, 0x00, 0x00, 0x00, 0x00, 0x00, 0x00, 0x00, 0x00, 0x00, 0x00, 0x00, 0x00,
    0x00, 0x00, 0x00, 0x00, 0x00, 0x00, 0x00, 0x00, 0x00, 0x00, 0x00, 0x04, 0x40, 0x04, 0x40, 0x00,
    0x00, 0x00, 0x00, 0x4f, 0xf3, 0x3f, 0xf4, 0x00, 0x00, 0x00, 0x00, 0x4f, 0xf3, 0x3f, 0xf4, 0x00,
    0x00, 0x00, 0x00, 0x03, 0x30, 0x04, 0x40, 0x00, 0x00, 0x00, 0x00, 0x03, 0x30, 0x00, 0x00, 0x00,
    0x00, 0x00, 0x00, 0x4f, 0xf4, 0x00, 0x00, 0x00, 0x00, 0x00, 0x00, 0x4f, 0xf4, 0x00, 0x00, 0x00,
    0x00, 0x00, 0x00, 0x03, 0x30, 0x00, 0x00, 0x00, 0x00, 0x04, 0x40, 0x03, 0x30, 0x00, 0x00, 0x00,
    0x00, 0x4f, 0xf3, 0x3f, 0xf4, 0x00, 0x00, 0x00, 0x00, 0x4f, 0xf3, 0x3f, 0xf4, 0x00, 0x00, 0x00,
    0x00, 0x03, 0x30, 0x03, 0x30, 0x00, 0x00, 0x00, 0x00, 0x03, 0x30, 0x03, 0x30, 0x00, 0x00, 0x00,
    0x00, 0x4f, 0xf3, 0x3f, 0xf4, 0x00, 0x00, 0x00, 0x00, 0x4f, 0xf3, 0x3f, 0xf4, 0x00, 0x00, 0x00,
    0x00, 0x03, 0x30, 0x03, 0x30, 0x00, 0x00, 0x00, 0x00, 0x03, 0x30, 0x03, 0x30, 0x00, 0x00, 0x00,
    0x00, 0x4f, 0xf3, 0x3f, 0xf4, 0x00, 0x00, 0x00, 0x00, 0x4f, 0xf3, 0x3f, 0xf4, 0x00, 0x00, 0x00,
    0x00, 0x04, 0x40, 0x03, 0x30, 0x00, 0x00, 0x00, 0x00, 0x00, 0x00, 0x03, 0x30, 0x00, 0x00, 0x00,
    0x00, 0x00, 0x00, 0x4f, 0xf4, 0x00, 0x00, 0x00, 0x00, 0x00, 0x00, 0x4f, 0xf4, 0x00, 0x00, 0x00,
    0x00, 0x00, 0x00, 0x03, 0x30, 0x00, 0x00, 0x00, 0x00, 0x00, 0x00, 0x03, 0x30, 0x04, 0x40, 0x00,
    0x00, 0x00, 0x00, 0x4f, 0xf3, 0x3f, 0xf4, 0x00, 0x00, 0x00, 0x00, 0x4f, 0xf3, 0x3f, 0xf4, 0x00,
    0x00, 0x00, 0x00, 0x04, 0x40, 0x04, 0x40, 0x00, 0x00, 0x00, 0x00, 0x00, 0x00, 0x00, 0x00, 0x00,
    0x00, 0x00, 0x00, 0x00, 0x00, 0x00, 0x00, 0x00, 0x00, 0x00, 0x00, 0x00, 0x00, 0x00, 0x00, 0x00,
    0x00, 0x00, 0x00, 0x00, 0x00, 0x04, 0x40, 0x04, 0x40, 0x00, 0x00, 0x4f, 0xf3, 0x3f, 0xf4, 0x00,
    0x00, 0x4f, 0xf3, 0x3f, 0xf4, 0x00, 0x00, 0x03, 0x30, 0x03, 0x30, 0x00, 0x00, 0x03, 0x30, 0x03,
    0x30, 0x00, 0x00, 0x4f, 0xf3, 0x3f, 0xf4, 0x00, 0x00, 0x4f, 0xf3, 0x3f, 0xf4, 0x00, 0x00, 0x03,
    0x30, 0x03, 0x30, 0x00, 0x00, 0x03, 0x30, 0x03, 0x30, 0x00, 0x00, 0x4f, 0xf3, 0x3f, 0xf4, 0x00,
    0x00, 0x4f, 0xf3, 0x3f, 0xf4, 0x00, 0x00, 0x03, 0x30, 0x03, 0x30, 0x00, 0x00, 0x03, 0x30, 0x03,
    0x30, 0x00, 0x00, 0x4f, 0xf3, 0x3f, 0xf4, 0x00, 0x00, 0x4f, 0xf3, 0x3f, 0xf4, 0x00, 0x00, 0x03,
    0x30, 0x03, 0x30, 0x00, 0x00, 0x03, 0x30, 0x03, 0x30, 0x00, 0x00, 0x4f, 0xf3, 0x3f, 0xf4, 0x00,
    0x00, 0x4f, 0xf3, 0x3f, 0xf4, 0x00, 0x00, 0x03, 0x30, 0x03, 0x30, 0x00, 0x00, 0x03, 0x30, 0x03,
    0x30, 0x00, 0x00, 0x4f, 0xf3, 0x3f, 0xf4, 0x00, 0x00, 0x4f, 0xf3, 0x3f, 0xf4, 0x00, 0x00, 0x03,
    0x30, 0x03, 0x30, 0x00, 0x00, 0x03, 0x30, 0x03, 0x30, 0x00, 0x00, 0x4f, 0xf3, 0x3f, 0xf4, 0x00,
    0x00, 0x4f, 0xf3, 0x3f, 0xf4, 0x00, 0x00, 0x04, 0x40, 0x04, 0x40, 0x00, 0x00, 0x00, 0x00, 0x00,
    0x00, 0x00, 0x00, 0x00, 0x00, 0x00, 0x00, 0x00, 0x00, 0x00, 0x00, 0x00, 0x00, 0x00, 0x00, 0x00,
    0x00, 0x00, 0x00, 0x00, 0x00, 0x00, 0x00, 0x00, 0x00, 0x04, 0x40, 0x04, 0x40, 0x00, 0x00, 0x00,
    0x00, 0x4f, 0xf3, 0x3f, 0xf4, 0x00, 0x00, 0x00, 0x00, 0x4f, 0xf3, 0x3f, 0xf4, 0x00, 0x00, 0x00,
    0x00, 0x03, 0x30, 0x03, 0x30, 0x00, 0x00, 0x00, 0x00, 0x03, 0x30, 0x03, 0x30, 0x00, 0x00, 0x00,
    0x00, 0x4f, 0xf3, 0x3f, 0xf4, 0x00, 0x00, 0x00, 0x00, 0x4f, 0xf3, 0x3f, 0xf4, 0x00, 0x00, 0x00,
    0x00, 0x03, 0x30, 0x03, 0x30, 0x00, 0x00, 0x00, 0x00, 0x03, 0x30, 0x03, 0x30, 0x00, 0x00, 0x00,
    0x00, 0x4f, 0xf3, 0x3f, 0xf4, 0x00, 0x00, 0x00, 0x00, 0x4f, 0xf3, 0x3f, 0xf4, 0x00, 0x00, 0x00,
    0x00, 0x04, 0x40, 0x03, 0x30, 0x00, 0x00, 0x00, 0x00, 0x00, 0x00, 0x03, 0x30, 0x04, 0x40, 0x00,
    0x00, 0x00, 0x00, 0x4f, 0xf3, 0x3f, 0xf4, 0x00, 0x00, 0x00, 0x00, 0x4f, 0xf3, 0x3f, 0xf4, 0x00,
    0x00, 0x00, 0x00, 0x03, 0x30, 0x04, 0x40, 0x00, 0x00, 0x04, 0x40, 0x03, 0x30, 0x00, 0x00, 0x00,
    0x00, 0x4f, 0xf3, 0x3f, 0xf4, 0x00, 0x00, 0x00, 0x00, 0x4f, 0xf3, 0x3f, 0xf4, 0x00, 0x00, 0x00,
    0x00, 0x03, 0x30, 0x03, 0x30, 0x00, 0x00, 0x00, 0x00, 0x03, 0x30, 0x03, 0x30, 0x00, 0x00, 0x00,
    0x00, 0x4f, 0xf3, 0x3f, 0xf4, 0x00, 0x00, 0x00, 0x00, 0x4f, 0xf3, 0x3f, 0xf4, 0x00, 0x00, 0x00,
    0x00, 0x03, 0x30, 0x03, 0x30, 0x00, 0x00, 0x00, 0x00, 0x03, 0x30, 0x03, 0x30, 0x00, 0x00, 0x00,
    0x00, 0x4f, 0xf3, 0x3f, 0xf4, 0x00, 0x00, 0x00, 0x00, 0x4f, 0xf3, 0x3f, 0xf4, 0x00, 0x00, 0x00,
    0x00, 0x04, 0x40, 0x04, 0x40, 0x00, 0x00, 0x00, 0x00, 0x00, 0x00, 0x00, 0x00, 0x00, 0x00, 0x00,
    0x00, 0x00, 0x00, 0x00, 0x00, 0x00, 0x00, 0x00, 0x00, 0x00, 0x00, 0x00, 0x00, 0x00, 0x00, 0x00,
    0x00, 0x00, 0x00, 0x00, 0x00, 0x00, 0x00, 0x00, 0x00, 0x00, 0x00, 0x00, 0x00, 0x04, 0x40, 0x04,
    0x40, 0x00, 0x00, 0x00, 0x00, 0x00, 0x00, 0x4f, 0xf3, 0x3f, 0xf4, 0x00, 0x00, 0x00, 0x00, 0x00,
    0x00, 0x4f, 0xf3, 0x3f, 0xf4, 0x00, 0x00, 0x00, 0x00, 0x00, 0x00, 0x03, 0x30, 0x03, 0x30, 0x00,
    0x00, 0x00, 0x00, 0x00, 0x00, 0x03, 0x30, 0x03, 0x30, 0x04, 0x40, 0x04, 0x40, 0x00, 0x00, 0x4f,
    0xf3, 0x3f, 0xf3, 0x3f, 0xf3, 0x3f, 0xf4, 0x00, 0x00, 0x4f, 0xf3, 0x3f, 0xf3, 0x3f, 0xf3, 0x3f,
    0xf4, 0x00, 0x00, 0x04, 0x40, 0x04, 0x40, 0x03, 0x30, 0x03, 0x30, 0x00, 0x00, 0x00, 0x00, 0x00,
    0x00, 0x03, 0x30, 0x03, 0x30, 0x00, 0x00, 0x00, 0x00, 0x00, 0x00, 0x4f, 0xf3, 0x3f, 0xf4, 0x00,
    0x00, 0x00, 0x00, 0x00, 0x00, 0x4f, 0xf3, 0x3f, 0xf4, 0x00, 0x00, 0x00, 0x00, 0x00, 0x00, 0x04,
    0x40, 0x04, 0x40, 0x00, 0x00, 0x00, 0x00, 0x00, 0x00, 0x00, 0x00, 0x00, 0x00, 0x00, 0x00, 0x00,
    0x00, 0x00, 0x00, 0x00, 0x00, 0x00, 0x00, 0x00,
};

static const lv_font_fmt_txt_glyph_dsc_t glyph_dsc[] = {
    {.bitmap_index = 0, .adv_w = 0, .box_w = 0, .box_h = 0, .ofs_x = 0, .ofs_y = 0}, /* id = 0 reserved */
    {.bitmap_index = 0, .adv_w = 272, .box_w = 0, .box_h = 0, .ofs_x = 0, .ofs_y = 0}, /* U+0020 */
    {.bitmap_index = 0, .adv_w = 272, .box_w = 12, .box_h = 28, .ofs_x = 2, .ofs_y = -4}, /* U+0021 */
    {.bitmap_index = 168, .adv_w = 272, .box_w = 12, .box_h = 12, .ofs_x = 2, .ofs_y = 12}, /* U+0022 */
    {.bitmap_index = 240, .adv_w = 272, .box_w = 20, .box_h = 28, .ofs_x = -2, .ofs_y = -4}, /* U+0023 */
    {.bitmap_index = 520, .adv_w = 272, .box_w = 20, .box_h = 36, .ofs_x = -2, .ofs_y = -8}, /* U+0024 */
    {.bitmap_index = 880, .adv_w = 272, .box_w = 20, .box_h = 28, .ofs_x = -2, .ofs_y = -4}, /* U+0025 */
    {.bitmap_index = 1160, .adv_w = 272, .box_w = 24, .box_h = 28, .ofs_x = -2, .ofs_y = -4}, /* U+0026 */
    {.bitmap_index = 1496, .adv_w = 272, .box_w = 12, .box_h = 12, .ofs_x = 2, .ofs_y = 12}, /* U+0027 */
    {.bitmap_index = 1568, .adv_w = 272, .box_w = 12, .box_h = 32, .ofs_x = 2, .ofs_y = -8}, /* U+0028 */
    {.bitmap_index = 1760, .adv_w = 272, .box_w = 12, .box_h = 32, .ofs_x = 2, .ofs_y = -8}, /* U+0029 */
    {.bitmap_index = 1952, .adv_w = 272, .box_w = 20, .box_h = 20, .ofs_x = -2, .ofs_y = 0}, /* U+002A */
    {.bitmap_index = 2152, .adv_w = 272, .box_w = 20, .box_h = 20, .ofs_x = -2, .ofs_y = 0}, /* U+002B */
    {.bitmap_index = 2352, .adv_w = 272, .box_w = 12, .box_h = 16, .ofs_x = 2, .ofs_y = -8}, /* U+002C */
    {.bitmap_index = 2448, .adv_w = 272, .box_w = 16, .box_h = 8, .ofs_x = 2, .ofs_y = 4}, /* U+002D */
    {.bitmap_index = 2512, .adv_w = 272, .box_w = 12, .box_h = 12, .ofs_x = 2, .ofs_y = -4}, /* U+002E */
    {.bitmap_index = 2584, .adv_w = 272, .box_w = 20, .box_h = 28, .ofs_x = -2, .ofs_y = -4}, /* U+002F */
    {.bitmap_index = 2864, .adv_w = 272, .box_w = 20, .box_h = 28, .ofs_x = -2, .ofs_y = -4}, /* U+0030 */
    {.bitmap_index = 3144, .adv_w = 272, .box_w = 16, .box_h = 28, .ofs_x = -2, .ofs_y = -4}, /* U+0031 */
    {.bitmap_index = 3368, .adv_w = 272, .box_w = 20, .box_h = 28, .ofs_x = -2, .ofs_y = -4}, /* U+0032 */
    {.bitmap_index = 3648, .adv_w = 272, .box_w = 20, .box_h = 28, .ofs_x = -2, .ofs_y = -4}, /* U+0033 */
    {.bitmap_index = 3928, .adv_w = 272, .box_w = 20, .box_h = 28, .ofs_x = -2, .ofs_y = -4}, /* U+0034 */
    {.bitmap_index = 4208, .adv_w = 272, .box_w = 20, .box_h = 28, .ofs_x = -2, .ofs_y = -4}, /* U+0035 */
    {.bitmap_index = 4488, .adv_w = 272, .box_w = 20, .box_h = 28, .ofs_x = -2, .ofs_y = -4}, /* U+0036 */
    {.bitmap_index = 4768, .adv_w = 272, .box_w = 20, .box_h = 28, .ofs_x = -2, .ofs_y = -4}, /* U+0037 */
    {.bitmap_index = 5048, .adv_w = 272, .box_w = 20, .box_h = 28, .ofs_x = -2, .ofs_y = -4}, /* U+0038 */
    {.bitmap_index = 5328, .adv_w = 272, .box_w = 20, .box_h = 28, .ofs_x = -2, .ofs_y = -4}, /* U+0039 */
    {.bitmap_index = 5608, .adv_w = 272, .box_w = 12, .box_h = 24, .ofs_x = 2, .ofs_y = -4}, /* U+003A */
    {.bitmap_index = 5752, .adv_w = 272, .box_w = 12, .box_h = 28, .ofs_x = 2, .ofs_y = -8}, /* U+003B */
    {.bitmap_index = 5920, .adv_w = 272, .box_w = 20, .box_h = 20, .ofs_x = -2, .ofs_y = 0}, /* U+003C */
    {.bitmap_index = 6120, .adv_w = 272, .box_w = 20, .box_h = 16, .ofs_x = -2, .ofs_y = 0}, /* U+003D */
    {.bitmap_index = 6280, .adv_w = 272, .box_w = 20, .box_h = 20, .ofs_x = -2, .ofs_y = 0}, /* U+003E */
    {.bitmap_index = 6480, .adv_w = 272, .box_w = 20, .box_h = 28, .ofs_x = -2, .ofs_y = -4}, /* U+003F */
    {.bitmap_index = 6760, .adv_w = 272, .box_w = 20, .box_h = 28, .ofs_x = -2, .ofs_y = -4}, /* U+0040 */
    {.bitmap_index = 7040, .adv_w = 272, .box_w = 24, .box_h = 28, .ofs_x = -2, .ofs_y = -4}, /* U+0041 */
    {.bitmap_index = 7376, .adv_w = 272, .box_w = 20, .box_h = 28, .ofs_x = -2, .ofs_y = -4}, /* U+0042 */
    {.bitmap_index = 7656, .adv_w = 272, .box_w = 20, .box_h = 28, .ofs_x = -2, .ofs_y = -4}, /* U+0043 */
    {.bitmap_index = 7936, .adv_w = 272, .box_w = 20, .box_h = 28, .ofs_x = -2, .ofs_y = -4}, /* U+0044 */
    {.bitmap_index = 8216, .adv_w = 272, .box_w = 20, .box_h = 28, .ofs_x = -2, .ofs_y = -4}, /* U+0045 */
    {.bitmap_index = 8496, .adv_w = 272, .box_w = 20, .box_h = 28, .ofs_x = -2, .ofs_y = -4}, /* U+0046 */
    {.bitmap_index = 8776, .adv_w = 272, .box_w = 20, .box_h = 28, .ofs_x = -2, .ofs_y = -4}, /* U+0047 */
    {.bitmap_index = 9056, .adv_w = 272, .box_w = 20, .box_h = 28, .ofs_x = -2, .ofs_y = -4}, /* U+0048 */
    {.bitmap_index = 9336, .adv_w = 272, .box_w = 20, .box_h = 28, .ofs_x = -2, .ofs_y = -4}, /* U+0049 */
    {.bitmap_index = 9616, .adv_w = 272, .box_w = 20, .box_h = 28, .ofs_x = -2, .ofs_y = -4}, /* U+004A */
    {.bitmap_index = 9896, .adv_w = 272, .box_w = 24, .box_h = 28, .ofs_x = -2, .ofs_y = -4}, /* U+004B */
    {.bitmap_index = 10232, .adv_w = 272, .box_w = 20, .box_h = 28, .ofs_x = -2, .ofs_y = -4}, /* U+004C */
    {.bitmap_index = 10512, .adv_w = 272, .box_w = 20, .box_h = 28, .ofs_x = -2, .ofs_y = -4}, /* U+004D */
    {.bitmap_index = 10792, .adv_w = 272, .box_w = 20, .box_h = 28, .ofs_x = -2, .ofs_y = -4}, /* U+004E */
    {.bitmap_index = 11072, .adv_w = 272, .box_w = 20, .box_h = 28, .ofs_x = -2, .ofs_y = -4}, /* U+004F */
    {.bitmap_index = 11352, .adv_w = 272, .box_w = 20, .box_h = 28, .ofs_x = -2, .ofs_y = -4}, /* U+0050 */
    {.bitmap_index = 11632, .adv_w = 272, .box_w = 20, .box_h = 32, .ofs_x = -2, .ofs_y = -8}, /* U+0051 */
    {.bitmap_index = 11952, .adv_w = 272, .box_w = 20, .box_h = 28, .ofs_x = -2, .ofs_y = -4}, /* U+0052 */
    {.bitmap_index = 12232, .adv_w = 272, .box_w = 20, .box_h = 28, .ofs_x = -2, .ofs_y = -4}, /* U+0053 */
    {.bitmap_index = 12512, .adv_w = 272, .box_w = 20, .box_h = 28, .ofs_x = -2, .ofs_y = -4}, /* U+0054 */
    {.bitmap_index = 12792, .adv_w = 272, .box_w = 20, .box_h = 28, .ofs_x = -2, .ofs_y = -4}, /* U+0055 */
    {.bitmap_index = 13072, .adv_w = 272, .box_w = 20, .box_h = 28, .ofs_x = -2, .ofs_y = -4}, /* U+0056 */
    {.bitmap_index = 13352, .adv_w = 272, .box_w = 20, .box_h = 28, .ofs_x = -2, .ofs_y = -4}, /* U+0057 */
    {.bitmap_index = 13632, .adv_w = 272, .box_w = 20, .box_h = 28, .ofs_x = -2, .ofs_y = -4}, /* U+0058 */
    {.bitmap_index = 13912, .adv_w = 272, .box_w = 24, .box_h = 28, .ofs_x = -2, .ofs_y = -4}, /* U+0059 */
    {.bitmap_index = 14248, .adv_w = 272, .box_w = 20, .box_h = 28, .ofs_x = -2, .ofs_y = -4}, /* U+005A */
    {.bitmap_index = 14528, .adv_w = 272, .box_w = 12, .box_h = 36, .ofs_x = 2, .ofs_y = -8}, /* U+005B */
    {.bitmap_index = 14744, .adv_w = 272, .box_w = 20, .box_h = 28, .ofs_x = -2, .ofs_y = -4}, /* U+005C */
    {.bitmap_index = 15024, .adv_w = 272, .box_w = 12, .box_h = 36, .ofs_x = 2, .ofs_y = -8}, /* U+005D */
    {.bitmap_index = 15240, .adv_w = 272, .box_w = 20, .box_h = 20, .ofs_x = -2, .ofs_y = 4}, /* U+005E */
    {.bitmap_index = 15440, .adv_w = 272, .box_w = 20, .box_h = 12, .ofs_x = -2, .ofs_y = -8}, /* U+005F */
    {.bitmap_index = 15560, .adv_w = 272, .box_w = 12, .box_h = 12, .ofs_x = 2, .ofs_y = 12}, /* U+0060 */
    {.bitmap_index = 15632, .adv_w = 272, .box_w = 20, .box_h = 24, .ofs_x = -2, .ofs_y = -4}, /* U+0061 */
    {.bitmap_index = 15872, .adv_w = 272, .box_w = 20, .box_h = 28, .ofs_x = -2, .ofs_y = -4}, /* U+0062 */
    {.bitmap_index = 16152, .adv_w = 272, .box_w = 20, .box_h = 24, .ofs_x = -2, .ofs_y = -4}, /* U+0063 */
    {.bitmap_index = 16392, .adv_w = 272, .box_w = 20, .box_h = 28, .ofs_x = -2, .ofs_y = -4}, /* U+0064 */
    {.bitmap_index = 16672, .adv_w = 272, .box_w = 20, .box_h = 24, .ofs_x = -2, .ofs_y = -4}, /* U+0065 */
    {.bitmap_index = 16912, .adv_w = 272, .box_w = 20, .box_h = 28, .ofs_x = -2, .ofs_y = -4}, /* U+0066 */
    {.bitmap_index = 17192, .adv_w = 272, .box_w = 20, .box_h = 28, .ofs_x = -2, .ofs_y = -8}, /* U+0067 */
    {.bitmap_index = 17472, .adv_w = 272, .box_w = 20, .box_h = 28, .ofs_x = -2, .ofs_y = -4}, /* U+0068 */
    {.bitmap_index = 17752, .adv_w = 272, .box_w = 20, .box_h = 28, .ofs_x = -2, .ofs_y = -4}, /* U+0069 */
    {.bitmap_index = 18032, .adv_w = 272, .box_w = 16, .box_h = 32, .ofs_x = -2, .ofs_y = -8}, /* U+006A */
    {.bitmap_index = 18288, .adv_w = 272, .box_w = 20, .box_h = 28, .ofs_x = -2, .ofs_y = -4}, /* U+006B */
    {.bitmap_index = 18568, .adv_w = 272, .box_w = 20, .box_h = 28, .ofs_x = -2, .ofs_y = -4}, /* U+006C */
    {.bitmap_index = 18848, .adv_w = 272, .box_w = 20, .box_h = 24, .ofs_x = -2, .ofs_y = -4}, /* U+006D */
    {.bitmap_index = 19088, .adv_w = 272, .box_w = 20, .box_h = 24, .ofs_x = -2, .ofs_y = -4}, /* U+006E */
    {.bitmap_index = 19328, .adv_w = 272, .box_w = 20, .box_h = 24, .ofs_x = -2, .ofs_y = -4}, /* U+006F */
    {.bitmap_index = 19568, .adv_w = 272, .box_w = 20, .box_h = 28, .ofs_x = -2, .ofs_y = -8}, /* U+0070 */
    {.bitmap_index = 19848, .adv_w = 272, .box_w = 20, .box_h = 28, .ofs_x = -2, .ofs_y = -8}, /* U+0071 */
    {.bitmap_index = 20128, .adv_w = 272, .box_w = 16, .box_h = 24, .ofs_x = 2, .ofs_y = -4}, /* U+0072 */
    {.bitmap_index = 20320, .adv_w = 272, .box_w = 20, .box_h = 24, .ofs_x = -2, .ofs_y = -4}, /* U+0073 */
    {.bitmap_index = 20560, .adv_w = 272, .box_w = 20, .box_h = 28, .ofs_x = -2, .ofs_y = -4}, /* U+0074 */
    {.bitmap_index = 20840, .adv_w = 272, .box_w = 20, .box_h = 24, .ofs_x = -2, .ofs_y = -4}, /* U+0075 */
    {.bitmap_index = 21080, .adv_w = 272, .box_w = 20, .box_h = 24, .ofs_x = -2, .ofs_y = -4}, /* U+0076 */
    {.bitmap_index = 21320, .adv_w = 272, .box_w = 20, .box_h = 24, .ofs_x = -2, .ofs_y = -4}, /* U+0077 */
    {.bitmap_index = 21560, .adv_w = 272, .box_w = 20, .box_h = 24, .ofs_x = -2, .ofs_y = -4}, /* U+0078 */
    {.bitmap_index = 21800, .adv_w = 272, .box_w = 24, .box_h = 28, .ofs_x = -2, .ofs_y = -8}, /* U+0079 */
    {.bitmap_index = 22136, .adv_w = 272, .box_w = 20, .box_h = 24, .ofs_x = -2, .ofs_y = -4}, /* U+007A */
    {.bitmap_index = 22376, .adv_w = 272, .box_w = 16, .box_h = 32, .ofs_x = 2, .ofs_y = -8}, /* U+007B */
    {.bitmap_index = 22632, .adv_w = 272, .box_w = 12, .box_h = 32, .ofs_x = 2, .ofs_y = -8}, /* U+007C */
    {.bitmap_index = 22824, .adv_w = 272, .box_w = 16, .box_h = 32, .ofs_x = 2, .ofs_y = -8}, /* U+007D */
    {.bitmap_index = 23080, .adv_w = 272, .box_w = 20, .box_h = 16, .ofs_x = -2, .ofs_y = 0}, /* U+007E */
};

static const lv_font_fmt_txt_cmap_t cmaps[] = {
    { .range_start = 32, .range_length = 95, .glyph_id_start = 1,
      .unicode_list = NULL, .glyph_id_ofs_list = NULL, .list_length = 0, .type = LV_FONT_FMT_TXT_CMAP_FORMAT0_TINY }
};

#if LVGL_VERSION_MAJOR == 8
static lv_font_fmt_txt_glyph_cache_t cache;
#endif
#if LVGL_VERSION_MAJOR >= 8
static const lv_font_fmt_txt_dsc_t font_dsc = {
#else
static lv_font_fmt_txt_dsc_t font_dsc = {
#endif
    .glyph_bitmap = glyph_bitmap,
    .glyph_dsc = glyph_dsc,
    .cmaps = cmaps,
    .kern_dsc = NULL,
    .kern_scale = 0,
    .cmap_num = 1,
    .bpp = 4,
    .kern_classes = 0,
    .bitmap_format = 0,
#if LVGL_VERSION_MAJOR == 8
    .cache = &cache
#endif
};

#if LVGL_VERSION_MAJOR >= 8
const lv_font_t lv_font_dot_28 = {
#else
lv_font_t lv_font_dot_28 = {
#endif
    .get_glyph_dsc = lv_font_get_glyph_dsc_fmt_txt,
    .get_glyph_bitmap = lv_font_get_bitmap_fmt_txt,
    .line_height = 38,
    .base_line = 8,
#if !(LVGL_VERSION_MAJOR == 6 && LVGL_VERSION_MINOR == 0)
    .subpx = LV_FONT_SUBPX_NONE,
#endif
#if LV_VERSION_CHECK(7, 4, 0) || LVGL_VERSION_MAJOR >= 8
    .underline_position = -2,
    .underline_thickness = 1,
#endif
    .dsc = &font_dsc,
#if LV_VERSION_CHECK(8, 2, 0) || LVGL_VERSION_MAJOR >= 9
    .fallback = &lv_font_dot_sym_28,
#endif
    .user_data = NULL,
};

#endif /* LV_FONT_DOT_28 */
