/*
 * GENERATED by scripts/gen_lvgl_font.py -- do not edit by hand.
 * Source: unscii-8.ttf  size: 20px  bpp: 4  range 0x20-0x7E
 * Out-of-range glyphs fall back to lv_font_dot_sym_20.
 */

#include "lvgl.h"

extern const lv_font_t lv_font_dot_sym_20;

#ifndef LV_FONT_DOT_20
#define LV_FONT_DOT_20 1
#endif
#if LV_FONT_DOT_20


static LV_ATTRIBUTE_LARGE_CONST const uint8_t glyph_bitmap[] = {
    0x00, 0x00, 0x00, 0x00, 0x00, 0x00, 0x00, 0x00, 0x00, 0x00, 0x00, 0x29, 0x22, 0x92, 0x00, 0x00,
    0xaf, 0x99, 0xfa, 0x00, 0x00, 0x28, 0x22, 0x82, 0x00, 0x00, 0x28, 0x22, 0x82, 0x00, 0x00, 0xaf,
    0x99, 0xfa, 0x00, 0x00, 0x28, 0x22, 0x82, 0x00, 0x00, 0x28, 0x22, 0x82, 0x00, 0x00, 0xaf, 0x99,
    0xfa, 0x00, 0x00, 0x28, 0x22, 0x82, 0x00, 0x00, 0x28, 0x22, 0x82, 0x00, 0x00, 0xaf, 0x99, 0xfa,
    0x00, 0x00, 0x28, 0x22, 0x82, 0x00, 0x00, 0x28, 0x22, 0x82, 0x00, 0x00, 0xaf, 0x99, 0xfa, 0x00,
    0x00, 0x28, 0x22, 0x82, 0x00, 0x00, 0x28, 0x22, 0x82, 0x00, 0x00, 0xaf, 0x99, 0xfa, 0x00, 0x00,
    0x28, 0x22, 0x82, 0x00, 0x00, 0x28, 0x22, 0x82, 0x00, 0x00, 0xaf, 0x99, 0xfa, 0x00, 0x00, 0x29,
    0x22, 0x92, 0x00, 0x00, 0x00, 0x00, 0x00, 0x00, 0x00, 0x00, 0x00, 0x00, 0x00, 0x00, 0x00, 0x00,
    0x00, 0x00, 0x00, 0x00, 0x00, 0x00, 0x00, 0x00, 0x00, 0x00, 0x00, 0x00, 0x00, 0x00, 0x00, 0x00,
    0x00, 0x00, 0x00, 0x00, 0x29, 0x22, 0x92, 0x00, 0x02, 0x92, 0x29, 0x22, 0x92, 0x00, 0x00, 0xaf,
    0x99, 0xfa, 0x00, 0x0a, 0xf9, 0x9f, 0x99, 0xfa, 0x00, 0x00, 0x28, 0x22, 0x82, 0x00, 0x02, 0x82,
    0x28, 0x22, 0x82, 0x00, 0x00, 0x28, 0x22, 0x82, 0x00, 0x02, 0x82, 0x28, 0x22, 0x82, 0x00, 0x00,
    0xaf, 0x99, 0xfa, 0x00, 0x0a, 0xf9, 0x9f, 0x99, 0xfa, 0x00, 0x00, 0x28, 0x22, 0x82, 0x00, 0x02,
    0x82, 0x28, 0x22, 0x82, 0x00, 0x00, 0x28, 0x22, 0x82, 0x00, 0x02, 0x82, 0x28, 0x22, 0x82, 0x00,
    0x00, 0xaf, 0x99, 0xfa, 0x00, 0x0a, 0xf9, 0x9f, 0x99, 0xfa, 0x00, 0x00, 0x29, 0x22, 0x92, 0x00,
    0x02, 0x92, 0x29, 0x22, 0x92, 0x00, 0x00, 0x00, 0x00, 0x00, 0x00, 0x00, 0x00, 0x00, 0x00, 0x00,
    0x00, 0x00, 0x00, 0x00, 0x00, 0x00, 0x00, 0x00, 0x00, 0x00, 0x00, 0x00, 0x00, 0x00, 0x00, 0x00,
    0x00, 0x00, 0x00, 0x00, 0x00, 0x00, 0x00, 0x00, 0x00, 0x00, 0x00, 0x00, 0x00, 0x00, 0x00, 0x00,
    0x00, 0x00, 0x00, 0x00, 0x00, 0x00, 0x00, 0x02, 0x92, 0x29, 0x22, 0x92, 0x29, 0x22, 0x92, 0x00,
    0x00, 0x00, 0x00, 0x00, 0xaf, 0x99, 0xf9, 0x9f, 0x99, 0xf9, 0x9f, 0xa0, 0x00, 0x00, 0x00, 0x00,
    0x02, 0x82, 0x28, 0x22, 0x82, 0x28, 0x22, 0x82, 0x00, 0x00, 0x00, 0x00, 0x00, 0x28, 0x22, 0x82,
    0x28, 0x22, 0x82, 0x28, 0x20, 0x00, 0x00, 0x00, 0x00, 0x0a, 0xf9, 0x9f, 0x99, 0xf9, 0x9f, 0x99,
    0xfa, 0x00, 0x00, 0x00, 0x00, 0x00, 0x28, 0x22, 0x82, 0x28, 0x22, 0x82, 0x28, 0x20, 0x00, 0x00,
    0x00, 0x29, 0x21, 0x82, 0x28, 0x22, 0x82, 0x28, 0x22, 0x81, 0x29, 0x20, 0x00, 0x0a, 0xf9, 0x9f,
    0x99, 0xf9, 0x9f, 0x99, 0xf9, 0x9f, 0x99, 0xfa, 0x00, 0x00, 0x28, 0x22, 0x82, 0x28, 0x22, 0x82,
    0x28, 0x22, 0x82, 0x28, 0x20, 0x00, 0x02, 0x82, 0x28, 0x22, 0x82, 0x28, 0x22, 0x82, 0x28, 0x22,
    0x82, 0x00, 0x00, 0xaf, 0x99, 0xf9, 0x9f, 0x99, 0xf9, 0x9f, 0x99, 0xf9, 0x9f, 0xa0, 0x00, 0x02,
    0x82, 0x28, 0x22, 0x82, 0x28, 0x22, 0x82, 0x28, 0x22, 0x82, 0x00, 0x00, 0x28, 0x22, 0x82, 0x28,
    0x22, 0x82, 0x28, 0x22, 0x82, 0x28, 0x20, 0x00, 0x0a, 0xf9, 0x9f, 0x99, 0xf9, 0x9f, 0x99, 0xf9,
    0x9f, 0x99, 0xfa, 0x00, 0x00, 0x29, 0x21, 0x82, 0x28, 0x22, 0x82, 0x28, 0x22, 0x81, 0x29, 0x20,
    0x00, 0x00, 0x00, 0x28, 0x22, 0x82, 0x28, 0x22, 0x82, 0x28, 0x20, 0x00, 0x00, 0x00, 0x00, 0x0a,
    0xf9, 0x9f, 0x99, 0xf9, 0x9f, 0x99, 0xfa, 0x00, 0x00, 0x00, 0x00, 0x00, 0x28, 0x22, 0x82, 0x28,
    0x22, 0x82, 0x28, 0x20, 0x00, 0x00, 0x00, 0x00, 0x02, 0x82, 0x28, 0x22, 0x82, 0x28, 0x22, 0x82,
    0x00, 0x00, 0x00, 0x00, 0x00, 0xaf, 0x99, 0xf9, 0x9f, 0x99, 0xf9, 0x9f, 0xa0, 0x00, 0x00, 0x00,
    0x00, 0x02, 0x92, 0x29, 0x22, 0x92, 0x29, 0x22, 0x92, 0x00, 0x00, 0x00, 0x00, 0x00, 0x00, 0x00,
    0x00, 0x00, 0x00, 0x00, 0x00, 0x00, 0x00, 0x00, 0x00, 0x00, 0x00, 0x00, 0x00, 0x00, 0x00, 0x00,
    0x00, 0x00, 0x00, 0x00, 0x00, 0x00, 0x00, 0x00, 0x00, 0x00, 0x00, 0x00, 0x00, 0x00, 0x00, 0x00,
    0x00, 0x00, 0x00, 0x00, 0x00, 0x00, 0x00, 0x00, 0x00, 0x00, 0x00, 0x00, 0x00, 0x00, 0x00, 0x29,
    0x22, 0x92, 0x00, 0x00, 0x00, 0x00, 0x00, 0x00, 0x00, 0x00, 0xaf, 0x99, 0xfa, 0x00, 0x00, 0x00,
    0x00, 0x00, 0x00, 0x00, 0x00, 0x28, 0x22, 0x82, 0x00, 0x00, 0x00, 0x00, 0x00, 0x00, 0x02, 0x92,
    0x18, 0x22, 0x81, 0x29, 0x22, 0x92, 0x00, 0x00, 0x00, 0x0a, 0xf9, 0x9f, 0x99, 0xf9, 0x9f, 0x99,
    0xfa, 0x00, 0x00, 0x00, 0x02, 0x82, 0x28, 0x22, 0x82, 0x28, 0x22, 0x82, 0x00, 0x00, 0x29, 0x21,
    0x82, 0x28, 0x22, 0x82, 0x28, 0x22, 0x82, 0x00, 0x00, 0xaf, 0x99, 0xf9, 0x9f, 0x99, 0xf9, 0x9f,
    0x99, 0xfa, 0x00, 0x00, 0x29, 0x21, 0x82, 0x28, 0x22, 0x82, 0x28, 0x22, 0x82, 0x00, 0x00, 0x00,
    0x02, 0x82, 0x28, 0x22, 0x82, 0x28, 0x22, 0x82, 0x00, 0x00, 0x01, 0x0a, 0xf9, 0x9f, 0x99, 0xf9,
    0x9f, 0x99, 0xfa, 0x00, 0x00, 0x00, 0x02, 0x82, 0x28, 0x22, 0x82, 0x28, 0x22, 0x82, 0x00, 0x00,
    0x29, 0x21, 0x82, 0x28, 0x22, 0x82, 0x28, 0x22, 0x82, 0x00, 0x00, 0xaf, 0x99, 0xf9, 0x9f, 0x99,
    0xf9, 0x9f, 0x99, 0xfa, 0x00, 0x00, 0x28, 0x22, 0x82, 0x28, 0x22, 0x82, 0x28, 0x12, 0x92, 0x00,
    0x00, 0x28, 0x22, 0x82, 0x28, 0x22, 0x82, 0x28, 0x20, 0x00, 0x00, 0x00, 0xaf, 0x99, 0xf9, 0x9f,
    0x99, 0xf9, 0x9f, 0xa0, 0x00, 0x00, 0x00, 0x29, 0x22, 0x92, 0x18, 0x22, 0x81, 0x29, 0x20, 0x00,
    0x00, 0x00, 0x00, 0x00, 0x00, 0x28, 0x22, 0x82, 0x00, 0x00, 0x00, 0x00, 0x00, 0x00, 0x00, 0x00,
    0xaf, 0x99, 0xfa, 0x00, 0x00, 0x00, 0x00, 0x00, 0x00, 0x00, 0x00, 0x29, 0x22, 0x92, 0x00, 0x00,
    0x00, 0x00, 0x00, 0x00, 0x00, 0x00, 0x00, 0x00, 0x00, 0x00, 0x00, 0x00, 0x00, 0x00, 0x00, 0x00,
    0x00, 0x00, 0x00, 0x00, 0x00, 0x00, 0x00, 0x00, 0x00, 0x00, 0x00, 0x00, 0x00, 0x00, 0x00, 0x00,
    0x00, 0x00, 0x00, 0x00, 0x00, 0x00, 0x00, 0x00, 0x00, 0x00, 0x00, 0x00, 0x00, 0x00, 0x00, 0x00,
    0x00, 0x00, 0x29, 0x22, 0x92, 0x29, 0x20, 0x00, 0x00, 0x02, 0x92, 0x29, 0x20, 0x00, 0x0a, 0xf9,
    0x9f, 0x99, 0xfa, 0x00, 0x00, 0x00, 0xaf, 0x99, 0xfa, 0x00, 0x00, 0x28, 0x22, 0x82, 0x28, 0x20,
    0x00, 0x00, 0x02, 0x82, 0x28, 0x20, 0x00, 0x02, 0x82, 0x28, 0x22, 0x82, 0x00, 0x02, 0x92, 0x18,
    0x22, 0x82, 0x00, 0x00, 0xaf, 0x99, 0xf9, 0x9f, 0xa0, 0x10, 0xaf, 0x99, 0xf9, 0x9f, 0xa0, 0x00,
    0x02, 0x92, 0x29, 0x21, 0x82, 0x00, 0x02, 0x81, 0x29, 0x22, 0x92, 0x00, 0x00, 0x00, 0x00, 0x00,
    0x28, 0x12, 0x92, 0x18, 0x20, 0x00, 0x00, 0x00, 0x00, 0x00, 0x00, 0x01, 0x0a, 0xf9, 0x9f, 0x99,
    0xfa, 0x01, 0x00, 0x00, 0x00, 0x00, 0x00, 0x00, 0x00, 0x28, 0x22, 0x81, 0x29, 0x20, 0x00, 0x00,
    0x00, 0x00, 0x00, 0x00, 0x29, 0x21, 0x82, 0x28, 0x20, 0x00, 0x29, 0x22, 0x92, 0x00, 0x00, 0x00,
    0x0a, 0xf9, 0x9f, 0x99, 0xfa, 0x01, 0x0a, 0xf9, 0x9f, 0xa0, 0x00, 0x00, 0x00, 0x28, 0x22, 0x82,
    0x28, 0x20, 0x00, 0x28, 0x22, 0x82, 0x00, 0x00, 0x29, 0x21, 0x82, 0x28, 0x22, 0x82, 0x00, 0x02,
    0x82, 0x28, 0x20, 0x00, 0x0a, 0xf9, 0x9f, 0x99, 0xf9, 0x9f, 0xa0, 0x00, 0xaf, 0x99, 0xfa, 0x00,
    0x00, 0x28, 0x22, 0x82, 0x28, 0x12, 0x92, 0x00, 0x02, 0x82, 0x28, 0x20, 0x00, 0x02, 0x82, 0x28,
    0x22, 0x82, 0x00, 0x00, 0x00, 0x28, 0x22, 0x82, 0x00, 0x00, 0xaf, 0x99, 0xf9, 0x9f, 0xa0, 0x00,
    0x00, 0x0a, 0xf9, 0x9f, 0xa0, 0x00, 0x02, 0x92, 0x29, 0x22, 0x92, 0x00, 0x00, 0x00, 0x29, 0x22,
    0x92, 0x00, 0x00, 0x00, 0x00, 0x00, 0x00, 0x00, 0x00, 0x00, 0x00, 0x00, 0x00, 0x00, 0x00, 0x00,
    0x00, 0x00, 0x00, 0x00, 0x00, 0x00, 0x00, 0x00, 0x00, 0x00, 0x00, 0x00, 0x00, 0x00, 0x00, 0x00,
    0x00, 0x00, 0x00, 0x00, 0x00, 0x00, 0x00, 0x00, 0x00, 0x00, 0x00, 0x00, 0x00, 0x00, 0x00, 0x00,
    0x00, 0x00, 0x00, 0x00, 0x00, 0x00, 0x00, 0x00, 0x29, 0x22, 0x92, 0x29, 0x20, 0x00, 0x00, 0x00,
    0x00, 0x00, 0x00, 0x00, 0x0a, 0xf9, 0x9f, 0x99, 0xfa, 0x00, 0x00, 0x00, 0x00, 0x00, 0x00, 0x00,
    0x00, 0x28, 0x22, 0x82, 0x28, 0x20, 0x00, 0x00, 0x00, 0x00, 0x00, 0x00, 0x29, 0x21, 0x82, 0x28,
    0x22, 0x81, 0x29, 0x20, 0x00, 0x00, 0x00, 0x00, 0x0a, 0xf9, 0x9f, 0x99, 0xf9, 0x9f, 0x99, 0xfa,
    0x00, 0x00, 0x00, 0x00, 0x00, 0x28, 0x22, 0x82, 0x28, 0x22, 0x82, 0x28, 0x20, 0x00, 0x00, 0x00,
    0x00, 0x02, 0x82, 0x28, 0x22, 0x82, 0x28, 0x22, 0x82, 0x00, 0x00, 0x00, 0x00, 0x00, 0xaf, 0x99,
    0xf9, 0x9f, 0x99, 0xf9, 0x9f, 0xa0, 0x00, 0x00, 0x00, 0x00, 0x02, 0x82, 0x28, 0x22, 0x82, 0x28,
    0x22, 0x82, 0x00, 0x00, 0x00, 0x02, 0x92, 0x18, 0x22, 0x82, 0x28, 0x22, 0x82, 0x28, 0x12, 0x92,
    0x00, 0x00, 0xaf, 0x99, 0xf9, 0x9f, 0x99, 0xf9, 0x9f, 0x99, 0xf9, 0x9f, 0xa0, 0x00, 0x02, 0x82,
    0x28, 0x22, 0x82, 0x28, 0x22, 0x82, 0x28, 0x12, 0x92, 0x00, 0x00, 0x28, 0x22, 0x82, 0x28, 0x22,
    0x82, 0x28, 0x22, 0x82, 0x00, 0x00, 0x00, 0x0a, 0xf9, 0x9f, 0x99, 0xf9, 0x9f, 0x99, 0xf9, 0x9f,
    0xa0, 0x10, 0x00, 0x00, 0x28, 0x22, 0x82, 0x28, 0x22, 0x82, 0x28, 0x22, 0x82, 0x00, 0x00, 0x00,
    0x02, 0x82, 0x28, 0x22, 0x82, 0x28, 0x22, 0x82, 0x28, 0x12, 0x92, 0x00, 0x00, 0xaf, 0x99, 0xf9,
    0x9f, 0x99, 0xf9, 0x9f, 0x99, 0xf9, 0x9f, 0xa0, 0x00, 0x02, 0x92, 0x18, 0x22, 0x82, 0x28, 0x12,
    0x92, 0x18, 0x22, 0x82, 0x00, 0x00, 0x00, 0x02, 0x82, 0x28, 0x22, 0x82, 0x00, 0x02, 0x82, 0x28,
    0x20, 0x00, 0x00, 0x00, 0xaf, 0x99, 0xf9, 0x9f, 0xa0, 0x10, 0xaf, 0x99, 0xfa, 0x00, 0x00, 0x00,
    0x02, 0x92, 0x29, 0x22, 0x92, 0x00, 0x02, 0x92, 0x29, 0x20, 0x00, 0x00, 0x00, 0x00, 0x00, 0x00,
    0x00, 0x00, 0x00, 0x00, 0x00, 0x00, 0x00, 0x00, 0x00, 0x00, 0x00, 0x00, 0x00, 0x00, 0x00, 0x00,
    0x00, 0x00, 0x00, 0x00, 0x00, 0x00, 0x00, 0x00, 0x00, 0x00, 0x00, 0x00, 0x00, 0x00, 0x00, 0x00,
    0x00, 0x00, 0x00, 0x02, 0x92, 0x29, 0x20, 0x00, 0x00, 0x00, 0xaf, 0x99, 0xfa, 0x00, 0x00, 0x00,
    0x02, 0x82, 0x28, 0x20, 0x00, 0x00, 0x00, 0x28, 0x22, 0x82, 0x00, 0x00, 0x00, 0x0a, 0xf9, 0x9f,
    0xa0, 0x00, 0x00, 0x00, 0x28, 0x12, 0x92, 0x00, 0x00, 0x29, 0x21, 0x82, 0x00, 0x00, 0x00, 0x0a,
    0xf9, 0x9f, 0xa0, 0x00, 0x00, 0x00, 0x29, 0x22, 0x92, 0x00, 0x00, 0x00, 0x00, 0x00, 0x00, 0x00,
    0x00, 0x00, 0x00, 0x00, 0x00, 0x00, 0x00, 0x00, 0x00, 0x00, 0x00, 0x00, 0x00, 0x00, 0x00, 0x00,
    0x00, 0x00, 0x00, 0x00, 0x00, 0x00, 0x00, 0x00, 0x00, 0x00, 0x00, 0x00, 0x00, 0x29, 0x22, 0x92,
    0x00, 0x00, 0x00, 0x00, 0x00, 0xaf, 0x99, 0xfa, 0x00, 0x00, 0x00, 0x00, 0x00, 0x28, 0x22, 0x82,
    0x00, 0x00, 0x00, 0x02, 0x92, 0x18, 0x22, 0x82, 0x00, 0x00, 0x00, 0x0a, 0xf9, 0x9f, 0x99, 0xfa,
    0x00, 0x00, 0x00, 0x02, 0x81, 0x29, 0x22, 0x92, 0x00, 0x00, 0x29, 0x21, 0x82, 0x00, 0x00, 0x00,
    0x00, 0x00, 0xaf, 0x99, 0xfa, 0x00, 0x00, 0x00, 0x00, 0x00, 0x28, 0x22, 0x82, 0x00, 0x00, 0x00,
    0x00, 0x00, 0x28, 0x22, 0x82, 0x00, 0x00, 0x00, 0x00, 0x00, 0xaf, 0x99, 0xfa, 0x00, 0x00, 0x00,
    0x00, 0x00, 0x28, 0x22, 0x82, 0x00, 0x00, 0x00, 0x00, 0x00, 0x28, 0x22, 0x81, 0x29, 0x20, 0x00,
    0x00, 0x00, 0xaf, 0x99, 0xf9, 0x9f, 0xa0, 0x00, 0x00, 0x00, 0x29, 0x21, 0x82, 0x28, 0x20, 0x00,
    0x00, 0x00, 0x00, 0x02, 0x82, 0x28, 0x12, 0x92, 0x00, 0x00, 0x00, 0x0a, 0xf9, 0x9f, 0x99, 0xfa,
    0x00, 0x00, 0x00, 0x02, 0x92, 0x18, 0x22, 0x82, 0x00, 0x00, 0x00, 0x00, 0x00, 0x28, 0x22, 0x82,
    0x00, 0x00, 0x00, 0x00, 0x00, 0xaf, 0x99, 0xfa, 0x00, 0x00, 0x00, 0x00, 0x00, 0x29, 0x22, 0x92,
    0x00, 0x00, 0x00, 0x00, 0x00, 0x00, 0x00, 0x00, 0x00, 0x00, 0x00, 0x00, 0x00, 0x00, 0x00, 0x00,
    0x00, 0x00, 0x00, 0x00, 0x00, 0x00, 0x00, 0x00, 0x00, 0x00, 0x00, 0x00, 0x00, 0x00, 0x00, 0x00,
    0x00, 0x00, 0x29, 0x22, 0x92, 0x00, 0x00, 0x00, 0x00, 0x00, 0xaf, 0x99, 0xfa, 0x00, 0x00, 0x00,
    0x00, 0x00, 0x28, 0x22, 0x82, 0x00, 0x00, 0x00, 0x00, 0x00, 0x28, 0x22, 0x81, 0x29, 0x20, 0x00,
    0x00, 0x00, 0xaf, 0x99, 0xf9, 0x9f, 0xa0, 0x00, 0x00, 0x00, 0x29, 0x22, 0x92, 0x18, 0x20, 0x00,
    0x00, 0x00, 0x00, 0x00, 0x00, 0x28, 0x12, 0x92, 0x00, 0x00, 0x00, 0x00, 0x00, 0xaf, 0x99, 0xfa,
    0x00, 0x00, 0x00, 0x00, 0x00, 0x28, 0x22, 0x82, 0x00, 0x00, 0x00, 0x00, 0x00, 0x28, 0x22, 0x82,
    0x00, 0x00, 0x00, 0x00, 0x00, 0xaf, 0x99, 0xfa, 0x00, 0x00, 0x00, 0x00, 0x00, 0x28, 0x22, 0x82,
    0x00, 0x00, 0x00, 0x02, 0x92, 0x18, 0x22, 0x82, 0x00, 0x00, 0x00, 0x0a, 0xf9, 0x9f, 0x99, 0xfa,
    0x00, 0x00, 0x00, 0x02, 0x82, 0x28, 0x12, 0x92, 0x00, 0x00, 0x29, 0x21, 0x82, 0x28, 0x20, 0x00,
    0x00, 0x00, 0xaf, 0x99, 0xf9, 0x9f, 0xa0, 0x00, 0x00, 0x00, 0x28, 0x22, 0x81, 0x29, 0x20, 0x00,
    0x00, 0x00, 0x28, 0x22, 0x82, 0x00, 0x00, 0x00, 0x00, 0x00, 0xaf, 0x99, 0xfa, 0x00, 0x00, 0x00,
    0x00, 0x00, 0x29, 0x22, 0x92, 0x00, 0x00, 0x00, 0x00, 0x00, 0x00, 0x00, 0x00, 0x00, 0x00, 0x00,
    0x00, 0x00, 0x00, 0x00, 0x00, 0x00, 0x00, 0x00, 0x00, 0x00, 0x00, 0x00, 0x00, 0x00, 0x00, 0x00,
    0x00, 0x00, 0x00, 0x00, 0x00, 0x00, 0x00, 0x00, 0x00, 0x00, 0x00, 0x00, 0x00, 0x00, 0x00, 0x00,
    0x00, 0x00, 0x00, 0x00, 0x00, 0x00, 0x00, 0x02, 0x92, 0x29, 0x22, 0x92, 0x00, 0x02, 0x92, 0x29,
    0x20, 0x00, 0x00, 0x00, 0x00, 0x0a, 0xf9, 0x9f, 0x99, 0xfa, 0x01, 0x0a, 0xf9, 0x9f, 0xa0, 0x00,
    0x00, 0x00, 0x00, 0x02, 0x82, 0x28, 0x22, 0x82, 0x00, 0x02, 0x82, 0x28, 0x20, 0x00, 0x00, 0x00,
    0x00, 0x02, 0x82, 0x28, 0x22, 0x81, 0x29, 0x21, 0x82, 0x28, 0x20, 0x00, 0x00, 0x00, 0x00, 0x0a,
    0xf9, 0x9f, 0x99, 0xf9, 0x9f, 0x99, 0xf9, 0x9f, 0xa0, 0x00, 0x00, 0x00, 0x00, 0x02, 0x82, 0x28,
    0x22, 0x82, 0x28, 0x22, 0x82, 0x28, 0x20, 0x00, 0x00, 0x00, 0x29, 0x21, 0x82, 0x28, 0x22, 0x82,
    0x28, 0x22, 0x82, 0x28, 0x12, 0x92, 0x00, 0x00, 0xaf, 0x99, 0xf9, 0x9f, 0x99, 0xf9, 0x9f, 0x99,
    0xf9, 0x9f, 0x99, 0xfa, 0x00, 0x00, 0x29, 0x21, 0x82, 0x28, 0x22, 0x82, 0x28, 0x22, 0x82, 0x28,
    0x12, 0x92, 0x00, 0x00, 0x00, 0x02, 0x82, 0x28, 0x22, 0x82, 0x28, 0x22, 0x82, 0x28, 0x20, 0x00,
    0x00, 0x00, 0x00, 0x0a, 0xf9, 0x9f, 0x99, 0xf9, 0x9f, 0x99, 0xf9, 0x9f, 0xa0, 0x00, 0x00, 0x00,
    0x00, 0x02, 0x82, 0x28, 0x22, 0x81, 0x29, 0x21, 0x82, 0x28, 0x20, 0x00, 0x00, 0x00, 0x00, 0x02,
    0x82, 0x28, 0x22, 0x82, 0x00, 0x02, 0x82, 0x28, 0x20, 0x00, 0x00, 0x00, 0x00, 0x0a, 0xf9, 0x9f,
    0x99, 0xfa, 0x01, 0x0a, 0xf9, 0x9f, 0xa0, 0x00, 0x00, 0x00, 0x00, 0x02, 0x92, 0x29, 0x22, 0x92,
    0x00, 0x02, 0x92, 0x29, 0x20, 0x00, 0x00, 0x00, 0x00, 0x00, 0x00, 0x00, 0x00, 0x00, 0x00, 0x00,
    0x00, 0x00, 0x00, 0x00, 0x00, 0x00, 0x00, 0x00, 0x00, 0x00, 0x00, 0x00, 0x00, 0x00, 0x00, 0x00,
    0x00, 0x00, 0x00, 0x00, 0x00, 0x00, 0x00, 0x00, 0x00, 0x00, 0x00, 0x00, 0x00, 0x00, 0x00, 0x00,
    0x00, 0x00, 0x00, 0x00, 0x00, 0x00, 0x00, 0x00, 0x00, 0x00, 0x00, 0x00, 0x00, 0x29, 0x22, 0x92,
    0x00, 0x00, 0x00, 0x00, 0x00, 0x00, 0x00, 0x00, 0xaf, 0x99, 0xfa, 0x00, 0x00, 0x00, 0x00, 0x00,
    0x00, 0x00, 0x00, 0x28, 0x22, 0x82, 0x00, 0x00, 0x00, 0x00, 0x00, 0x00, 0x00, 0x00, 0x28, 0x22,
    0x82, 0x00, 0x00, 0x00, 0x00, 0x00, 0x00, 0x00, 0x00, 0xaf, 0x99, 0xfa, 0x00, 0x00, 0x00, 0x00,
    0x00, 0x00, 0x00, 0x00, 0x28, 0x22, 0x82, 0x00, 0x00, 0x00, 0x00, 0x00, 0x29, 0x22, 0x92, 0x18,
    0x22, 0x81, 0x29, 0x22, 0x92, 0x00, 0x00, 0xaf, 0x99, 0xf9, 0x9f, 0x99, 0xf9, 0x9f, 0x99, 0xfa,
    0x00, 0x00, 0x29, 0x22, 0x92, 0x18, 0x22, 0x81, 0x29, 0x22, 0x92, 0x00, 0x00, 0x00, 0x00, 0x00,
    0x28, 0x22, 0x82, 0x00, 0x00, 0x00, 0x00, 0x00, 0x00, 0x00, 0x00, 0xaf, 0x99, 0xfa, 0x00, 0x00,
    0x00, 0x00, 0x00, 0x00, 0x00, 0x00, 0x28, 0x22, 0x82, 0x00, 0x00, 0x00, 0x00, 0x00, 0x00, 0x00,
    0x00, 0x28, 0x22, 0x82, 0x00, 0x00, 0x00, 0x00, 0x00, 0x00, 0x00, 0x00, 0xaf, 0x99, 0xfa, 0x00,
    0x00, 0x00, 0x00, 0x00, 0x00, 0x00, 0x00, 0x29, 0x22, 0x92, 0x00, 0x00, 0x00, 0x00, 0x00, 0x00,
    0x00, 0x00, 0x00, 0x00, 0x00, 0x00, 0x00, 0x00, 0x00, 0x00, 0x00, 0x00, 0x00, 0x00, 0x00, 0x00,
    0x00, 0x00, 0x00, 0x00, 0x00, 0x00, 0x00, 0x00, 0x00, 0x00, 0x00, 0x00, 0x00, 0x00, 0x00, 0x00,
    0x00, 0x00, 0x00, 0x02, 0x92, 0x29, 0x20, 0x00, 0x00, 0x00, 0xaf, 0x99, 0xfa, 0x00, 0x00, 0x00,
    0x02, 0x82, 0x28, 0x20, 0x00, 0x00, 0x00, 0x28, 0x22, 0x82, 0x00, 0x00, 0x00, 0x0a, 0xf9, 0x9f,
    0xa0, 0x00, 0x00, 0x00, 0x28, 0x22, 0x82, 0x00, 0x00, 0x29, 0x21, 0x82, 0x28, 0x20, 0x00, 0x0a,
    0xf9, 0x9f, 0x99, 0xfa, 0x00, 0x00, 0x28, 0x22, 0x81, 0x29, 0x20, 0x00, 0x02, 0x82, 0x28, 0x20,
    0x00, 0x00, 0x00, 0xaf, 0x99, 0xfa, 0x00, 0x00, 0x00, 0x02, 0x92, 0x29, 0x20, 0x00, 0x00, 0x00,
    0x00, 0x00, 0x00, 0x00, 0x00, 0x00, 0x00, 0x00, 0x00, 0x00, 0x00, 0x00, 0x00, 0x00, 0x00, 0x00,
    0x00, 0x00, 0x00, 0x00, 0x00, 0x00, 0x00, 0x00, 0x00, 0x00, 0x00, 0x00, 0x00, 0x00, 0x00, 0x00,
    0x00, 0x00, 0x00, 0x29, 0x22, 0x92, 0x29, 0x22, 0x92, 0x29, 0x22, 0x92, 0x00, 0x00, 0xaf, 0x99,
    0xf9, 0x9f, 0x99, 0xf9, 0x9f, 0x99, 0xfa, 0x00, 0x00, 0x29, 0x22, 0x92, 0x29, 0x22, 0x92, 0x29,
    0x22, 0x92, 0x00, 0x00, 0x00, 0x00, 0x00, 0x00, 0x00, 0x00, 0x00, 0x00, 0x00, 0x00, 0x00, 0x00,
    0x00, 0x00, 0x00, 0x00, 0x00, 0x00, 0x00, 0x00, 0x00, 0x00, 0x00, 0x00, 0x00, 0x00, 0x00, 0x00,
    0x00, 0x00, 0x00, 0x00, 0x29, 0x22, 0x92, 0x00, 0x00, 0xaf, 0x99, 0xfa, 0x00, 0x00, 0x28, 0x22,
    0x82, 0x00, 0x00, 0x28, 0x22, 0x82, 0x00, 0x00, 0xaf, 0x99, 0xfa, 0x00, 0x00, 0x28, 0x22, 0x82,
    0x00, 0x00, 0x28, 0x22, 0x82, 0x00, 0x00, 0xaf, 0x99, 0xfa, 0x00, 0x00, 0x29, 0x22, 0x92, 0x00,
    0x00, 0x00, 0x00, 0x00, 0x00, 0x00, 0x00, 0x00, 0x00, 0x00, 0x00, 0x00, 0x00, 0x00, 0x00, 0x00,
    0x00, 0x00, 0x00, 0x00, 0x00, 0x00, 0x00, 0x00, 0x00, 0x00, 0x00, 0x00, 0x00, 0x00, 0x00, 0x00,
    0x00, 0x00, 0x00, 0x00, 0x00, 0x00, 0x00, 0x00, 0x00, 0x00, 0x00, 0x00, 0x00, 0x00, 0x02, 0x92,
    0x29, 0x22, 0x92, 0x00, 0x00, 0x00, 0x00, 0x00, 0x00, 0x00, 0x00, 0x00, 0x0a, 0xf9, 0x9f, 0x99,
    0xfa, 0x00, 0x00, 0x00, 0x00, 0x00, 0x00, 0x00, 0x00, 0x00, 0x02, 0x82, 0x28, 0x22, 0x82, 0x00,
    0x00, 0x00, 0x00, 0x00, 0x00, 0x00, 0x00, 0x00, 0x02, 0x82, 0x28, 0x22, 0x82, 0x00, 0x00, 0x00,
    0x00, 0x00, 0x00, 0x00, 0x00, 0x00, 0x0a, 0xf9, 0x9f, 0x99, 0xfa, 0x00, 0x00, 0x00, 0x00, 0x00,
    0x00, 0x00, 0x00, 0x00, 0x02, 0x82, 0x28, 0x12, 0x92, 0x00, 0x00, 0x00, 0x00, 0x00, 0x00, 0x00,
    0x00, 0x29, 0x21, 0x82, 0x28, 0x20, 0x00, 0x00, 0x00, 0x00, 0x00, 0x00, 0x00, 0x00, 0x00, 0xaf,
    0x99, 0xf9, 0x9f, 0xa0, 0x00, 0x00, 0x00, 0x00, 0x00, 0x00, 0x00, 0x00, 0x00, 0x28, 0x12, 0x92,
    0x29, 0x20, 0x00, 0x00, 0x00, 0x00, 0x00, 0x00, 0x29, 0x22, 0x92, 0x18, 0x20, 0x00, 0x00, 0x00,
    0x00, 0x00, 0x00, 0x00, 0x00, 0x00, 0xaf, 0x99, 0xf9, 0x9f, 0xa0, 0x00, 0x00, 0x00, 0x00, 0x00,
    0x00, 0x00, 0x00, 0x00, 0x28, 0x22, 0x81, 0x29, 0x20, 0x00, 0x00, 0x00, 0x00, 0x00, 0x00, 0x00,
    0x02, 0x92, 0x18, 0x22, 0x82, 0x00, 0x00, 0x00, 0x00, 0x00, 0x00, 0x00, 0x00, 0x00, 0x0a, 0xf9,
    0x9f, 0x99, 0xfa, 0x00, 0x00, 0x00, 0x00, 0x00, 0x00, 0x00, 0x00, 0x00, 0x02, 0x82, 0x28, 0x22,
    0x82, 0x00, 0x00, 0x00, 0x00, 0x00, 0x00, 0x00, 0x00, 0x29, 0x21, 0x82, 0x28, 0x22, 0x82, 0x00,
    0x00, 0x00, 0x00, 0x00, 0x00, 0x00, 0x00, 0xaf, 0x99, 0xf9, 0x9f, 0x99, 0xfa, 0x00, 0x00, 0x00,
    0x00, 0x00, 0x00, 0x00, 0x00, 0x28, 0x22, 0x82, 0x28, 0x12, 0x92, 0x00, 0x00, 0x00, 0x00, 0x00,
    0x00, 0x00, 0x00, 0x28, 0x22, 0x82, 0x28, 0x20, 0x00, 0x00, 0x00, 0x00, 0x00, 0x00, 0x00, 0x00,
    0x00, 0xaf, 0x99, 0xf9, 0x9f, 0xa0, 0x00, 0x00, 0x00, 0x00, 0x00, 0x00, 0x00, 0x00, 0x00, 0x29,
    0x22, 0x92, 0x29, 0x20, 0x00, 0x00, 0x00, 0x00, 0x00, 0x00, 0x00, 0x00, 0x00, 0x00, 0x00, 0x00,
    0x00, 0x00, 0x00, 0x00, 0x00, 0x00, 0x00, 0x00, 0x00, 0x00, 0x00, 0x00, 0x00, 0x00, 0x00, 0x00,
    0x00, 0x00, 0x00, 0x00, 0x00, 0x00, 0x00, 0x00, 0x00, 0x00, 0x00, 0x00, 0x00, 0x00, 0x00, 0x00,
    0x00, 0x00, 0x00, 0x00, 0x00, 0x00, 0x00, 0x00, 0x00, 0x00, 0x00, 0x00, 0x00, 0x00, 0x00, 0x00,
    0x02, 0x92, 0x29, 0x22, 0x92, 0x29, 0x20, 0x00, 0x00, 0x00, 0x00, 0x0a, 0xf9, 0x9f, 0x99, 0xf9,
    0x9f, 0xa0, 0x00, 0x00, 0x00, 0x00, 0x02, 0x82, 0x28, 0x22, 0x82, 0x28, 0x20, 0x00, 0x00, 0x00,
    0x29, 0x21, 0x82, 0x28, 0x22, 0x82, 0x28, 0x12, 0x92, 0x00, 0x00, 0xaf, 0x99, 0xf9, 0x9f, 0x99,
    0xf9, 0x9f, 0x99, 0xfa, 0x00, 0x00, 0x28, 0x22, 0x82, 0x28, 0x22, 0x82, 0x28, 0x22, 0x82, 0x00,
    0x00, 0x28, 0x22, 0x82, 0x28, 0x22, 0x82, 0x28, 0x22, 0x82, 0x00, 0x00, 0xaf, 0x99, 0xf9, 0x9f,
    0x99, 0xf9, 0x9f, 0x99, 0xfa, 0x00, 0x00, 0x28, 0x22, 0x82, 0x28, 0x22, 0x82, 0x28, 0x22, 0x82,
    0x00, 0x00, 0x28, 0x22, 0x82, 0x28, 0x22, 0x82, 0x28, 0x22, 0x82, 0x00, 0x00, 0xaf, 0x99, 0xf9,
    0x9f, 0x99, 0xf9, 0x9f, 0x99, 0xfa, 0x00, 0x00, 0x28, 0x22, 0x81, 0x29, 0x21, 0x82, 0x28, 0x22,
    0x82, 0x00, 0x00, 0x28, 0x22, 0x82, 0x00, 0x02, 0x82, 0x28, 0x22, 0x82, 0x00, 0x00, 0xaf, 0x99,
    0xfa, 0x01, 0x0a, 0xf9, 0x9f, 0x99, 0xfa, 0x00, 0x00, 0x28, 0x22, 0x82, 0x00, 0x02, 0x82, 0x28,
    0x22, 0x82, 0x00, 0x00, 0x28, 0x22, 0x81, 0x29, 0x21, 0x82, 0x28, 0x22, 0x82, 0x00, 0x00, 0xaf,
    0x99, 0xf9, 0x9f, 0x99, 0xf9, 0x9f, 0x99, 0xfa, 0x00, 0x00, 0x29, 0x21, 0x82, 0x28, 0x22, 0x82,
    0x28, 0x12, 0x92, 0x00, 0x00, 0x00, 0x02, 0x82, 0x28, 0x22, 0x82, 0x28, 0x20, 0x00, 0x00, 0x00,
    0x00, 0x0a, 0xf9, 0x9f, 0x99, 0xf9, 0x9f, 0xa0, 0x00, 0x00, 0x00, 0x00, 0x02, 0x92, 0x29, 0x22,
    0x92, 0x29, 0x20, 0x00, 0x00, 0x00, 0x00, 0x00, 0x00, 0x00, 0x00, 0x00, 0x00, 0x00, 0x00, 0x00,
    0x00, 0x00, 0x00, 0x00, 0x00, 0x00, 0x00, 0x00, 0x00, 0x00, 0x00, 0x00, 0x00, 0x00, 0x00, 0x00,
    0x00, 0x00, 0x00, 0x00, 0x00, 0x00, 0x00, 0x00, 0x00, 0x00, 0x00, 0x00, 0x00, 0x00, 0x00, 0x00,
    0x00, 0x00, 0x00, 0x00, 0x00, 0x29, 0x22, 0x92, 0x00, 0x00, 0x00, 0x00, 0x00, 0x00, 0x00, 0x00,
    0xaf, 0x99, 0xfa, 0x00, 0x00, 0x00, 0x00, 0x00, 0x00, 0x00, 0x00, 0x28, 0x22, 0x82, 0x00, 0x00,
    0x00, 0x00, 0x00, 0x00, 0x02, 0x92, 0x18, 0x22, 0x82, 0x00, 0x00, 0x00, 0x00, 0x00, 0x00, 0x0a,
    0xf9, 0x9f, 0x99, 0xfa, 0x00, 0x00, 0x00, 0x00, 0x00, 0x00, 0x02, 0x82, 0x28, 0x22, 0x82, 0x00,
    0x00, 0x00, 0x00, 0x00, 0x00, 0x02, 0x82, 0x28, 0x22, 0x82, 0x00, 0x00, 0x00, 0x00, 0x00, 0x00,
    0x0a, 0xf9, 0x9f, 0x99, 0xfa, 0x00, 0x00, 0x00, 0x00, 0x00, 0x00, 0x02, 0x92, 0x18, 0x22, 0x82,
    0x00, 0x00, 0x00, 0x00, 0x00, 0x00, 0x00, 0x00, 0x28, 0x22, 0x82, 0x00, 0x00, 0x00, 0x00, 0x00,
    0x00, 0x00, 0x00, 0xaf, 0x99, 0xfa, 0x00, 0x00, 0x00, 0x00, 0x00, 0x00, 0x00, 0x00, 0x28, 0x22,
    0x82, 0x00, 0x00, 0x00, 0x00, 0x00, 0x00, 0x00, 0x00, 0x28, 0x22, 0x82, 0x00, 0x00, 0x00, 0x00,
    0x00, 0x00, 0x00, 0x00, 0xaf, 0x99, 0xfa, 0x00, 0x00, 0x00, 0x00, 0x00, 0x00, 0x00, 0x00, 0x28,
    0x22, 0x82, 0x00, 0x00, 0x00, 0x00, 0x00, 0x29, 0x22, 0x92, 0x18, 0x22, 0x81, 0x29, 0x22, 0x92,
    0x00, 0x00, 0xaf, 0x99, 0xf9, 0x9f, 0x99, 0xf9, 0x9f, 0x99, 0xfa, 0x00, 0x00, 0x28, 0x22, 0x82,
    0x28, 0x22, 0x82, 0x28, 0x22, 0x82, 0x00, 0x00, 0x28, 0x22, 0x82, 0x28, 0x22, 0x82, 0x28, 0x22,
    0x82, 0x00, 0x00, 0xaf, 0x99, 0xf9, 0x9f, 0x99, 0xf9, 0x9f, 0x99, 0xfa, 0x00, 0x00, 0x29, 0x22,
    0x92, 0x29, 0x22, 0x92, 0x29, 0x22, 0x92, 0x00, 0x00, 0x00, 0x00, 0x00, 0x00, 0x00, 0x00, 0x00,
    0x00, 0x00, 0x00, 0x00, 0x00, 0x00, 0x00, 0x00, 0x00, 0x00, 0x00, 0x00, 0x00, 0x00, 0x00, 0x00,
    0x00, 0x00, 0x00, 0x00, 0x00, 0x00, 0x00, 0x00, 0x00, 0x00, 0x00, 0x00, 0x00, 0x00, 0x00, 0x00,
    0x00, 0x00, 0x00, 0x00, 0x00, 0x00, 0x02, 0x92, 0x29, 0x22, 0x92, 0x29, 0x20, 0x00, 0x00, 0x00,
    0x00, 0x0a, 0xf9, 0x9f, 0x99, 0xf9, 0x9f, 0xa0, 0x00, 0x00, 0x00, 0x00, 0x02, 0x82, 0x28, 0x22,
    0x82, 0x28, 0x20, 0x00, 0x00, 0x00, 0x29, 0x21, 0x82, 0x28, 0x22, 0x82, 0x28, 0x12, 0x92, 0x00,
    0x00, 0xaf, 0x99, 0xf9, 0x9f, 0x99, 0xf9, 0x9f, 0x99, 0xfa, 0x00, 0x00, 0x28, 0x22, 0x81, 0x29,
    0x21, 0x82, 0x28, 0x22, 0x82, 0x00, 0x00, 0x28, 0x22, 0x82, 0x00, 0x02, 0x82, 0x28, 0x22, 0x82,
    0x00, 0x00, 0xaf, 0x99, 0xfa, 0x01, 0x0a, 0xf9, 0x9f, 0x99, 0xfa, 0x00, 0x00, 0x29, 0x21, 0x82,
    0x00, 0x02, 0x81, 0x29, 0x22, 0x92, 0x00, 0x00, 0x00, 0x02, 0x81, 0x29, 0x21, 0x82, 0x00, 0x00,
    0x00, 0x00, 0x00, 0x01, 0x0a, 0xf9, 0x9f, 0x99, 0xfa, 0x00, 0x00, 0x00, 0x00, 0x00, 0x00, 0x02,
    0x82, 0x28, 0x12, 0x92, 0x00, 0x00, 0x00, 0x00, 0x00, 0x29, 0x21, 0x82, 0x28, 0x20, 0x00, 0x00,
    0x00, 0x00, 0x00, 0x00, 0xaf, 0x99, 0xf9, 0x9f, 0xa0, 0x10, 0x00, 0x00, 0x00, 0x00, 0x00, 0x28,
    0x22, 0x82, 0x28, 0x20, 0x00, 0x00, 0x00, 0x00, 0x00, 0x00, 0x28, 0x22, 0x82, 0x28, 0x12, 0x92,
    0x29, 0x22, 0x92, 0x00, 0x00, 0xaf, 0x99, 0xf9, 0x9f, 0x99, 0xf9, 0x9f, 0x99, 0xfa, 0x00, 0x00,
    0x28, 0x22, 0x82, 0x28, 0x22, 0x82, 0x28, 0x22, 0x82, 0x00, 0x00, 0x28, 0x22, 0x82, 0x28, 0x22,
    0x82, 0x28, 0x22, 0x82, 0x00, 0x00, 0xaf, 0x99, 0xf9, 0x9f, 0x99, 0xf9, 0x9f, 0x99, 0xfa, 0x00,
    0x00, 0x29, 0x22, 0x92, 0x29, 0x22, 0x92, 0x29, 0x22, 0x92, 0x00, 0x00, 0x00, 0x00, 0x00, 0x00,
    0x00, 0x00, 0x00, 0x00, 0x00, 0x00, 0x00, 0x00, 0x00, 0x00, 0x00, 0x00, 0x00, 0x00, 0x00, 0x00,
    0x00, 0x00, 0x00, 0x00, 0x00, 0x00, 0x00, 0x00, 0x00, 0x00, 0x00, 0x00, 0x00, 0x00, 0x00, 0x00,
    0x00, 0x00, 0x00, 0x00, 0x00, 0x00, 0x00, 0x00, 0x00, 0x02, 0x92, 0x29, 0x22, 0x92, 0x29, 0x20,
    0x00, 0x00, 0x00, 0x00, 0x0a, 0xf9, 0x9f, 0x99, 0xf9, 0x9f, 0xa0, 0x00, 0x00, 0x00, 0x00, 0x02,
    0x82, 0x28, 0x22, 0x82, 0x28, 0x20, 0x00, 0x00, 0x00, 0x29, 0x21, 0x82, 0x28, 0x22, 0x82, 0x28,
    0x12, 0x92, 0x00, 0x00, 0xaf, 0x99, 0xf9, 0x9f, 0x99, 0xf9, 0x9f, 0x99, 0xfa, 0x00, 0x00, 0x28,
    0x22, 0x81, 0x29, 0x21, 0x82, 0x28, 0x22, 0x82, 0x00, 0x00, 0x28, 0x22, 0x82, 0x00, 0x02, 0x82,
    0x28, 0x22, 0x82, 0x00, 0x00, 0xaf, 0x99, 0xfa, 0x01, 0x0a, 0xf9, 0x9f, 0x99, 0xfa, 0x00, 0x00,
    0x29, 0x22, 0x92, 0x00, 0x02, 0x82, 0x28, 0x22, 0x82, 0x00, 0x00, 0x00, 0x00, 0x00, 0x29, 0x21,
    0x82, 0x28, 0x22, 0x82, 0x00, 0x00, 0x00, 0x00, 0x10, 0xaf, 0x99, 0xf9, 0x9f, 0x99, 0xfa, 0x00,
    0x00, 0x00, 0x00, 0x00, 0x29, 0x21, 0x82, 0x28, 0x22, 0x82, 0x00, 0x00, 0x29, 0x22, 0x92, 0x00,
    0x02, 0x82, 0x28, 0x22, 0x82, 0x00, 0x00, 0xaf, 0x99, 0xfa, 0x01, 0x0a, 0xf9, 0x9f, 0x99, 0xfa,
    0x00, 0x00, 0x28, 0x22, 0x82, 0x00, 0x02, 0x82, 0x28, 0x22, 0x82, 0x00, 0x00, 0x28, 0x22, 0x81,
    0x29, 0x21, 0x82, 0x28, 0x22, 0x82, 0x00, 0x00, 0xaf, 0x99, 0xf9, 0x9f, 0x99, 0xf9, 0x9f, 0x99,
    0xfa, 0x00, 0x00, 0x29, 0x21, 0x82, 0x28, 0x22, 0x82, 0x28, 0x12, 0x92, 0x00, 0x00, 0x00, 0x02,
    0x82, 0x28, 0x22, 0x82, 0x28, 0x20, 0x00, 0x00, 0x00, 0x00, 0x0a, 0xf9, 0x9f, 0x99, 0xf9, 0x9f,
    0xa0, 0x00, 0x00, 0x00, 0x00, 0x02, 0x92, 0x29, 0x22, 0x92, 0x29, 0x20, 0x00, 0x00, 0x00, 0x00,
    0x00, 0x00, 0x00, 0x00, 0x00, 0x00, 0x00, 0x00, 0x00, 0x00, 0x00, 0x00, 0x00, 0x00, 0x00, 0x00,
    0x00, 0x00, 0x00, 0x00, 0x00, 0x00, 0x00, 0x00, 0x00, 0x00, 0x00, 0x00, 0x00, 0x00, 0x00, 0x00,
    0x00, 0x00, 0x00, 0x00, 0x00, 0x00, 0x00, 0x00, 0x00, 0x00, 0x00, 0x00, 0x00, 0x00, 0x00, 0x00,
    0x00, 0x00, 0x02, 0x92, 0x29, 0x22, 0x92, 0x00, 0x00, 0x00, 0x00, 0x00, 0x00, 0x00, 0x00, 0xaf,
    0x99, 0xf9, 0x9f, 0xa0, 0x00, 0x00, 0x00, 0x00, 0x00, 0x00, 0x00, 0x02, 0x82, 0x28, 0x22, 0x82,
    0x00, 0x00, 0x00, 0x00, 0x00, 0x00, 0x02, 0x92, 0x18, 0x22, 0x82, 0x28, 0x20, 0x00, 0x00, 0x00,
    0x00, 0x00, 0x00, 0xaf, 0x99, 0xf9, 0x9f, 0x99, 0xfa, 0x00, 0x00, 0x00, 0x00, 0x00, 0x00, 0x02,
    0x82, 0x28, 0x22, 0x82, 0x28, 0x20, 0x00, 0x00, 0x00, 0x00, 0x02, 0x92, 0x18, 0x22, 0x82, 0x28,
    0x22, 0x82, 0x00, 0x00, 0x00, 0x00, 0x00, 0xaf, 0x99, 0xf9, 0x9f, 0x99, 0xf9, 0x9f, 0xa0, 0x00,
    0x00, 0x00, 0x00, 0x02, 0x82, 0x28, 0x22, 0x82, 0x28, 0x22, 0x82, 0x00, 0x00, 0x00, 0x02, 0x92,
    0x18, 0x22, 0x82, 0x28, 0x22, 0x82, 0x28, 0x12, 0x92, 0x00, 0x00, 0xaf, 0x99, 0xf9, 0x9f, 0x99,
    0xf9, 0x9f, 0x99, 0xf9, 0x9f, 0xa0, 0x00, 0x02, 0x82, 0x28, 0x22, 0x82, 0x28, 0x22, 0x82, 0x28,
    0x22, 0x82, 0x00, 0x00, 0x28, 0x22, 0x82, 0x28, 0x22, 0x82, 0x28, 0x22, 0x82, 0x28, 0x20, 0x00,
    0x0a, 0xf9, 0x9f, 0x99, 0xf9, 0x9f, 0x99, 0xf9, 0x9f, 0x99, 0xfa, 0x00, 0x00, 0x29, 0x22, 0x92,
    0x29, 0x22, 0x92, 0x18, 0x22, 0x81, 0x29, 0x20, 0x00, 0x00, 0x00, 0x00, 0x00, 0x00, 0x00, 0x02,
    0x82, 0x28, 0x20, 0x00, 0x00, 0x00, 0x00, 0x00, 0x00, 0x00, 0x00, 0x00, 0xaf, 0x99, 0xfa, 0x00,
    0x00, 0x00, 0x00, 0x00, 0x00, 0x00, 0x00, 0x00, 0x02, 0x82, 0x28, 0x20, 0x00, 0x00, 0x00, 0x00,
    0x00, 0x00, 0x00, 0x00, 0x00, 0x28, 0x22, 0x82, 0x00, 0x00, 0x00, 0x00, 0x00, 0x00, 0x00, 0x00,
    0x00, 0x0a, 0xf9, 0x9f, 0xa0, 0x00, 0x00, 0x00, 0x00, 0x00, 0x00, 0x00, 0x00, 0x00, 0x29, 0x22,
    0x92, 0x00, 0x00, 0x00, 0x00, 0x00, 0x00, 0x00, 0x00, 0x00, 0x00, 0x00, 0x00, 0x00, 0x00, 0x00,
    0x00, 0x00, 0x00, 0x00, 0x00, 0x00, 0x00, 0x00, 0x00, 0x00, 0x00, 0x00, 0x00, 0x00, 0x00, 0x00,
    0x00, 0x00, 0x00, 0x00, 0x00, 0x00, 0x00, 0x00, 0x00, 0x00, 0x00, 0x00, 0x00, 0x00, 0x00, 0x00,
    0x00, 0x00, 0x00, 0x00, 0x29, 0x22, 0x92, 0x29, 0x22, 0x92, 0x29, 0x22, 0x92, 0x00, 0x00, 0xaf,
    0x99, 0xf9, 0x9f, 0x99, 0xf9, 0x9f, 0x99, 0xfa, 0x00, 0x00, 0x28, 0x22, 0x82, 0x28, 0x22, 0x82,
    0x28, 0x22, 0x82, 0x00, 0x00, 0x28, 0x22, 0x82, 0x28, 0x22, 0x82, 0x28, 0x22, 0x82, 0x00, 0x00,
    0xaf, 0x99, 0xf9, 0x9f, 0x99, 0xf9, 0x9f, 0x99, 0xfa, 0x00, 0x00, 0x28, 0x22, 0x82, 0x28, 0x22,
    0x82, 0x28, 0x12, 0x92, 0x00, 0x00, 0x28, 0x22, 0x82, 0x28, 0x22, 0x82, 0x28, 0x20, 0x00, 0x00,
    0x00, 0xaf, 0x99, 0xf9, 0x9f, 0x99, 0xf9, 0x9f, 0xa0, 0x10, 0x00, 0x00, 0x29, 0x22, 0x92, 0x29,
    0x21, 0x82, 0x28, 0x20, 0x00, 0x00, 0x00, 0x00, 0x00, 0x00, 0x00, 0x02, 0x82, 0x28, 0x12, 0x92,
    0x00, 0x00, 0x00, 0x00, 0x00, 0x00, 0x0a, 0xf9, 0x9f, 0x99, 0xfa, 0x00, 0x00, 0x00, 0x00, 0x00,
    0x00, 0x02, 0x82, 0x28, 0x22, 0x82, 0x00, 0x00, 0x29, 0x22, 0x92, 0x00, 0x02, 0x82, 0x28, 0x22,
    0x82, 0x00, 0x00, 0xaf, 0x99, 0xfa, 0x01, 0x0a, 0xf9, 0x9f, 0x99, 0xfa, 0x00, 0x00, 0x28, 0x22,
    0x82, 0x00, 0x02, 0x82, 0x28, 0x22, 0x82, 0x00, 0x00, 0x28, 0x22, 0x81, 0x29, 0x21, 0x82, 0x28,
    0x22, 0x82, 0x00, 0x00, 0xaf, 0x99, 0xf9, 0x9f, 0x99, 0xf9, 0x9f, 0x99, 0xfa, 0x00, 0x00, 0x29,
    0x21, 0x82, 0x28, 0x22, 0x82, 0x28, 0x12, 0x92, 0x00, 0x00, 0x00, 0x02, 0x82, 0x28, 0x22, 0x82,
    0x28, 0x20, 0x00, 0x00, 0x00, 0x00, 0x0a, 0xf9, 0x9f, 0x99, 0xf9, 0x9f, 0xa0, 0x00, 0x00, 0x00,
    0x00, 0x02, 0x92, 0x29, 0x22, 0x92, 0x29, 0x20, 0x00, 0x00, 0x00, 0x00, 0x00, 0x00, 0x00, 0x00,
    0x00, 0x00, 0x00, 0x00, 0x00, 0x00, 0x00, 0x00, 0x00, 0x00, 0x00, 0x00, 0x00, 0x00, 0x00, 0x00,
    0x00, 0x00, 0x00, 0x00, 0x00, 0x00, 0x00, 0x00, 0x00, 0x00, 0x00, 0x00, 0x00, 0x00, 0x00, 0x00,
    0x00, 0x00, 0x00, 0x00, 0x00, 0x00, 0x00, 0x00, 0x00, 0x00, 0x29, 0x22, 0x92, 0x29, 0x20, 0x00,
    0x00, 0x00, 0x00, 0x00, 0x00, 0xaf, 0x99, 0xf9, 0x9f, 0xa0, 0x00, 0x00, 0x00, 0x00, 0x00, 0x00,
    0x28, 0x22, 0x82, 0x28, 0x20, 0x00, 0x00, 0x00, 0x00, 0x02, 0x92, 0x18, 0x22, 0x82, 0x28, 0x20,
    0x00, 0x00, 0x00, 0x00, 0x0a, 0xf9, 0x9f, 0x99, 0xf9, 0x9f, 0xa0, 0x00, 0x00, 0x00, 0x00, 0x02,
    0x82, 0x28, 0x12, 0x92, 0x29, 0x20, 0x00, 0x00, 0x00, 0x29, 0x21, 0x82, 0x28, 0x20, 0x00, 0x00,
    0x00, 0x00, 0x00, 0x00, 0xaf, 0x99, 0xf9, 0x9f, 0xa0, 0x10, 0x00, 0x00, 0x00, 0x00, 0x00, 0x28,
    0x22, 0x82, 0x28, 0x20, 0x00, 0x00, 0x00, 0x00, 0x00, 0x00, 0x28, 0x22, 0x82, 0x28, 0x12, 0x92,
    0x29, 0x22, 0x92, 0x00, 0x00, 0xaf, 0x99, 0xf9, 0x9f, 0x99, 0xf9, 0x9f, 0x99, 0xfa, 0x00, 0x00,
    0x28, 0x22, 0x81, 0x29, 0x21, 0x82, 0x28, 0x22, 0x82, 0x00, 0x00, 0x28, 0x22, 0x82, 0x00, 0x02,
    0x82, 0x28, 0x22, 0x82, 0x00, 0x00, 0xaf, 0x99, 0xfa, 0x01, 0x0a, 0xf9, 0x9f, 0x99, 0xfa, 0x00,
    0x00, 0x28, 0x22, 0x82, 0x00, 0x02, 0x82, 0x28, 0x22, 0x82, 0x00, 0x00, 0x28, 0x22, 0x81, 0x29,
    0x21, 0x82, 0x28, 0x22, 0x82, 0x00, 0x00, 0xaf, 0x99, 0xf9, 0x9f, 0x99, 0xf9, 0x9f, 0x99, 0xfa,
    0x00, 0x00, 0x29, 0x21, 0x82, 0x28, 0x22, 0x82, 0x28, 0x12, 0x92, 0x00, 0x00, 0x00, 0x02, 0x82,
    0x28, 0x22, 0x82, 0x28, 0x20, 0x00, 0x00, 0x00, 0x00, 0x0a, 0xf9, 0x9f, 0x99, 0xf9, 0x9f, 0xa0,
    0x00, 0x00, 0x00, 0x00, 0x02, 0x92, 0x29, 0x22, 0x92, 0x29, 0x20, 0x00, 0x00, 0x00, 0x00, 0x00,
    0x00, 0x00, 0x00, 0x00, 0x00, 0x00, 0x00, 0x00, 0x00, 0x00, 0x00, 0x00, 0x00, 0x00, 0x00, 0x00,
    0x00, 0x00, 0x00, 0x00, 0x00, 0x00, 0x00, 0x00, 0x00, 0x00, 0x00, 0x00, 0x00, 0x00, 0x00, 0x00,
    0x00, 0x00, 0x00, 0x00, 0x00, 0x00, 0x00, 0x00, 0x00, 0x00, 0x29, 0x22, 0x92, 0x29, 0x22, 0x92,
    0x29, 0x22, 0x92, 0x00, 0x00, 0xaf, 0x99, 0xf9, 0x9f, 0x99, 0xf9, 0x9f, 0x99, 0xfa, 0x00, 0x00,
    0x28, 0x22, 0x82, 0x28, 0x22, 0x82, 0x28, 0x22, 0x82, 0x00, 0x00, 0x28, 0x22, 0x82, 0x28, 0x22,
    0x82, 0x28, 0x22, 0x82, 0x00, 0x00, 0xaf, 0x99, 0xf9, 0x9f, 0x99, 0xf9, 0x9f, 0x99, 0xfa, 0x00,
    0x00, 0x29, 0x22, 0x92, 0x29, 0x21, 0x82, 0x28, 0x22, 0x82, 0x00, 0x00, 0x00, 0x00, 0x00, 0x00,
    0x02, 0x82, 0x28, 0x22, 0x82, 0x00, 0x00, 0x00, 0x00, 0x00, 0x01, 0x0a, 0xf9, 0x9f, 0x99, 0xfa,
    0x00, 0x00, 0x00, 0x00, 0x00, 0x00, 0x02, 0x82, 0x28, 0x12, 0x92, 0x00, 0x00, 0x00, 0x00, 0x00,
    0x29, 0x21, 0x82, 0x28, 0x20, 0x00, 0x00, 0x00, 0x00, 0x00, 0x00, 0xaf, 0x99, 0xf9, 0x9f, 0xa0,
    0x00, 0x00, 0x00, 0x00, 0x00, 0x00, 0x28, 0x22, 0x81, 0x29, 0x20, 0x00, 0x00, 0x00, 0x00, 0x00,
    0x00, 0x28, 0x22, 0x82, 0x00, 0x00, 0x00, 0x00, 0x00, 0x00, 0x00, 0x00, 0xaf, 0x99, 0xfa, 0x00,
    0x00, 0x00, 0x00, 0x00, 0x00, 0x00, 0x00, 0x28, 0x22, 0x82, 0x00, 0x00, 0x00, 0x00, 0x00, 0x00,
    0x00, 0x00, 0x28, 0x22, 0x82, 0x00, 0x00, 0x00, 0x00, 0x00, 0x00, 0x00, 0x00, 0xaf, 0x99, 0xfa,
    0x00, 0x00, 0x00, 0x00, 0x00, 0x00, 0x00, 0x00, 0x28, 0x22, 0x82, 0x00, 0x00, 0x00, 0x00, 0x00,
    0x00, 0x00, 0x00, 0x28, 0x22, 0x82, 0x00, 0x00, 0x00, 0x00, 0x00, 0x00, 0x00, 0x00, 0xaf, 0x99,
    0xfa, 0x00, 0x00, 0x00, 0x00, 0x00, 0x00, 0x00, 0x00, 0x29, 0x22, 0x92, 0x00, 0x00, 0x00, 0x00,
    0x00, 0x00, 0x00, 0x00, 0x00, 0x00, 0x00, 0x00, 0x00, 0x00, 0x00, 0x00, 0x00, 0x00, 0x00, 0x00,
    0x00, 0x00, 0x00, 0x00, 0x00, 0x00, 0x00, 0x00, 0x00, 0x00, 0x00, 0x00, 0x00, 0x00, 0x00, 0x00,
    0x00, 0x00, 0x00, 0x00, 0x00, 0x00, 0x00, 0x00, 0x00, 0x00, 0x00, 0x00, 0x00, 0x00, 0x02, 0x92,
    0x29, 0x22, 0x92, 0x29, 0x20, 0x00, 0x00, 0x00, 0x00, 0x0a, 0xf9, 0x9f, 0x99, 0xf9, 0x9f, 0xa0,
    0x00, 0x00, 0x00, 0x00, 0x02, 0x82, 0x28, 0x22, 0x82, 0x28, 0x20, 0x00, 0x00, 0x00, 0x29, 0x21,
    0x82, 0x28, 0x22, 0x82, 0x28, 0x12, 0x92, 0x00, 0x00, 0xaf, 0x99, 0xf9, 0x9f, 0x99, 0xf9, 0x9f,
    0x99, 0xfa, 0x00, 0x00, 0x28, 0x22, 0x81, 0x29, 0x21, 0x82, 0x28, 0x22, 0x82, 0x00, 0x00, 0x28,
    0x22, 0x82, 0x00, 0x02, 0x82, 0x28, 0x22, 0x82, 0x00, 0x00, 0xaf, 0x99, 0xfa, 0x01, 0x0a, 0xf9,
    0x9f, 0x99, 0xfa, 0x00, 0x00, 0x28, 0x22, 0x82, 0x00, 0x02, 0x82, 0x28, 0x22, 0x82, 0x00, 0x00,
    0x28, 0x22, 0x81, 0x29, 0x21, 0x82, 0x28, 0x22, 0x82, 0x00, 0x00, 0xaf, 0x99, 0xf9, 0x9f, 0x99,
    0xf9, 0x9f, 0x99, 0xfa, 0x00, 0x00, 0x28, 0x22, 0x81, 0x29, 0x21, 0x82, 0x28, 0x22, 0x82, 0x00,
    0x00, 0x28, 0x22, 0x82, 0x00, 0x02, 0x82, 0x28, 0x22, 0x82, 0x00, 0x00, 0xaf, 0x99, 0xfa, 0x01,
    0x0a, 0xf9, 0x9f, 0x99, 0xfa, 0x00, 0x00, 0x28, 0x22, 0x82, 0x00, 0x02, 0x82, 0x28, 0x22, 0x82,
    0x00, 0x00, 0x28, 0x22, 0x81, 0x29, 0x21, 0x82, 0x28, 0x22, 0x82, 0x00, 0x00, 0xaf, 0x99, 0xf9,
    0x9f, 0x99, 0xf9, 0x9f, 0x99, 0xfa, 0x00, 0x00, 0x29, 0x21, 0x82, 0x28, 0x22, 0x82, 0x28, 0x12,
    0x92, 0x00, 0x00, 0x00, 0x02, 0x82, 0x28, 0x22, 0x82, 0x28, 0x20, 0x00, 0x00, 0x00, 0x00, 0x0a,
    0xf9, 0x9f, 0x99, 0xf9, 0x9f, 0xa0, 0x00, 0x00, 0x00, 0x00, 0x02, 0x92, 0x29, 0x22, 0x92, 0x29,
    0x20, 0x00, 0x00, 0x00, 0x00, 0x00, 0x00, 0x00, 0x00, 0x00, 0x00, 0x00, 0x00, 0x00, 0x00, 0x00,
    0x00, 0x00, 0x00, 0x00, 0x00, 0x00, 0x00, 0x00, 0x00, 0x00, 0x00, 0x00, 0x00, 0x00, 0x00, 0x00,
    0x00, 0x00, 0x00, 0x00, 0x00, 0x00, 0x00, 0x00, 0x00, 0x00, 0x00, 0x00, 0x00, 0x00, 0x00, 0x00,
    0x00, 0x02, 0x92, 0x29, 0x22, 0x92, 0x29, 0x20, 0x00, 0x00, 0x00, 0x00, 0x0a, 0xf9, 0x9f, 0x99,
    0xf9, 0x9f, 0xa0, 0x00, 0x00, 0x00, 0x00, 0x02, 0x82, 0x28, 0x22, 0x82, 0x28, 0x20, 0x00, 0x00,
    0x00, 0x29, 0x21, 0x82, 0x28, 0x22, 0x82, 0x28, 0x12, 0x92, 0x00, 0x00, 0xaf, 0x99, 0xf9, 0x9f,
    0x99, 0xf9, 0x9f, 0x99, 0xfa, 0x00, 0x00, 0x28, 0x22, 0x81, 0x29, 0x21, 0x82, 0x28, 0x22, 0x82,
    0x00, 0x00, 0x28, 0x22, 0x82, 0x00, 0x02, 0x82, 0x28, 0x22, 0x82, 0x00, 0x00, 0xaf, 0x99, 0xfa,
    0x01, 0x0a, 0xf9, 0x9f, 0x99, 0xfa, 0x00, 0x00, 0x29, 0x21, 0x82, 0x00, 0x02, 0x82, 0x28, 0x22,
    0x82, 0x00, 0x00, 0x00, 0x02, 0x81, 0x29, 0x21, 0x82, 0x28, 0x22, 0x82, 0x00, 0x00, 0x00, 0x0a,
    0xf9, 0x9f, 0x99, 0xf9, 0x9f, 0x99, 0xfa, 0x00, 0x00, 0x00, 0x02, 0x92, 0x29, 0x21, 0x82, 0x28,
    0x22, 0x82, 0x00, 0x00, 0x00, 0x00, 0x00, 0x00, 0x02, 0x82, 0x28, 0x22, 0x82, 0x00, 0x00, 0x00,
    0x00, 0x00, 0x01, 0x0a, 0xf9, 0x9f, 0x99, 0xfa, 0x00, 0x00, 0x00, 0x00, 0x00, 0x00, 0x02, 0x82,
    0x28, 0x12, 0x92, 0x00, 0x00, 0x00, 0x02, 0x92, 0x29, 0x21, 0x82, 0x28, 0x20, 0x00, 0x00, 0x00,
    0x00, 0x0a, 0xf9, 0x9f, 0x99, 0xf9, 0x9f, 0xa0, 0x00, 0x00, 0x00, 0x00, 0x02, 0x82, 0x28, 0x22,
    0x81, 0x29, 0x20, 0x00, 0x00, 0x00, 0x00, 0x02, 0x82, 0x28, 0x22, 0x82, 0x00, 0x00, 0x00, 0x00,
    0x00, 0x00, 0x0a, 0xf9, 0x9f, 0x99, 0xfa, 0x00, 0x00, 0x00, 0x00, 0x00, 0x00, 0x02, 0x92, 0x29,
    0x22, 0x92, 0x00, 0x00, 0x00, 0x00, 0x00, 0x00, 0x00, 0x00, 0x00, 0x00, 0x00, 0x00, 0x00, 0x00,
    0x00, 0x00, 0x00, 0x00, 0x00, 0x00, 0x00, 0x00, 0x00, 0x00, 0x00, 0x00, 0x00, 0x00, 0x00, 0x00,
    0x00, 0x00, 0x00, 0x00, 0x00, 0x00, 0x00, 0x29, 0x22, 0x92, 0x00, 0x00, 0xaf, 0x99, 0xfa, 0x00,
    0x00, 0x28, 0x22, 0x82, 0x00, 0x00, 0x28, 0x22, 0x82, 0x00, 0x00, 0xaf, 0x99, 0xfa, 0x00, 0x00,
    0x29, 0x22, 0x92, 0x00, 0x00, 0x00, 0x00, 0x00, 0x00, 0x00, 0x00, 0x00, 0x00, 0x00, 0x00, 0x00,
    0x00, 0x00, 0x00, 0x00, 0x29, 0x22, 0x92, 0x00, 0x00, 0xaf, 0x99, 0xfa, 0x00, 0x00, 0x28, 0x22,
    0x82, 0x00, 0x00, 0x28, 0x22, 0x82, 0x00, 0x00, 0xaf, 0x99, 0xfa, 0x00, 0x00, 0x28, 0x22, 0x82,
    0x00, 0x00, 0x28, 0x22, 0x82, 0x00, 0x00, 0xaf, 0x99, 0xfa, 0x00, 0x00, 0x29, 0x22, 0x92, 0x00,
    0x00, 0x00, 0x00, 0x00, 0x00, 0x00, 0x00, 0x00, 0x00, 0x00, 0x00, 0x00, 0x00, 0x00, 0x00, 0x00,
    0x00, 0x00, 0x00, 0x00, 0x00, 0x00, 0x00, 0x00, 0x00, 0x02, 0x92, 0x29, 0x20, 0x00, 0x00, 0x00,
    0xaf, 0x99, 0xfa, 0x00, 0x00, 0x00, 0x02, 0x82, 0x28, 0x20, 0x00, 0x00, 0x00, 0x28, 0x22, 0x82,
    0x00, 0x00, 0x00, 0x0a, 0xf9, 0x9f, 0xa0, 0x00, 0x00, 0x00, 0x29, 0x22, 0x92, 0x00, 0x00, 0x00,
    0x00, 0x00, 0x00, 0x00, 0x00, 0x00, 0x00, 0x00, 0x00, 0x00, 0x00, 0x00, 0x00, 0x00, 0x00, 0x00,
    0x00, 0x00, 0x00, 0x00, 0x29, 0x22, 0x92, 0x00, 0x00, 0x00, 0x0a, 0xf9, 0x9f, 0xa0, 0x00, 0x00,
    0x00, 0x28, 0x22, 0x82, 0x00, 0x00, 0x00, 0x02, 0x82, 0x28, 0x20, 0x00, 0x00, 0x00, 0xaf, 0x99,
    0xfa, 0x00, 0x00, 0x00, 0x02, 0x82, 0x28, 0x20, 0x00, 0x02, 0x92, 0x18, 0x22, 0x82, 0x00, 0x00,
    0xaf, 0x99, 0xf9, 0x9f, 0xa0, 0x00, 0x02, 0x82, 0x28, 0x12, 0x92, 0x00, 0x00, 0x28, 0x22, 0x82,
    0x00, 0x00, 0x00, 0x0a, 0xf9, 0x9f, 0xa0, 0x00, 0x00, 0x00, 0x29, 0x22, 0x92, 0x00, 0x00, 0x00,
    0x00, 0x00, 0x00, 0x00, 0x00, 0x00, 0x00, 0x00, 0x00, 0x00, 0x00, 0x00, 0x00, 0x00, 0x00, 0x00,
    0x00, 0x00, 0x00, 0x00, 0x00, 0x00, 0x00, 0x00, 0x00, 0x00, 0x00, 0x00, 0x00, 0x00, 0x00, 0x00,
    0x00, 0x00, 0x00, 0x00, 0x00, 0x02, 0x92, 0x29, 0x20, 0x00, 0x00, 0x00, 0x00, 0x00, 0x00, 0xaf,
    0x99, 0xfa, 0x00, 0x00, 0x00, 0x00, 0x00, 0x00, 0x02, 0x82, 0x28, 0x20, 0x00, 0x00, 0x00, 0x00,
    0x02, 0x92, 0x18, 0x22, 0x82, 0x00, 0x00, 0x00, 0x00, 0x00, 0xaf, 0x99, 0xf9, 0x9f, 0xa0, 0x00,
    0x00, 0x00, 0x00, 0x02, 0x82, 0x28, 0x12, 0x92, 0x00, 0x00, 0x00, 0x02, 0x92, 0x18, 0x22, 0x82,
    0x00, 0x00, 0x00, 0x00, 0x00, 0xaf, 0x99, 0xf9, 0x9f, 0xa0, 0x00, 0x00, 0x00, 0x00, 0x02, 0x82,
    0x28, 0x12, 0x92, 0x00, 0x00, 0x00, 0x02, 0x92, 0x18, 0x22, 0x82, 0x00, 0x00, 0x00, 0x00, 0x00,
    0xaf, 0x99, 0xf9, 0x9f, 0xa0, 0x10, 0x00, 0x00, 0x00, 0x02, 0x92, 0x18, 0x22, 0x82, 0x00, 0x00,
    0x00, 0x00, 0x00, 0x00, 0x02, 0x82, 0x28, 0x12, 0x92, 0x00, 0x00, 0x00, 0x00, 0x00, 0xaf, 0x99,
    0xf9, 0x9f, 0xa0, 0x00, 0x00, 0x00, 0x00, 0x02, 0x92, 0x18, 0x22, 0x82, 0x00, 0x00, 0x00, 0x00,
    0x00, 0x00, 0x02, 0x82, 0x28, 0x12, 0x92, 0x00, 0x00, 0x00, 0x00, 0x00, 0xaf, 0x99, 0xf9, 0x9f,
    0xa0, 0x00, 0x00, 0x00, 0x00, 0x02, 0x92, 0x18, 0x22, 0x82, 0x00, 0x00, 0x00, 0x00, 0x00, 0x00,
    0x02, 0x82, 0x28, 0x20, 0x00, 0x00, 0x00, 0x00, 0x00, 0x00, 0xaf, 0x99, 0xfa, 0x00, 0x00, 0x00,
    0x00, 0x00, 0x00, 0x02, 0x92, 0x29, 0x20, 0x00, 0x00, 0x00, 0x00, 0x00, 0x00, 0x00, 0x00, 0x00,
    0x00, 0x00, 0x00, 0x00, 0x00, 0x00, 0x00, 0x00, 0x00, 0x00, 0x00, 0x00, 0x00, 0x00, 0x00, 0x00,
    0x00, 0x00, 0x00, 0x00, 0x00, 0x00, 0x00, 0x00, 0x00, 0x00, 0x00, 0x00, 0x00, 0x00, 0x00, 0x00,
    0x00, 0x00, 0x29, 0x22, 0x92, 0x29, 0x22, 0x92, 0x29, 0x22, 0x92, 0x00, 0x00, 0xaf, 0x99, 0xf9,
    0x9f, 0x99, 0xf9, 0x9f, 0x99, 0xfa, 0x00, 0x00, 0x28, 0x22, 0x82, 0x28, 0x22, 0x82, 0x28, 0x22,
    0x82, 0x00, 0x00, 0x28, 0x22, 0x82, 0x28, 0x22, 0x82, 0x28, 0x22, 0x82, 0x00, 0x00, 0xaf, 0x99,
    0xf9, 0x9f, 0x99, 0xf9, 0x9f, 0x99, 0xfa, 0x00, 0x00, 0x28, 0x22, 0x82, 0x28, 0x22, 0x82, 0x28,
    0x22, 0x82, 0x00, 0x00, 0x28, 0x22, 0x82, 0x28, 0x22, 0x82, 0x28, 0x22, 0x82, 0x00, 0x00, 0xaf,
    0x99, 0xf9, 0x9f, 0x99, 0xf9, 0x9f, 0x99, 0xfa, 0x00, 0x00, 0x29, 0x22, 0x92, 0x29, 0x22, 0x92,
    0x29, 0x22, 0x92, 0x00, 0x00, 0x00, 0x00, 0x00, 0x00, 0x00, 0x00, 0x00, 0x00, 0x00, 0x00, 0x00,
    0x00, 0x00, 0x00, 0x00, 0x00, 0x00, 0x00, 0x00, 0x00, 0x00, 0x00, 0x00, 0x00, 0x00, 0x00, 0x00,
    0x00, 0x00, 0x00, 0x00, 0x00, 0x00, 0x00, 0x00, 0x00, 0x00, 0x00, 0x00, 0x00, 0x00, 0x29, 0x22,
    0x92, 0x00, 0x00, 0x00, 0x00, 0x00, 0x00, 0x0a, 0xf9, 0x9f, 0xa0, 0x00, 0x00, 0x00, 0x00, 0x00,
    0x00, 0x28, 0x22, 0x82, 0x00, 0x00, 0x00, 0x00, 0x00, 0x00, 0x02, 0x82, 0x28, 0x12, 0x92, 0x00,
    0x00, 0x00, 0x00, 0x00, 0xaf, 0x99, 0xf9, 0x9f, 0xa0, 0x00, 0x00, 0x00, 0x00, 0x02, 0x92, 0x18,
    0x22, 0x82, 0x00, 0x00, 0x00, 0x00, 0x00, 0x00, 0x02, 0x82, 0x28, 0x12, 0x92, 0x00, 0x00, 0x00,
    0x00, 0x00, 0xaf, 0x99, 0xf9, 0x9f, 0xa0, 0x00, 0x00, 0x00, 0x00, 0x02, 0x92, 0x18, 0x22, 0x82,
    0x00, 0x00, 0x00, 0x00, 0x00, 0x00, 0x02, 0x82, 0x28, 0x12, 0x92, 0x00, 0x00, 0x00, 0x00, 0x10,
    0xaf, 0x99, 0xf9, 0x9f, 0xa0, 0x00, 0x00, 0x00, 0x00, 0x02, 0x82, 0x28, 0x12, 0x92, 0x00, 0x00,
    0x00, 0x02, 0x92, 0x18, 0x22, 0x82, 0x00, 0x00, 0x00, 0x00, 0x00, 0xaf, 0x99, 0xf9, 0x9f, 0xa0,
    0x00, 0x00, 0x00, 0x00, 0x02, 0x82, 0x28, 0x12, 0x92, 0x00, 0x00, 0x00, 0x02, 0x92, 0x18, 0x22,
    0x82, 0x00, 0x00, 0x00, 0x00, 0x00, 0xaf, 0x99, 0xf9, 0x9f, 0xa0, 0x00, 0x00, 0x00, 0x00, 0x02,
    0x82, 0x28, 0x12, 0x92, 0x00, 0x00, 0x00, 0x00, 0x00, 0x28, 0x22, 0x82, 0x00, 0x00, 0x00, 0x00,
    0x00, 0x00, 0x0a, 0xf9, 0x9f, 0xa0, 0x00, 0x00, 0x00, 0x00, 0x00, 0x00, 0x29, 0x22, 0x92, 0x00,
    0x00, 0x00, 0x00, 0x00, 0x00, 0x00, 0x00, 0x00, 0x00, 0x00, 0x00, 0x00, 0x00, 0x00, 0x00, 0x00,
    0x00, 0x00, 0x00, 0x00, 0x00, 0x00, 0x00, 0x00, 0x00, 0x00, 0x00, 0x00, 0x00, 0x00, 0x00, 0x00,
    0x00, 0x00, 0x00, 0x00, 0x00, 0x00, 0x00, 0x00, 0x00, 0x00, 0x00, 0x00, 0x00, 0x00, 0x00, 0x00,
    0x02, 0x92, 0x29, 0x22, 0x92, 0x29, 0x20, 0x00, 0x00, 0x00, 0x00, 0x0a, 0xf9, 0x9f, 0x99, 0xf9,
    0x9f, 0xa0, 0x00, 0x00, 0x00, 0x00, 0x02, 0x82, 0x28, 0x22, 0x82, 0x28, 0x20, 0x00, 0x00, 0x00,
    0x29, 0x21, 0x82, 0x28, 0x22, 0x82, 0x28, 0x12, 0x92, 0x00, 0x00, 0xaf, 0x99, 0xf9, 0x9f, 0x99,
    0xf9, 0x9f, 0x99, 0xfa, 0x00, 0x00, 0x28, 0x22, 0x81, 0x29, 0x21, 0x82, 0x28, 0x22, 0x82, 0x00,
    0x00, 0x28, 0x22, 0x82, 0x00, 0x02, 0x82, 0x28, 0x22, 0x82, 0x00, 0x00, 0xaf, 0x99, 0xfa, 0x01,
    0x0a, 0xf9, 0x9f, 0x99, 0xfa, 0x00, 0x00, 0x29, 0x22, 0x92, 0x00, 0x02, 0x82, 0x28, 0x12, 0x92,
    0x00, 0x00, 0x00, 0x00, 0x00, 0x29, 0x21, 0x82, 0x28, 0x20, 0x00, 0x00, 0x00, 0x00, 0x00, 0x00,
    0xaf, 0x99, 0xf9, 0x9f, 0xa0, 0x00, 0x00, 0x00, 0x00, 0x00, 0x00, 0x28, 0x22, 0x81, 0x29, 0x20,
    0x00, 0x00, 0x00, 0x00, 0x00, 0x00, 0x28, 0x22, 0x82, 0x00, 0x00, 0x00, 0x00, 0x00, 0x00, 0x00,
    0x00, 0xaf, 0x99, 0xfa, 0x00, 0x00, 0x00, 0x00, 0x00, 0x00, 0x00, 0x00, 0x28, 0x22, 0x82, 0x00,
    0x00, 0x00, 0x00, 0x00, 0x00, 0x00, 0x00, 0x28, 0x22, 0x82, 0x00, 0x00, 0x00, 0x00, 0x00, 0x00,
    0x00, 0x00, 0xaf, 0x99, 0xfa, 0x00, 0x00, 0x00, 0x00, 0x00, 0x00, 0x00, 0x00, 0x28, 0x22, 0x82,
    0x00, 0x00, 0x00, 0x00, 0x00, 0x00, 0x00, 0x00, 0x28, 0x22, 0x82, 0x00, 0x00, 0x00, 0x00, 0x00,
    0x00, 0x00, 0x00, 0xaf, 0x99, 0xfa, 0x00, 0x00, 0x00, 0x00, 0x00, 0x00, 0x00, 0x00, 0x29, 0x22,
    0x92, 0x00, 0x00, 0x00, 0x00, 0x00, 0x00, 0x00, 0x00, 0x00, 0x00, 0x00, 0x00, 0x00, 0x00, 0x00,
    0x00, 0x00, 0x00, 0x00, 0x00, 0x00, 0x00, 0x00, 0x00, 0x00, 0x00, 0x00, 0x00, 0x00, 0x00, 0x00,
    0x00, 0x00, 0x00, 0x00, 0x00, 0x00, 0x00, 0x00, 0x00, 0x00, 0x00, 0x00, 0x00, 0x00, 0x00, 0x00,
    0x00, 0x00, 0x00, 0x00, 0x00, 0x00, 0x02, 0x92, 0x29, 0x22, 0x92, 0x29, 0x22, 0x92, 0x00, 0x00,
    0x00, 0x00, 0x00, 0xaf, 0x99, 0xf9, 0x9f, 0x99, 0xf9, 0x9f, 0xa0, 0x00, 0x00, 0x00, 0x00, 0x02,
    0x82, 0x28, 0x22, 0x82, 0x28, 0x22, 0x82, 0x00, 0x00, 0x00, 0x02, 0x92, 0x18, 0x22, 0x82, 0x28,
    0x22, 0x82, 0x28, 0x12, 0x92, 0x00, 0x00, 0xaf, 0x99, 0xf9, 0x9f, 0x99, 0xf9, 0x9f, 0x99, 0xf9,
    0x9f, 0xa0, 0x00, 0x02, 0x82, 0x28, 0x22, 0x82, 0x28, 0x22, 0x82, 0x28, 0x22, 0x82, 0x00, 0x00,
    0x28, 0x22, 0x82, 0x28, 0x22, 0x82, 0x28, 0x22, 0x82, 0x28, 0x20, 0x00, 0x0a, 0xf9, 0x9f, 0x99,
    0xf9, 0x9f, 0x99, 0xf9, 0x9f, 0x99, 0xfa, 0x00, 0x00, 0x28, 0x22, 0x82, 0x28, 0x22, 0x82, 0x28,
    0x22, 0x82, 0x28, 0x20, 0x00, 0x02, 0x82, 0x28, 0x22, 0x82, 0x28, 0x22, 0x82, 0x28, 0x22, 0x82,
    0x00, 0x00, 0xaf, 0x99, 0xf9, 0x9f, 0x99, 0xf9, 0x9f, 0x99, 0xf9, 0x9f, 0xa0, 0x00, 0x02, 0x82,
    0x28, 0x22, 0x82, 0x28, 0x22, 0x82, 0x28, 0x22, 0x82, 0x00, 0x00, 0x28, 0x22, 0x82, 0x28, 0x22,
    0x82, 0x28, 0x22, 0x82, 0x28, 0x20, 0x00, 0x0a, 0xf9, 0x9f, 0x99, 0xf9, 0x9f, 0x99, 0xf9, 0x9f,
    0x99, 0xfa, 0x00, 0x00, 0x28, 0x22, 0x82, 0x28, 0x22, 0x82, 0x28, 0x22, 0x81, 0x29, 0x20, 0x00,
    0x02, 0x82, 0x28, 0x22, 0x82, 0x28, 0x22, 0x82, 0x28, 0x20, 0x00, 0x00, 0x00, 0xaf, 0x99, 0xf9,
    0x9f, 0x99, 0xf9, 0x9f, 0x99, 0xfa, 0x00, 0x00, 0x00, 0x02, 0x92, 0x18, 0x22, 0x82, 0x28, 0x22,
    0x82, 0x28, 0x20, 0x00, 0x00, 0x00, 0x00, 0x02, 0x82, 0x28, 0x22, 0x82, 0x28, 0x22, 0x82, 0x00,
    0x00, 0x00, 0x00, 0x00, 0xaf, 0x99, 0xf9, 0x9f, 0x99, 0xf9, 0x9f, 0xa0, 0x00, 0x00, 0x00, 0x00,
    0x02, 0x92, 0x29, 0x22, 0x92, 0x29, 0x22, 0x92, 0x00, 0x00, 0x00, 0x00, 0x00, 0x00, 0x00, 0x00,
    0x00, 0x00, 0x00, 0x00, 0x00, 0x00, 0x00, 0x00, 0x00, 0x00, 0x00, 0x00, 0x00, 0x00, 0x00, 0x00,
    0x00, 0x00, 0x00, 0x00, 0x00, 0x00, 0x00, 0x00, 0x00, 0x00, 0x00, 0x00, 0x00, 0x00, 0x00, 0x00,
    0x00, 0x00, 0x00, 0x00, 0x00, 0x00, 0x00, 0x00, 0x00, 0x00, 0x00, 0x00, 0x00, 0x00, 0x29, 0x22,
    0x92, 0x00, 0x00, 0x00, 0x00, 0x00, 0x00, 0x00, 0x00, 0xaf, 0x99, 0xfa, 0x00, 0x00, 0x00, 0x00,
    0x00, 0x00, 0x00, 0x00, 0x28, 0x22, 0x82, 0x00, 0x00, 0x00, 0x00, 0x00, 0x00, 0x02, 0x92, 0x18,
    0x22, 0x81, 0x29, 0x20, 0x00, 0x00, 0x00, 0x00, 0x0a, 0xf9, 0x9f, 0x99, 0xf9, 0x9f, 0xa0, 0x00,
    0x00, 0x00, 0x00, 0x02, 0x82, 0x28, 0x22, 0x82, 0x28, 0x20, 0x00, 0x00, 0x00, 0x29, 0x21, 0x82,
    0x28, 0x22, 0x82, 0x28, 0x12, 0x92, 0x00, 0x00, 0xaf, 0x99, 0xf9, 0x9f, 0x99, 0xf9, 0x9f, 0x99,
    0xfa, 0x00, 0x00, 0x28, 0x22, 0x82, 0x28, 0x22, 0x82, 0x28, 0x22, 0x82, 0x00, 0x00, 0x28, 0x22,
    0x82, 0x28, 0x22, 0x82, 0x28, 0x22, 0x82, 0x00, 0x00, 0xaf, 0x99, 0xf9, 0x9f, 0x99, 0xf9, 0x9f,
    0x99, 0xfa, 0x00, 0x00, 0x28, 0x22, 0x82, 0x28, 0x22, 0x82, 0x28, 0x22, 0x82, 0x00, 0x00, 0x28,
    0x22, 0x82, 0x28, 0x22, 0x82, 0x28, 0x22, 0x82, 0x00, 0x00, 0xaf, 0x99, 0xf9, 0x9f, 0x99, 0xf9,
    0x9f, 0x99, 0xfa, 0x00, 0x00, 0x28, 0x22, 0x81, 0x29, 0x21, 0x82, 0x28, 0x22, 0x82, 0x00, 0x00,
    0x28, 0x22, 0x82, 0x00, 0x02, 0x82, 0x28, 0x22, 0x82, 0x00, 0x00, 0xaf, 0x99, 0xfa, 0x01, 0x0a,
    0xf9, 0x9f, 0x99, 0xfa, 0x00, 0x00, 0x28, 0x22, 0x82, 0x00, 0x02, 0x82, 0x28, 0x22, 0x82, 0x00,
    0x00, 0x28, 0x22, 0x82, 0x00, 0x02, 0x82, 0x28, 0x22, 0x82, 0x00, 0x00, 0xaf, 0x99, 0xfa, 0x00,
    0x0a, 0xf9, 0x9f, 0x99, 0xfa, 0x00, 0x00, 0x29, 0x22, 0x92, 0x00, 0x02, 0x92, 0x29, 0x22, 0x92,
    0x00, 0x00, 0x00, 0x00, 0x00, 0x00, 0x00, 0x00, 0x00, 0x00, 0x00, 0x00, 0x00, 0x00, 0x00, 0x00,
    0x00, 0x00, 0x00, 0x00, 0x00, 0x00, 0x00, 0x00, 0x00, 0x00, 0x00, 0x00, 0x00, 0x00, 0x00, 0x00,
    0x00, 0x00, 0x00, 0x00, 0x00, 0x00, 0x00, 0x00, 0x00, 0x00, 0x00, 0x00, 0x00, 0x00, 0x29, 0x22,
    0x92, 0x29, 0x22, 0x92, 0x29, 0x20, 0x00, 0x00, 0x00, 0xaf, 0x99, 0xf9, 0x9f, 0x99, 0xf9, 0x9f,
    0xa0, 0x00, 0x00, 0x00, 0x28, 0x22, 0x82, 0x28, 0x22, 0x82, 0x28, 0x20, 0x00, 0x00, 0x00, 0x28,
    0x22, 0x82, 0x28, 0x22, 0x82, 0x28, 0x12, 0x92, 0x00, 0x00, 0xaf, 0x99, 0xf9, 0x9f, 0x99, 0xf9,
    0x9f, 0x99, 0xfa, 0x00, 0x00, 0x28, 0x22, 0x81, 0x29, 0x21, 0x82, 0x28, 0x22, 0x82, 0x00, 0x00,
    0x28, 0x22, 0x82, 0x00, 0x02, 0x82, 0x28, 0x22, 0x82, 0x00, 0x00, 0xaf, 0x99, 0xfa, 0x01, 0x0a,
    0xf9, 0x9f, 0x99, 0xfa, 0x00, 0x00, 0x28, 0x22, 0x82, 0x00, 0x02, 0x82, 0x28, 0x22, 0x82, 0x00,
    0x00, 0x28, 0x22, 0x81, 0x29, 0x21, 0x82, 0x28, 0x22, 0x82, 0x00, 0x00, 0xaf, 0x99, 0xf9, 0x9f,
    0x99, 0xf9, 0x9f, 0x99, 0xfa, 0x00, 0x00, 0x28, 0x22, 0x81, 0x29, 0x21, 0x82, 0x28, 0x22, 0x82,
    0x00, 0x00, 0x28, 0x22, 0x82, 0x00, 0x02, 0x82, 0x28, 0x22, 0x82, 0x00, 0x00, 0xaf, 0x99, 0xfa,
    0x01, 0x0a, 0xf9, 0x9f, 0x99, 0xfa, 0x00, 0x00, 0x28, 0x22, 0x82, 0x00, 0x02, 0x82, 0x28, 0x22,
    0x82, 0x00, 0x00, 0x28, 0x22, 0x81, 0x29, 0x21, 0x82, 0x28, 0x22, 0x82, 0x00, 0x00, 0xaf, 0x99,
    0xf9, 0x9f, 0x99, 0xf9, 0x9f, 0x99, 0xfa, 0x00, 0x00, 0x28, 0x22, 0x82, 0x28, 0x22, 0x82, 0x28,
    0x12, 0x92, 0x00, 0x00, 0x28, 0x22, 0x82, 0x28, 0x22, 0x82, 0x28, 0x20, 0x00, 0x00, 0x00, 0xaf,
    0x99, 0xf9, 0x9f, 0x99, 0xf9, 0x9f, 0xa0, 0x00, 0x00, 0x00, 0x29, 0x22, 0x92, 0x29, 0x22, 0x92,
    0x29, 0x20, 0x00, 0x00, 0x00, 0x00, 0x00, 0x00, 0x00, 0x00, 0x00, 0x00, 0x00, 0x00, 0x00, 0x00,
    0x00, 0x00, 0x00, 0x00, 0x00, 0x00, 0x00, 0x00, 0x00, 0x00, 0x00, 0x00, 0x00, 0x00, 0x00, 0x00,
    0x00, 0x00, 0x00, 0x00, 0x00, 0x00, 0x00, 0x00, 0x00, 0x00, 0x00, 0x00, 0x00, 0x00, 0x00, 0x00,
    0x00, 0x00, 0x02, 0x92, 0x29, 0x22, 0x92, 0x29, 0x20, 0x00, 0x00, 0x00, 0x00, 0x0a, 0xf9, 0x9f,
    0x99, 0xf9, 0x9f, 0xa0, 0x00, 0x00, 0x00, 0x00, 0x02, 0x82, 0x28, 0x22, 0x82, 0x28, 0x20, 0x00,
    0x00, 0x00, 0x29, 0x21, 0x82, 0x28, 0x22, 0x82, 0x28, 0x12, 0x92, 0x00, 0x00, 0xaf, 0x99, 0xf9,
    0x9f, 0x99, 0xf9, 0x9f, 0x99, 0xfa, 0x00, 0x00, 0x28, 0x22, 0x81, 0x29, 0x21, 0x82, 0x28, 0x22,
    0x82, 0x00, 0x00, 0x28, 0x22, 0x82, 0x00, 0x02, 0x82, 0x28, 0x22, 0x82, 0x00, 0x00, 0xaf, 0x99,
    0xfa, 0x01, 0x0a, 0xf9, 0x9f, 0x99, 0xfa, 0x00, 0x00, 0x28, 0x22, 0x82, 0x00, 0x02, 0x92, 0x29,
    0x22, 0x92, 0x00, 0x00, 0x28, 0x22, 0x82, 0x00, 0x00, 0x00, 0x00, 0x00, 0x00, 0x00, 0x00, 0xaf,
    0x99, 0xfa, 0x00, 0x00, 0x00, 0x00, 0x00, 0x00, 0x00, 0x00, 0x28, 0x22, 0x82, 0x00, 0x00, 0x00,
    0x00, 0x00, 0x00, 0x00, 0x00, 0x28, 0x22, 0x82, 0x00, 0x02, 0x92, 0x29, 0x22, 0x92, 0x00, 0x00,
    0xaf, 0x99, 0xfa, 0x01, 0x0a, 0xf9, 0x9f, 0x99, 0xfa, 0x00, 0x00, 0x28, 0x22, 0x82, 0x00, 0x02,
    0x82, 0x28, 0x22, 0x82, 0x00, 0x00, 0x28, 0x22, 0x81, 0x29, 0x21, 0x82, 0x28, 0x22, 0x82, 0x00,
    0x00, 0xaf, 0x99, 0xf9, 0x9f, 0x99, 0xf9, 0x9f, 0x99, 0xfa, 0x00, 0x00, 0x29, 0x21, 0x82, 0x28,
    0x22, 0x82, 0x28, 0x12, 0x92, 0x00, 0x00, 0x00, 0x02, 0x82, 0x28, 0x22, 0x82, 0x28, 0x20, 0x00,
    0x00, 0x00, 0x00, 0x0a, 0xf9, 0x9f, 0x99, 0xf9, 0x9f, 0xa0, 0x00, 0x00, 0x00, 0x00, 0x02, 0x92,
    0x29, 0x22, 0x92, 0x29, 0x20, 0x00, 0x00, 0x00, 0x00, 0x00, 0x00, 0x00, 0x00, 0x00, 0x00, 0x00,
    0x00, 0x00, 0x00, 0x00, 0x00, 0x00, 0x00, 0x00, 0x00, 0x00, 0x00, 0x00, 0x00, 0x00, 0x00, 0x00,
    0x00, 0x00, 0x00, 0x00, 0x00, 0x00, 0x00, 0x00, 0x00, 0x00, 0x00, 0x00, 0x00, 0x00, 0x00, 0x00,
    0x00, 0x00, 0x00, 0x00, 0x29, 0x22, 0x92, 0x29, 0x22, 0x92, 0x00, 0x00, 0x00, 0x00, 0x00, 0xaf,
    0x99, 0xf9, 0x9f, 0x99, 0xfa, 0x00, 0x00, 0x00, 0x00, 0x00, 0x28, 0x22, 0x82, 0x28, 0x22, 0x82,
    0x00, 0x00, 0x00, 0x00, 0x00, 0x28, 0x22, 0x82, 0x28, 0x22, 0x81, 0x29, 0x20, 0x00, 0x00, 0x00,
    0xaf, 0x99, 0xf9, 0x9f, 0x99, 0xf9, 0x9f, 0xa0, 0x00, 0x00, 0x00, 0x28, 0x22, 0x81, 0x29, 0x21,
    0x82, 0x28, 0x20, 0x00, 0x00, 0x00, 0x28, 0x22, 0x82, 0x00, 0x02, 0x82, 0x28, 0x12, 0x92, 0x00,
    0x00, 0xaf, 0x99, 0xfa, 0x01, 0x0a, 0xf9, 0x9f, 0x99, 0xfa, 0x00, 0x00, 0x28, 0x22, 0x82, 0x00,
    0x02, 0x82, 0x28, 0x22, 0x82, 0x00, 0x00, 0x28, 0x22, 0x82, 0x00, 0x02, 0x82, 0x28, 0x22, 0x82,
    0x00, 0x00, 0xaf, 0x99, 0xfa, 0x00, 0x0a, 0xf9, 0x9f, 0x99, 0xfa, 0x00, 0x00, 0x28, 0x22, 0x82,
    0x00, 0x02, 0x82, 0x28, 0x22, 0x82, 0x00, 0x00, 0x28, 0x22, 0x82, 0x00, 0x02, 0x82, 0x28, 0x22,
    0x82, 0x00, 0x00, 0xaf, 0x99, 0xfa, 0x01, 0x0a, 0xf9, 0x9f, 0x99, 0xfa, 0x00, 0x00, 0x28, 0x22,
    0x82, 0x00, 0x02, 0x82, 0x28, 0x12, 0x92, 0x00, 0x00, 0x28, 0x22, 0x81, 0x29, 0x21, 0x82, 0x28,
    0x20, 0x00, 0x00, 0x00, 0xaf, 0x99, 0xf9, 0x9f, 0x99, 0xf9, 0x9f, 0xa0, 0x00, 0x00, 0x00, 0x28,
    0x22, 0x82, 0x28, 0x22, 0x81, 0x29, 0x20, 0x00, 0x00, 0x00, 0x28, 0x22, 0x82, 0x28, 0x22, 0x82,
    0x00, 0x00, 0x00, 0x00, 0x00, 0xaf, 0x99, 0xf9, 0x9f, 0x99, 0xfa, 0x00, 0x00, 0x00, 0x00, 0x00,
    0x29, 0x22, 0x92, 0x29, 0x22, 0x92, 0x00, 0x00, 0x00, 0x00, 0x00, 0x00, 0x00, 0x00, 0x00, 0x00,
    0x00, 0x00, 0x00, 0x00, 0x00, 0x00, 0x00, 0x00, 0x00, 0x00, 0x00, 0x00, 0x00, 0x00, 0x00, 0x00,
    0x00, 0x00, 0x00, 0x00, 0x00, 0x00, 0x00, 0x00, 0x00, 0x00, 0x00, 0x00, 0x00, 0x00, 0x00, 0x00,
    0x00, 0x00, 0x00, 0x00, 0x00, 0x00, 0x00, 0x29, 0x22, 0x92, 0x29, 0x22, 0x92, 0x29, 0x22, 0x92,
    0x00, 0x00, 0xaf, 0x99, 0xf9, 0x9f, 0x99, 0xf9, 0x9f, 0x99, 0xfa, 0x00, 0x00, 0x28, 0x22, 0x82,
    0x28, 0x22, 0x82, 0x28, 0x22, 0x82, 0x00, 0x00, 0x28, 0x22, 0x82, 0x28, 0x22, 0x82, 0x28, 0x22,
    0x82, 0x00, 0x00, 0xaf, 0x99, 0xf9, 0x9f, 0x99, 0xf9, 0x9f, 0x99, 0xfa, 0x00, 0x00, 0x28, 0x22,
    0x81, 0x29, 0x22, 0x92, 0x29, 0x22, 0x92, 0x00, 0x00, 0x28, 0x22, 0x82, 0x00, 0x00, 0x00, 0x00,
    0x00, 0x00, 0x00, 0x00, 0xaf, 0x99, 0xfa, 0x01, 0x00, 0x00, 0x00, 0x00, 0x00, 0x00, 0x00, 0x28,
    0x22, 0x82, 0x00, 0x00, 0x00, 0x00, 0x00, 0x00, 0x00, 0x00, 0x28, 0x22, 0x81, 0x29, 0x22, 0x92,
    0x29, 0x20, 0x00, 0x00, 0x00, 0xaf, 0x99, 0xf9, 0x9f, 0x99, 0xf9, 0x9f, 0xa0, 0x00, 0x00, 0x00,
    0x28, 0x22, 0x81, 0x29, 0x22, 0x92, 0x29, 0x20, 0x00, 0x00, 0x00, 0x28, 0x22, 0x82, 0x00, 0x00,
    0x00, 0x00, 0x00, 0x00, 0x00, 0x00, 0xaf, 0x99, 0xfa, 0x01, 0x00, 0x00, 0x00, 0x00, 0x00, 0x00,
    0x00, 0x28, 0x22, 0x82, 0x00, 0x00, 0x00, 0x00, 0x00, 0x00, 0x00, 0x00, 0x28, 0x22, 0x81, 0x29,
    0x22, 0x92, 0x29, 0x22, 0x92, 0x00, 0x00, 0xaf, 0x99, 0xf9, 0x9f, 0x99, 0xf9, 0x9f, 0x99, 0xfa,
    0x00, 0x00, 0x28, 0x22, 0x82, 0x28, 0x22, 0x82, 0x28, 0x22, 0x82, 0x00, 0x00, 0x28, 0x22, 0x82,
    0x28, 0x22, 0x82, 0x28, 0x22, 0x82, 0x00, 0x00, 0xaf, 0x99, 0xf9, 0x9f, 0x99, 0xf9, 0x9f, 0x99,
    0xfa, 0x00, 0x00, 0x29, 0x22, 0x92, 0x29, 0x22, 0x92, 0x29, 0x22, 0x92, 0x00, 0x00, 0x00, 0x00,
    0x00, 0x00, 0x00, 0x00, 0x00, 0x00, 0x00, 0x00, 0x00, 0x00, 0x00, 0x00, 0x00, 0x00, 0x00, 0x00,
    0x00, 0x00, 0x00, 0x00, 0x00, 0x00, 0x00, 0x00, 0x00, 0x00, 0x00, 0x00, 0x00, 0x00, 0x00, 0x00,
    0x00, 0x00, 0x00, 0x00, 0x00, 0x00, 0x00, 0x00, 0x00, 0x00, 0x29, 0x22, 0x92, 0x29, 0x22, 0x92,
    0x29, 0x22, 0x92, 0x00, 0x00, 0xaf, 0x99, 0xf9, 0x9f, 0x99, 0xf9, 0x9f, 0x99, 0xfa, 0x00, 0x00,
    0x28, 0x22, 0x82, 0x28, 0x22, 0x82, 0x28, 0x22, 0x82, 0x00, 0x00, 0x28, 0x22, 0x82, 0x28, 0x22,
    0x82, 0x28, 0x22, 0x82, 0x00, 0x00, 0xaf, 0x99, 0xf9, 0x9f, 0x99, 0xf9, 0x9f, 0x99, 0xfa, 0x00,
    0x00, 0x28, 0x22, 0x81, 0x29, 0x22, 0x92, 0x29, 0x22, 0x92, 0x00, 0x00, 0x28, 0x22, 0x82, 0x00,
    0x00, 0x00, 0x00, 0x00, 0x00, 0x00, 0x00, 0xaf, 0x99, 0xfa, 0x01, 0x00, 0x00, 0x00, 0x00, 0x00,
    0x00, 0x00, 0x28, 0x22, 0x82, 0x00, 0x00, 0x00, 0x00, 0x00, 0x00, 0x00, 0x00, 0x28, 0x22, 0x81,
    0x29, 0x22, 0x92, 0x29, 0x20, 0x00, 0x00, 0x00, 0xaf, 0x99, 0xf9, 0x9f, 0x99, 0xf9, 0x9f, 0xa0,
    0x00, 0x00, 0x00, 0x28, 0x22, 0x81, 0x29, 0x22, 0x92, 0x29, 0x20, 0x00, 0x00, 0x00, 0x28, 0x22,
    0x82, 0x00, 0x00, 0x00, 0x00, 0x00, 0x00, 0x00, 0x00, 0xaf, 0x99, 0xfa, 0x00, 0x00, 0x00, 0x00,
    0x00, 0x00, 0x00, 0x00, 0x28, 0x22, 0x82, 0x00, 0x00, 0x00, 0x00, 0x00, 0x00, 0x00, 0x00, 0x28,
    0x22, 0x82, 0x00, 0x00, 0x00, 0x00, 0x00, 0x00, 0x00, 0x00, 0xaf, 0x99, 0xfa, 0x00, 0x00, 0x00,
    0x00, 0x00, 0x00, 0x00, 0x00, 0x28, 0x22, 0x82, 0x00, 0x00, 0x00, 0x00, 0x00, 0x00, 0x00, 0x00,
    0x28, 0x22, 0x82, 0x00, 0x00, 0x00, 0x00, 0x00, 0x00, 0x00, 0x00, 0xaf, 0x99, 0xfa, 0x00, 0x00,
    0x00, 0x00, 0x00, 0x00, 0x00, 0x00, 0x29, 0x22, 0x92, 0x00, 0x00, 0x00, 0x00, 0x00, 0x00, 0x00,
    0x00, 0x00, 0x00, 0x00, 0x00, 0x00, 0x00, 0x00, 0x00, 0x00, 0x00, 0x00, 0x00, 0x00, 0x00, 0x00,
    0x00, 0x00, 0x00, 0x00, 0x00, 0x00, 0x00, 0x00, 0x00, 0x00, 0x00, 0x00, 0x00, 0x00, 0x00, 0x00,
    0x00, 0x00, 0x00, 0x00, 0x00, 0x00, 0x00, 0x00, 0x00, 0x00, 0x00, 0x00, 0x00, 0x00, 0x02, 0x92,
    0x29, 0x22, 0x92, 0x29, 0x20, 0x00, 0x00, 0x00, 0x00, 0x0a, 0xf9, 0x9f, 0x99, 0xf9, 0x9f, 0xa0,
    0x00, 0x00, 0x00, 0x00, 0x02, 0x82, 0x28, 0x22, 0x82, 0x28, 0x20, 0x00, 0x00, 0x00, 0x29, 0x21,
    0x82, 0x28, 0x22, 0x82, 0x28, 0x12, 0x92, 0x00, 0x00, 0xaf, 0x99, 0xf9, 0x9f, 0x99, 0xf9, 0x9f,
    0x99, 0xfa, 0x00, 0x00, 0x28, 0x22, 0x81, 0x29, 0x21, 0x82, 0x28, 0x22, 0x82, 0x00, 0x00, 0x28,
    0x22, 0x82, 0x00, 0x02, 0x82, 0x28, 0x22, 0x82, 0x00, 0x00, 0xaf, 0x99, 0xfa, 0x01, 0x0a, 0xf9,
    0x9f, 0x99, 0xfa, 0x00, 0x00, 0x28, 0x22, 0x82, 0x00, 0x02, 0x82, 0x28, 0x22, 0x82, 0x00, 0x00,
    0x28, 0x22, 0x81, 0x29, 0x21, 0x82, 0x28, 0x22, 0x82, 0x00, 0x00, 0xaf, 0x99, 0xf9, 0x9f, 0x99,
    0xf9, 0x9f, 0x99, 0xfa, 0x00, 0x00, 0x28, 0x22, 0x81, 0x29, 0x21, 0x82, 0x28, 0x22, 0x82, 0x00,
    0x00, 0x28, 0x22, 0x82, 0x00, 0x02, 0x82, 0x28, 0x22, 0x82, 0x00, 0x00, 0xaf, 0x99, 0xfa, 0x01,
    0x0a, 0xf9, 0x9f, 0x99, 0xfa, 0x00, 0x00, 0x28, 0x22, 0x82, 0x00, 0x02, 0x82, 0x28, 0x22, 0x82,
    0x00, 0x00, 0x28, 0x22, 0x81, 0x29, 0x21, 0x82, 0x28, 0x22, 0x82, 0x00, 0x00, 0xaf, 0x99, 0xf9,
    0x9f, 0x99, 0xf9, 0x9f, 0x99, 0xfa, 0x00, 0x00, 0x29, 0x21, 0x82, 0x28, 0x22, 0x82, 0x28, 0x22,
    0x82, 0x00, 0x00, 0x00, 0x02, 0x82, 0x28, 0x22, 0x82, 0x28, 0x22, 0x82, 0x00, 0x00, 0x00, 0x0a,
    0xf9, 0x9f, 0x99, 0xf9, 0x9f, 0x99, 0xfa, 0x00, 0x00, 0x00, 0x02, 0x92, 0x29, 0x22, 0x92, 0x29,
    0x22, 0x92, 0x00, 0x00, 0x00, 0x00, 0x00, 0x00, 0x00, 0x00, 0x00, 0x00, 0x00, 0x00, 0x00, 0x00,
    0x00, 0x00, 0x00, 0x00, 0x00, 0x00, 0x00, 0x00, 0x00, 0x00, 0x00, 0x00, 0x00, 0x00, 0x00, 0x00,
    0x00, 0x00, 0x00, 0x00, 0x00, 0x00, 0x00, 0x00, 0x00, 0x00, 0x00, 0x00, 0x00, 0x00, 0x00, 0x00,
    0x29, 0x22, 0x92, 0x00, 0x02, 0x92, 0x29, 0x22, 0x92, 0x00, 0x00, 0xaf, 0x99, 0xfa, 0x00, 0x0a,
    0xf9, 0x9f, 0x99, 0xfa, 0x00, 0x00, 0x28, 0x22, 0x82, 0x00, 0x02, 0x82, 0x28, 0x22, 0x82, 0x00,
    0x00, 0x28, 0x22, 0x82, 0x00, 0x02, 0x82, 0x28, 0x22, 0x82, 0x00, 0x00, 0xaf, 0x99, 0xfa, 0x00,
    0x0a, 0xf9, 0x9f, 0x99, 0xfa, 0x00, 0x00, 0x28, 0x22, 0x82, 0x00, 0x02, 0x82, 0x28, 0x22, 0x82,
    0x00, 0x00, 0x28, 0x22, 0x82, 0x00, 0x02, 0x82, 0x28, 0x22, 0x82, 0x00, 0x00, 0xaf, 0x99, 0xfa,
    0x01, 0x0a, 0xf9, 0x9f, 0x99, 0xfa, 0x00, 0x00, 0x28, 0x22, 0x82, 0x00, 0x02, 0x82, 0x28, 0x22,
    0x82, 0x00, 0x00, 0x28, 0x22, 0x81, 0x29, 0x21, 0x82, 0x28, 0x22, 0x82, 0x00, 0x00, 0xaf, 0x99,
    0xf9, 0x9f, 0x99, 0xf9, 0x9f, 0x99, 0xfa, 0x00, 0x00, 0x28, 0x22, 0x81, 0x29, 0x21, 0x82, 0x28,
    0x22, 0x82, 0x00, 0x00, 0x28, 0x22, 0x82, 0x00, 0x02, 0x82, 0x28, 0x22, 0x82, 0x00, 0x00, 0xaf,
    0x99, 0xfa, 0x01, 0x0a, 0xf9, 0x9f, 0x99, 0xfa, 0x00, 0x00, 0x28, 0x22, 0x82, 0x00, 0x02, 0x82,
    0x28, 0x22, 0x82, 0x00, 0x00, 0x28, 0x22, 0x82, 0x00, 0x02, 0x82, 0x28, 0x22, 0x82, 0x00, 0x00,
    0xaf, 0x99, 0xfa, 0x00, 0x0a, 0xf9, 0x9f, 0x99, 0xfa, 0x00, 0x00, 0x28, 0x22, 0x82, 0x00, 0x02,
    0x82, 0x28, 0x22, 0x82, 0x00, 0x00, 0x28, 0x22, 0x82, 0x00, 0x02, 0x82, 0x28, 0x22, 0x82, 0x00,
    0x00, 0xaf, 0x99, 0xfa, 0x00, 0x0a, 0xf9, 0x9f, 0x99, 0xfa, 0x00, 0x00, 0x29, 0x22, 0x92, 0x00,
    0x02, 0x92, 0x29, 0x22, 0x92, 0x00, 0x00, 0x00, 0x00, 0x00, 0x00, 0x00, 0x00, 0x00, 0x00, 0x00,
    0x00, 0x00, 0x00, 0x00, 0x00, 0x00, 0x00, 0x00, 0x00, 0x00, 0x00, 0x00, 0x00, 0x00, 0x00, 0x00,
    0x00, 0x00, 0x00, 0x00, 0x00, 0x00, 0x00, 0x00, 0x00, 0x00, 0x00, 0x00, 0x00, 0x00, 0x00, 0x00,
    0x00, 0x00, 0x00, 0x29, 0x22, 0x92, 0x29, 0x22, 0x92, 0x29, 0x22, 0x92, 0x00, 0x00, 0xaf, 0x99,
    0xf9, 0x9f, 0x99, 0xf9, 0x9f, 0x99, 0xfa, 0x00, 0x00, 0x28, 0x22, 0x82, 0x28, 0x22, 0x82, 0x28,
    0x22, 0x82, 0x00, 0x00, 0x28, 0x22, 0x82, 0x28, 0x22, 0x82, 0x28, 0x22, 0x82, 0x00, 0x00, 0xaf,
    0x99, 0xf9, 0x9f, 0x99, 0xf9, 0x9f, 0x99, 0xfa, 0x00, 0x00, 0x29, 0x22, 0x92, 0x18, 0x22, 0x81,
    0x29, 0x22, 0x92, 0x00, 0x00, 0x00, 0x00, 0x00, 0x28, 0x22, 0x82, 0x00, 0x00, 0x00, 0x00, 0x00,
    0x00, 0x00, 0x00, 0xaf, 0x99, 0xfa, 0x00, 0x00, 0x00, 0x00, 0x00, 0x00, 0x00, 0x00, 0x28, 0x22,
    0x82, 0x00, 0x00, 0x00, 0x00, 0x00, 0x00, 0x00, 0x00, 0x28, 0x22, 0x82, 0x00, 0x00, 0x00, 0x00,
    0x00, 0x00, 0x00, 0x00, 0xaf, 0x99, 0xfa, 0x00, 0x00, 0x00, 0x00, 0x00, 0x00, 0x00, 0x00, 0x28,
    0x22, 0x82, 0x00, 0x00, 0x00, 0x00, 0x00, 0x00, 0x00, 0x00, 0x28, 0x22, 0x82, 0x00, 0x00, 0x00,
    0x00, 0x00, 0x00, 0x00, 0x00, 0xaf, 0x99, 0xfa, 0x00, 0x00, 0x00, 0x00, 0x00, 0x00, 0x00, 0x00,
    0x28, 0x22, 0x82, 0x00, 0x00, 0x00, 0x00, 0x00, 0x29, 0x22, 0x92, 0x18, 0x22, 0x81, 0x29, 0x22,
    0x92, 0x00, 0x00, 0xaf, 0x99, 0xf9, 0x9f, 0x99, 0xf9, 0x9f, 0x99, 0xfa, 0x00, 0x00, 0x28, 0x22,
    0x82, 0x28, 0x22, 0x82, 0x28, 0x22, 0x82, 0x00, 0x00, 0x28, 0x22, 0x82, 0x28, 0x22, 0x82, 0x28,
    0x22, 0x82, 0x00, 0x00, 0xaf, 0x99, 0xf9, 0x9f, 0x99, 0xf9, 0x9f, 0x99, 0xfa, 0x00, 0x00, 0x29,
    0x22, 0x92, 0x29, 0x22, 0x92, 0x29, 0x22, 0x92, 0x00, 0x00, 0x00, 0x00, 0x00, 0x00, 0x00, 0x00,
    0x00, 0x00, 0x00, 0x00, 0x00, 0x00, 0x00, 0x00, 0x00, 0x00, 0x00, 0x00, 0x00, 0x00, 0x00, 0x00,
    0x00, 0x00, 0x00, 0x00, 0x00, 0x00, 0x00, 0x00, 0x00, 0x00, 0x00, 0x00, 0x00, 0x00, 0x00, 0x00,
    0x00, 0x00, 0x00, 0x00, 0x00, 0x00, 0x00, 0x00, 0x00, 0x00, 0x02, 0x92, 0x29, 0x22, 0x92, 0x00,
    0x00, 0x00, 0x00, 0x00, 0x00, 0x0a, 0xf9, 0x9f, 0x99, 0xfa, 0x00, 0x00, 0x00, 0x00, 0x00, 0x00,
    0x02, 0x82, 0x28, 0x22, 0x82, 0x00, 0x00, 0x00, 0x00, 0x00, 0x00, 0x02, 0x82, 0x28, 0x22, 0x82,
    0x00, 0x00, 0x00, 0x00, 0x00, 0x00, 0x0a, 0xf9, 0x9f, 0x99, 0xfa, 0x00, 0x00, 0x00, 0x00, 0x00,
    0x00, 0x02, 0x82, 0x28, 0x22, 0x82, 0x00, 0x00, 0x00, 0x00, 0x00, 0x00, 0x02, 0x82, 0x28, 0x22,
    0x82, 0x00, 0x00, 0x00, 0x00, 0x00, 0x00, 0x0a, 0xf9, 0x9f, 0x99, 0xfa, 0x00, 0x00, 0x00, 0x00,
    0x00, 0x00, 0x02, 0x82, 0x28, 0x22, 0x82, 0x00, 0x00, 0x00, 0x00, 0x00, 0x00, 0x02, 0x82, 0x28,
    0x22, 0x82, 0x00, 0x00, 0x00, 0x00, 0x00, 0x00, 0x0a, 0xf9, 0x9f, 0x99, 0xfa, 0x00, 0x00, 0x00,
    0x00, 0x00, 0x00, 0x02, 0x82, 0x28, 0x22, 0x82, 0x00, 0x00, 0x29, 0x22, 0x92, 0x00, 0x02, 0x82,
    0x28, 0x22, 0x82, 0x00, 0x00, 0xaf, 0x99, 0xfa, 0x01, 0x0a, 0xf9, 0x9f, 0x99, 0xfa, 0x00, 0x00,
    0x28, 0x22, 0x82, 0x00, 0x02, 0x82, 0x28, 0x22, 0x82, 0x00, 0x00, 0x28, 0x22, 0x81, 0x29, 0x21,
    0x82, 0x28, 0x22, 0x82, 0x00, 0x00, 0xaf, 0x99, 0xf9, 0x9f, 0x99, 0xf9, 0x9f, 0x99, 0xfa, 0x00,
    0x00, 0x29, 0x21, 0x82, 0x28, 0x22, 0x82, 0x28, 0x12, 0x92, 0x00, 0x00, 0x00, 0x02, 0x82, 0x28,
    0x22, 0x82, 0x28, 0x20, 0x00, 0x00, 0x00, 0x00, 0x0a, 0xf9, 0x9f, 0x99, 0xf9, 0x9f, 0xa0, 0x00,
    0x00, 0x00, 0x00, 0x02, 0x92, 0x29, 0x22, 0x92, 0x29, 0x20, 0x00, 0x00, 0x00, 0x00, 0x00, 0x00,
    0x00, 0x00, 0x00, 0x00, 0x00, 0x00, 0x00, 0x00, 0x00, 0x00, 0x00, 0x00, 0x00, 0x00, 0x00, 0x00,
    0x00, 0x00, 0x00, 0x00, 0x00, 0x00, 0x00, 0x00, 0x00, 0x00, 0x00, 0x00, 0x00, 0x00, 0x00, 0x00,
    0x00, 0x00, 0x00, 0x00, 0x00, 0x00, 0x00, 0x00, 0x00, 0x00, 0x00, 0x00, 0x29, 0x22, 0x92, 0x29,
    0x20, 0x00, 0x00, 0x02, 0x92, 0x29, 0x20, 0x00, 0x0a, 0xf9, 0x9f, 0x99, 0xfa, 0x00, 0x00, 0x00,
    0xaf, 0x99, 0xfa, 0x00, 0x00, 0x28, 0x22, 0x82, 0x28, 0x20, 0x00, 0x00, 0x02, 0x82, 0x28, 0x20,
    0x00, 0x02, 0x82, 0x28, 0x22, 0x82, 0x00, 0x02, 0x92, 0x18, 0x22, 0x82, 0x00, 0x00, 0xaf, 0x99,
    0xf9, 0x9f, 0xa0, 0x10, 0xaf, 0x99, 0xf9, 0x9f, 0xa0, 0x00, 0x02, 0x82, 0x28, 0x22, 0x82, 0x00,
    0x02, 0x82, 0x28, 0x12, 0x92, 0x00, 0x00, 0x28, 0x22, 0x82, 0x28, 0x12, 0x92, 0x18, 0x22, 0x82,
    0x00, 0x00, 0x00, 0x0a, 0xf9, 0x9f, 0x99, 0xf9, 0x9f, 0x99, 0xf9, 0x9f, 0xa0, 0x00, 0x00, 0x00,
    0x28, 0x22, 0x82, 0x28, 0x22, 0x82, 0x28, 0x12, 0x92, 0x00, 0x00, 0x00, 0x02, 0x82, 0x28, 0x22,
    0x82, 0x28, 0x22, 0x82, 0x00, 0x00, 0x00, 0x00, 0x00, 0xaf, 0x99, 0xf9, 0x9f, 0x99, 0xf9, 0x9f,
    0xa0, 0x10, 0x00, 0x00, 0x00, 0x02, 0x82, 0x28, 0x22, 0x82, 0x28, 0x22, 0x82, 0x00, 0x00, 0x00,
    0x00, 0x00, 0x28, 0x22, 0x82, 0x28, 0x22, 0x82, 0x28, 0x12, 0x92, 0x00, 0x00, 0x00, 0x0a, 0xf9,
    0x9f, 0x99, 0xf9, 0x9f, 0x99, 0xf9, 0x9f, 0xa0, 0x00, 0x00, 0x00, 0x28, 0x22, 0x82, 0x28, 0x12,
    0x92, 0x18, 0x22, 0x82, 0x00, 0x00, 0x00, 0x02, 0x82, 0x28, 0x22, 0x82, 0x00, 0x02, 0x82, 0x28,
    0x12, 0x92, 0x00, 0x00, 0xaf, 0x99, 0xf9, 0x9f, 0xa0, 0x10, 0xaf, 0x99, 0xf9, 0x9f, 0xa0, 0x00,
    0x02, 0x82, 0x28, 0x22, 0x82, 0x00, 0x02, 0x92, 0x18, 0x22, 0x82, 0x00, 0x00, 0x28, 0x22, 0x82,
    0x28, 0x20, 0x00, 0x00, 0x02, 0x82, 0x28, 0x20, 0x00, 0x0a, 0xf9, 0x9f, 0x99, 0xfa, 0x00, 0x00,
    0x00, 0xaf, 0x99, 0xfa, 0x00, 0x00, 0x29, 0x22, 0x92, 0x29, 0x20, 0x00, 0x00, 0x02, 0x92, 0x29,
    0x20, 0x00, 0x00, 0x00, 0x00, 0x00, 0x00, 0x00, 0x00, 0x00, 0x00, 0x00, 0x00, 0x00, 0x00, 0x00,
    0x00, 0x00, 0x00, 0x00, 0x00, 0x00, 0x00, 0x00, 0x00, 0x00, 0x00, 0x00, 0x00, 0x00, 0x00, 0x00,
    0x00, 0x00, 0x00, 0x00, 0x00, 0x00, 0x00, 0x00, 0x00, 0x00, 0x00, 0x00, 0x00, 0x00, 0x00, 0x00,
    0x00, 0x00, 0x29, 0x22, 0x92, 0x00, 0x00, 0x00, 0x00, 0x00, 0x00, 0x00, 0x00, 0xaf, 0x99, 0xfa,
    0x00, 0x00, 0x00, 0x00, 0x00, 0x00, 0x00, 0x00, 0x28, 0x22, 0x82, 0x00, 0x00, 0x00, 0x00, 0x00,
    0x00, 0x00, 0x00, 0x28, 0x22, 0x82, 0x00, 0x00, 0x00, 0x00, 0x00, 0x00, 0x00, 0x00, 0xaf, 0x99,
    0xfa, 0x00, 0x00, 0x00, 0x00, 0x00, 0x00, 0x00, 0x00, 0x28, 0x22, 0x82, 0x00, 0x00, 0x00, 0x00,
    0x00, 0x00, 0x00, 0x00, 0x28, 0x22, 0x82, 0x00, 0x00, 0x00, 0x00, 0x00, 0x00, 0x00, 0x00, 0xaf,
    0x99, 0xfa, 0x00, 0x00, 0x00, 0x00, 0x00, 0x00, 0x00, 0x00, 0x28, 0x22, 0x82, 0x00, 0x00, 0x00,
    0x00, 0x00, 0x00, 0x00, 0x00, 0x28, 0x22, 0x82, 0x00, 0x00, 0x00, 0x00, 0x00, 0x00, 0x00, 0x00,
    0xaf, 0x99, 0xfa, 0x00, 0x00, 0x00, 0x00, 0x00, 0x00, 0x00, 0x00, 0x28, 0x22, 0x82, 0x00, 0x00,
    0x00, 0x00, 0x00, 0x00, 0x00, 0x00, 0x28, 0x22, 0x82, 0x00, 0x00, 0x00, 0x00, 0x00, 0x00, 0x00,
    0x00, 0xaf, 0x99, 0xfa, 0x00, 0x00, 0x00, 0x00, 0x00, 0x00, 0x00, 0x00, 0x28, 0x22, 0x82, 0x00,
    0x00, 0x00, 0x00, 0x00, 0x00, 0x00, 0x00, 0x28, 0x22, 0x81, 0x29, 0x22, 0x92, 0x29, 0x22, 0x92,
    0x00, 0x00, 0xaf, 0x99, 0xf9, 0x9f, 0x99, 0xf9, 0x9f, 0x99, 0xfa, 0x00, 0x00, 0x28, 0x22, 0x82,
    0x28, 0x22, 0x82, 0x28, 0x22, 0x82, 0x00, 0x00, 0x28, 0x22, 0x82, 0x28, 0x22, 0x82, 0x28, 0x22,
    0x82, 0x00, 0x00, 0xaf, 0x99, 0xf9, 0x9f, 0x99, 0xf9, 0x9f, 0x99, 0xfa, 0x00, 0x00, 0x29, 0x22,
    0x92, 0x29, 0x22, 0x92, 0x29, 0x22, 0x92, 0x00, 0x00, 0x00, 0x00, 0x00, 0x00, 0x00, 0x00, 0x00,
    0x00, 0x00, 0x00, 0x00, 0x00, 0x00, 0x00, 0x00, 0x00, 0x00, 0x00, 0x00, 0x00, 0x00, 0x00, 0x00,
    0x00, 0x00, 0x00, 0x00, 0x00, 0x00, 0x00, 0x00, 0x00, 0x00, 0x00, 0x00, 0x00, 0x00, 0x00, 0x00,
    0x00, 0x00, 0x00, 0x00, 0x00, 0x00, 0x00, 0x00, 0x29, 0x22, 0x92, 0x29, 0x20, 0x00, 0x00, 0x02,
    0x92, 0x29, 0x20, 0x00, 0x0a, 0xf9, 0x9f, 0x99, 0xfa, 0x00, 0x00, 0x00, 0xaf, 0x99, 0xfa, 0x00,
    0x00, 0x28, 0x22, 0x82, 0x28, 0x20, 0x00, 0x00, 0x02, 0x82, 0x28, 0x20, 0x00, 0x02, 0x82, 0x28,
    0x22, 0x81, 0x29, 0x22, 0x92, 0x18, 0x22, 0x82, 0x00, 0x00, 0xaf, 0x99, 0xf9, 0x9f, 0x99, 0xf9,
    0x9f, 0x99, 0xf9, 0x9f, 0xa0, 0x00, 0x02, 0x82, 0x28, 0x22, 0x82, 0x28, 0x22, 0x82, 0x28, 0x22,
    0x82, 0x00, 0x00, 0x28, 0x22, 0x82, 0x28, 0x22, 0x82, 0x28, 0x22, 0x82, 0x28, 0x20, 0x00, 0x0a,
    0xf9, 0x9f, 0x99, 0xf9, 0x9f, 0x99, 0xf9, 0x9f, 0x99, 0xfa, 0x00, 0x00, 0x28, 0x22, 0x82, 0x28,
    0x22, 0x81, 0x29, 0x21, 0x82, 0x28, 0x20, 0x00, 0x02, 0x82, 0x28, 0x22, 0x82, 0x28, 0x20, 0x00,
    0x28, 0x22, 0x82, 0x00, 0x00, 0xaf, 0x99, 0xf9, 0x9f, 0x99, 0xfa, 0x01, 0x0a, 0xf9, 0x9f, 0xa0,
    0x00, 0x02, 0x82, 0x28, 0x22, 0x81, 0x29, 0x20, 0x00, 0x28, 0x22, 0x82, 0x00, 0x00, 0x28, 0x22,
    0x82, 0x28, 0x20, 0x00, 0x00, 0x02, 0x82, 0x28, 0x20, 0x00, 0x0a, 0xf9, 0x9f, 0x99, 0xfa, 0x00,
    0x00, 0x00, 0xaf, 0x99, 0xfa, 0x00, 0x00, 0x28, 0x22, 0x82, 0x28, 0x20, 0x00, 0x00, 0x02, 0x82,
    0x28, 0x20, 0x00, 0x02, 0x82, 0x28, 0x22, 0x82, 0x00, 0x00, 0x00, 0x28, 0x22, 0x82, 0x00, 0x00,
    0xaf, 0x99, 0xf9, 0x9f, 0xa0, 0x00, 0x00, 0x0a, 0xf9, 0x9f, 0xa0, 0x00, 0x02, 0x82, 0x28, 0x22,
    0x82, 0x00, 0x00, 0x00, 0x28, 0x22, 0x82, 0x00, 0x00, 0x28, 0x22, 0x82, 0x28, 0x20, 0x00, 0x00,
    0x02, 0x82, 0x28, 0x20, 0x00, 0x0a, 0xf9, 0x9f, 0x99, 0xfa, 0x00, 0x00, 0x00, 0xaf, 0x99, 0xfa,
    0x00, 0x00, 0x29, 0x22, 0x92, 0x29, 0x20, 0x00, 0x00, 0x02, 0x92, 0x29, 0x20, 0x00, 0x00, 0x00,
    0x00, 0x00, 0x00, 0x00, 0x00, 0x00, 0x00, 0x00, 0x00, 0x00, 0x00, 0x00, 0x00, 0x00, 0x00, 0x00,
    0x00, 0x00, 0x00, 0x00, 0x00, 0x00, 0x00, 0x00, 0x00, 0x00, 0x00, 0x00, 0x00, 0x00, 0x00, 0x00,
    0x00, 0x00, 0x00, 0x00, 0x00, 0x00, 0x00, 0x00, 0x00, 0x00, 0x00, 0x00, 0x00, 0x00, 0x00, 0x00,
    0x00, 0x29, 0x22, 0x92, 0x29, 0x20, 0x00, 0x00, 0x02, 0x92, 0x29, 0x20, 0x00, 0x0a, 0xf9, 0x9f,
    0x99, 0xfa, 0x00, 0x00, 0x00, 0xaf, 0x99, 0xfa, 0x00, 0x00, 0x28, 0x22, 0x82, 0x28, 0x20, 0x00,
    0x00, 0x02, 0x82, 0x28, 0x20, 0x00, 0x02, 0x82, 0x28, 0x22, 0x81, 0x29, 0x20, 0x00, 0x28, 0x22,
    0x82, 0x00, 0x00, 0xaf, 0x99, 0xf9, 0x9f, 0x99, 0xfa, 0x00, 0x0a, 0xf9, 0x9f, 0xa0, 0x00, 0x02,
    0x82, 0x28, 0x22, 0x82, 0x28, 0x20, 0x00, 0x28, 0x22, 0x82, 0x00, 0x00, 0x28, 0x22, 0x82, 0x28,
    0x22, 0x82, 0x00, 0x02, 0x82, 0x28, 0x20, 0x00, 0x0a, 0xf9, 0x9f, 0x99, 0xf9, 0x9f, 0xa0, 0x10,
    0xaf, 0x99, 0xfa, 0x00, 0x00, 0x28, 0x22, 0x82, 0x28, 0x22, 0x82, 0x00, 0x02, 0x82, 0x28, 0x20,
    0x00, 0x02, 0x82, 0x28, 0x22, 0x82, 0x28, 0x12, 0x92, 0x18, 0x22, 0x82, 0x00, 0x00, 0xaf, 0x99,
    0xf9, 0x9f, 0x99, 0xf9, 0x9f, 0x99, 0xf9, 0x9f, 0xa0, 0x00, 0x02, 0x82, 0x28, 0x22, 0x81, 0x29,
    0x21, 0x82, 0x28, 0x22, 0x82, 0x00, 0x00, 0x28, 0x22, 0x82, 0x28, 0x20, 0x00, 0x28, 0x22, 0x82,
    0x28, 0x20, 0x00, 0x0a, 0xf9, 0x9f, 0x99, 0xfa, 0x01, 0x0a, 0xf9, 0x9f, 0x99, 0xfa, 0x00, 0x00,
    0x28, 0x22, 0x82, 0x28, 0x20, 0x00, 0x29, 0x21, 0x82, 0x28, 0x20, 0x00, 0x02, 0x82, 0x28, 0x22,
    0x82, 0x00, 0x00, 0x00, 0x28, 0x22, 0x82, 0x00, 0x00, 0xaf, 0x99, 0xf9, 0x9f, 0xa0, 0x00, 0x00,
    0x0a, 0xf9, 0x9f, 0xa0, 0x00, 0x02, 0x82, 0x28, 0x22, 0x82, 0x00, 0x00, 0x00, 0x28, 0x22, 0x82,
    0x00, 0x00, 0x28, 0x22, 0x82, 0x28, 0x20, 0x00, 0x00, 0x02, 0x82, 0x28, 0x20, 0x00, 0x0a, 0xf9,
    0x9f, 0x99, 0xfa, 0x00, 0x00, 0x00, 0xaf, 0x99, 0xfa, 0x00, 0x00, 0x29, 0x22, 0x92, 0x29, 0x20,
    0x00, 0x00, 0x02, 0x92, 0x29, 0x20, 0x00, 0x00, 0x00, 0x00, 0x00, 0x00, 0x00, 0x00, 0x00, 0x00,
    0x00, 0x00, 0x00, 0x00, 0x00, 0x00, 0x00, 0x00, 0x00, 0x00, 0x00, 0x00, 0x00, 0x00, 0x00, 0x00,
    0x00, 0x00, 0x00, 0x00, 0x00, 0x00, 0x00, 0x00, 0x00, 0x00, 0x00, 0x00, 0x00, 0x00, 0x00, 0x00,
    0x00, 0x00, 0x00, 0x00, 0x00, 0x00, 0x00, 0x00, 0x02, 0x92, 0x29, 0x22, 0x92, 0x29, 0x20, 0x00,
    0x00, 0x00, 0x00, 0x0a, 0xf9, 0x9f, 0x99, 0xf9, 0x9f, 0xa0, 0x00, 0x00, 0x00, 0x00, 0x02, 0x82,
    0x28, 0x22, 0x82, 0x28, 0x20, 0x00, 0x00, 0x00, 0x29, 0x21, 0x82, 0x28, 0x22, 0x82, 0x28, 0x12,
    0x92, 0x00, 0x00, 0xaf, 0x99, 0xf9, 0x9f, 0x99, 0xf9, 0x9f, 0x99, 0xfa, 0x00, 0x00, 0x28, 0x22,
    0x81, 0x29, 0x21, 0x82, 0x28, 0x22, 0x82, 0x00, 0x00, 0x28, 0x22, 0x82, 0x00, 0x02, 0x82, 0x28,
    0x22, 0x82, 0x00, 0x00, 0xaf, 0x99, 0xfa, 0x01, 0x0a, 0xf9, 0x9f, 0x99, 0xfa, 0x00, 0x00, 0x28,
    0x22, 0x82, 0x00, 0x02, 0x82, 0x28, 0x22, 0x82, 0x00, 0x00, 0x28, 0x22, 0x82, 0x00, 0x02, 0x82,
    0x28, 0x22, 0x82, 0x00, 0x00, 0xaf, 0x99, 0xfa, 0x00, 0x0a, 0xf9, 0x9f, 0x99, 0xfa, 0x00, 0x00,
    0x28, 0x22, 0x82, 0x00, 0x02, 0x82, 0x28, 0x22, 0x82, 0x00, 0x00, 0x28, 0x22, 0x82, 0x00, 0x02,
    0x82, 0x28, 0x22, 0x82, 0x00, 0x00, 0xaf, 0x99, 0xfa, 0x01, 0x0a, 0xf9, 0x9f, 0x99, 0xfa, 0x00,
    0x00, 0x28, 0x22, 0x82, 0x00, 0x02, 0x82, 0x28, 0x22, 0x82, 0x00, 0x00, 0x28, 0x22, 0x81, 0x29,
    0x21, 0x82, 0x28, 0x22, 0x82, 0x00, 0x00, 0xaf, 0x99, 0xf9, 0x9f, 0x99, 0xf9, 0x9f, 0x99, 0xfa,
    0x00, 0x00, 0x29, 0x21, 0x82, 0x28, 0x22, 0x82, 0x28, 0x12, 0x92, 0x00, 0x00, 0x00, 0x02, 0x82,
    0x28, 0x22, 0x82, 0x28, 0x20, 0x00, 0x00, 0x00, 0x00, 0x0a, 0xf9, 0x9f, 0x99, 0xf9, 0x9f, 0xa0,
    0x00, 0x00, 0x00, 0x00, 0x02, 0x92, 0x29, 0x22, 0x92, 0x29, 0x20, 0x00, 0x00, 0x00, 0x00, 0x00,
    0x00, 0x00, 0x00, 0x00, 0x00, 0x00, 0x00, 0x00, 0x00, 0x00, 0x00, 0x00, 0x00, 0x00, 0x00, 0x00,
    0x00, 0x00, 0x00, 0x00, 0x00, 0x00, 0x00, 0x00, 0x00, 0x00, 0x00, 0x00, 0x00, 0x00, 0x00, 0x00,
    0x00, 0x00, 0x00, 0x00, 0x00, 0x00, 0x00, 0x00, 0x00, 0x00, 0x29, 0x22, 0x92, 0x29, 0x22, 0x92,
    0x29, 0x20, 0x00, 0x00, 0x00, 0xaf, 0x99, 0xf9, 0x9f, 0x99, 0xf9, 0x9f, 0xa0, 0x00, 0x00, 0x00,
    0x28, 0x22, 0x82, 0x28, 0x22, 0x82, 0x28, 0x20, 0x00, 0x00, 0x00, 0x28, 0x22, 0x82, 0x28, 0x22,
    0x82, 0x28, 0x12, 0x92, 0x00, 0x00, 0xaf, 0x99, 0xf9, 0x9f, 0x99, 0xf9, 0x9f, 0x99, 0xfa, 0x00,
    0x00, 0x28, 0x22, 0x81, 0x29, 0x21, 0x82, 0x28, 0x22, 0x82, 0x00, 0x00, 0x28, 0x22, 0x82, 0x00,
    0x02, 0x82, 0x28, 0x22, 0x82, 0x00, 0x00, 0xaf, 0x99, 0xfa, 0x01, 0x0a, 0xf9, 0x9f, 0x99, 0xfa,
    0x00, 0x00, 0x28, 0x22, 0x82, 0x00, 0x02, 0x82, 0x28, 0x12, 0x92, 0x00, 0x00, 0x28, 0x22, 0x81,
    0x29, 0x21, 0x82, 0x28, 0x20, 0x00, 0x00, 0x00, 0xaf, 0x99, 0xf9, 0x9f, 0x99, 0xf9, 0x9f, 0xa0,
    0x00, 0x00, 0x00, 0x28, 0x22, 0x81, 0x29, 0x22, 0x92, 0x29, 0x20, 0x00, 0x00, 0x00, 0x28, 0x22,
    0x82, 0x00, 0x00, 0x00, 0x00, 0x00, 0x00, 0x00, 0x00, 0xaf, 0x99, 0xfa, 0x00, 0x00, 0x00, 0x00,
    0x00, 0x00, 0x00, 0x00, 0x28, 0x22, 0x82, 0x00, 0x00, 0x00, 0x00, 0x00, 0x00, 0x00, 0x00, 0x28,
    0x22, 0x82, 0x00, 0x00, 0x00, 0x00, 0x00, 0x00, 0x00, 0x00, 0xaf, 0x99, 0xfa, 0x00, 0x00, 0x00,
    0x00, 0x00, 0x00, 0x00, 0x00, 0x28, 0x22, 0x82, 0x00, 0x00, 0x00, 0x00, 0x00, 0x00, 0x00, 0x00,
    0x28, 0x22, 0x82, 0x00, 0x00, 0x00, 0x00, 0x00, 0x00, 0x00, 0x00, 0xaf, 0x99, 0xfa, 0x00, 0x00,
    0x00, 0x00, 0x00, 0x00, 0x00, 0x00, 0x29, 0x22, 0x92, 0x00, 0x00, 0x00, 0x00, 0x00, 0x00, 0x00,
    0x00, 0x00, 0x00, 0x00, 0x00, 0x00, 0x00, 0x00, 0x00, 0x00, 0x00, 0x00, 0x00, 0x00, 0x00, 0x00,
    0x00, 0x00, 0x00, 0x00, 0x00, 0x00, 0x00, 0x00, 0x00, 0x00, 0x00, 0x00, 0x00, 0x00, 0x00, 0x00,
    0x00, 0x00, 0x00, 0x00, 0x00, 0x00, 0x00, 0x00, 0x00, 0x00, 0x00, 0x00, 0x00, 0x00, 0x02, 0x92,
    0x29, 0x22, 0x92, 0x29, 0x20, 0x00, 0x00, 0x00, 0x00, 0x0a, 0xf9, 0x9f, 0x99, 0xf9, 0x9f, 0xa0,
    0x00, 0x00, 0x00, 0x00, 0x02, 0x82, 0x28, 0x22, 0x82, 0x28, 0x20, 0x00, 0x00, 0x00, 0x29, 0x21,
    0x82, 0x28, 0x22, 0x82, 0x28, 0x12, 0x92, 0x00, 0x00, 0xaf, 0x99, 0xf9, 0x9f, 0x99, 0xf9, 0x9f,
    0x99, 0xfa, 0x00, 0x00, 0x28, 0x22, 0x81, 0x29, 0x21, 0x82, 0x28, 0x22, 0x82, 0x00, 0x00, 0x28,
    0x22, 0x82, 0x00, 0x02, 0x82, 0x28, 0x22, 0x82, 0x00, 0x00, 0xaf, 0x99, 0xfa, 0x01, 0x0a, 0xf9,
    0x9f, 0x99, 0xfa, 0x00, 0x00, 0x28, 0x22, 0x82, 0x00, 0x02, 0x82, 0x28, 0x22, 0x82, 0x00, 0x00,
    0x28, 0x22, 0x82, 0x00, 0x02, 0x82, 0x28, 0x22, 0x82, 0x00, 0x00, 0xaf, 0x99, 0xfa, 0x00, 0x0a,
    0xf9, 0x9f, 0x99, 0xfa, 0x00, 0x00, 0x28, 0x22, 0x82, 0x00, 0x02, 0x82, 0x28, 0x22, 0x82, 0x00,
    0x00, 0x28, 0x22, 0x82, 0x00, 0x02, 0x82, 0x28, 0x22, 0x82, 0x00, 0x00, 0xaf, 0x99, 0xfa, 0x01,
    0x0a, 0xf9, 0x9f, 0x99, 0xfa, 0x00, 0x00, 0x28, 0x22, 0x82, 0x00, 0x02, 0x82, 0x28, 0x22, 0x82,
    0x00, 0x00, 0x28, 0x22, 0x81, 0x29, 0x21, 0x82, 0x28, 0x22, 0x82, 0x00, 0x00, 0xaf, 0x99, 0xf9,
    0x9f, 0x99, 0xf9, 0x9f, 0x99, 0xfa, 0x00, 0x00, 0x29, 0x21, 0x82, 0x28, 0x22, 0x82, 0x28, 0x22,
    0x82, 0x00, 0x00, 0x00, 0x02, 0x82, 0x28, 0x22, 0x82, 0x28, 0x22, 0x82, 0x00, 0x00, 0x00, 0x0a,
    0xf9, 0x9f, 0x99, 0xf9, 0x9f, 0x99, 0xfa, 0x00, 0x00, 0x00, 0x02, 0x92, 0x29, 0x22, 0x92, 0x29,
    0x22, 0x92, 0x00, 0x00, 0x00, 0x00, 0x00, 0x00, 0x00, 0x00, 0x00, 0x00, 0x00, 0x00, 0x00, 0x00,
    0x00, 0x00, 0x00, 0x00, 0x00, 0x00, 0x00, 0x00, 0x00, 0x00, 0x00, 0x00, 0x00, 0x00, 0x00, 0x00,
    0x00, 0x00, 0x00, 0x00, 0x00, 0x00, 0x00, 0x00, 0x00, 0x00, 0x00, 0x00, 0x00, 0x00, 0x00, 0x00,
    0x29, 0x22, 0x92, 0x29, 0x22, 0x92, 0x29, 0x20, 0x00, 0x00, 0x00, 0xaf, 0x99, 0xf9, 0x9f, 0x99,
    0xf9, 0x9f, 0xa0, 0x00, 0x00, 0x00, 0x28, 0x22, 0x82, 0x28, 0x22, 0x82, 0x28, 0x20, 0x00, 0x00,
    0x00, 0x28, 0x22, 0x82, 0x28, 0x22, 0x82, 0x28, 0x12, 0x92, 0x00, 0x00, 0xaf, 0x99, 0xf9, 0x9f,
    0x99, 0xf9, 0x9f, 0x99, 0xfa, 0x00, 0x00, 0x28, 0x22, 0x81, 0x29, 0x21, 0x82, 0x28, 0x22, 0x82,
    0x00, 0x00, 0x28, 0x22, 0x82, 0x00, 0x02, 0x82, 0x28, 0x22, 0x82, 0x00, 0x00, 0xaf, 0x99, 0xfa,
    0x01, 0x0a, 0xf9, 0x9f, 0x99, 0xfa, 0x00, 0x00, 0x28, 0x22, 0x82, 0x00, 0x02, 0x82, 0x28, 0x12,
    0x92, 0x00, 0x00, 0x28, 0x22, 0x81, 0x29, 0x21, 0x82, 0x28, 0x20, 0x00, 0x00, 0x00, 0xaf, 0x99,
    0xf9, 0x9f, 0x99, 0xf9, 0x9f, 0xa0, 0x10, 0x00, 0x00, 0x28, 0x22, 0x81, 0x29, 0x21, 0x82, 0x28,
    0x20, 0x00, 0x00, 0x00, 0x28, 0x22, 0x82, 0x00, 0x02, 0x82, 0x28, 0x12, 0x92, 0x00, 0x00, 0xaf,
    0x99, 0xfa, 0x01, 0x0a, 0xf9, 0x9f, 0x99, 0xfa, 0x00, 0x00, 0x28, 0x22, 0x82, 0x00, 0x02, 0x82,
    0x28, 0x22, 0x82, 0x00, 0x00, 0x28, 0x22, 0x82, 0x00, 0x02, 0x82, 0x28, 0x22, 0x82, 0x00, 0x00,
    0xaf, 0x99, 0xfa, 0x00, 0x0a, 0xf9, 0x9f, 0x99, 0xfa, 0x00, 0x00, 0x28, 0x22, 0x82, 0x00, 0x02,
    0x82, 0x28, 0x22, 0x82, 0x00, 0x00, 0x28, 0x22, 0x82, 0x00, 0x02, 0x82, 0x28, 0x22, 0x82, 0x00,
    0x00, 0xaf, 0x99, 0xfa, 0x00, 0x0a, 0xf9, 0x9f, 0x99, 0xfa, 0x00, 0x00, 0x29, 0x22, 0x92, 0x00,
    0x02, 0x92, 0x29, 0x22, 0x92, 0x00, 0x00, 0x00, 0x00, 0x00, 0x00, 0x00, 0x00, 0x00, 0x00, 0x00,
    0x00, 0x00, 0x00, 0x00, 0x00, 0x00, 0x00, 0x00, 0x00, 0x00, 0x00, 0x00, 0x00, 0x00, 0x00, 0x00,
    0x00, 0x00, 0x00, 0x00, 0x00, 0x00, 0x00, 0x00, 0x00, 0x00, 0x00, 0x00, 0x00, 0x00, 0x00, 0x00,
    0x00, 0x00, 0x00, 0x00, 0x02, 0x92, 0x29, 0x22, 0x92, 0x29, 0x20, 0x00, 0x00, 0x00, 0x00, 0x0a,
    0xf9, 0x9f, 0x99, 0xf9, 0x9f, 0xa0, 0x00, 0x00, 0x00, 0x00, 0x02, 0x82, 0x28, 0x22, 0x82, 0x28,
    0x20, 0x00, 0x00, 0x00, 0x29, 0x21, 0x82, 0x28, 0x22, 0x82, 0x28, 0x12, 0x92, 0x00, 0x00, 0xaf,
    0x99, 0xf9, 0x9f, 0x99, 0xf9, 0x9f, 0x99, 0xfa, 0x00, 0x00, 0x28, 0x22, 0x81, 0x29, 0x21, 0x82,
    0x28, 0x22, 0x82, 0x00, 0x00, 0x28, 0x22, 0x82, 0x00, 0x02, 0x82, 0x28, 0x22, 0x82, 0x00, 0x00,
    0xaf, 0x99, 0xfa, 0x01, 0x0a, 0xf9, 0x9f, 0x99, 0xfa, 0x00, 0x00, 0x29, 0x21, 0x82, 0x00, 0x02,
    0x82, 0x28, 0x22, 0x82, 0x00, 0x00, 0x00, 0x02, 0x81, 0x29, 0x21, 0x82, 0x28, 0x22, 0x82, 0x00,
    0x00, 0x01, 0x0a, 0xf9, 0x9f, 0x99, 0xf9, 0x9f, 0x99, 0xfa, 0x00, 0x00, 0x00, 0x02, 0x81, 0x29,
    0x21, 0x82, 0x28, 0x22, 0x82, 0x00, 0x00, 0x29, 0x21, 0x82, 0x00, 0x02, 0x82, 0x28, 0x22, 0x82,
    0x00, 0x00, 0xaf, 0x99, 0xfa, 0x01, 0x0a, 0xf9, 0x9f, 0x99, 0xfa, 0x00, 0x00, 0x28, 0x22, 0x82,
    0x00, 0x02, 0x82, 0x28, 0x22, 0x82, 0x00, 0x00, 0x28, 0x22, 0x81, 0x29, 0x21, 0x82, 0x28, 0x22,
    0x82, 0x00, 0x00, 0xaf, 0x99, 0xf9, 0x9f, 0x99, 0xf9, 0x9f, 0x99, 0xfa, 0x00, 0x00, 0x29, 0x21,
    0x82, 0x28, 0x22, 0x82, 0x28, 0x12, 0x92, 0x00, 0x00, 0x00, 0x02, 0x82, 0x28, 0x22, 0x82, 0x28,
    0x20, 0x00, 0x00, 0x00, 0x00, 0x0a, 0xf9, 0x9f, 0x99, 0xf9, 0x9f, 0xa0, 0x00, 0x00, 0x00, 0x00,
    0x02, 0x92, 0x29, 0x22, 0x92, 0x29, 0x20, 0x00, 0x00, 0x00, 0x00, 0x00, 0x00, 0x00, 0x00, 0x00,
    0x00, 0x00, 0x00, 0x00, 0x00, 0x00, 0x00, 0x00, 0x00, 0x00, 0x00, 0x00, 0x00, 0x00, 0x00, 0x00,
    0x00, 0x00, 0x00, 0x00, 0x00, 0x00, 0x00, 0x00, 0x00, 0x00, 0x00, 0x00, 0x00, 0x00, 0x00, 0x00,
    0x00, 0x00, 0x00, 0x00, 0x00, 0x00, 0x29, 0x22, 0x92, 0x29, 0x22, 0x92, 0x29, 0x22, 0x92, 0x00,
    0x00, 0xaf, 0x99, 0xf9, 0x9f, 0x99, 0xf9, 0x9f, 0x99, 0xfa, 0x00, 0x00, 0x28, 0x22, 0x82, 0x28,
    0x22, 0x82, 0x28, 0x22, 0x82, 0x00, 0x00, 0x28, 0x22, 0x82, 0x28, 0x22, 0x82, 0x28, 0x22, 0x82,
    0x00, 0x00, 0xaf, 0x99, 0xf9, 0x9f, 0x99, 0xf9, 0x9f, 0x99, 0xfa, 0x00, 0x00, 0x29, 0x22, 0x92,
    0x18, 0x22, 0x81, 0x29, 0x22, 0x92, 0x00, 0x00, 0x00, 0x00, 0x00, 0x28, 0x22, 0x82, 0x00, 0x00,
    0x00, 0x00, 0x00, 0x00, 0x00, 0x00, 0xaf, 0x99, 0xfa, 0x00, 0x00, 0x00, 0x00, 0x00, 0x00, 0x00,
    0x00, 0x28, 0x22, 0x82, 0x00, 0x00, 0x00, 0x00, 0x00, 0x00, 0x00, 0x00, 0x28, 0x22, 0x82, 0x00,
    0x00, 0x00, 0x00, 0x00, 0x00, 0x00, 0x00, 0xaf, 0x99, 0xfa, 0x00, 0x00, 0x00, 0x00, 0x00, 0x00,
    0x00, 0x00, 0x28, 0x22, 0x82, 0x00, 0x00, 0x00, 0x00, 0x00, 0x00, 0x00, 0x00, 0x28, 0x22, 0x82,
    0x00, 0x00, 0x00, 0x00, 0x00, 0x00, 0x00, 0x00, 0xaf, 0x99, 0xfa, 0x00, 0x00, 0x00, 0x00, 0x00,
    0x00, 0x00, 0x00, 0x28, 0x22, 0x82, 0x00, 0x00, 0x00, 0x00, 0x00, 0x00, 0x00, 0x00, 0x28, 0x22,
    0x82, 0x00, 0x00, 0x00, 0x00, 0x00, 0x00, 0x00, 0x00, 0xaf, 0x99, 0xfa, 0x00, 0x00, 0x00, 0x00,
    0x00, 0x00, 0x00, 0x00, 0x28, 0x22, 0x82, 0x00, 0x00, 0x00, 0x00, 0x00, 0x00, 0x00, 0x00, 0x28,
    0x22, 0x82, 0x00, 0x00, 0x00, 0x00, 0x00, 0x00, 0x00, 0x00, 0xaf, 0x99, 0xfa, 0x00, 0x00, 0x00,
    0x00, 0x00, 0x00, 0x00, 0x00, 0x29, 0x22, 0x92, 0x00, 0x00, 0x00, 0x00, 0x00, 0x00, 0x00, 0x00,
    0x00, 0x00, 0x00, 0x00, 0x00, 0x00, 0x00, 0x00, 0x00, 0x00, 0x00, 0x00, 0x00, 0x00, 0x00, 0x00,
    0x00, 0x00, 0x00, 0x00, 0x00, 0x00, 0x00, 0x00, 0x00, 0x00, 0x00, 0x00, 0x00, 0x00, 0x00, 0x00,
    0x00, 0x00, 0x00, 0x00, 0x00, 0x00, 0x00, 0x00, 0x00, 0x29, 0x22, 0x92, 0x00, 0x02, 0x92, 0x29,
    0x22, 0x92, 0x00, 0x00, 0xaf, 0x99, 0xfa, 0x00, 0x0a, 0xf9, 0x9f, 0x99, 0xfa, 0x00, 0x00, 0x28,
    0x22, 0x82, 0x00, 0x02, 0x82, 0x28, 0x22, 0x82, 0x00, 0x00, 0x28, 0x22, 0x82, 0x00, 0x02, 0x82,
    0x28, 0x22, 0x82, 0x00, 0x00, 0xaf, 0x99, 0xfa, 0x00, 0x0a, 0xf9, 0x9f, 0x99, 0xfa, 0x00, 0x00,
    0x28, 0x22, 0x82, 0x00, 0x02, 0x82, 0x28, 0x22, 0x82, 0x00, 0x00, 0x28, 0x22, 0x82, 0x00, 0x02,
    0x82, 0x28, 0x22, 0x82, 0x00, 0x00, 0xaf, 0x99, 0xfa, 0x00, 0x0a, 0xf9, 0x9f, 0x99, 0xfa, 0x00,
    0x00, 0x28, 0x22, 0x82, 0x00, 0x02, 0x82, 0x28, 0x22, 0x82, 0x00, 0x00, 0x28, 0x22, 0x82, 0x00,
    0x02, 0x82, 0x28, 0x22, 0x82, 0x00, 0x00, 0xaf, 0x99, 0xfa, 0x00, 0x0a, 0xf9, 0x9f, 0x99, 0xfa,
    0x00, 0x00, 0x28, 0x22, 0x82, 0x00, 0x02, 0x82, 0x28, 0x22, 0x82, 0x00, 0x00, 0x28, 0x22, 0x82,
    0x00, 0x02, 0x82, 0x28, 0x22, 0x82, 0x00, 0x00, 0xaf, 0x99, 0xfa, 0x01, 0x0a, 0xf9, 0x9f, 0x99,
    0xfa, 0x00, 0x00, 0x28, 0x22, 0x82, 0x00, 0x02, 0x82, 0x28, 0x22, 0x82, 0x00, 0x00, 0x28, 0x22,
    0x81, 0x29, 0x21, 0x82, 0x28, 0x22, 0x82, 0x00, 0x00, 0xaf, 0x99, 0xf9, 0x9f, 0x99, 0xf9, 0x9f,
    0x99, 0xfa, 0x00, 0x00, 0x29, 0x21, 0x82, 0x28, 0x22, 0x82, 0x28, 0x12, 0x92, 0x00, 0x00, 0x00,
    0x02, 0x82, 0x28, 0x22, 0x82, 0x28, 0x20, 0x00, 0x00, 0x00, 0x00, 0x0a, 0xf9, 0x9f, 0x99, 0xf9,
    0x9f, 0xa0, 0x00, 0x00, 0x00, 0x00, 0x02, 0x92, 0x29, 0x22, 0x92, 0x29, 0x20, 0x00, 0x00, 0x00,
    0x00, 0x00, 0x00, 0x00, 0x00, 0x00, 0x00, 0x00, 0x00, 0x00, 0x00, 0x00, 0x00, 0x00, 0x00, 0x00,
    0x00, 0x00, 0x00, 0x00, 0x00, 0x00, 0x00, 0x00, 0x00, 0x00, 0x00, 0x00, 0x00, 0x00, 0x00, 0x00,
    0x00, 0x00, 0x00, 0x00, 0x00, 0x00, 0x00, 0x00, 0x00, 0x00, 0x00, 0x00, 0x29, 0x22, 0x92, 0x00,
    0x02, 0x92, 0x29, 0x22, 0x92, 0x00, 0x00, 0xaf, 0x99, 0xfa, 0x00, 0x0a, 0xf9, 0x9f, 0x99, 0xfa,
    0x00, 0x00, 0x28, 0x22, 0x82, 0x00, 0x02, 0x82, 0x28, 0x22, 0x82, 0x00, 0x00, 0x28, 0x22, 0x82,
    0x00, 0x02, 0x82, 0x28, 0x22, 0x82, 0x00, 0x00, 0xaf, 0x99, 0xfa, 0x00, 0x0a, 0xf9, 0x9f, 0x99,
    0xfa, 0x00, 0x00, 0x28, 0x22, 0x82, 0x00, 0x02, 0x82, 0x28, 0x22, 0x82, 0x00, 0x00, 0x28, 0x22,
    0x82, 0x00, 0x02, 0x82, 0x28, 0x22, 0x82, 0x00, 0x00, 0xaf, 0x99, 0xfa, 0x00, 0x0a, 0xf9, 0x9f,
    0x99, 0xfa, 0x00, 0x00, 0x28, 0x22, 0x82, 0x00, 0x02, 0x82, 0x28, 0x22, 0x82, 0x00, 0x00, 0x28,
    0x22, 0x82, 0x00, 0x02, 0x82, 0x28, 0x22, 0x82, 0x00, 0x00, 0xaf, 0x99, 0xfa, 0x01, 0x0a, 0xf9,
    0x9f, 0x99, 0xfa, 0x00, 0x00, 0x28, 0x22, 0x82, 0x00, 0x02, 0x82, 0x28, 0x22, 0x82, 0x00, 0x00,
    0x28, 0x22, 0x81, 0x29, 0x21, 0x82, 0x28, 0x22, 0x82, 0x00, 0x00, 0xaf, 0x99, 0xf9, 0x9f, 0x99,
    0xf9, 0x9f, 0x99, 0xfa, 0x00, 0x00, 0x29, 0x21, 0x82, 0x28, 0x22, 0x82, 0x28, 0x12, 0x92, 0x00,
    0x00, 0x00, 0x02, 0x82, 0x28, 0x22, 0x82, 0x28, 0x20, 0x00, 0x00, 0x00, 0x00, 0x0a, 0xf9, 0x9f,
    0x99, 0xf9, 0x9f, 0xa0, 0x00, 0x00, 0x00, 0x00, 0x02, 0x92, 0x18, 0x22, 0x81, 0x29, 0x20, 0x00,
    0x00, 0x00, 0x00, 0x00, 0x00, 0x28, 0x22, 0x82, 0x00, 0x00, 0x00, 0x00, 0x00, 0x00, 0x00, 0x00,
    0xaf, 0x99, 0xfa, 0x00, 0x00, 0x00, 0x00, 0x00, 0x00, 0x00, 0x00, 0x29, 0x22, 0x92, 0x00, 0x00,
    0x00, 0x00, 0x00, 0x00, 0x00, 0x00, 0x00, 0x00, 0x00, 0x00, 0x00, 0x00, 0x00, 0x00, 0x00, 0x00,
    0x00, 0x00, 0x00, 0x00, 0x00, 0x00, 0x00, 0x00, 0x00, 0x00, 0x00, 0x00, 0x00, 0x00, 0x00, 0x00,
    0x00, 0x00, 0x00, 0x00, 0x00, 0x00, 0x00, 0x00, 0x00, 0x00, 0x00, 0x00, 0x00, 0x00, 0x00, 0x00,
    0x00, 0x00, 0x29, 0x22, 0x92, 0x29, 0x20, 0x00, 0x00, 0x02, 0x92, 0x29, 0x20, 0x00, 0x0a, 0xf9,
    0x9f, 0x99, 0xfa, 0x00, 0x00, 0x00, 0xaf, 0x99, 0xfa, 0x00, 0x00, 0x28, 0x22, 0x82, 0x28, 0x20,
    0x00, 0x00, 0x02, 0x82, 0x28, 0x20, 0x00, 0x02, 0x82, 0x28, 0x22, 0x82, 0x00, 0x00, 0x00, 0x28,
    0x22, 0x82, 0x00, 0x00, 0xaf, 0x99, 0xf9, 0x9f, 0xa0, 0x00, 0x00, 0x0a, 0xf9, 0x9f, 0xa0, 0x00,
    0x02, 0x82, 0x28, 0x22, 0x82, 0x00, 0x00, 0x00, 0x28, 0x22, 0x82, 0x00, 0x00, 0x28, 0x22, 0x82,
    0x28, 0x20, 0x00, 0x00, 0x02, 0x82, 0x28, 0x20, 0x00, 0x0a, 0xf9, 0x9f, 0x99, 0xfa, 0x00, 0x00,
    0x00, 0xaf, 0x99, 0xfa, 0x00, 0x00, 0x28, 0x22, 0x82, 0x28, 0x20, 0x00, 0x00, 0x02, 0x82, 0x28,
    0x20, 0x00, 0x02, 0x82, 0x28, 0x22, 0x81, 0x29, 0x22, 0x92, 0x18, 0x22, 0x82, 0x00, 0x00, 0xaf,
    0x99, 0xf9, 0x9f, 0x99, 0xf9, 0x9f, 0x99, 0xf9, 0x9f, 0xa0, 0x00, 0x02, 0x82, 0x28, 0x22, 0x82,
    0x28, 0x22, 0x82, 0x28, 0x22, 0x82, 0x00, 0x00, 0x28, 0x22, 0x82, 0x28, 0x22, 0x82, 0x28, 0x22,
    0x82, 0x28, 0x20, 0x00, 0x0a, 0xf9, 0x9f, 0x99, 0xf9, 0x9f, 0x99, 0xf9, 0x9f, 0x99, 0xfa, 0x00,
    0x00, 0x28, 0x22, 0x82, 0x28, 0x22, 0x82, 0x28, 0x22, 0x82, 0x28, 0x20, 0x00, 0x02, 0x82, 0x28,
    0x22, 0x82, 0x28, 0x22, 0x82, 0x28, 0x22, 0x82, 0x00, 0x00, 0xaf, 0x99, 0xf9, 0x9f, 0x99, 0xf9,
    0x9f, 0x99, 0xf9, 0x9f, 0xa0, 0x00, 0x02, 0x82, 0x28, 0x22, 0x81, 0x29, 0x22, 0x92, 0x18, 0x22,
    0x82, 0x00, 0x00, 0x28, 0x22, 0x82, 0x28, 0x20, 0x00, 0x00, 0x02, 0x82, 0x28, 0x20, 0x00, 0x0a,
    0xf9, 0x9f, 0x99, 0xfa, 0x00, 0x00, 0x00, 0xaf, 0x99, 0xfa, 0x00, 0x00, 0x29, 0x22, 0x92, 0x29,
    0x20, 0x00, 0x00, 0x02, 0x92, 0x29, 0x20, 0x00, 0x00, 0x00, 0x00, 0x00, 0x00, 0x00, 0x00, 0x00,
    0x00, 0x00, 0x00, 0x00, 0x00, 0x00, 0x00, 0x00, 0x00, 0x00, 0x00, 0x00, 0x00, 0x00, 0x00, 0x00,
    0x00, 0x00, 0x00, 0x00, 0x00, 0x00, 0x00, 0x00, 0x00, 0x00, 0x00, 0x00, 0x00, 0x00, 0x00, 0x00,
    0x00, 0x00, 0x00, 0x00, 0x00, 0x00, 0x00, 0x00, 0x00, 0x00, 0x00, 0x00, 0x00, 0x00, 0x29, 0x22,
    0x92, 0x29, 0x20, 0x00, 0x00, 0x02, 0x92, 0x29, 0x22, 0x92, 0x00, 0x00, 0xaf, 0x99, 0xf9, 0x9f,
    0xa0, 0x00, 0x00, 0x0a, 0xf9, 0x9f, 0x99, 0xfa, 0x00, 0x00, 0x28, 0x22, 0x82, 0x28, 0x20, 0x00,
    0x00, 0x02, 0x82, 0x28, 0x22, 0x82, 0x00, 0x00, 0x28, 0x22, 0x82, 0x28, 0x12, 0x92, 0x00, 0x02,
    0x82, 0x28, 0x22, 0x82, 0x00, 0x00, 0xaf, 0x99, 0xf9, 0x9f, 0x99, 0xfa, 0x01, 0x0a, 0xf9, 0x9f,
    0x99, 0xfa, 0x00, 0x00, 0x29, 0x21, 0x82, 0x28, 0x22, 0x82, 0x00, 0x02, 0x82, 0x28, 0x12, 0x92,
    0x00, 0x00, 0x00, 0x02, 0x82, 0x28, 0x22, 0x81, 0x29, 0x21, 0x82, 0x28, 0x20, 0x00, 0x00, 0x00,
    0x00, 0x0a, 0xf9, 0x9f, 0x99, 0xf9, 0x9f, 0x99, 0xf9, 0x9f, 0xa0, 0x00, 0x00, 0x00, 0x00, 0x02,
    0x92, 0x18, 0x22, 0x82, 0x28, 0x22, 0x81, 0x29, 0x20, 0x00, 0x00, 0x00, 0x00, 0x00, 0x00, 0x28,
    0x22, 0x82, 0x28, 0x22, 0x82, 0x00, 0x00, 0x00, 0x00, 0x00, 0x00, 0x00, 0x10, 0xaf, 0x99, 0xf9,
    0x9f, 0x99, 0xfa, 0x01, 0x00, 0x00, 0x00, 0x00, 0x00, 0x00, 0x00, 0x28, 0x22, 0x82, 0x28, 0x22,
    0x82, 0x00, 0x00, 0x00, 0x00, 0x00, 0x00, 0x02, 0x92, 0x18, 0x22, 0x82, 0x28, 0x22, 0x81, 0x29,
    0x20, 0x00, 0x00, 0x00, 0x00, 0x0a, 0xf9, 0x9f, 0x99, 0xf9, 0x9f, 0x99, 0xf9, 0x9f, 0xa0, 0x00,
    0x00, 0x00, 0x00, 0x02, 0x82, 0x28, 0x22, 0x81, 0x29, 0x21, 0x82, 0x28, 0x20, 0x00, 0x00, 0x00,
    0x29, 0x21, 0x82, 0x28, 0x22, 0x82, 0x00, 0x02, 0x82, 0x28, 0x12, 0x92, 0x00, 0x00, 0xaf, 0x99,
    0xf9, 0x9f, 0x99, 0xfa, 0x01, 0x0a, 0xf9, 0x9f, 0x99, 0xfa, 0x00, 0x00, 0x28, 0x22, 0x82, 0x28,
    0x12, 0x92, 0x00, 0x02, 0x82, 0x28, 0x22, 0x82, 0x00, 0x00, 0x28, 0x22, 0x82, 0x28, 0x20, 0x00,
    0x00, 0x02, 0x82, 0x28, 0x22, 0x82, 0x00, 0x00, 0xaf, 0x99, 0xf9, 0x9f, 0xa0, 0x00, 0x00, 0x0a,
    0xf9, 0x9f, 0x99, 0xfa, 0x00, 0x00, 0x29, 0x22, 0x92, 0x29, 0x20, 0x00, 0x00, 0x02, 0x92, 0x29,
    0x22, 0x92, 0x00, 0x00, 0x00, 0x00, 0x00, 0x00, 0x00, 0x00, 0x00, 0x00, 0x00, 0x00, 0x00, 0x00,
    0x00, 0x00, 0x00, 0x00, 0x00, 0x00, 0x00, 0x00, 0x00, 0x00, 0x00, 0x00, 0x00, 0x00, 0x00, 0x00,
    0x00, 0x00, 0x00, 0x00, 0x00, 0x00, 0x00, 0x00, 0x00, 0x00, 0x00, 0x00, 0x00, 0x00, 0x00, 0x00,
    0x00, 0x00, 0x00, 0x00, 0x00, 0x00, 0x00, 0x00, 0x00, 0x00, 0x00, 0x00, 0x29, 0x22, 0x92, 0x29,
    0x20, 0x00, 0x00, 0x02, 0x92, 0x29, 0x22, 0x92, 0x00, 0x00, 0xaf, 0x99, 0xf9, 0x9f, 0xa0, 0x00,
    0x00, 0x0a, 0xf9, 0x9f, 0x99, 0xfa, 0x00, 0x00, 0x28, 0x22, 0x82, 0x28, 0x20, 0x00, 0x00, 0x02,
    0x82, 0x28, 0x22, 0x82, 0x00, 0x00, 0x28, 0x22, 0x82, 0x28, 0x12, 0x92, 0x00, 0x02, 0x82, 0x28,
    0x22, 0x82, 0x00, 0x00, 0xaf, 0x99, 0xf9, 0x9f, 0x99, 0xfa, 0x01, 0x0a, 0xf9, 0x9f, 0x99, 0xfa,
    0x00, 0x00, 0x29, 0x21, 0x82, 0x28, 0x22, 0x82, 0x00, 0x02, 0x82, 0x28, 0x12, 0x92, 0x00, 0x00,
    0x00, 0x02, 0x82, 0x28, 0x22, 0x81, 0x29, 0x21, 0x82, 0x28, 0x20, 0x00, 0x00, 0x00, 0x00, 0x0a,
    0xf9, 0x9f, 0x99, 0xf9, 0x9f, 0x99, 0xf9, 0x9f, 0xa0, 0x00, 0x00, 0x00, 0x00, 0x02, 0x92, 0x29,
    0x21, 0x82, 0x28, 0x12, 0x92, 0x29, 0x20, 0x00, 0x00, 0x00, 0x00, 0x00, 0x00, 0x00, 0x02, 0x82,
    0x28, 0x20, 0x00, 0x00, 0x00, 0x00, 0x00, 0x00, 0x00, 0x00, 0x00, 0x00, 0x0a, 0xf9, 0x9f, 0xa0,
    0x00, 0x00, 0x00, 0x00, 0x00, 0x00, 0x00, 0x00, 0x00, 0x00, 0x02, 0x82, 0x28, 0x20, 0x00, 0x00,
    0x00, 0x00, 0x00, 0x00, 0x00, 0x00, 0x00, 0x00, 0x02, 0x82, 0x28, 0x20, 0x00, 0x00, 0x00, 0x00,
    0x00, 0x00, 0x00, 0x00, 0x00, 0x00, 0x0a, 0xf9, 0x9f, 0xa0, 0x00, 0x00, 0x00, 0x00, 0x00, 0x00,
    0x00, 0x00, 0x00, 0x00, 0x02, 0x82, 0x28, 0x20, 0x00, 0x00, 0x00, 0x00, 0x00, 0x00, 0x00, 0x00,
    0x00, 0x00, 0x02, 0x82, 0x28, 0x20, 0x00, 0x00, 0x00, 0x00, 0x00, 0x00, 0x00, 0x00, 0x00, 0x00,
    0x0a, 0xf9, 0x9f, 0xa0, 0x00, 0x00, 0x00, 0x00, 0x00, 0x00, 0x00, 0x00, 0x00, 0x00, 0x02, 0x82,
    0x28, 0x20, 0x00, 0x00, 0x00, 0x00, 0x00, 0x00, 0x00, 0x00, 0x00, 0x00, 0x02, 0x82, 0x28, 0x20,
    0x00, 0x00, 0x00, 0x00, 0x00, 0x00, 0x00, 0x00, 0x00, 0x00, 0x0a, 0xf9, 0x9f, 0xa0, 0x00, 0x00,
    0x00, 0x00, 0x00, 0x00, 0x00, 0x00, 0x00, 0x00, 0x02, 0x92, 0x29, 0x20, 0x00, 0x00, 0x00, 0x00,
    0x00, 0x00, 0x00, 0x00, 0x00, 0x00, 0x00, 0x00, 0x00, 0x00, 0x00, 0x00, 0x00, 0x00, 0x00, 0x00,
    0x00, 0x00, 0x00, 0x00, 0x00, 0x00, 0x00, 0x00, 0x00, 0x00, 0x00, 0x00, 0x00, 0x00, 0x00, 0x00,
    0x00, 0x00, 0x00, 0x00, 0x00, 0x00, 0x00, 0x00, 0x00, 0x00, 0x00, 0x00, 0x00, 0x00, 0x00, 0x00,
    0x00, 0x00, 0x00, 0x00, 0x29, 0x22, 0x92, 0x29, 0x22, 0x92, 0x29, 0x22, 0x92, 0x00, 0x00, 0xaf,
    0x99, 0xf9, 0x9f, 0x99, 0xf9, 0x9f, 0x99, 0xfa, 0x00, 0x00, 0x28, 0x22, 0x82, 0x28, 0x22, 0x82,
    0x28, 0x22, 0x82, 0x00, 0x00, 0x28, 0x22, 0x82, 0x28, 0x22, 0x82, 0x28, 0x22, 0x82, 0x00, 0x00,
    0xaf, 0x99, 0xf9, 0x9f, 0x99, 0xf9, 0x9f, 0x99, 0xfa, 0x00, 0x00, 0x29, 0x22, 0x92, 0x29, 0x21,
    0x82, 0x28, 0x22, 0x82, 0x00, 0x00, 0x00, 0x00, 0x00, 0x00, 0x02, 0x82, 0x28, 0x22, 0x82, 0x00,
    0x00, 0x00, 0x00, 0x00, 0x01, 0x0a, 0xf9, 0x9f, 0x99, 0xfa, 0x00, 0x00, 0x00, 0x00, 0x00, 0x00,
    0x02, 0x81, 0x29, 0x22, 0x92, 0x00, 0x00, 0x00, 0x02, 0x92, 0x29, 0x21, 0x82, 0x00, 0x00, 0x00,
    0x00, 0x00, 0x00, 0x0a, 0xf9, 0x9f, 0x99, 0xfa, 0x00, 0x00, 0x00, 0x00, 0x00, 0x00, 0x02, 0x82,
    0x28, 0x12, 0x92, 0x00, 0x00, 0x00, 0x00, 0x00, 0x29, 0x21, 0x82, 0x28, 0x20, 0x00, 0x00, 0x00,
    0x00, 0x00, 0x00, 0xaf, 0x99, 0xf9, 0x9f, 0xa0, 0x10, 0x00, 0x00, 0x00, 0x00, 0x00, 0x28, 0x22,
    0x82, 0x28, 0x20, 0x00, 0x00, 0x00, 0x00, 0x00, 0x00, 0x28, 0x22, 0x82, 0x28, 0x12, 0x92, 0x29,
    0x22, 0x92, 0x00, 0x00, 0xaf, 0x99, 0xf9, 0x9f, 0x99, 0xf9, 0x9f, 0x99, 0xfa, 0x00, 0x00, 0x28,
    0x22, 0x82, 0x28, 0x22, 0x82, 0x28, 0x22, 0x82, 0x00, 0x00, 0x28, 0x22, 0x82, 0x28, 0x22, 0x82,
    0x28, 0x22, 0x82, 0x00, 0x00, 0xaf, 0x99, 0xf9, 0x9f, 0x99, 0xf9, 0x9f, 0x99, 0xfa, 0x00, 0x00,
    0x29, 0x22, 0x92, 0x29, 0x22, 0x92, 0x29, 0x22, 0x92, 0x00, 0x00, 0x00, 0x00, 0x00, 0x00, 0x00,
    0x00, 0x00, 0x00, 0x00, 0x00, 0x00, 0x00, 0x00, 0x00, 0x00, 0x00, 0x00, 0x00, 0x00, 0x00, 0x00,
    0x00, 0x00, 0x00, 0x00, 0x00, 0x00, 0x00, 0x00, 0x00, 0x00, 0x00, 0x00, 0x00, 0x00, 0x00, 0x00,
    0x00, 0x29, 0x22, 0x92, 0x29, 0x22, 0x92, 0x00, 0x00, 0xaf, 0x99, 0xf9, 0x9f, 0x99, 0xfa, 0x00,
    0x00, 0x28, 0x22, 0x82, 0x28, 0x22, 0x82, 0x00, 0x00, 0x28, 0x22, 0x82, 0x28, 0x22, 0x82, 0x00,
    0x00, 0xaf, 0x99, 0xf9, 0x9f, 0x99, 0xfa, 0x00, 0x00, 0x28, 0x22, 0x81, 0x29, 0x22, 0x92, 0x00,
    0x00, 0x28, 0x22, 0x82, 0x00, 0x00, 0x00, 0x00, 0x00, 0xaf, 0x99, 0xfa, 0x00, 0x00, 0x00, 0x00,
    0x00, 0x28, 0x22, 0x82, 0x00, 0x00, 0x00, 0x00, 0x00, 0x28, 0x22, 0x82, 0x00, 0x00, 0x00, 0x00,
    0x00, 0xaf, 0x99, 0xfa, 0x00, 0x00, 0x00, 0x00, 0x00, 0x28, 0x22, 0x82, 0x00, 0x00, 0x00, 0x00,
    0x00, 0x28, 0x22, 0x82, 0x00, 0x00, 0x00, 0x00, 0x00, 0xaf, 0x99, 0xfa, 0x00, 0x00, 0x00, 0x00,
    0x00, 0x28, 0x22, 0x82, 0x00, 0x00, 0x00, 0x00, 0x00, 0x28, 0x22, 0x81, 0x29, 0x22, 0x92, 0x00,
    0x00, 0xaf, 0x99, 0xf9, 0x9f, 0x99, 0xfa, 0x00, 0x00, 0x28, 0x22, 0x82, 0x28, 0x22, 0x82, 0x00,
    0x00, 0x28, 0x22, 0x82, 0x28, 0x22, 0x82, 0x00, 0x00, 0xaf, 0x99, 0xf9, 0x9f, 0x99, 0xfa, 0x00,
    0x00, 0x29, 0x22, 0x92, 0x29, 0x22, 0x92, 0x00, 0x00, 0x00, 0x00, 0x00, 0x00, 0x00, 0x00, 0x00,
    0x00, 0x00, 0x00, 0x00, 0x00, 0x00, 0x00, 0x00, 0x00, 0x00, 0x00, 0x00, 0x00, 0x00, 0x00, 0x00,
    0x00, 0x00, 0x00, 0x00, 0x00, 0x00, 0x00, 0x00, 0x00, 0x00, 0x00, 0x00, 0x00, 0x00, 0x00, 0x00,
    0x00, 0x00, 0x00, 0x00, 0x00, 0x29, 0x22, 0x92, 0x29, 0x20, 0x00, 0x00, 0x00, 0x00, 0x00, 0x00,
    0x00, 0x00, 0x00, 0xaf, 0x99, 0xf9, 0x9f, 0xa0, 0x00, 0x00, 0x00, 0x00, 0x00, 0x00, 0x00, 0x00,
    0x00, 0x28, 0x22, 0x82, 0x28, 0x20, 0x00, 0x00, 0x00, 0x00, 0x00, 0x00, 0x00, 0x00, 0x00, 0x28,
    0x22, 0x82, 0x28, 0x12, 0x92, 0x00, 0x00, 0x00, 0x00, 0x00, 0x00, 0x00, 0x00, 0xaf, 0x99, 0xf9,
    0x9f, 0x99, 0xfa, 0x00, 0x00, 0x00, 0x00, 0x00, 0x00, 0x00, 0x00, 0x29, 0x22, 0x92, 0x18, 0x22,
    0x82, 0x00, 0x00, 0x00, 0x00, 0x00, 0x00, 0x00, 0x00, 0x00, 0x00, 0x00, 0x28, 0x22, 0x82, 0x00,
    0x00, 0x00, 0x00, 0x00, 0x00, 0x00, 0x00, 0x00, 0x00, 0x00, 0xaf, 0x99, 0xfa, 0x00, 0x00, 0x00,
    0x00, 0x00, 0x00, 0x00, 0x00, 0x00, 0x00, 0x00, 0x29, 0x21, 0x82, 0x00, 0x00, 0x00, 0x00, 0x00,
    0x00, 0x00, 0x00, 0x00, 0x00, 0x00, 0x00, 0x02, 0x81, 0x29, 0x22, 0x92, 0x00, 0x00, 0x00, 0x00,
    0x00, 0x00, 0x00, 0x00, 0x00, 0x0a, 0xf9, 0x9f, 0x99, 0xfa, 0x00, 0x00, 0x00, 0x00, 0x00, 0x00,
    0x00, 0x00, 0x00, 0x02, 0x92, 0x18, 0x22, 0x82, 0x00, 0x00, 0x00, 0x00, 0x00, 0x00, 0x00, 0x00,
    0x00, 0x00, 0x00, 0x28, 0x22, 0x81, 0x29, 0x20, 0x00, 0x00, 0x00, 0x00, 0x00, 0x00, 0x00, 0x00,
    0x00, 0xaf, 0x99, 0xf9, 0x9f, 0xa0, 0x00, 0x00, 0x00, 0x00, 0x00, 0x00, 0x00, 0x00, 0x00, 0x29,
    0x21, 0x82, 0x28, 0x20, 0x00, 0x00, 0x00, 0x00, 0x00, 0x00, 0x00, 0x00, 0x00, 0x00, 0x02, 0x82,
    0x28, 0x12, 0x92, 0x00, 0x00, 0x00, 0x00, 0x00, 0x00, 0x00, 0x00, 0x00, 0x0a, 0xf9, 0x9f, 0x99,
    0xfa, 0x00, 0x00, 0x00, 0x00, 0x00, 0x00, 0x00, 0x00, 0x00, 0x02, 0x82, 0x28, 0x22, 0x82, 0x00,
    0x00, 0x00, 0x00, 0x00, 0x00, 0x00, 0x00, 0x00, 0x02, 0x82, 0x28, 0x22, 0x82, 0x00, 0x00, 0x00,
    0x00, 0x00, 0x00, 0x00, 0x00, 0x00, 0x0a, 0xf9, 0x9f, 0x99, 0xfa, 0x00, 0x00, 0x00, 0x00, 0x00,
    0x00, 0x00, 0x00, 0x00, 0x02, 0x92, 0x29, 0x22, 0x92, 0x00, 0x00, 0x00, 0x00, 0x00, 0x00, 0x00,
    0x00, 0x00, 0x00, 0x00, 0x00, 0x00, 0x00, 0x00, 0x00, 0x00, 0x00, 0x00, 0x00, 0x00, 0x00, 0x00,
    0x00, 0x00, 0x00, 0x00, 0x00, 0x00, 0x00, 0x00, 0x00, 0x00, 0x00, 0x00, 0x00, 0x00, 0x00, 0x00,
    0x00, 0x00, 0x00, 0x00, 0x00, 0x00, 0x00, 0x29, 0x22, 0x92, 0x29, 0x22, 0x92, 0x00, 0x00, 0xaf,
    0x99, 0xf9, 0x9f, 0x99, 0xfa, 0x00, 0x00, 0x28, 0x22, 0x82, 0x28, 0x22, 0x82, 0x00, 0x00, 0x28,
    0x22, 0x82, 0x28, 0x22, 0x82, 0x00, 0x00, 0xaf, 0x99, 0xf9, 0x9f, 0x99, 0xfa, 0x00, 0x00, 0x29,
    0x22, 0x92, 0x18, 0x22, 0x82, 0x00, 0x00, 0x00, 0x00, 0x00, 0x28, 0x22, 0x82, 0x00, 0x00, 0x00,
    0x00, 0x00, 0xaf, 0x99, 0xfa, 0x00, 0x00, 0x00, 0x00, 0x00, 0x28, 0x22, 0x82, 0x00, 0x00, 0x00,
    0x00, 0x00, 0x28, 0x22, 0x82, 0x00, 0x00, 0x00, 0x00, 0x00, 0xaf, 0x99, 0xfa, 0x00, 0x00, 0x00,
    0x00, 0x00, 0x28, 0x22, 0x82, 0x00, 0x00, 0x00, 0x00, 0x00, 0x28, 0x22, 0x82, 0x00, 0x00, 0x00,
    0x00, 0x00, 0xaf, 0x99, 0xfa, 0x00, 0x00, 0x00, 0x00, 0x00, 0x28, 0x22, 0x82, 0x00, 0x00, 0x29,
    0x22, 0x92, 0x18, 0x22, 0x82, 0x00, 0x00, 0xaf, 0x99, 0xf9, 0x9f, 0x99, 0xfa, 0x00, 0x00, 0x28,
    0x22, 0x82, 0x28, 0x22, 0x82, 0x00, 0x00, 0x28, 0x22, 0x82, 0x28, 0x22, 0x82, 0x00, 0x00, 0xaf,
    0x99, 0xf9, 0x9f, 0x99, 0xfa, 0x00, 0x00, 0x29, 0x22, 0x92, 0x29, 0x22, 0x92, 0x00, 0x00, 0x00,
    0x00, 0x00, 0x00, 0x00, 0x00, 0x00, 0x00, 0x00, 0x00, 0x00, 0x00, 0x00, 0x00, 0x00, 0x00, 0x00,
    0x00, 0x00, 0x00, 0x00, 0x00, 0x00, 0x00, 0x00, 0x00, 0x00, 0x00, 0x00, 0x00, 0x00, 0x00, 0x00,
    0x00, 0x00, 0x00, 0x00, 0x00, 0x00, 0x00, 0x00, 0x00, 0x00, 0x00, 0x00, 0x02, 0x92, 0x00, 0x00,
    0x00, 0x00, 0x00, 0x00, 0x00, 0x00, 0x00, 0x00, 0x00, 0xaf, 0xa0, 0x00, 0x00, 0x00, 0x00, 0x00,
    0x00, 0x00, 0x00, 0x00, 0x00, 0x02, 0x82, 0x00, 0x00, 0x00, 0x00, 0x00, 0x00, 0x00, 0x00, 0x00,
    0x02, 0x92, 0x18, 0x12, 0x92, 0x00, 0x00, 0x00, 0x00, 0x00, 0x00, 0x00, 0x00, 0xaf, 0x99, 0xf9,
    0x9f, 0xa0, 0x00, 0x00, 0x00, 0x00, 0x00, 0x00, 0x00, 0x02, 0x82, 0x28, 0x22, 0x82, 0x00, 0x00,
    0x00, 0x00, 0x00, 0x00, 0x02, 0x92, 0x18, 0x22, 0x82, 0x28, 0x12, 0x92, 0x00, 0x00, 0x00, 0x00,
    0x00, 0xaf, 0x99, 0xf9, 0x9f, 0x99, 0xf9, 0x9f, 0xa0, 0x00, 0x00, 0x00, 0x00, 0x02, 0x82, 0x28,
    0x22, 0x82, 0x28, 0x22, 0x82, 0x00, 0x00, 0x00, 0x02, 0x92, 0x18, 0x22, 0x82, 0x28, 0x22, 0x82,
    0x28, 0x12, 0x92, 0x00, 0x00, 0xaf, 0x99, 0xf9, 0x9f, 0x99, 0xf9, 0x9f, 0x99, 0xf9, 0x9f, 0xa0,
    0x00, 0x02, 0x92, 0x29, 0x22, 0x92, 0x29, 0x22, 0x92, 0x29, 0x22, 0x92, 0x00, 0x00, 0x00, 0x00,
    0x00, 0x00, 0x00, 0x00, 0x00, 0x00, 0x00, 0x00, 0x00, 0x00, 0x00, 0x00, 0x00, 0x00, 0x00, 0x00,
    0x00, 0x00, 0x00, 0x00, 0x00, 0x00, 0x00, 0x00, 0x00, 0x00, 0x00, 0x00, 0x00, 0x00, 0x00, 0x00,
    0x00, 0x00, 0x00, 0x00, 0x00, 0x00, 0x00, 0x00, 0x00, 0x00, 0x00, 0x00, 0x00, 0x00, 0x00, 0x00,
    0x00, 0x00, 0x00, 0x29, 0x22, 0x92, 0x29, 0x22, 0x92, 0x29, 0x22, 0x92, 0x29, 0x22, 0x92, 0x00,
    0x00, 0xaf, 0x99, 0xf9, 0x9f, 0x99, 0xf9, 0x9f, 0x99, 0xf9, 0x9f, 0x99, 0xfa, 0x00, 0x00, 0x28,
    0x22, 0x82, 0x28, 0x22, 0x82, 0x28, 0x22, 0x82, 0x28, 0x22, 0x82, 0x00, 0x00, 0x28, 0x22, 0x82,
    0x28, 0x22, 0x82, 0x28, 0x22, 0x82, 0x28, 0x22, 0x82, 0x00, 0x00, 0xaf, 0x99, 0xf9, 0x9f, 0x99,
    0xf9, 0x9f, 0x99, 0xf9, 0x9f, 0x99, 0xfa, 0x00, 0x00, 0x29, 0x22, 0x92, 0x29, 0x22, 0x92, 0x29,
    0x22, 0x92, 0x29, 0x22, 0x92, 0x00, 0x00, 0x00, 0x00, 0x00, 0x00, 0x00, 0x00, 0x00, 0x00, 0x00,
    0x00, 0x00, 0x00, 0x00, 0x00, 0x00, 0x00, 0x00, 0x00, 0x00, 0x00, 0x00, 0x00, 0x00, 0x00, 0x00,
    0x00, 0x00, 0x00, 0x00, 0x00, 0x00, 0x00, 0x00, 0x00, 0x00, 0x00, 0x00, 0x00, 0x00, 0x00, 0x00,
    0x00, 0x00, 0x00, 0x29, 0x22, 0x92, 0x00, 0x00, 0x00, 0x00, 0x00, 0xaf, 0x99, 0xfa, 0x00, 0x00,
    0x00, 0x00, 0x00, 0x28, 0x22, 0x82, 0x00, 0x00, 0x00, 0x00, 0x00, 0x28, 0x22, 0x81, 0x29, 0x20,
    0x00, 0x00, 0x00, 0xaf, 0x99, 0xf9, 0x9f, 0xa0, 0x00, 0x00, 0x00, 0x29, 0x21, 0x82, 0x28, 0x20,
    0x00, 0x00, 0x00, 0x00, 0x02, 0x82, 0x28, 0x12, 0x92, 0x00, 0x00, 0x00, 0x0a, 0xf9, 0x9f, 0x99,
    0xfa, 0x00, 0x00, 0x00, 0x02, 0x92, 0x29, 0x22, 0x92, 0x00, 0x00, 0x00, 0x00, 0x00, 0x00, 0x00,
    0x00, 0x00, 0x00, 0x00, 0x00, 0x00, 0x00, 0x00, 0x00, 0x00, 0x00, 0x00, 0x00, 0x00, 0x00, 0x00,
    0x00, 0x00, 0x00, 0x00, 0x00, 0x00, 0x00, 0x00, 0x00, 0x00, 0x00, 0x00, 0x00, 0x00, 0x00, 0x00,
    0x00, 0x00, 0x02, 0x92, 0x29, 0x22, 0x92, 0x29, 0x20, 0x00, 0x00, 0x00, 0x00, 0x0a, 0xf9, 0x9f,
    0x99, 0xf9, 0x9f, 0xa0, 0x00, 0x00, 0x00, 0x00, 0x02, 0x82, 0x28, 0x22, 0x82, 0x28, 0x20, 0x00,
    0x00, 0x00, 0x00, 0x02, 0x82, 0x28, 0x22, 0x82, 0x28, 0x12, 0x92, 0x00, 0x00, 0x00, 0x0a, 0xf9,
    0x9f, 0x99, 0xf9, 0x9f, 0x99, 0xfa, 0x00, 0x00, 0x00, 0x02, 0x82, 0x28, 0x22, 0x82, 0x28, 0x22,
    0x82, 0x00, 0x00, 0x29, 0x21, 0x82, 0x28, 0x22, 0x82, 0x28, 0x22, 0x82, 0x00, 0x00, 0xaf, 0x99,
    0xf9, 0x9f, 0x99, 0xf9, 0x9f, 0x99, 0xfa, 0x00, 0x00, 0x28, 0x22, 0x82, 0x28, 0x22, 0x82, 0x28,
    0x22, 0x82, 0x00, 0x00, 0x28, 0x22, 0x82, 0x28, 0x22, 0x82, 0x28, 0x22, 0x82, 0x00, 0x00, 0xaf,
    0x99, 0xf9, 0x9f, 0x99, 0xf9, 0x9f, 0x99, 0xfa, 0x00, 0x00, 0x29, 0x21, 0x82, 0x28, 0x22, 0x82,
    0x28, 0x22, 0x82, 0x00, 0x00, 0x00, 0x02, 0x82, 0x28, 0x22, 0x82, 0x28, 0x22, 0x82, 0x00, 0x00,
    0x00, 0x0a, 0xf9, 0x9f, 0x99, 0xf9, 0x9f, 0x99, 0xfa, 0x00, 0x00, 0x00, 0x02, 0x92, 0x29, 0x22,
    0x92, 0x29, 0x22, 0x92, 0x00, 0x00, 0x00, 0x00, 0x00, 0x00, 0x00, 0x00, 0x00, 0x00, 0x00, 0x00,
    0x00, 0x00, 0x00, 0x00, 0x00, 0x00, 0x00, 0x00, 0x00, 0x00, 0x00, 0x00, 0x00, 0x00, 0x00, 0x00,
    0x00, 0x00, 0x00, 0x00, 0x00, 0x00, 0x00, 0x00, 0x00, 0x00, 0x00, 0x00, 0x00, 0x00, 0x00, 0x00,
    0x00, 0x00, 0x29, 0x22, 0x92, 0x00, 0x00, 0x00, 0x00, 0x00, 0x00, 0x00, 0x00, 0xaf, 0x99, 0xfa,
    0x00, 0x00, 0x00, 0x00, 0x00, 0x00, 0x00, 0x00, 0x28, 0x22, 0x82, 0x00, 0x00, 0x00, 0x00, 0x00,
    0x00, 0x00, 0x00, 0x28, 0x22, 0x82, 0x00, 0x00, 0x00, 0x00, 0x00, 0x00, 0x00, 0x00, 0xaf, 0x99,
    0xfa, 0x00, 0x00, 0x00, 0x00, 0x00, 0x00, 0x00, 0x00, 0x28, 0x22, 0x82, 0x00, 0x00, 0x00, 0x00,
    0x00, 0x00, 0x00, 0x00, 0x28, 0x22, 0x81, 0x29, 0x22, 0x92, 0x29, 0x20, 0x00, 0x00, 0x00, 0xaf,
    0x99, 0xf9, 0x9f, 0x99, 0xf9, 0x9f, 0xa0, 0x00, 0x00, 0x00, 0x28, 0x22, 0x81, 0x29, 0x21, 0x82,
    0x28, 0x20, 0x00, 0x00, 0x00, 0x28, 0x22, 0x82, 0x00, 0x02, 0x82, 0x28, 0x12, 0x92, 0x00, 0x00,
    0xaf, 0x99, 0xfa, 0x01, 0x0a, 0xf9, 0x9f, 0x99, 0xfa, 0x00, 0x00, 0x28, 0x22, 0x82, 0x00, 0x02,
    0x82, 0x28, 0x22, 0x82, 0x00, 0x00, 0x28, 0x22, 0x82, 0x00, 0x02, 0x82, 0x28, 0x22, 0x82, 0x00,
    0x00, 0xaf, 0x99, 0xfa, 0x01, 0x0a, 0xf9, 0x9f, 0x99, 0xfa, 0x00, 0x00, 0x28, 0x22, 0x82, 0x00,
    0x02, 0x82, 0x28, 0x22, 0x82, 0x00, 0x00, 0x28, 0x22, 0x81, 0x29, 0x21, 0x82, 0x28, 0x22, 0x82,
    0x00, 0x00, 0xaf, 0x99, 0xf9, 0x9f, 0x99, 0xf9, 0x9f, 0x99, 0xfa, 0x00, 0x00, 0x28, 0x22, 0x82,
    0x28, 0x22, 0x82, 0x28, 0x12, 0x92, 0x00, 0x00, 0x28, 0x22, 0x82, 0x28, 0x22, 0x82, 0x28, 0x20,
    0x00, 0x00, 0x00, 0xaf, 0x99, 0xf9, 0x9f, 0x99, 0xf9, 0x9f, 0xa0, 0x00, 0x00, 0x00, 0x29, 0x22,
    0x92, 0x29, 0x22, 0x92, 0x29, 0x20, 0x00, 0x00, 0x00, 0x00, 0x00, 0x00, 0x00, 0x00, 0x00, 0x00,
    0x00, 0x00, 0x00, 0x00, 0x00, 0x00, 0x00, 0x00, 0x00, 0x00, 0x00, 0x00, 0x00, 0x00, 0x00, 0x00,
    0x00, 0x00, 0x00, 0x00, 0x00, 0x00, 0x00, 0x00, 0x00, 0x00, 0x00, 0x00, 0x00, 0x00, 0x00, 0x00,
    0x00, 0x00, 0x00, 0x02, 0x92, 0x29, 0x22, 0x92, 0x29, 0x20, 0x00, 0x00, 0x00, 0xaf, 0x99, 0xf9,
    0x9f, 0x99, 0xfa, 0x00, 0x00, 0x00, 0x02, 0x81, 0x29, 0x22, 0x92, 0x29, 0x20, 0x00, 0x02, 0x92,
    0x18, 0x20, 0x00, 0x00, 0x00, 0x00, 0x00, 0x00, 0xaf, 0x99, 0xfa, 0x00, 0x00, 0x00, 0x00, 0x00,
    0x00, 0x02, 0x82, 0x28, 0x20, 0x00, 0x00, 0x00, 0x00, 0x00, 0x00, 0x28, 0x22, 0x82, 0x00, 0x00,
    0x00, 0x00, 0x00, 0x00, 0x0a, 0xf9, 0x9f, 0xa0, 0x00, 0x00, 0x00, 0x00, 0x00, 0x00, 0x28, 0x22,
    0x82, 0x00, 0x00, 0x00, 0x00, 0x00, 0x00, 0x02, 0x82, 0x28, 0x12, 0x92, 0x29, 0x22, 0x92, 0x00,
    0x00, 0xaf, 0x99, 0xf9, 0x9f, 0x99, 0xf9, 0x9f, 0xa0, 0x00, 0x02, 0x92, 0x18, 0x22, 0x82, 0x28,
    0x22, 0x82, 0x00, 0x00, 0x00, 0x02, 0x82, 0x28, 0x22, 0x82, 0x28, 0x20, 0x00, 0x00, 0x00, 0xaf,
    0x99, 0xf9, 0x9f, 0x99, 0xfa, 0x00, 0x00, 0x00, 0x02, 0x92, 0x29, 0x22, 0x92, 0x29, 0x20, 0x00,
    0x00, 0x00, 0x00, 0x00, 0x00, 0x00, 0x00, 0x00, 0x00, 0x00, 0x00, 0x00, 0x00, 0x00, 0x00, 0x00,
    0x00, 0x00, 0x00, 0x00, 0x00, 0x00, 0x00, 0x00, 0x00, 0x00, 0x00, 0x00, 0x00, 0x00, 0x00, 0x00,
    0x00, 0x00, 0x00, 0x00, 0x00, 0x00, 0x00, 0x00, 0x00, 0x00, 0x00, 0x00, 0x00, 0x00, 0x02, 0x92,
    0x29, 0x22, 0x92, 0x00, 0x00, 0x00, 0x00, 0x00, 0x00, 0x0a, 0xf9, 0x9f, 0x99, 0xfa, 0x00, 0x00,
    0x00, 0x00, 0x00, 0x00, 0x02, 0x82, 0x28, 0x22, 0x82, 0x00, 0x00, 0x00, 0x00, 0x00, 0x00, 0x02,
    0x82, 0x28, 0x22, 0x82, 0x00, 0x00, 0x00, 0x00, 0x00, 0x00, 0x0a, 0xf9, 0x9f, 0x99, 0xfa, 0x00,
    0x00, 0x00, 0x00, 0x00, 0x00, 0x02, 0x82, 0x28, 0x22, 0x82, 0x00, 0x00, 0x00, 0x02, 0x92, 0x29,
    0x21, 0x82, 0x28, 0x22, 0x82, 0x00, 0x00, 0x00, 0x0a, 0xf9, 0x9f, 0x99, 0xf9, 0x9f, 0x99, 0xfa,
    0x00, 0x00, 0x00, 0x02, 0x81, 0x29, 0x21, 0x82, 0x28, 0x22, 0x82, 0x00, 0x00, 0x29, 0x21, 0x82,
    0x00, 0x02, 0x82, 0x28, 0x22, 0x82, 0x00, 0x00, 0xaf, 0x99, 0xfa, 0x01, 0x0a, 0xf9, 0x9f, 0x99,
    0xfa, 0x00, 0x00, 0x28, 0x22, 0x82, 0x00, 0x02, 0x82, 0x28, 0x22, 0x82, 0x00, 0x00, 0x28, 0x22,
    0x82, 0x00, 0x02, 0x82, 0x28, 0x22, 0x82, 0x00, 0x00, 0xaf, 0x99, 0xfa, 0x01, 0x0a, 0xf9, 0x9f,
    0x99, 0xfa, 0x00, 0x00, 0x28, 0x22, 0x82, 0x00, 0x02, 0x82, 0x28, 0x22, 0x82, 0x00, 0x00, 0x28,
    0x22, 0x81, 0x29, 0x21, 0x82, 0x28, 0x22, 0x82, 0x00, 0x00, 0xaf, 0x99, 0xf9, 0x9f, 0x99, 0xf9,
    0x9f, 0x99, 0xfa, 0x00, 0x00, 0x29, 0x21, 0x82, 0x28, 0x22, 0x82, 0x28, 0x22, 0x82, 0x00, 0x00,
    0x00, 0x02, 0x82, 0x28, 0x22, 0x82, 0x28, 0x22, 0x82, 0x00, 0x00, 0x00, 0x0a, 0xf9, 0x9f, 0x99,
    0xf9, 0x9f, 0x99, 0xfa, 0x00, 0x00, 0x00, 0x02, 0x92, 0x29, 0x22, 0x92, 0x29, 0x22, 0x92, 0x00,
    0x00, 0x00, 0x00, 0x00, 0x00, 0x00, 0x00, 0x00, 0x00, 0x00, 0x00, 0x00, 0x00, 0x00, 0x00, 0x00,
    0x00, 0x00, 0x00, 0x00, 0x00, 0x00, 0x00, 0x00, 0x00, 0x00, 0x00, 0x00, 0x00, 0x00, 0x00, 0x00,
    0x00, 0x00, 0x00, 0x00, 0x00, 0x00, 0x00, 0x00, 0x00, 0x00, 0x00, 0x00, 0x00, 0x00, 0x02, 0x92,
    0x29, 0x22, 0x92, 0x29, 0x20, 0x00, 0x00, 0x00, 0x00, 0x0a, 0xf9, 0x9f, 0x99, 0xf9, 0x9f, 0xa0,
    0x00, 0x00, 0x00, 0x00, 0x02, 0x82, 0x28, 0x22, 0x82, 0x28, 0x20, 0x00, 0x00, 0x00, 0x29, 0x21,
    0x82, 0x28, 0x22, 0x82, 0x28, 0x12, 0x92, 0x00, 0x00, 0xaf, 0x99, 0xf9, 0x9f, 0x99, 0xf9, 0x9f,
    0x99, 0xfa, 0x00, 0x00, 0x28, 0x22, 0x82, 0x28, 0x22, 0x82, 0x28, 0x22, 0x82, 0x00, 0x00, 0x28,
    0x22, 0x82, 0x28, 0x22, 0x82, 0x28, 0x22, 0x82, 0x00, 0x00, 0xaf, 0x99, 0xf9, 0x9f, 0x99, 0xf9,
    0x9f, 0x99, 0xfa, 0x00, 0x00, 0x28, 0x22, 0x82, 0x28, 0x22, 0x82, 0x28, 0x12, 0x92, 0x00, 0x00,
    0x28, 0x22, 0x82, 0x28, 0x22, 0x82, 0x28, 0x20, 0x00, 0x00, 0x00, 0xaf, 0x99, 0xf9, 0x9f, 0x99,
    0xf9, 0x9f, 0xa0, 0x00, 0x00, 0x00, 0x29, 0x21, 0x82, 0x28, 0x22, 0x82, 0x28, 0x20, 0x00, 0x00,
    0x00, 0x00, 0x02, 0x82, 0x28, 0x22, 0x82, 0x28, 0x20, 0x00, 0x00, 0x00, 0x00, 0x0a, 0xf9, 0x9f,
    0x99, 0xf9, 0x9f, 0xa0, 0x00, 0x00, 0x00, 0x00, 0x02, 0x92, 0x29, 0x22, 0x92, 0x29, 0x20, 0x00,
    0x00, 0x00, 0x00, 0x00, 0x00, 0x00, 0x00, 0x00, 0x00, 0x00, 0x00, 0x00, 0x00, 0x00, 0x00, 0x00,
    0x00, 0x00, 0x00, 0x00, 0x00, 0x00, 0x00, 0x00, 0x00, 0x00, 0x00, 0x00, 0x00, 0x00, 0x00, 0x00,
    0x00, 0x00, 0x00, 0x00, 0x00, 0x00, 0x00, 0x00, 0x00, 0x00, 0x00, 0x00, 0x00, 0x00, 0x29, 0x22,
    0x92, 0x29, 0x20, 0x00, 0x00, 0x00, 0x00, 0x0a, 0xf9, 0x9f, 0x99, 0xfa, 0x00, 0x00, 0x00, 0x00,
    0x00, 0x28, 0x22, 0x82, 0x28, 0x20, 0x00, 0x00, 0x00, 0x29, 0x21, 0x82, 0x28, 0x22, 0x82, 0x00,
    0x00, 0x00, 0x0a, 0xf9, 0x9f, 0x99, 0xf9, 0x9f, 0xa0, 0x00, 0x00, 0x00, 0x28, 0x22, 0x82, 0x28,
    0x22, 0x82, 0x00, 0x00, 0x29, 0x21, 0x82, 0x28, 0x22, 0x82, 0x28, 0x20, 0x00, 0x0a, 0xf9, 0x9f,
    0x99, 0xf9, 0x9f, 0x99, 0xfa, 0x00, 0x00, 0x29, 0x21, 0x82, 0x28, 0x12, 0x92, 0x29, 0x20, 0x00,
    0x00, 0x00, 0x28, 0x22, 0x82, 0x00, 0x00, 0x00, 0x00, 0x00, 0x00, 0x0a, 0xf9, 0x9f, 0xa0, 0x00,
    0x00, 0x00, 0x00, 0x00, 0x00, 0x28, 0x22, 0x82, 0x00, 0x00, 0x00, 0x00, 0x00, 0x00, 0x02, 0x82,
    0x28, 0x20, 0x00, 0x00, 0x00, 0x00, 0x00, 0x00, 0xaf, 0x99, 0xfa, 0x00, 0x00, 0x00, 0x00, 0x00,
    0x00, 0x02, 0x82, 0x28, 0x20, 0x00, 0x00, 0x00, 0x00, 0x00, 0x00, 0x28, 0x22, 0x82, 0x00, 0x00,
    0x00, 0x00, 0x00, 0x00, 0x0a, 0xf9, 0x9f, 0xa0, 0x00, 0x00, 0x00, 0x00, 0x00, 0x00, 0x28, 0x22,
    0x82, 0x00, 0x00, 0x00, 0x00, 0x00, 0x00, 0x02, 0x82, 0x28, 0x20, 0x00, 0x00, 0x00, 0x00, 0x00,
    0x00, 0xaf, 0x99, 0xfa, 0x00, 0x00, 0x00, 0x00, 0x00, 0x00, 0x02, 0x92, 0x29, 0x20, 0x00, 0x00,
    0x00, 0x00, 0x00, 0x00, 0x00, 0x00, 0x00, 0x00, 0x00, 0x00, 0x00, 0x00, 0x00, 0x00, 0x00, 0x00,
    0x00, 0x00, 0x00, 0x00, 0x00, 0x00, 0x00, 0x00, 0x00, 0x00, 0x00, 0x00, 0x00, 0x00, 0x00, 0x00,
    0x00, 0x00, 0x00, 0x00, 0x00, 0x00, 0x00, 0x00, 0x00, 0x00, 0x00, 0x00, 0x00, 0x02, 0x92, 0x29,
    0x22, 0x92, 0x29, 0x22, 0x92, 0x00, 0x00, 0x00, 0x0a, 0xf9, 0x9f, 0x99, 0xf9, 0x9f, 0x99, 0xfa,
    0x00, 0x00, 0x00, 0x02, 0x81, 0x29, 0x21, 0x82, 0x28, 0x22, 0x82, 0x00, 0x00, 0x29, 0x21, 0x82,
    0x00, 0x02, 0x82, 0x28, 0x22, 0x82, 0x00, 0x00, 0xaf, 0x99, 0xfa, 0x01, 0x0a, 0xf9, 0x9f, 0x99,
    0xfa, 0x00, 0x00, 0x28, 0x22, 0x82, 0x00, 0x02, 0x82, 0x28, 0x22, 0x82, 0x00, 0x00, 0x28, 0x22,
    0x81, 0x29, 0x21, 0x82, 0x28, 0x22, 0x82, 0x00, 0x00, 0xaf, 0x99, 0xf9, 0x9f, 0x99, 0xf9, 0x9f,
    0x99, 0xfa, 0x00, 0x00, 0x29, 0x21, 0x82, 0x28, 0x22, 0x82, 0x28, 0x22, 0x82, 0x00, 0x00, 0x00,
    0x02, 0x82, 0x28, 0x22, 0x82, 0x28, 0x22, 0x82, 0x00, 0x00, 0x01, 0x0a, 0xf9, 0x9f, 0x99, 0xf9,
    0x9f, 0x99, 0xfa, 0x00, 0x00, 0x00, 0x02, 0x82, 0x28, 0x22, 0x82, 0x28, 0x22, 0x82, 0x00, 0x00,
    0x29, 0x21, 0x82, 0x28, 0x22, 0x82, 0x28, 0x22, 0x82, 0x00, 0x00, 0xaf, 0x99, 0xf9, 0x9f, 0x99,
    0xf9, 0x9f, 0x99, 0xfa, 0x00, 0x00, 0x28, 0x22, 0x82, 0x28, 0x22, 0x82, 0x28, 0x12, 0x92, 0x00,
    0x00, 0x28, 0x22, 0x82, 0x28, 0x22, 0x82, 0x28, 0x20, 0x00, 0x00, 0x00, 0xaf, 0x99, 0xf9, 0x9f,
    0x99, 0xf9, 0x9f, 0xa0, 0x00, 0x00, 0x00, 0x29, 0x22, 0x92, 0x29, 0x22, 0x92, 0x29, 0x20, 0x00,
    0x00, 0x00, 0x00, 0x00, 0x00, 0x00, 0x00, 0x00, 0x00, 0x00, 0x00, 0x00, 0x00, 0x00, 0x00, 0x00,
    0x00, 0x00, 0x00, 0x00, 0x00, 0x00, 0x00, 0x00, 0x00, 0x00, 0x00, 0x00, 0x00, 0x00, 0x00, 0x00,
    0x00, 0x00, 0x00, 0x00, 0x00, 0x00, 0x00, 0x00, 0x00, 0x00, 0x00, 0x00, 0x00, 0x00, 0x29, 0x22,
    0x92, 0x00, 0x00, 0x00, 0x00, 0x00, 0x00, 0x00, 0x00, 0xaf, 0x99, 0xfa, 0x00, 0x00, 0x00, 0x00,
    0x00, 0x00, 0x00, 0x00, 0x28, 0x22, 0x82, 0x00, 0x00, 0x00, 0x00, 0x00, 0x00, 0x00, 0x00, 0x28,
    0x22, 0x82, 0x00, 0x00, 0x00, 0x00, 0x00, 0x00, 0x00, 0x00, 0xaf, 0x99, 0xfa, 0x00, 0x00, 0x00,
    0x00, 0x00, 0x00, 0x00, 0x00, 0x28, 0x22, 0x82, 0x00, 0x00, 0x00, 0x00, 0x00, 0x00, 0x00, 0x00,
    0x28, 0x22, 0x81, 0x29, 0x22, 0x92, 0x29, 0x20, 0x00, 0x00, 0x00, 0xaf, 0x99, 0xf9, 0x9f, 0x99,
    0xf9, 0x9f, 0xa0, 0x00, 0x00, 0x00, 0x28, 0x22, 0x81, 0x29, 0x21, 0x82, 0x28, 0x20, 0x00, 0x00,
    0x00, 0x28, 0x22, 0x82, 0x00, 0x02, 0x82, 0x28, 0x12, 0x92, 0x00, 0x00, 0xaf, 0x99, 0xfa, 0x01,
    0x0a, 0xf9, 0x9f, 0x99, 0xfa, 0x00, 0x00, 0x28, 0x22, 0x82, 0x00, 0x02, 0x82, 0x28, 0x22, 0x82,
    0x00, 0x00, 0x28, 0x22, 0x82, 0x00, 0x02, 0x82, 0x28, 0x22, 0x82, 0x00, 0x00, 0xaf, 0x99, 0xfa,
    0x00, 0x0a, 0xf9, 0x9f, 0x99, 0xfa, 0x00, 0x00, 0x28, 0x22, 0x82, 0x00, 0x02, 0x82, 0x28, 0x22,
    0x82, 0x00, 0x00, 0x28, 0x22, 0x82, 0x00, 0x02, 0x82, 0x28, 0x22, 0x82, 0x00, 0x00, 0xaf, 0x99,
    0xfa, 0x00, 0x0a, 0xf9, 0x9f, 0x99, 0xfa, 0x00, 0x00, 0x28, 0x22, 0x82, 0x00, 0x02, 0x82, 0x28,
    0x22, 0x82, 0x00, 0x00, 0x28, 0x22, 0x82, 0x00, 0x02, 0x82, 0x28, 0x22, 0x82, 0x00, 0x00, 0xaf,
    0x99, 0xfa, 0x00, 0x0a, 0xf9, 0x9f, 0x99, 0xfa, 0x00, 0x00, 0x29, 0x22, 0x92, 0x00, 0x02, 0x92,
    0x29, 0x22, 0x92, 0x00, 0x00, 0x00, 0x00, 0x00, 0x00, 0x00, 0x00, 0x00, 0x00, 0x00, 0x00, 0x00,
    0x00, 0x00, 0x00, 0x00, 0x00, 0x00, 0x00, 0x00, 0x00, 0x00, 0x00, 0x00, 0x00, 0x00, 0x00, 0x00,
    0x00, 0x00, 0x00, 0x00, 0x00, 0x00, 0x00, 0x00, 0x00, 0x00, 0x00, 0x00, 0x00, 0x00, 0x00, 0x02,
    0x92, 0x29, 0x20, 0x00, 0x00, 0x00, 0x00, 0x00, 0x00, 0xaf, 0x99, 0xfa, 0x00, 0x00, 0x00, 0x00,
    0x00, 0x00, 0x02, 0x82, 0x28, 0x20, 0x00, 0x00, 0x00, 0x00, 0x00, 0x00, 0x28, 0x22, 0x82, 0x00,
    0x00, 0x00, 0x00, 0x00, 0x00, 0x0a, 0xf9, 0x9f, 0xa0, 0x00, 0x00, 0x00, 0x00, 0x00, 0x00, 0x28,
    0x22, 0x82, 0x00, 0x00, 0x00, 0x00, 0x00, 0x29, 0x21, 0x82, 0x28, 0x20, 0x00, 0x00, 0x00, 0x00,
    0x0a, 0xf9, 0x9f, 0x99, 0xfa, 0x00, 0x00, 0x00, 0x00, 0x00, 0x29, 0x21, 0x82, 0x28, 0x20, 0x00,
    0x00, 0x00, 0x00, 0x00, 0x00, 0x28, 0x22, 0x82, 0x00, 0x00, 0x00, 0x00, 0x00, 0x00, 0x0a, 0xf9,
    0x9f, 0xa0, 0x00, 0x00, 0x00, 0x00, 0x00, 0x00, 0x28, 0x22, 0x82, 0x00, 0x00, 0x00, 0x00, 0x00,
    0x00, 0x02, 0x82, 0x28, 0x20, 0x00, 0x00, 0x00, 0x00, 0x00, 0x00, 0xaf, 0x99, 0xfa, 0x00, 0x00,
    0x00, 0x00, 0x00, 0x00, 0x02, 0x82, 0x28, 0x20, 0x00, 0x00, 0x00, 0x00, 0x00, 0x00, 0x28, 0x22,
    0x81, 0x29, 0x22, 0x92, 0x00, 0x00, 0x00, 0x0a, 0xf9, 0x9f, 0x99, 0xf9, 0x9f, 0xa0, 0x00, 0x00,
    0x00, 0x28, 0x22, 0x82, 0x28, 0x22, 0x82, 0x00, 0x00, 0x00, 0x02, 0x82, 0x28, 0x22, 0x82, 0x28,
    0x20, 0x00, 0x00, 0x00, 0xaf, 0x99, 0xf9, 0x9f, 0x99, 0xfa, 0x00, 0x00, 0x00, 0x02, 0x92, 0x29,
    0x22, 0x92, 0x29, 0x20, 0x00, 0x00, 0x00, 0x00, 0x00, 0x00, 0x00, 0x00, 0x00, 0x00, 0x00, 0x00,
    0x00, 0x00, 0x00, 0x00, 0x00, 0x00, 0x00, 0x00, 0x00, 0x00, 0x00, 0x00, 0x00, 0x00, 0x00, 0x00,
    0x00, 0x00, 0x00, 0x00, 0x00, 0x00, 0x00, 0x00, 0x00, 0x00, 0x00, 0x00, 0x00, 0x00, 0x00, 0x00,
    0x02, 0x92, 0x29, 0x20, 0x00, 0x00, 0x00, 0x00, 0x00, 0x00, 0xaf, 0x99, 0xfa, 0x00, 0x00, 0x00,
    0x00, 0x00, 0x00, 0x02, 0x82, 0x28, 0x20, 0x00, 0x00, 0x00, 0x00, 0x00, 0x00, 0x28, 0x22, 0x82,
    0x00, 0x00, 0x00, 0x00, 0x00, 0x00, 0x0a, 0xf9, 0x9f, 0xa0, 0x00, 0x00, 0x00, 0x00, 0x00, 0x00,
    0x28, 0x22, 0x82, 0x00, 0x00, 0x00, 0x00, 0x00, 0x00, 0x02, 0x82, 0x28, 0x20, 0x00, 0x00, 0x00,
    0x00, 0x00, 0x00, 0xaf, 0x99, 0xfa, 0x00, 0x00, 0x00, 0x00, 0x00, 0x00, 0x02, 0x82, 0x28, 0x20,
    0x00, 0x00, 0x00, 0x00, 0x00, 0x00, 0x28, 0x22, 0x82, 0x00, 0x00, 0x00, 0x00, 0x00, 0x00, 0x0a,
    0xf9, 0x9f, 0xa0, 0x00, 0x00, 0x00, 0x00, 0x00, 0x00, 0x28, 0x22, 0x82, 0x00, 0x00, 0x00, 0x00,
    0x00, 0x00, 0x02, 0x82, 0x28, 0x20, 0x00, 0x00, 0x00, 0x00, 0x00, 0x00, 0xaf, 0x99, 0xfa, 0x00,
    0x00, 0x00, 0x00, 0x00, 0x00, 0x02, 0x82, 0x28, 0x20, 0x00, 0x00, 0x00, 0x00, 0x00, 0x00, 0x28,
    0x22, 0x82, 0x00, 0x00, 0x00, 0x00, 0x00, 0x00, 0x0a, 0xf9, 0x9f, 0xa0, 0x00, 0x00, 0x00, 0x00,
    0x00, 0x00, 0x28, 0x22, 0x82, 0x00, 0x00, 0x29, 0x22, 0x92, 0x29, 0x21, 0x82, 0x28, 0x20, 0x00,
    0x0a, 0xf9, 0x9f, 0x99, 0xf9, 0x9f, 0x99, 0xfa, 0x00, 0x00, 0x28, 0x22, 0x82, 0x28, 0x22, 0x81,
    0x29, 0x20, 0x00, 0x02, 0x82, 0x28, 0x22, 0x82, 0x28, 0x20, 0x00, 0x00, 0x00, 0xaf, 0x99, 0xf9,
    0x9f, 0x99, 0xfa, 0x00, 0x00, 0x00, 0x02, 0x92, 0x29, 0x22, 0x92, 0x29, 0x20, 0x00, 0x00, 0x00,
    0x00, 0x00, 0x00, 0x00, 0x00, 0x00, 0x00, 0x00, 0x00, 0x00, 0x00, 0x00, 0x00, 0x00, 0x00, 0x00,
    0x00, 0x00, 0x00, 0x00, 0x00, 0x00, 0x00, 0x00, 0x00, 0x00, 0x00, 0x00, 0x00, 0x00, 0x00, 0x00,
    0x00, 0x00, 0x00, 0x00, 0x00, 0x00, 0x00, 0x00, 0x00, 0x29, 0x22, 0x92, 0x00, 0x00, 0x00, 0x00,
    0x00, 0x00, 0x00, 0x00, 0xaf, 0x99, 0xfa, 0x00, 0x00, 0x00, 0x00, 0x00, 0x00, 0x00, 0x00, 0x28,
    0x22, 0x82, 0x00, 0x00, 0x00, 0x00, 0x00, 0x00, 0x00, 0x00, 0x28, 0x22, 0x82, 0x00, 0x00, 0x00,
    0x00, 0x00, 0x00, 0x00, 0x00, 0xaf, 0x99, 0xfa, 0x00, 0x00, 0x00, 0x00, 0x00, 0x00, 0x00, 0x00,
    0x28, 0x22, 0x82, 0x00, 0x00, 0x00, 0x00, 0x00, 0x00, 0x00, 0x00, 0x28, 0x22, 0x82, 0x00, 0x02,
    0x92, 0x29, 0x22, 0x92, 0x00, 0x00, 0xaf, 0x99, 0xfa, 0x01, 0x0a, 0xf9, 0x9f, 0x99, 0xfa, 0x00,
    0x00, 0x28, 0x22, 0x82, 0x00, 0x02, 0x82, 0x28, 0x12, 0x92, 0x00, 0x00, 0x28, 0x22, 0x81, 0x29,
    0x21, 0x82, 0x28, 0x20, 0x00, 0x00, 0x00, 0xaf, 0x99, 0xf9, 0x9f, 0x99, 0xf9, 0x9f, 0xa0, 0x00,
    0x00, 0x00, 0x28, 0x22, 0x82, 0x28, 0x22, 0x82, 0x28, 0x20, 0x00, 0x00, 0x00, 0x28, 0x22, 0x82,
    0x28, 0x22, 0x82, 0x28, 0x20, 0x00, 0x00, 0x00, 0xaf, 0x99, 0xf9, 0x9f, 0x99, 0xf9, 0x9f, 0xa0,
    0x00, 0x00, 0x00, 0x28, 0x22, 0x81, 0x29, 0x21, 0x82, 0x28, 0x20, 0x00, 0x00, 0x00, 0x28, 0x22,
    0x82, 0x00, 0x02, 0x82, 0x28, 0x12, 0x92, 0x00, 0x00, 0xaf, 0x99, 0xfa, 0x01, 0x0a, 0xf9, 0x9f,
    0x99, 0xfa, 0x00, 0x00, 0x28, 0x22, 0x82, 0x00, 0x02, 0x82, 0x28, 0x22, 0x82, 0x00, 0x00, 0x28,
    0x22, 0x82, 0x00, 0x02, 0x82, 0x28, 0x22, 0x82, 0x00, 0x00, 0xaf, 0x99, 0xfa, 0x00, 0x0a, 0xf9,
    0x9f, 0x99, 0xfa, 0x00, 0x00, 0x29, 0x22, 0x92, 0x00, 0x02, 0x92, 0x29, 0x22, 0x92, 0x00, 0x00,
    0x00, 0x00, 0x00, 0x00, 0x00, 0x00, 0x00, 0x00, 0x00, 0x00, 0x00, 0x00, 0x00, 0x00, 0x00, 0x00,
    0x00, 0x00, 0x00, 0x00, 0x00, 0x00, 0x00, 0x00, 0x00, 0x00, 0x00, 0x00, 0x00, 0x00, 0x00, 0x00,
    0x00, 0x00, 0x00, 0x00, 0x00, 0x00, 0x00, 0x00, 0x00, 0x29, 0x22, 0x92, 0x29, 0x20, 0x00, 0x00,
    0x00, 0x00, 0x0a, 0xf9, 0x9f, 0x99, 0xfa, 0x00, 0x00, 0x00, 0x00, 0x00, 0x28, 0x22, 0x82, 0x28,
    0x20, 0x00, 0x00, 0x00, 0x00, 0x02, 0x82, 0x28, 0x22, 0x82, 0x00, 0x00, 0x00, 0x00, 0x00, 0xaf,
    0x99, 0xf9, 0x9f, 0xa0, 0x00, 0x00, 0x00, 0x00, 0x02, 0x92, 0x18, 0x22, 0x82, 0x00, 0x00, 0x00,
    0x00, 0x00, 0x00, 0x02, 0x82, 0x28, 0x20, 0x00, 0x00, 0x00, 0x00, 0x00, 0x00, 0xaf, 0x99, 0xfa,
    0x00, 0x00, 0x00, 0x00, 0x00, 0x00, 0x02, 0x82, 0x28, 0x20, 0x00, 0x00, 0x00, 0x00, 0x00, 0x00,
    0x28, 0x22, 0x82, 0x00, 0x00, 0x00, 0x00, 0x00, 0x00, 0x0a, 0xf9, 0x9f, 0xa0, 0x00, 0x00, 0x00,
    0x00, 0x00, 0x00, 0x28, 0x22, 0x82, 0x00, 0x00, 0x00, 0x00, 0x00, 0x00, 0x02, 0x82, 0x28, 0x20,
    0x00, 0x00, 0x00, 0x00, 0x00, 0x00, 0xaf, 0x99, 0xfa, 0x00, 0x00, 0x00, 0x00, 0x00, 0x00, 0x02,
    0x82, 0x28, 0x20, 0x00, 0x00, 0x00, 0x00, 0x00, 0x00, 0x28, 0x22, 0x81, 0x29, 0x22, 0x92, 0x00,
    0x00, 0x00, 0x0a, 0xf9, 0x9f, 0x99, 0xf9, 0x9f, 0xa0, 0x00, 0x00, 0x00, 0x28, 0x22, 0x82, 0x28,
    0x22, 0x82, 0x00, 0x00, 0x00, 0x02, 0x82, 0x28, 0x22, 0x82, 0x28, 0x20, 0x00, 0x00, 0x00, 0xaf,
    0x99, 0xf9, 0x9f, 0x99, 0xfa, 0x00, 0x00, 0x00, 0x02, 0x92, 0x29, 0x22, 0x92, 0x29, 0x20, 0x00,
    0x00, 0x00, 0x00, 0x00, 0x00, 0x00, 0x00, 0x00, 0x00, 0x00, 0x00, 0x00, 0x00, 0x00, 0x00, 0x00,
    0x00, 0x00, 0x00, 0x00, 0x00, 0x00, 0x00, 0x00, 0x00, 0x00, 0x00, 0x00, 0x00, 0x00, 0x00, 0x00,
    0x00, 0x00, 0x00, 0x00, 0x00, 0x00, 0x00, 0x00, 0x00, 0x00, 0x00, 0x00, 0x00, 0x29, 0x22, 0x92,
    0x29, 0x20, 0x00, 0x29, 0x22, 0x92, 0x00, 0x00, 0x00, 0x0a, 0xf9, 0x9f, 0x99, 0xfa, 0x01, 0x0a,
    0xf9, 0x9f, 0xa0, 0x00, 0x00, 0x00, 0x28, 0x22, 0x82, 0x28, 0x20, 0x00, 0x28, 0x22, 0x82, 0x00,
    0x00, 0x00, 0x02, 0x82, 0x28, 0x22, 0x81, 0x29, 0x21, 0x82, 0x28, 0x12, 0x92, 0x00, 0x00, 0xaf,
    0x99, 0xf9, 0x9f, 0x99, 0xf9, 0x9f, 0x99, 0xf9, 0x9f, 0xa0, 0x00, 0x02, 0x82, 0x28, 0x22, 0x82,
    0x28, 0x12, 0x92, 0x18, 0x22, 0x82, 0x00, 0x00, 0x28, 0x22, 0x82, 0x28, 0x22, 0x82, 0x00, 0x02,
    0x82, 0x28, 0x20, 0x00, 0x0a, 0xf9, 0x9f, 0x99, 0xf9, 0x9f, 0xa0, 0x10, 0xaf, 0x99, 0xfa, 0x00,
    0x00, 0x28, 0x22, 0x82, 0x28, 0x22, 0x82, 0x00, 0x02, 0x82, 0x28, 0x20, 0x00, 0x02, 0x82, 0x28,
    0x22, 0x82, 0x28, 0x20, 0x00, 0x28, 0x22, 0x82, 0x00, 0x00, 0xaf, 0x99, 0xf9, 0x9f, 0x99, 0xfa,
    0x00, 0x0a, 0xf9, 0x9f, 0xa0, 0x00, 0x02, 0x82, 0x28, 0x22, 0x81, 0x29, 0x20, 0x00, 0x28, 0x22,
    0x82, 0x00, 0x00, 0x28, 0x22, 0x82, 0x28, 0x20, 0x00, 0x00, 0x02, 0x82, 0x28, 0x20, 0x00, 0x0a,
    0xf9, 0x9f, 0x99, 0xfa, 0x00, 0x00, 0x00, 0xaf, 0x99, 0xfa, 0x00, 0x00, 0x29, 0x22, 0x92, 0x29,
    0x20, 0x00, 0x00, 0x02, 0x92, 0x29, 0x20, 0x00, 0x00, 0x00, 0x00, 0x00, 0x00, 0x00, 0x00, 0x00,
    0x00, 0x00, 0x00, 0x00, 0x00, 0x00, 0x00, 0x00, 0x00, 0x00, 0x00, 0x00, 0x00, 0x00, 0x00, 0x00,
    0x00, 0x00, 0x00, 0x00, 0x00, 0x00, 0x00, 0x00, 0x00, 0x00, 0x00, 0x00, 0x00, 0x00, 0x00, 0x00,
    0x00, 0x00, 0x00, 0x00, 0x00, 0x00, 0x00, 0x00, 0x29, 0x22, 0x92, 0x29, 0x22, 0x92, 0x29, 0x20,
    0x00, 0x00, 0x00, 0xaf, 0x99, 0xf9, 0x9f, 0x99, 0xf9, 0x9f, 0xa0, 0x00, 0x00, 0x00, 0x28, 0x22,
    0x81, 0x29, 0x21, 0x82, 0x28, 0x20, 0x00, 0x00, 0x00, 0x28, 0x22, 0x82, 0x00, 0x02, 0x82, 0x28,
    0x12, 0x92, 0x00, 0x00, 0xaf, 0x99, 0xfa, 0x01, 0x0a, 0xf9, 0x9f, 0x99, 0xfa, 0x00, 0x00, 0x28,
    0x22, 0x82, 0x00, 0x02, 0x82, 0x28, 0x22, 0x82, 0x00, 0x00, 0x28, 0x22, 0x82, 0x00, 0x02, 0x82,
    0x28, 0x22, 0x82, 0x00, 0x00, 0xaf, 0x99, 0xfa, 0x00, 0x0a, 0xf9, 0x9f, 0x99, 0xfa, 0x00, 0x00,
    0x28, 0x22, 0x82, 0x00, 0x02, 0x82, 0x28, 0x22, 0x82, 0x00, 0x00, 0x28, 0x22, 0x82, 0x00, 0x02,
    0x82, 0x28, 0x22, 0x82, 0x00, 0x00, 0xaf, 0x99, 0xfa, 0x00, 0x0a, 0xf9, 0x9f, 0x99, 0xfa, 0x00,
    0x00, 0x28, 0x22, 0x82, 0x00, 0x02, 0x82, 0x28, 0x22, 0x82, 0x00, 0x00, 0x28, 0x22, 0x82, 0x00,
    0x02, 0x82, 0x28, 0x22, 0x82, 0x00, 0x00, 0xaf, 0x99, 0xfa, 0x00, 0x0a, 0xf9, 0x9f, 0x99, 0xfa,
    0x00, 0x00, 0x29, 0x22, 0x92, 0x00, 0x02, 0x92, 0x29, 0x22, 0x92, 0x00, 0x00, 0x00, 0x00, 0x00,
    0x00, 0x00, 0x00, 0x00, 0x00, 0x00, 0x00, 0x00, 0x00, 0x00, 0x00, 0x00, 0x00, 0x00, 0x00, 0x00,
    0x00, 0x00, 0x00, 0x00, 0x00, 0x00, 0x00, 0x00, 0x00, 0x00, 0x00, 0x00, 0x00, 0x00, 0x00, 0x00,
    0x00, 0x00, 0x00, 0x00, 0x00, 0x00, 0x00, 0x00, 0x00, 0x00, 0x02, 0x92, 0x29, 0x22, 0x92, 0x29,
    0x20, 0x00, 0x00, 0x00, 0x00, 0x0a, 0xf9, 0x9f, 0x99, 0xf9, 0x9f, 0xa0, 0x00, 0x00, 0x00, 0x00,
    0x02, 0x81, 0x29, 0x21, 0x82, 0x28, 0x20, 0x00, 0x00, 0x00, 0x29, 0x21, 0x82, 0x00, 0x02, 0x82,
    0x28, 0x12, 0x92, 0x00, 0x00, 0xaf, 0x99, 0xfa, 0x01, 0x0a, 0xf9, 0x9f, 0x99, 0xfa, 0x00, 0x00,
    0x28, 0x22, 0x82, 0x00, 0x02, 0x82, 0x28, 0x22, 0x82, 0x00, 0x00, 0x28, 0x22, 0x82, 0x00, 0x02,
    0x82, 0x28, 0x22, 0x82, 0x00, 0x00, 0xaf, 0x99, 0xfa, 0x01, 0x0a, 0xf9, 0x9f, 0x99, 0xfa, 0x00,
    0x00, 0x28, 0x22, 0x82, 0x00, 0x02, 0x82, 0x28, 0x22, 0x82, 0x00, 0x00, 0x28, 0x22, 0x81, 0x29,
    0x21, 0x82, 0x28, 0x22, 0x82, 0x00, 0x00, 0xaf, 0x99, 0xf9, 0x9f, 0x99, 0xf9, 0x9f, 0x99, 0xfa,
    0x00, 0x00, 0x29, 0x21, 0x82, 0x28, 0x22, 0x82, 0x28, 0x12, 0x92, 0x00, 0x00, 0x00, 0x02, 0x82,
    0x28, 0x22, 0x82, 0x28, 0x20, 0x00, 0x00, 0x00, 0x00, 0x0a, 0xf9, 0x9f, 0x99, 0xf9, 0x9f, 0xa0,
    0x00, 0x00, 0x00, 0x00, 0x02, 0x92, 0x29, 0x22, 0x92, 0x29, 0x20, 0x00, 0x00, 0x00, 0x00, 0x00,
    0x00, 0x00, 0x00, 0x00, 0x00, 0x00, 0x00, 0x00, 0x00, 0x00, 0x00, 0x00, 0x00, 0x00, 0x00, 0x00,
    0x00, 0x00, 0x00, 0x00, 0x00, 0x00, 0x00, 0x00, 0x00, 0x00, 0x00, 0x00, 0x00, 0x00, 0x00, 0x00,
    0x00, 0x00, 0x00, 0x00, 0x00, 0x00, 0x00, 0x00, 0x00, 0x00, 0x29, 0x22, 0x92, 0x29, 0x22, 0x92,
    0x29, 0x20, 0x00, 0x00, 0x00, 0xaf, 0x99, 0xf9, 0x9f, 0x99, 0xf9, 0x9f, 0xa0, 0x00, 0x00, 0x00,
    0x28, 0x22, 0x82, 0x28, 0x22, 0x82, 0x28, 0x20, 0x00, 0x00, 0x00, 0x28, 0x22, 0x82, 0x28, 0x22,
    0x82, 0x28, 0x12, 0x92, 0x00, 0x00, 0xaf, 0x99, 0xf9, 0x9f, 0x99, 0xf9, 0x9f, 0x99, 0xfa, 0x00,
    0x00, 0x28, 0x22, 0x82, 0x28, 0x22, 0x82, 0x28, 0x22, 0x82, 0x00, 0x00, 0x28, 0x22, 0x82, 0x28,
    0x22, 0x82, 0x28, 0x22, 0x82, 0x00, 0x00, 0xaf, 0x99, 0xf9, 0x9f, 0x99, 0xf9, 0x9f, 0x99, 0xfa,
    0x00, 0x00, 0x28, 0x22, 0x82, 0x28, 0x22, 0x82, 0x28, 0x12, 0x92, 0x00, 0x00, 0x28, 0x22, 0x82,
    0x28, 0x22, 0x82, 0x28, 0x20, 0x00, 0x00, 0x00, 0xaf, 0x99, 0xf9, 0x9f, 0x99, 0xf9, 0x9f, 0xa0,
    0x00, 0x00, 0x00, 0x28, 0x22, 0x81, 0x29, 0x22, 0x92, 0x29, 0x20, 0x00, 0x00, 0x00, 0x28, 0x22,
    0x82, 0x00, 0x00, 0x00, 0x00, 0x00, 0x00, 0x00, 0x00, 0xaf, 0x99, 0xfa, 0x00, 0x00, 0x00, 0x00,
    0x00, 0x00, 0x00, 0x00, 0x28, 0x22, 0x82, 0x00, 0x00, 0x00, 0x00, 0x00, 0x00, 0x00, 0x00, 0x28,
    0x22, 0x82, 0x00, 0x00, 0x00, 0x00, 0x00, 0x00, 0x00, 0x00, 0xaf, 0x99, 0xfa, 0x00, 0x00, 0x00,
    0x00, 0x00, 0x00, 0x00, 0x00, 0x29, 0x22, 0x92, 0x00, 0x00, 0x00, 0x00, 0x00, 0x00, 0x00, 0x00,
    0x00, 0x00, 0x00, 0x00, 0x00, 0x00, 0x00, 0x00, 0x00, 0x00, 0x00, 0x00, 0x00, 0x00, 0x00, 0x00,
    0x00, 0x00, 0x00, 0x00, 0x00, 0x00, 0x00, 0x00, 0x00, 0x00, 0x00, 0x00, 0x00, 0x00, 0x00, 0x00,
    0x00, 0x00, 0x00, 0x00, 0x00, 0x00, 0x00, 0x00, 0x00, 0x00, 0x00, 0x00, 0x00, 0x02, 0x92, 0x29,
    0x22, 0x92, 0x29, 0x22, 0x92, 0x00, 0x00, 0x00, 0x0a, 0xf9, 0x9f, 0x99, 0xf9, 0x9f, 0x99, 0xfa,
    0x00, 0x00, 0x00, 0x02, 0x81, 0x29, 0x21, 0x82, 0x28, 0x22, 0x82, 0x00, 0x00, 0x29, 0x21, 0x82,
    0x00, 0x02, 0x82, 0x28, 0x22, 0x82, 0x00, 0x00, 0xaf, 0x99, 0xfa, 0x01, 0x0a, 0xf9, 0x9f, 0x99,
    0xfa, 0x00, 0x00, 0x28, 0x22, 0x82, 0x00, 0x02, 0x82, 0x28, 0x22, 0x82, 0x00, 0x00, 0x28, 0x22,
    0x81, 0x29, 0x21, 0x82, 0x28, 0x22, 0x82, 0x00, 0x00, 0xaf, 0x99, 0xf9, 0x9f, 0x99, 0xf9, 0x9f,
    0x99, 0xfa, 0x00, 0x00, 0x29, 0x21, 0x82, 0x28, 0x22, 0x82, 0x28, 0x22, 0x82, 0x00, 0x00, 0x00,
    0x02, 0x82, 0x28, 0x22, 0x82, 0x28, 0x22, 0x82, 0x00, 0x00, 0x00, 0x0a, 0xf9, 0x9f, 0x99, 0xf9,
    0x9f, 0x99, 0xfa, 0x00, 0x00, 0x00, 0x02, 0x92, 0x29, 0x21, 0x82, 0x28, 0x22, 0x82, 0x00, 0x00,
    0x00, 0x00, 0x00, 0x00, 0x02, 0x82, 0x28, 0x22, 0x82, 0x00, 0x00, 0x00, 0x00, 0x00, 0x00, 0x0a,
    0xf9, 0x9f, 0x99, 0xfa, 0x00, 0x00, 0x00, 0x00, 0x00, 0x00, 0x02, 0x82, 0x28, 0x22, 0x82, 0x00,
    0x00, 0x00, 0x00, 0x00, 0x00, 0x02, 0x82, 0x28, 0x22, 0x82, 0x00, 0x00, 0x00, 0x00, 0x00, 0x00,
    0x0a, 0xf9, 0x9f, 0x99, 0xfa, 0x00, 0x00, 0x00, 0x00, 0x00, 0x00, 0x02, 0x92, 0x29, 0x22, 0x92,
    0x00, 0x00, 0x00, 0x00, 0x00, 0x00, 0x00, 0x00, 0x00, 0x00, 0x00, 0x00, 0x00, 0x00, 0x00, 0x00,
    0x00, 0x00, 0x00, 0x00, 0x00, 0x00, 0x00, 0x00, 0x00, 0x00, 0x00, 0x00, 0x00, 0x00, 0x00, 0x00,
    0x00, 0x00, 0x00, 0x00, 0x00, 0x00, 0x00, 0x00, 0x00, 0x00, 0x00, 0x00, 0x00, 0x00, 0x29, 0x22,
    0x92, 0x29, 0x22, 0x92, 0x29, 0x20, 0x00, 0x00, 0x00, 0xaf, 0x99, 0xf9, 0x9f, 0x99, 0xf9, 0x9f,
    0xa0, 0x00, 0x00, 0x00, 0x28, 0x22, 0x81, 0x29, 0x21, 0x82, 0x28, 0x20, 0x00, 0x00, 0x00, 0x28,
    0x22, 0x82, 0x00, 0x02, 0x82, 0x28, 0x12, 0x92, 0x00, 0x00, 0xaf, 0x99, 0xfa, 0x01, 0x0a, 0xf9,
    0x9f, 0x99, 0xfa, 0x00, 0x00, 0x28, 0x22, 0x82, 0x00, 0x02, 0x92, 0x29, 0x22, 0x92, 0x00, 0x00,
    0x28, 0x22, 0x82, 0x00, 0x00, 0x00, 0x00, 0x00, 0x00, 0x00, 0x00, 0xaf, 0x99, 0xfa, 0x00, 0x00,
    0x00, 0x00, 0x00, 0x00, 0x00, 0x00, 0x28, 0x22, 0x82, 0x00, 0x00, 0x00, 0x00, 0x00, 0x00, 0x00,
    0x00, 0x28, 0x22, 0x82, 0x00, 0x00, 0x00, 0x00, 0x00, 0x00, 0x00, 0x00, 0xaf, 0x99, 0xfa, 0x00,
    0x00, 0x00, 0x00, 0x00, 0x00, 0x00, 0x00, 0x28, 0x22, 0x82, 0x00, 0x00, 0x00, 0x00, 0x00, 0x00,
    0x00, 0x00, 0x28, 0x22, 0x82, 0x00, 0x00, 0x00, 0x00, 0x00, 0x00, 0x00, 0x00, 0xaf, 0x99, 0xfa,
    0x00, 0x00, 0x00, 0x00, 0x00, 0x00, 0x00, 0x00, 0x29, 0x22, 0x92, 0x00, 0x00, 0x00, 0x00, 0x00,
    0x00, 0x00, 0x00, 0x00, 0x00, 0x00, 0x00, 0x00, 0x00, 0x00, 0x00, 0x00, 0x00, 0x00, 0x00, 0x00,
    0x00, 0x00, 0x00, 0x00, 0x00, 0x00, 0x00, 0x00, 0x00, 0x00, 0x00, 0x00, 0x00, 0x00, 0x00, 0x00,
    0x00, 0x00, 0x00, 0x00, 0x00, 0x00, 0x00, 0x00, 0x00, 0x00, 0x00, 0x00, 0x00, 0x00, 0x00, 0x00,
    0x02, 0x92, 0x29, 0x22, 0x92, 0x29, 0x22, 0x92, 0x00, 0x00, 0x00, 0x0a, 0xf9, 0x9f, 0x99, 0xf9,
    0x9f, 0x99, 0xfa, 0x00, 0x00, 0x00, 0x02, 0x82, 0x28, 0x22, 0x82, 0x28, 0x12, 0x92, 0x00, 0x00,
    0x29, 0x21, 0x82, 0x28, 0x22, 0x82, 0x28, 0x20, 0x00, 0x00, 0x00, 0xaf, 0x99, 0xf9, 0x9f, 0x99,
    0xf9, 0x9f, 0xa0, 0x10, 0x00, 0x00, 0x29, 0x21, 0x82, 0x28, 0x22, 0x82, 0x28, 0x20, 0x00, 0x00,
    0x00, 0x00, 0x02, 0x82, 0x28, 0x22, 0x82, 0x28, 0x12, 0x92, 0x00, 0x00, 0x01, 0x0a, 0xf9, 0x9f,
    0x99, 0xf9, 0x9f, 0x99, 0xfa, 0x00, 0x00, 0x00, 0x02, 0x82, 0x28, 0x22, 0x82, 0x28, 0x22, 0x82,
    0x00, 0x00, 0x29, 0x21, 0x82, 0x28, 0x22, 0x82, 0x28, 0x22, 0x82, 0x00, 0x00, 0xaf, 0x99, 0xf9,
    0x9f, 0x99, 0xf9, 0x9f, 0x99, 0xfa, 0x00, 0x00, 0x28, 0x22, 0x82, 0x28, 0x22, 0x82, 0x28, 0x12,
    0x92, 0x00, 0x00, 0x28, 0x22, 0x82, 0x28, 0x22, 0x82, 0x28, 0x20, 0x00, 0x00, 0x00, 0xaf, 0x99,
    0xf9, 0x9f, 0x99, 0xf9, 0x9f, 0xa0, 0x00, 0x00, 0x00, 0x29, 0x22, 0x92, 0x29, 0x22, 0x92, 0x29,
    0x20, 0x00, 0x00, 0x00, 0x00, 0x00, 0x00, 0x00, 0x00, 0x00, 0x00, 0x00, 0x00, 0x00, 0x00, 0x00,
    0x00, 0x00, 0x00, 0x00, 0x00, 0x00, 0x00, 0x00, 0x00, 0x00, 0x00, 0x00, 0x00, 0x00, 0x00, 0x00,
    0x00, 0x00, 0x00, 0x00, 0x00, 0x00, 0x00, 0x00, 0x00, 0x00, 0x00, 0x00, 0x00, 0x00, 0x00, 0x00,
    0x00, 0x02, 0x92, 0x29, 0x20, 0x00, 0x00, 0x00, 0x00, 0x00, 0x00, 0x00, 0x0a, 0xf9, 0x9f, 0xa0,
    0x00, 0x00, 0x00, 0x00, 0x00, 0x00, 0x00, 0x02, 0x82, 0x28, 0x20, 0x00, 0x00, 0x00, 0x00, 0x00,
    0x00, 0x00, 0x02, 0x82, 0x28, 0x20, 0x00, 0x00, 0x00, 0x00, 0x00, 0x00, 0x00, 0x0a, 0xf9, 0x9f,
    0xa0, 0x00, 0x00, 0x00, 0x00, 0x00, 0x00, 0x00, 0x02, 0x82, 0x28, 0x20, 0x00, 0x00, 0x00, 0x00,
    0x00, 0x00, 0x29, 0x21, 0x82, 0x28, 0x12, 0x92, 0x29, 0x22, 0x92, 0x00, 0x00, 0xaf, 0x99, 0xf9,
    0x9f, 0x99, 0xf9, 0x9f, 0x99, 0xfa, 0x00, 0x00, 0x29, 0x21, 0x82, 0x28, 0x12, 0x92, 0x29, 0x22,
    0x92, 0x00, 0x00, 0x00, 0x02, 0x82, 0x28, 0x20, 0x00, 0x00, 0x00, 0x00, 0x00, 0x00, 0x00, 0x0a,
    0xf9, 0x9f, 0xa0, 0x00, 0x00, 0x00, 0x00, 0x00, 0x00, 0x00, 0x02, 0x82, 0x28, 0x20, 0x00, 0x00,
    0x00, 0x00, 0x00, 0x00, 0x00, 0x02, 0x82, 0x28, 0x20, 0x00, 0x00, 0x00, 0x00, 0x00, 0x00, 0x00,
    0x0a, 0xf9, 0x9f, 0xa0, 0x00, 0x00, 0x00, 0x00, 0x00, 0x00, 0x00, 0x02, 0x82, 0x28, 0x20, 0x00,
    0x00, 0x00, 0x00, 0x00, 0x00, 0x00, 0x02, 0x82, 0x28, 0x12, 0x92, 0x29, 0x22, 0x92, 0x00, 0x00,
    0x00, 0x0a, 0xf9, 0x9f, 0x99, 0xf9, 0x9f, 0x99, 0xfa, 0x00, 0x00, 0x00, 0x02, 0x92, 0x18, 0x22,
    0x82, 0x28, 0x22, 0x82, 0x00, 0x00, 0x00, 0x00, 0x00, 0x28, 0x22, 0x82, 0x28, 0x22, 0x82, 0x00,
    0x00, 0x00, 0x00, 0x00, 0xaf, 0x99, 0xf9, 0x9f, 0x99, 0xfa, 0x00, 0x00, 0x00, 0x00, 0x00, 0x29,
    0x22, 0x92, 0x29, 0x22, 0x92, 0x00, 0x00, 0x00, 0x00, 0x00, 0x00, 0x00, 0x00, 0x00, 0x00, 0x00,
    0x00, 0x00, 0x00, 0x00, 0x00, 0x00, 0x00, 0x00, 0x00, 0x00, 0x00, 0x00, 0x00, 0x00, 0x00, 0x00,
    0x00, 0x00, 0x00, 0x00, 0x00, 0x00, 0x00, 0x00, 0x00, 0x00, 0x00, 0x00, 0x00, 0x00, 0x00, 0x00,
    0x00, 0x00, 0x00, 0x29, 0x22, 0x92, 0x00, 0x02, 0x92, 0x29, 0x22, 0x92, 0x00, 0x00, 0xaf, 0x99,
    0xfa, 0x00, 0x0a, 0xf9, 0x9f, 0x99, 0xfa, 0x00, 0x00, 0x28, 0x22, 0x82, 0x00, 0x02, 0x82, 0x28,
    0x22, 0x82, 0x00, 0x00, 0x28, 0x22, 0x82, 0x00, 0x02, 0x82, 0x28, 0x22, 0x82, 0x00, 0x00, 0xaf,
    0x99, 0xfa, 0x00, 0x0a, 0xf9, 0x9f, 0x99, 0xfa, 0x00, 0x00, 0x28, 0x22, 0x82, 0x00, 0x02, 0x82,
    0x28, 0x22, 0x82, 0x00, 0x00, 0x28, 0x22, 0x82, 0x00, 0x02, 0x82, 0x28, 0x22, 0x82, 0x00, 0x00,
    0xaf, 0x99, 0xfa, 0x01, 0x0a, 0xf9, 0x9f, 0x99, 0xfa, 0x00, 0x00, 0x28, 0x22, 0x82, 0x00, 0x02,
    0x82, 0x28, 0x22, 0x82, 0x00, 0x00, 0x28, 0x22, 0x81, 0x29, 0x21, 0x82, 0x28, 0x22, 0x82, 0x00,
    0x00, 0xaf, 0x99, 0xf9, 0x9f, 0x99, 0xf9, 0x9f, 0x99, 0xfa, 0x00, 0x00, 0x29, 0x21, 0x82, 0x28,
    0x22, 0x82, 0x28, 0x22, 0x82, 0x00, 0x00, 0x00, 0x02, 0x82, 0x28, 0x22, 0x82, 0x28, 0x22, 0x82,
    0x00, 0x00, 0x00, 0x0a, 0xf9, 0x9f, 0x99, 0xf9, 0x9f, 0x99, 0xfa, 0x00, 0x00, 0x00, 0x02, 0x92,
    0x29, 0x22, 0x92, 0x29, 0x22, 0x92, 0x00, 0x00, 0x00, 0x00, 0x00, 0x00, 0x00, 0x00, 0x00, 0x00,
    0x00, 0x00, 0x00, 0x00, 0x00, 0x00, 0x00, 0x00, 0x00, 0x00, 0x00, 0x00, 0x00, 0x00, 0x00, 0x00,
    0x00, 0x00, 0x00, 0x00, 0x00, 0x00, 0x00, 0x00, 0x00, 0x00, 0x00, 0x00, 0x00, 0x00, 0x00, 0x00,
    0x00, 0x00, 0x00, 0x00, 0x29, 0x22, 0x92, 0x00, 0x02, 0x92, 0x29, 0x22, 0x92, 0x00, 0x00, 0xaf,
    0x99, 0xfa, 0x00, 0x0a, 0xf9, 0x9f, 0x99, 0xfa, 0x00, 0x00, 0x28, 0x22, 0x82, 0x00, 0x02, 0x82,
    0x28, 0x22, 0x82, 0x00, 0x00, 0x28, 0x22, 0x82, 0x00, 0x02, 0x82, 0x28, 0x22, 0x82, 0x00, 0x00,
    0xaf, 0x99, 0xfa, 0x01, 0x0a, 0xf9, 0x9f, 0x99, 0xfa, 0x00, 0x00, 0x28, 0x22, 0x82, 0x00, 0x02,
    0x82, 0x28, 0x22, 0x82, 0x00, 0x00, 0x28, 0x22, 0x81, 0x29, 0x21, 0x82, 0x28, 0x22, 0x82, 0x00,
    0x00, 0xaf, 0x99, 0xf9, 0x9f, 0x99, 0xf9, 0x9f, 0x99, 0xfa, 0x00, 0x00, 0x29, 0x21, 0x82, 0x28,
    0x22, 0x82, 0x28, 0x12, 0x92, 0x00, 0x00, 0x00, 0x02, 0x82, 0x28, 0x22, 0x82, 0x28, 0x20, 0x00,
    0x00, 0x00, 0x00, 0x0a, 0xf9, 0x9f, 0x99, 0xf9, 0x9f, 0xa0, 0x00, 0x00, 0x00, 0x00, 0x02, 0x92,
    0x18, 0x22, 0x81, 0x29, 0x20, 0x00, 0x00, 0x00, 0x00, 0x00, 0x00, 0x28, 0x22, 0x82, 0x00, 0x00,
    0x00, 0x00, 0x00, 0x00, 0x00, 0x00, 0xaf, 0x99, 0xfa, 0x00, 0x00, 0x00, 0x00, 0x00, 0x00, 0x00,
    0x00, 0x29, 0x22, 0x92, 0x00, 0x00, 0x00, 0x00, 0x00, 0x00, 0x00, 0x00, 0x00, 0x00, 0x00, 0x00,
    0x00, 0x00, 0x00, 0x00, 0x00, 0x00, 0x00, 0x00, 0x00, 0x00, 0x00, 0x00, 0x00, 0x00, 0x00, 0x00,
    0x00, 0x00, 0x00, 0x00, 0x00, 0x00, 0x00, 0x00, 0x00, 0x00, 0x00, 0x00, 0x00, 0x00, 0x00, 0x00,
    0x00, 0x00, 0x00, 0x00, 0x00, 0x00, 0x00, 0x00, 0x29, 0x22, 0x92, 0x29, 0x20, 0x00, 0x00, 0x02,
    0x92, 0x29, 0x20, 0x00, 0x0a, 0xf9, 0x9f, 0x99, 0xfa, 0x00, 0x00, 0x00, 0xaf, 0x99, 0xfa, 0x00,
    0x00, 0x28, 0x22, 0x82, 0x28, 0x20, 0x00, 0x00, 0x02, 0x82, 0x28, 0x20, 0x00, 0x02, 0x82, 0x28,
    0x22, 0x81, 0x29, 0x20, 0x00, 0x28, 0x22, 0x82, 0x00, 0x00, 0xaf, 0x99, 0xf9, 0x9f, 0x99, 0xfa,
    0x01, 0x0a, 0xf9, 0x9f, 0xa0, 0x00, 0x02, 0x82, 0x28, 0x22, 0x82, 0x28, 0x20, 0x00, 0x28, 0x22,
    0x82, 0x00, 0x00, 0x28, 0x22, 0x82, 0x28, 0x22, 0x81, 0x29, 0x21, 0x82, 0x28, 0x20, 0x00, 0x0a,
    0xf9, 0x9f, 0x99, 0xf9, 0x9f, 0x99, 0xf9, 0x9f, 0x99, 0xfa, 0x00, 0x00, 0x29, 0x21, 0x82, 0x28,
    0x22, 0x82, 0x28, 0x22, 0x81, 0x29, 0x20, 0x00, 0x00, 0x00, 0x28, 0x22, 0x82, 0x28, 0x22, 0x82,
    0x28, 0x20, 0x00, 0x00, 0x00, 0x00, 0x0a, 0xf9, 0x9f, 0x99, 0xf9, 0x9f, 0x99, 0xfa, 0x00, 0x00,
    0x00, 0x00, 0x00, 0x28, 0x22, 0x82, 0x28, 0x22, 0x82, 0x28, 0x20, 0x00, 0x00, 0x00, 0x00, 0x02,
    0x82, 0x28, 0x22, 0x82, 0x28, 0x22, 0x82, 0x00, 0x00, 0x00, 0x00, 0x00, 0xaf, 0x99, 0xf9, 0x9f,
    0x99, 0xf9, 0x9f, 0xa0, 0x00, 0x00, 0x00, 0x00, 0x02, 0x92, 0x29, 0x22, 0x92, 0x29, 0x22, 0x92,
    0x00, 0x00, 0x00, 0x00, 0x00, 0x00, 0x00, 0x00, 0x00, 0x00, 0x00, 0x00, 0x00, 0x00, 0x00, 0x00,
    0x00, 0x00, 0x00, 0x00, 0x00, 0x00, 0x00, 0x00, 0x00, 0x00, 0x00, 0x00, 0x00, 0x00, 0x00, 0x00,
    0x00, 0x00, 0x00, 0x00, 0x00, 0x00, 0x00, 0x00, 0x00, 0x00, 0x00, 0x00, 0x00, 0x00, 0x00, 0x00,
    0x00, 0x00, 0x00, 0x00, 0x00, 0x00, 0x29, 0x22, 0x92, 0x29, 0x20, 0x00, 0x00, 0x02, 0x92, 0x29,
    0x20, 0x00, 0x0a, 0xf9, 0x9f, 0x99, 0xfa, 0x00, 0x00, 0x00, 0xaf, 0x99, 0xfa, 0x00, 0x00, 0x29,
    0x21, 0x82, 0x28, 0x20, 0x00, 0x00, 0x02, 0x81, 0x29, 0x20, 0x00, 0x00, 0x00, 0x28, 0x22, 0x81,
    0x29, 0x22, 0x92, 0x18, 0x20, 0x00, 0x00, 0x00, 0x00, 0x0a, 0xf9, 0x9f, 0x99, 0xf9, 0x9f, 0x99,
    0xfa, 0x00, 0x00, 0x00, 0x00, 0x00, 0x28, 0x22, 0x82, 0x28, 0x22, 0x82, 0x28, 0x20, 0x00, 0x00,
    0x00, 0x00, 0x02, 0x82, 0x28, 0x22, 0x82, 0x28, 0x22, 0x82, 0x00, 0x00, 0x00, 0x00, 0x00, 0xaf,
    0x99, 0xf9, 0x9f, 0x99, 0xf9, 0x9f, 0xa0, 0x00, 0x00, 0x00, 0x00, 0x02, 0x82, 0x28, 0x22, 0x82,
    0x28, 0x22, 0x82, 0x00, 0x00, 0x00, 0x02, 0x92, 0x18, 0x22, 0x82, 0x28, 0x22, 0x82, 0x28, 0x12,
    0x92, 0x00, 0x00, 0xaf, 0x99, 0xf9, 0x9f, 0x99, 0xf9, 0x9f, 0x99, 0xf9, 0x9f, 0xa0, 0x00, 0x02,
    0x82, 0x28, 0x22, 0x81, 0x29, 0x22, 0x92, 0x18, 0x22, 0x82, 0x00, 0x00, 0x28, 0x22, 0x82, 0x28,
    0x20, 0x00, 0x00, 0x02, 0x82, 0x28, 0x20, 0x00, 0x0a, 0xf9, 0x9f, 0x99, 0xfa, 0x00, 0x00, 0x00,
    0xaf, 0x99, 0xfa, 0x00, 0x00, 0x29, 0x22, 0x92, 0x29, 0x20, 0x00, 0x00, 0x02, 0x92, 0x29, 0x20,
    0x00, 0x00, 0x00, 0x00, 0x00, 0x00, 0x00, 0x00, 0x00, 0x00, 0x00, 0x00, 0x00, 0x00, 0x00, 0x00,
    0x00, 0x00, 0x00, 0x00, 0x00, 0x00, 0x00, 0x00, 0x00, 0x00, 0x00, 0x00, 0x00, 0x00, 0x00, 0x00,
    0x00, 0x00, 0x00, 0x00, 0x00, 0x00, 0x00, 0x00, 0x00, 0x00, 0x00, 0x00, 0x00, 0x00, 0x00, 0x00,
    0x00, 0x29, 0x22, 0x92, 0x00, 0x02, 0x92, 0x29, 0x22, 0x92, 0x00, 0x00, 0xaf, 0x99, 0xfa, 0x00,
    0x0a, 0xf9, 0x9f, 0x99, 0xfa, 0x00, 0x00, 0x28, 0x22, 0x82, 0x00, 0x02, 0x82, 0x28, 0x22, 0x82,
    0x00, 0x00, 0x28, 0x22, 0x82, 0x00, 0x02, 0x82, 0x28, 0x22, 0x82, 0x00, 0x00, 0xaf, 0x99, 0xfa,
    0x01, 0x0a, 0xf9, 0x9f, 0x99, 0xfa, 0x00, 0x00, 0x28, 0x22, 0x82, 0x00, 0x02, 0x82, 0x28, 0x22,
    0x82, 0x00, 0x00, 0x28, 0x22, 0x81, 0x29, 0x21, 0x82, 0x28, 0x22, 0x82, 0x00, 0x00, 0xaf, 0x99,
    0xf9, 0x9f, 0x99, 0xf9, 0x9f, 0x99, 0xfa, 0x00, 0x00, 0x29, 0x21, 0x82, 0x28, 0x22, 0x82, 0x28,
    0x22, 0x82, 0x00, 0x00, 0x00, 0x02, 0x82, 0x28, 0x22, 0x82, 0x28, 0x22, 0x82, 0x00, 0x00, 0x00,
    0x0a, 0xf9, 0x9f, 0x99, 0xf9, 0x9f, 0x99, 0xfa, 0x00, 0x00, 0x00, 0x02, 0x82, 0x28, 0x22, 0x82,
    0x28, 0x22, 0x82, 0x00, 0x00, 0x00, 0x02, 0x82, 0x28, 0x22, 0x82, 0x28, 0x22, 0x82, 0x00, 0x00,
    0x00, 0x0a, 0xf9, 0x9f, 0x99, 0xf9, 0x9f, 0x99, 0xfa, 0x00, 0x00, 0x00, 0x02, 0x82, 0x28, 0x22,
    0x82, 0x28, 0x12, 0x92, 0x00, 0x00, 0x00, 0x02, 0x82, 0x28, 0x22, 0x82, 0x28, 0x20, 0x00, 0x00,
    0x00, 0x00, 0x0a, 0xf9, 0x9f, 0x99, 0xf9, 0x9f, 0xa0, 0x00, 0x00, 0x00, 0x00, 0x02, 0x92, 0x29,
    0x22, 0x92, 0x29, 0x20, 0x00, 0x00, 0x00, 0x00, 0x00, 0x00, 0x00, 0x00, 0x00, 0x00, 0x00, 0x00,
    0x00, 0x00, 0x00, 0x00, 0x00, 0x00, 0x00, 0x00, 0x00, 0x00, 0x00, 0x00, 0x00, 0x00, 0x00, 0x00,
    0x00, 0x00, 0x00, 0x00, 0x00, 0x00, 0x00, 0x00, 0x00, 0x00, 0x00, 0x00, 0x00, 0x00, 0x00, 0x00,
    0x00, 0x00, 0x00, 0x29, 0x22, 0x92, 0x29, 0x22, 0x92, 0x29, 0x22, 0x92, 0x00, 0x00, 0xaf, 0x99,
    0xf9, 0x9f, 0x99, 0xf9, 0x9f, 0x99, 0xfa, 0x00, 0x00, 0x29, 0x22, 0x92, 0x18, 0x22, 0x82, 0x28,
    0x12, 0x92, 0x00, 0x00, 0x00, 0x00, 0x00, 0x28, 0x22, 0x82, 0x28, 0x20, 0x00, 0x00, 0x00, 0x00,
    0x00, 0x10, 0xaf, 0x99, 0xf9, 0x9f, 0xa0, 0x00, 0x00, 0x00, 0x00, 0x00, 0x00, 0x28, 0x22, 0x81,
    0x29, 0x20, 0x00, 0x00, 0x00, 0x00, 0x02, 0x92, 0x18, 0x22, 0x82, 0x00, 0x00, 0x00, 0x00, 0x00,
    0x00, 0x0a, 0xf9, 0x9f, 0x99, 0xfa, 0x01, 0x00, 0x00, 0x00, 0x00, 0x00, 0x02, 0x82, 0x28, 0x22,
    0x82, 0x00, 0x00, 0x00, 0x00, 0x00, 0x29, 0x21, 0x82, 0x28, 0x22, 0x81, 0x29, 0x22, 0x92, 0x00,
    0x00, 0xaf, 0x99, 0xf9, 0x9f, 0x99, 0xf9, 0x9f, 0x99, 0xfa, 0x00, 0x00, 0x28, 0x22, 0x82, 0x28,
    0x22, 0x82, 0x28, 0x22, 0x82, 0x00, 0x00, 0x28, 0x22, 0x82, 0x28, 0x22, 0x82, 0x28, 0x22, 0x82,
    0x00, 0x00, 0xaf, 0x99, 0xf9, 0x9f, 0x99, 0xf9, 0x9f, 0x99, 0xfa, 0x00, 0x00, 0x29, 0x22, 0x92,
    0x29, 0x22, 0x92, 0x29, 0x22, 0x92, 0x00, 0x00, 0x00, 0x00, 0x00, 0x00, 0x00, 0x00, 0x00, 0x00,
    0x00, 0x00, 0x00, 0x00, 0x00, 0x00, 0x00, 0x00, 0x00, 0x00, 0x00, 0x00, 0x00, 0x00, 0x00, 0x00,
    0x00, 0x00, 0x00, 0x00, 0x00, 0x00, 0x00, 0x00, 0x00, 0x00, 0x00, 0x00, 0x00, 0x00, 0x00, 0x00,
    0x00, 0x00, 0x00, 0x00, 0x00, 0x00, 0x00, 0x00, 0x02, 0x92, 0x29, 0x22, 0x92, 0x00, 0x00, 0x00,
    0x00, 0x00, 0x00, 0x0a, 0xf9, 0x9f, 0x99, 0xfa, 0x00, 0x00, 0x00, 0x00, 0x00, 0x00, 0x02, 0x82,
    0x28, 0x22, 0x82, 0x00, 0x00, 0x00, 0x00, 0x00, 0x29, 0x21, 0x82, 0x28, 0x22, 0x82, 0x00, 0x00,
    0x00, 0x00, 0x00, 0xaf, 0x99, 0xf9, 0x9f, 0x99, 0xfa, 0x00, 0x00, 0x00, 0x00, 0x00, 0x28, 0x22,
    0x81, 0x29, 0x22, 0x92, 0x00, 0x00, 0x00, 0x00, 0x00, 0x28, 0x22, 0x82, 0x00, 0x00, 0x00, 0x00,
    0x00, 0x00, 0x00, 0x00, 0xaf, 0x99, 0xfa, 0x00, 0x00, 0x00, 0x00, 0x00, 0x00, 0x00, 0x00, 0x28,
    0x22, 0x82, 0x00, 0x00, 0x00, 0x00, 0x00, 0x29, 0x22, 0x92, 0x18, 0x22, 0x82, 0x00, 0x00, 0x00,
    0x00, 0x00, 0xaf, 0x99, 0xf9, 0x9f, 0x99, 0xfa, 0x00, 0x00, 0x00, 0x00, 0x00, 0x29, 0x22, 0x92,
    0x18, 0x22, 0x82, 0x00, 0x00, 0x00, 0x00, 0x00, 0x00, 0x00, 0x00, 0x28, 0x22, 0x82, 0x00, 0x00,
    0x00, 0x00, 0x00, 0x00, 0x00, 0x00, 0xaf, 0x99, 0xfa, 0x00, 0x00, 0x00, 0x00, 0x00, 0x00, 0x00,
    0x00, 0x28, 0x22, 0x82, 0x00, 0x00, 0x00, 0x00, 0x00, 0x00, 0x00, 0x00, 0x28, 0x22, 0x81, 0x29,
    0x22, 0x92, 0x00, 0x00, 0x00, 0x00, 0x00, 0xaf, 0x99, 0xf9, 0x9f, 0x99, 0xfa, 0x00, 0x00, 0x00,
    0x00, 0x00, 0x29, 0x21, 0x82, 0x28, 0x22, 0x82, 0x00, 0x00, 0x00, 0x00, 0x00, 0x00, 0x02, 0x82,
    0x28, 0x22, 0x82, 0x00, 0x00, 0x00, 0x00, 0x00, 0x00, 0x0a, 0xf9, 0x9f, 0x99, 0xfa, 0x00, 0x00,
    0x00, 0x00, 0x00, 0x00, 0x02, 0x92, 0x29, 0x22, 0x92, 0x00, 0x00, 0x00, 0x00, 0x00, 0x00, 0x00,
    0x00, 0x00, 0x00, 0x00, 0x00, 0x00, 0x00, 0x00, 0x00, 0x00, 0x00, 0x00, 0x00, 0x00, 0x00, 0x00,
    0x00, 0x00, 0x00, 0x00, 0x00, 0x00, 0x00, 0x00, 0x00, 0x00, 0x00, 0x29, 0x22, 0x92, 0x00, 0x00,
    0xaf, 0x99, 0xfa, 0x00, 0x00, 0x28, 0x22, 0x82, 0x00, 0x00, 0x28, 0x22, 0x82, 0x00, 0x00, 0xaf,
    0x99, 0xfa, 0x00, 0x00, 0x28, 0x22, 0x82, 0x00, 0x00, 0x28, 0x22, 0x82, 0x00, 0x00, 0xaf, 0x99,
    0xfa, 0x00, 0x00, 0x28, 0x22, 0x82, 0x00, 0x00, 0x28, 0x22, 0x82, 0x00, 0x00, 0xaf, 0x99, 0xfa,
    0x00, 0x00, 0x28, 0x22, 0x82, 0x00, 0x00, 0x28, 0x22, 0x82, 0x00, 0x00, 0xaf, 0x99, 0xfa, 0x00,
    0x00, 0x28, 0x22, 0x82, 0x00, 0x00, 0x28, 0x22, 0x82, 0x00, 0x00, 0xaf, 0x99, 0xfa, 0x00, 0x00,
    0x28, 0x22, 0x82, 0x00, 0x00, 0x28, 0x22, 0x82, 0x00, 0x00, 0xaf, 0x99, 0xfa, 0x00, 0x00, 0x29,
    0x22, 0x92, 0x00, 0x00, 0x00, 0x00, 0x00, 0x00, 0x00, 0x00, 0x00, 0x00, 0x00, 0x00, 0x00, 0x00,
    0x00, 0x00, 0x00, 0x00, 0x00, 0x00, 0x00, 0x00, 0x00, 0x00, 0x00, 0x00, 0x00, 0x00, 0x00, 0x00,
    0x00, 0x00, 0x00, 0x00, 0x29, 0x22, 0x92, 0x29, 0x20, 0x00, 0x00, 0x00, 0x00, 0x00, 0x00, 0xaf,
    0x99, 0xf9, 0x9f, 0xa0, 0x00, 0x00, 0x00, 0x00, 0x00, 0x00, 0x28, 0x22, 0x82, 0x28, 0x20, 0x00,
    0x00, 0x00, 0x00, 0x00, 0x00, 0x28, 0x22, 0x82, 0x28, 0x12, 0x92, 0x00, 0x00, 0x00, 0x00, 0x00,
    0xaf, 0x99, 0xf9, 0x9f, 0x99, 0xfa, 0x00, 0x00, 0x00, 0x00, 0x00, 0x29, 0x22, 0x92, 0x18, 0x22,
    0x82, 0x00, 0x00, 0x00, 0x00, 0x00, 0x00, 0x00, 0x00, 0x28, 0x22, 0x82, 0x00, 0x00, 0x00, 0x00,
    0x00, 0x00, 0x00, 0x00, 0xaf, 0x99, 0xfa, 0x00, 0x00, 0x00, 0x00, 0x00, 0x00, 0x00, 0x00, 0x28,
    0x22, 0x82, 0x00, 0x00, 0x00, 0x00, 0x00, 0x00, 0x00, 0x00, 0x28, 0x22, 0x81, 0x29, 0x22, 0x92,
    0x00, 0x00, 0x00, 0x00, 0x00, 0xaf, 0x99, 0xf9, 0x9f, 0x99, 0xfa, 0x00, 0x00, 0x00, 0x00, 0x00,
    0x28, 0x22, 0x81, 0x29, 0x22, 0x92, 0x00, 0x00, 0x00, 0x00, 0x00, 0x28, 0x22, 0x82, 0x00, 0x00,
    0x00, 0x00, 0x00, 0x00, 0x00, 0x00, 0xaf, 0x99, 0xfa, 0x00, 0x00, 0x00, 0x00, 0x00, 0x00, 0x00,
    0x00, 0x28, 0x22, 0x82, 0x00, 0x00, 0x00, 0x00, 0x00, 0x29, 0x22, 0x92, 0x18, 0x22, 0x82, 0x00,
    0x00, 0x00, 0x00, 0x00, 0xaf, 0x99, 0xf9, 0x9f, 0x99, 0xfa, 0x00, 0x00, 0x00, 0x00, 0x00, 0x28,
    0x22, 0x82, 0x28, 0x12, 0x92, 0x00, 0x00, 0x00, 0x00, 0x00, 0x28, 0x22, 0x82, 0x28, 0x20, 0x00,
    0x00, 0x00, 0x00, 0x00, 0x00, 0xaf, 0x99, 0xf9, 0x9f, 0xa0, 0x00, 0x00, 0x00, 0x00, 0x00, 0x00,
    0x29, 0x22, 0x92, 0x29, 0x20, 0x00, 0x00, 0x00, 0x00, 0x00, 0x00, 0x00, 0x00, 0x00, 0x00, 0x00,
    0x00, 0x00, 0x00, 0x00, 0x00, 0x00, 0x00, 0x00, 0x00, 0x00, 0x00, 0x00, 0x00, 0x00, 0x00, 0x00,
    0x00, 0x00, 0x00, 0x00, 0x00, 0x00, 0x00, 0x00, 0x00, 0x00, 0x00, 0x00, 0x00, 0x00, 0x00, 0x00,
    0x00, 0x00, 0x00, 0x00, 0x00, 0x00, 0x00, 0x00, 0x00, 0x00, 0x00, 0x02, 0x92, 0x29, 0x22, 0x92,
    0x00, 0x02, 0x92, 0x29, 0x20, 0x00, 0x00, 0x00, 0xaf, 0x99, 0xf9, 0x9f, 0xa0, 0x10, 0xaf, 0x99,
    0xfa, 0x00, 0x00, 0x00, 0x02, 0x82, 0x28, 0x22, 0x82, 0x00, 0x02, 0x82, 0x28, 0x20, 0x00, 0x02,
    0x92, 0x18, 0x22, 0x82, 0x28, 0x12, 0x92, 0x18, 0x22, 0x82, 0x00, 0x00, 0xaf, 0x99, 0xf9, 0x9f,
    0x99, 0xf9, 0x9f, 0x99, 0xf9, 0x9f, 0xa0, 0x00, 0x02, 0x82, 0x28, 0x22, 0x82, 0x28, 0x22, 0x82,
    0x28, 0x12, 0x92, 0x00, 0x00, 0x28, 0x22, 0x82, 0x28, 0x22, 0x82, 0x28, 0x22, 0x82, 0x00, 0x00,
    0x00, 0x0a, 0xf9, 0x9f, 0x99, 0xf9, 0x9f, 0x99, 0xf9, 0x9f, 0xa0, 0x00, 0x00, 0x00, 0x29, 0x22,
    0x92, 0x29, 0x22, 0x92, 0x29, 0x22, 0x92, 0x00, 0x00, 0x00, 0x00, 0x00, 0x00, 0x00, 0x00, 0x00,
    0x00, 0x00, 0x00, 0x00, 0x00, 0x00, 0x00, 0x00, 0x00, 0x00, 0x00, 0x00, 0x00, 0x00, 0x00, 0x00,
    0x00, 0x00, 0x00,
};

static const lv_font_fmt_txt_glyph_dsc_t glyph_dsc[] = {
    {.bitmap_index = 0, .adv_w = 0, .box_w = 0, .box_h = 0, .ofs_x = 0, .ofs_y = 0}, /* id = 0 reserved */
    {.bitmap_index = 0, .adv_w = 320, .box_w = 0, .box_h = 0, .ofs_x = 0, .ofs_y = 0}, /* U+0020 */
    {.bitmap_index = 0, .adv_w = 320, .box_w = 10, .box_h = 25, .ofs_x = 5, .ofs_y = -1}, /* U+0021 */
    {.bitmap_index = 125, .adv_w = 320, .box_w = 22, .box_h = 13, .ofs_x = -1, .ofs_y = 11}, /* U+0022 */
    {.bitmap_index = 268, .adv_w = 336, .box_w = 25, .box_h = 25, .ofs_x = -4, .ofs_y = -1}, /* U+0023 */
    {.bitmap_index = 581, .adv_w = 320, .box_w = 22, .box_h = 25, .ofs_x = -1, .ofs_y = -1}, /* U+0024 */
    {.bitmap_index = 856, .adv_w = 336, .box_w = 25, .box_h = 22, .ofs_x = -4, .ofs_y = -1}, /* U+0025 */
    {.bitmap_index = 1131, .adv_w = 336, .box_w = 25, .box_h = 25, .ofs_x = -4, .ofs_y = -1}, /* U+0026 */
    {.bitmap_index = 1444, .adv_w = 336, .box_w = 13, .box_h = 13, .ofs_x = 2, .ofs_y = 11}, /* U+0027 */
    {.bitmap_index = 1529, .adv_w = 320, .box_w = 16, .box_h = 25, .ofs_x = 2, .ofs_y = -1}, /* U+0028 */
    {.bitmap_index = 1729, .adv_w = 320, .box_w = 16, .box_h = 25, .ofs_x = 2, .ofs_y = -1}, /* U+0029 */
    {.bitmap_index = 1929, .adv_w = 320, .box_w = 28, .box_h = 19, .ofs_x = -4, .ofs_y = 2}, /* U+002A */
    {.bitmap_index = 2195, .adv_w = 320, .box_w = 22, .box_h = 19, .ofs_x = -1, .ofs_y = 2}, /* U+002B */
    {.bitmap_index = 2404, .adv_w = 336, .box_w = 13, .box_h = 16, .ofs_x = 2, .ofs_y = -4}, /* U+002C */
    {.bitmap_index = 2508, .adv_w = 320, .box_w = 22, .box_h = 7, .ofs_x = -1, .ofs_y = 8}, /* U+002D */
    {.bitmap_index = 2585, .adv_w = 320, .box_w = 10, .box_h = 13, .ofs_x = 5, .ofs_y = -1}, /* U+002E */
    {.bitmap_index = 2650, .adv_w = 320, .box_w = 28, .box_h = 25, .ofs_x = -4, .ofs_y = -1}, /* U+002F */
    {.bitmap_index = 3000, .adv_w = 320, .box_w = 22, .box_h = 25, .ofs_x = -1, .ofs_y = -1}, /* U+0030 */
    {.bitmap_index = 3275, .adv_w = 320, .box_w = 22, .box_h = 25, .ofs_x = -1, .ofs_y = -1}, /* U+0031 */
    {.bitmap_index = 3550, .adv_w = 320, .box_w = 22, .box_h = 25, .ofs_x = -1, .ofs_y = -1}, /* U+0032 */
    {.bitmap_index = 3825, .adv_w = 320, .box_w = 22, .box_h = 25, .ofs_x = -1, .ofs_y = -1}, /* U+0033 */
    {.bitmap_index = 4100, .adv_w = 320, .box_w = 25, .box_h = 25, .ofs_x = -4, .ofs_y = -1}, /* U+0034 */
    {.bitmap_index = 4413, .adv_w = 320, .box_w = 22, .box_h = 25, .ofs_x = -1, .ofs_y = -1}, /* U+0035 */
    {.bitmap_index = 4688, .adv_w = 320, .box_w = 22, .box_h = 25, .ofs_x = -1, .ofs_y = -1}, /* U+0036 */
    {.bitmap_index = 4963, .adv_w = 320, .box_w = 22, .box_h = 25, .ofs_x = -1, .ofs_y = -1}, /* U+0037 */
    {.bitmap_index = 5238, .adv_w = 320, .box_w = 22, .box_h = 25, .ofs_x = -1, .ofs_y = -1}, /* U+0038 */
    {.bitmap_index = 5513, .adv_w = 320, .box_w = 22, .box_h = 25, .ofs_x = -1, .ofs_y = -1}, /* U+0039 */
    {.bitmap_index = 5788, .adv_w = 320, .box_w = 10, .box_h = 22, .ofs_x = 5, .ofs_y = -1}, /* U+003A */
    {.bitmap_index = 5898, .adv_w = 336, .box_w = 13, .box_h = 25, .ofs_x = 2, .ofs_y = -4}, /* U+003B */
    {.bitmap_index = 6061, .adv_w = 320, .box_w = 19, .box_h = 25, .ofs_x = -1, .ofs_y = -1}, /* U+003C */
    {.bitmap_index = 6299, .adv_w = 320, .box_w = 22, .box_h = 13, .ofs_x = -1, .ofs_y = 5}, /* U+003D */
    {.bitmap_index = 6442, .adv_w = 320, .box_w = 19, .box_h = 25, .ofs_x = -1, .ofs_y = -1}, /* U+003E */
    {.bitmap_index = 6680, .adv_w = 320, .box_w = 22, .box_h = 25, .ofs_x = -1, .ofs_y = -1}, /* U+003F */
    {.bitmap_index = 6955, .adv_w = 336, .box_w = 25, .box_h = 25, .ofs_x = -4, .ofs_y = -1}, /* U+0040 */
    {.bitmap_index = 7268, .adv_w = 320, .box_w = 22, .box_h = 25, .ofs_x = -1, .ofs_y = -1}, /* U+0041 */
    {.bitmap_index = 7543, .adv_w = 320, .box_w = 22, .box_h = 25, .ofs_x = -1, .ofs_y = -1}, /* U+0042 */
    {.bitmap_index = 7818, .adv_w = 320, .box_w = 22, .box_h = 25, .ofs_x = -1, .ofs_y = -1}, /* U+0043 */
    {.bitmap_index = 8093, .adv_w = 320, .box_w = 22, .box_h = 25, .ofs_x = -1, .ofs_y = -1}, /* U+0044 */
    {.bitmap_index = 8368, .adv_w = 320, .box_w = 22, .box_h = 25, .ofs_x = -1, .ofs_y = -1}, /* U+0045 */
    {.bitmap_index = 8643, .adv_w = 320, .box_w = 22, .box_h = 25, .ofs_x = -1, .ofs_y = -1}, /* U+0046 */
    {.bitmap_index = 8918, .adv_w = 320, .box_w = 22, .box_h = 25, .ofs_x = -1, .ofs_y = -1}, /* U+0047 */
    {.bitmap_index = 9193, .adv_w = 320, .box_w = 22, .box_h = 25, .ofs_x = -1, .ofs_y = -1}, /* U+0048 */
    {.bitmap_index = 9468, .adv_w = 320, .box_w = 22, .box_h = 25, .ofs_x = -1, .ofs_y = -1}, /* U+0049 */
    {.bitmap_index = 9743, .adv_w = 320, .box_w = 22, .box_h = 25, .ofs_x = -1, .ofs_y = -1}, /* U+004A */
    {.bitmap_index = 10018, .adv_w = 336, .box_w = 25, .box_h = 25, .ofs_x = -4, .ofs_y = -1}, /* U+004B */
    {.bitmap_index = 10331, .adv_w = 320, .box_w = 22, .box_h = 25, .ofs_x = -1, .ofs_y = -1}, /* U+004C */
    {.bitmap_index = 10606, .adv_w = 320, .box_w = 25, .box_h = 25, .ofs_x = -4, .ofs_y = -1}, /* U+004D */
    {.bitmap_index = 10919, .adv_w = 336, .box_w = 25, .box_h = 25, .ofs_x = -4, .ofs_y = -1}, /* U+004E */
    {.bitmap_index = 11232, .adv_w = 320, .box_w = 22, .box_h = 25, .ofs_x = -1, .ofs_y = -1}, /* U+004F */
    {.bitmap_index = 11507, .adv_w = 320, .box_w = 22, .box_h = 25, .ofs_x = -1, .ofs_y = -1}, /* U+0050 */
    {.bitmap_index = 11782, .adv_w = 320, .box_w = 22, .box_h = 25, .ofs_x = -1, .ofs_y = -1}, /* U+0051 */
    {.bitmap_index = 12057, .adv_w = 320, .box_w = 22, .box_h = 25, .ofs_x = -1, .ofs_y = -1}, /* U+0052 */
    {.bitmap_index = 12332, .adv_w = 320, .box_w = 22, .box_h = 25, .ofs_x = -1, .ofs_y = -1}, /* U+0053 */
    {.bitmap_index = 12607, .adv_w = 320, .box_w = 22, .box_h = 25, .ofs_x = -1, .ofs_y = -1}, /* U+0054 */
    {.bitmap_index = 12882, .adv_w = 320, .box_w = 22, .box_h = 25, .ofs_x = -1, .ofs_y = -1}, /* U+0055 */
    {.bitmap_index = 13157, .adv_w = 320, .box_w = 22, .box_h = 25, .ofs_x = -1, .ofs_y = -1}, /* U+0056 */
    {.bitmap_index = 13432, .adv_w = 320, .box_w = 25, .box_h = 25, .ofs_x = -4, .ofs_y = -1}, /* U+0057 */
    {.bitmap_index = 13745, .adv_w = 320, .box_w = 28, .box_h = 25, .ofs_x = -4, .ofs_y = -1}, /* U+0058 */
    {.bitmap_index = 14095, .adv_w = 320, .box_w = 28, .box_h = 25, .ofs_x = -4, .ofs_y = -1}, /* U+0059 */
    {.bitmap_index = 14445, .adv_w = 320, .box_w = 22, .box_h = 25, .ofs_x = -1, .ofs_y = -1}, /* U+005A */
    {.bitmap_index = 14720, .adv_w = 320, .box_w = 16, .box_h = 25, .ofs_x = 2, .ofs_y = -1}, /* U+005B */
    {.bitmap_index = 14920, .adv_w = 320, .box_w = 28, .box_h = 25, .ofs_x = -4, .ofs_y = -1}, /* U+005C */
    {.bitmap_index = 15270, .adv_w = 320, .box_w = 16, .box_h = 25, .ofs_x = 2, .ofs_y = -1}, /* U+005D */
    {.bitmap_index = 15470, .adv_w = 336, .box_w = 25, .box_h = 16, .ofs_x = -4, .ofs_y = 8}, /* U+005E */
    {.bitmap_index = 15670, .adv_w = 320, .box_w = 28, .box_h = 10, .ofs_x = -4, .ofs_y = -4}, /* U+005F */
    {.bitmap_index = 15810, .adv_w = 320, .box_w = 16, .box_h = 13, .ofs_x = 5, .ofs_y = 11}, /* U+0060 */
    {.bitmap_index = 15914, .adv_w = 320, .box_w = 22, .box_h = 19, .ofs_x = -1, .ofs_y = -1}, /* U+0061 */
    {.bitmap_index = 16123, .adv_w = 320, .box_w = 22, .box_h = 25, .ofs_x = -1, .ofs_y = -1}, /* U+0062 */
    {.bitmap_index = 16398, .adv_w = 320, .box_w = 19, .box_h = 19, .ofs_x = -1, .ofs_y = -1}, /* U+0063 */
    {.bitmap_index = 16579, .adv_w = 320, .box_w = 22, .box_h = 25, .ofs_x = -1, .ofs_y = -1}, /* U+0064 */
    {.bitmap_index = 16854, .adv_w = 320, .box_w = 22, .box_h = 19, .ofs_x = -1, .ofs_y = -1}, /* U+0065 */
    {.bitmap_index = 17063, .adv_w = 320, .box_w = 19, .box_h = 25, .ofs_x = -1, .ofs_y = -1}, /* U+0066 */
    {.bitmap_index = 17301, .adv_w = 320, .box_w = 22, .box_h = 22, .ofs_x = -1, .ofs_y = -4}, /* U+0067 */
    {.bitmap_index = 17543, .adv_w = 320, .box_w = 22, .box_h = 25, .ofs_x = -1, .ofs_y = -1}, /* U+0068 */
    {.bitmap_index = 17818, .adv_w = 320, .box_w = 19, .box_h = 25, .ofs_x = 2, .ofs_y = -1}, /* U+0069 */
    {.bitmap_index = 18056, .adv_w = 320, .box_w = 19, .box_h = 28, .ofs_x = -1, .ofs_y = -4}, /* U+006A */
    {.bitmap_index = 18322, .adv_w = 320, .box_w = 22, .box_h = 25, .ofs_x = -1, .ofs_y = -1}, /* U+006B */
    {.bitmap_index = 18597, .adv_w = 320, .box_w = 19, .box_h = 25, .ofs_x = 2, .ofs_y = -1}, /* U+006C */
    {.bitmap_index = 18835, .adv_w = 320, .box_w = 25, .box_h = 19, .ofs_x = -4, .ofs_y = -1}, /* U+006D */
    {.bitmap_index = 19073, .adv_w = 320, .box_w = 22, .box_h = 19, .ofs_x = -1, .ofs_y = -1}, /* U+006E */
    {.bitmap_index = 19282, .adv_w = 320, .box_w = 22, .box_h = 19, .ofs_x = -1, .ofs_y = -1}, /* U+006F */
    {.bitmap_index = 19491, .adv_w = 320, .box_w = 22, .box_h = 22, .ofs_x = -1, .ofs_y = -4}, /* U+0070 */
    {.bitmap_index = 19733, .adv_w = 320, .box_w = 22, .box_h = 22, .ofs_x = -1, .ofs_y = -4}, /* U+0071 */
    {.bitmap_index = 19975, .adv_w = 320, .box_w = 22, .box_h = 19, .ofs_x = -1, .ofs_y = -1}, /* U+0072 */
    {.bitmap_index = 20184, .adv_w = 320, .box_w = 22, .box_h = 19, .ofs_x = -1, .ofs_y = -1}, /* U+0073 */
    {.bitmap_index = 20393, .adv_w = 320, .box_w = 22, .box_h = 25, .ofs_x = -1, .ofs_y = -1}, /* U+0074 */
    {.bitmap_index = 20668, .adv_w = 320, .box_w = 22, .box_h = 19, .ofs_x = -1, .ofs_y = -1}, /* U+0075 */
    {.bitmap_index = 20877, .adv_w = 320, .box_w = 22, .box_h = 19, .ofs_x = -1, .ofs_y = -1}, /* U+0076 */
    {.bitmap_index = 21086, .adv_w = 336, .box_w = 25, .box_h = 19, .ofs_x = -4, .ofs_y = -1}, /* U+0077 */
    {.bitmap_index = 21324, .adv_w = 336, .box_w = 25, .box_h = 19, .ofs_x = -4, .ofs_y = -1}, /* U+0078 */
    {.bitmap_index = 21562, .adv_w = 320, .box_w = 22, .box_h = 22, .ofs_x = -1, .ofs_y = -4}, /* U+0079 */
    {.bitmap_index = 21804, .adv_w = 320, .box_w = 22, .box_h = 19, .ofs_x = -1, .ofs_y = -1}, /* U+007A */
    {.bitmap_index = 22013, .adv_w = 320, .box_w = 22, .box_h = 25, .ofs_x = -1, .ofs_y = -1}, /* U+007B */
    {.bitmap_index = 22288, .adv_w = 320, .box_w = 10, .box_h = 25, .ofs_x = 5, .ofs_y = -1}, /* U+007C */
    {.bitmap_index = 22413, .adv_w = 320, .box_w = 22, .box_h = 25, .ofs_x = -1, .ofs_y = -1}, /* U+007D */
    {.bitmap_index = 22688, .adv_w = 336, .box_w = 25, .box_h = 13, .ofs_x = -4, .ofs_y = 11}, /* U+007E */
};

static const lv_font_fmt_txt_cmap_t cmaps[] = {
    { .range_start = 32, .range_length = 95, .glyph_id_start = 1,
      .unicode_list = NULL, .glyph_id_ofs_list = NULL, .list_length = 0, .type = LV_FONT_FMT_TXT_CMAP_FORMAT0_TINY }
};

#if LVGL_VERSION_MAJOR == 8
static lv_font_fmt_txt_glyph_cache_t cache;
#endif
#if LVGL_VERSION_MAJOR >= 8
static const lv_font_fmt_txt_dsc_t font_dsc = {
#else
static lv_font_fmt_txt_dsc_t font_dsc = {
#endif
    .glyph_bitmap = glyph_bitmap,
    .glyph_dsc = glyph_dsc,
    .cmaps = cmaps,
    .kern_dsc = NULL,
    .kern_scale = 0,
    .cmap_num = 1,
    .bpp = 4,
    .kern_classes = 0,
    .bitmap_format = 0,
#if LVGL_VERSION_MAJOR == 8
    .cache = &cache
#endif
};

#if LVGL_VERSION_MAJOR >= 8
const lv_font_t lv_font_dot_20 = {
#else
lv_font_t lv_font_dot_20 = {
#endif
    .get_glyph_dsc = lv_font_get_glyph_dsc_fmt_txt,
    .get_glyph_bitmap = lv_font_get_bitmap_fmt_txt,
    .line_height = 20,
    .base_line = 0,
#if !(LVGL_VERSION_MAJOR == 6 && LVGL_VERSION_MINOR == 0)
    .subpx = LV_FONT_SUBPX_NONE,
#endif
#if LV_VERSION_CHECK(7, 4, 0) || LVGL_VERSION_MAJOR >= 8
    .underline_position = -2,
    .underline_thickness = 1,
#endif
    .dsc = &font_dsc,
#if LV_VERSION_CHECK(8, 2, 0) || LVGL_VERSION_MAJOR >= 9
    .fallback = &lv_font_dot_sym_20,
#endif
    .user_data = NULL,
};

#endif /* LV_FONT_DOT_20 */
