/*
 * GENERATED by scripts/gen_lvgl_font.py -- do not edit by hand.
 * Source: unscii-8.ttf  size: 24px  bpp: 4  range 0x20-0x7E
 * Out-of-range glyphs fall back to lv_font_dot_sym_24.
 */

#include "lvgl.h"

extern const lv_font_t lv_font_dot_sym_24;

#ifndef LV_FONT_DOT_24
#define LV_FONT_DOT_24 1
#endif
#if LV_FONT_DOT_24


static LV_ATTRIBUTE_LARGE_CONST const uint8_t glyph_bitmap[] = {
    0x00, 0x00, 0x00, 0x00, 0x00, 0x00, 0x00, 0x00, 0x00, 0x00, 0x00, 0x29, 0x22, 0x92, 0x00, 0x00,
    0xaf, 0x99, 0xfa, 0x00, 0x00, 0x28, 0x22, 0x82, 0x00, 0x00, 0x28, 0x22, 0x82, 0x00, 0x00, 0xaf,
    0x99, 0xfa, 0x00, 0x00, 0x28, 0x22, 0x82, 0x00, 0x00, 0x28, 0x22, 0x82, 0x00, 0x00, 0xaf, 0x99,
    0xfa, 0x00, 0x00, 0x28, 0x22, 0x82, 0x00, 0x00, 0x28, 0x22, 0x82, 0x00, 0x00, 0xaf, 0x99, 0xfa,
    0x00, 0x00, 0x28, 0x22, 0x82, 0x00, 0x00, 0x28, 0x22, 0x82, 0x00, 0x00, 0xaf, 0x99, 0xfa, 0x00,
    0x00, 0x29, 0x22, 0x92, 0x00, 0x00, 0x00, 0x00, 0x00, 0x00, 0x00, 0x00, 0x00, 0x00, 0x00, 0x00,
    0x00, 0x00, 0x00, 0x00, 0x00, 0x29, 0x22, 0x92, 0x00, 0x00, 0xaf, 0x99, 0xfa, 0x00, 0x00, 0x29,
    0x22, 0x92, 0x00, 0x00, 0x00, 0x00, 0x00, 0x00, 0x00, 0x00, 0x00, 0x00, 0x00, 0x00, 0x00, 0x00,
    0x00, 0x00, 0x00, 0x00, 0x00, 0x00, 0x00, 0x00, 0x00, 0x00, 0x00, 0x00, 0x00, 0x00, 0x00, 0x00,
    0x00, 0x00, 0x00, 0x00, 0x29, 0x22, 0x92, 0x00, 0x00, 0x00, 0x29, 0x22, 0x92, 0x00, 0x00, 0xaf,
    0x99, 0xfa, 0x00, 0x00, 0x00, 0xaf, 0x99, 0xfa, 0x00, 0x00, 0x28, 0x22, 0x82, 0x00, 0x00, 0x00,
    0x28, 0x22, 0x82, 0x00, 0x00, 0x28, 0x22, 0x82, 0x00, 0x00, 0x00, 0x28, 0x22, 0x82, 0x00, 0x00,
    0xaf, 0x99, 0xfa, 0x00, 0x00, 0x00, 0xaf, 0x99, 0xfa, 0x00, 0x00, 0x28, 0x22, 0x82, 0x00, 0x00,
    0x00, 0x28, 0x22, 0x82, 0x00, 0x00, 0x28, 0x22, 0x82, 0x00, 0x00, 0x00, 0x28, 0x22, 0x82, 0x00,
    0x00, 0xaf, 0x99, 0xfa, 0x00, 0x00, 0x00, 0xaf, 0x99, 0xfa, 0x00, 0x00, 0x29, 0x22, 0x92, 0x00,
    0x00, 0x00, 0x29, 0x22, 0x92, 0x00, 0x00, 0x00, 0x00, 0x00, 0x00, 0x00, 0x00, 0x00, 0x00, 0x00,
    0x00, 0x00, 0x00, 0x00, 0x00, 0x00, 0x00, 0x00, 0x00, 0x00, 0x00, 0x00, 0x00, 0x00, 0x00, 0x00,
    0x00, 0x00, 0x00, 0x00, 0x00, 0x00, 0x00, 0x00, 0x00, 0x00, 0x00, 0x00, 0x00, 0x00, 0x00, 0x00,
    0x00, 0x00, 0x00, 0x00, 0x00, 0x00, 0x00, 0x02, 0x92, 0x29, 0x20, 0x00, 0x29, 0x22, 0x92, 0x00,
    0x00, 0x00, 0x00, 0x00, 0xaf, 0x99, 0xfa, 0x00, 0x0a, 0xf9, 0x9f, 0xa0, 0x00, 0x00, 0x00, 0x00,
    0x02, 0x82, 0x28, 0x20, 0x00, 0x28, 0x22, 0x82, 0x00, 0x00, 0x00, 0x00, 0x00, 0x28, 0x22, 0x82,
    0x00, 0x02, 0x82, 0x28, 0x20, 0x00, 0x00, 0x00, 0x00, 0x0a, 0xf9, 0x9f, 0xa0, 0x10, 0xaf, 0x99,
    0xfa, 0x00, 0x00, 0x00, 0x00, 0x00, 0x28, 0x22, 0x82, 0x00, 0x02, 0x82, 0x28, 0x20, 0x00, 0x00,
    0x00, 0x29, 0x21, 0x82, 0x28, 0x12, 0x92, 0x18, 0x22, 0x81, 0x29, 0x20, 0x00, 0x0a, 0xf9, 0x9f,
    0x99, 0xf9, 0x9f, 0x99, 0xf9, 0x9f, 0x99, 0xfa, 0x00, 0x00, 0x29, 0x21, 0x82, 0x28, 0x12, 0x92,
    0x18, 0x22, 0x81, 0x29, 0x20, 0x00, 0x00, 0x00, 0x28, 0x22, 0x82, 0x00, 0x02, 0x82, 0x28, 0x20,
    0x00, 0x00, 0x00, 0x01, 0x0a, 0xf9, 0x9f, 0xa0, 0x10, 0xaf, 0x99, 0xfa, 0x01, 0x00, 0x00, 0x00,
    0x00, 0x28, 0x22, 0x82, 0x00, 0x02, 0x82, 0x28, 0x20, 0x00, 0x00, 0x00, 0x29, 0x21, 0x82, 0x28,
    0x12, 0x92, 0x18, 0x22, 0x81, 0x29, 0x20, 0x00, 0x0a, 0xf9, 0x9f, 0x99, 0xf9, 0x9f, 0x99, 0xf9,
    0x9f, 0x99, 0xfa, 0x00, 0x00, 0x29, 0x21, 0x82, 0x28, 0x12, 0x92, 0x18, 0x22, 0x81, 0x29, 0x20,
    0x00, 0x00, 0x00, 0x28, 0x22, 0x82, 0x00, 0x02, 0x82, 0x28, 0x20, 0x00, 0x00, 0x00, 0x00, 0x0a,
    0xf9, 0x9f, 0xa0, 0x10, 0xaf, 0x99, 0xfa, 0x00, 0x00, 0x00, 0x00, 0x00, 0x28, 0x22, 0x82, 0x00,
    0x02, 0x82, 0x28, 0x20, 0x00, 0x00, 0x00, 0x00, 0x02, 0x82, 0x28, 0x20, 0x00, 0x28, 0x22, 0x82,
    0x00, 0x00, 0x00, 0x00, 0x00, 0xaf, 0x99, 0xfa, 0x00, 0x0a, 0xf9, 0x9f, 0xa0, 0x00, 0x00, 0x00,
    0x00, 0x02, 0x92, 0x29, 0x20, 0x00, 0x29, 0x22, 0x92, 0x00, 0x00, 0x00, 0x00, 0x00, 0x00, 0x00,
    0x00, 0x00, 0x00, 0x00, 0x00, 0x00, 0x00, 0x00, 0x00, 0x00, 0x00, 0x00, 0x00, 0x00, 0x00, 0x00,
    0x00, 0x00, 0x00, 0x00, 0x00, 0x00, 0x00, 0x00, 0x00, 0x00, 0x00, 0x00, 0x00, 0x00, 0x00, 0x00,
    0x00, 0x00, 0x00, 0x00, 0x00, 0x00, 0x00, 0x00, 0x00, 0x00, 0x00, 0x00, 0x00, 0x00, 0x00, 0x29,
    0x22, 0x92, 0x00, 0x00, 0x00, 0x00, 0x00, 0x00, 0x00, 0x00, 0xaf, 0x99, 0xfa, 0x00, 0x00, 0x00,
    0x00, 0x00, 0x00, 0x00, 0x00, 0x28, 0x22, 0x82, 0x00, 0x00, 0x00, 0x00, 0x00, 0x00, 0x02, 0x92,
    0x18, 0x22, 0x81, 0x29, 0x22, 0x92, 0x00, 0x00, 0x00, 0x0a, 0xf9, 0x9f, 0x99, 0xf9, 0x9f, 0x99,
    0xfa, 0x00, 0x00, 0x00, 0x02, 0x81, 0x29, 0x22, 0x92, 0x29, 0x22, 0x92, 0x00, 0x00, 0x29, 0x21,
    0x82, 0x00, 0x00, 0x00, 0x00, 0x00, 0x00, 0x00, 0x00, 0xaf, 0x99, 0xfa, 0x01, 0x00, 0x00, 0x00,
    0x00, 0x00, 0x00, 0x00, 0x29, 0x21, 0x82, 0x00, 0x00, 0x00, 0x00, 0x00, 0x00, 0x00, 0x00, 0x00,
    0x02, 0x81, 0x29, 0x22, 0x92, 0x29, 0x20, 0x00, 0x00, 0x00, 0x00, 0x0a, 0xf9, 0x9f, 0x99, 0xf9,
    0x9f, 0xa0, 0x00, 0x00, 0x00, 0x00, 0x02, 0x92, 0x29, 0x22, 0x92, 0x18, 0x20, 0x00, 0x00, 0x00,
    0x00, 0x00, 0x00, 0x00, 0x00, 0x00, 0x28, 0x12, 0x92, 0x00, 0x00, 0x00, 0x00, 0x00, 0x00, 0x00,
    0x10, 0xaf, 0x99, 0xfa, 0x00, 0x00, 0x00, 0x00, 0x00, 0x00, 0x00, 0x00, 0x28, 0x12, 0x92, 0x00,
    0x00, 0x29, 0x22, 0x92, 0x29, 0x22, 0x92, 0x18, 0x20, 0x00, 0x00, 0x00, 0xaf, 0x99, 0xf9, 0x9f,
    0x99, 0xf9, 0x9f, 0xa0, 0x00, 0x00, 0x00, 0x29, 0x22, 0x92, 0x18, 0x22, 0x81, 0x29, 0x20, 0x00,
    0x00, 0x00, 0x00, 0x00, 0x00, 0x28, 0x22, 0x82, 0x00, 0x00, 0x00, 0x00, 0x00, 0x00, 0x00, 0x00,
    0xaf, 0x99, 0xfa, 0x00, 0x00, 0x00, 0x00, 0x00, 0x00, 0x00, 0x00, 0x29, 0x22, 0x92, 0x00, 0x00,
    0x00, 0x00, 0x00, 0x00, 0x00, 0x00, 0x00, 0x00, 0x00, 0x00, 0x00, 0x00, 0x00, 0x00, 0x00, 0x00,
    0x00, 0x00, 0x00, 0x00, 0x00, 0x00, 0x00, 0x00, 0x00, 0x00, 0x00, 0x00, 0x00, 0x00, 0x00, 0x00,
    0x00, 0x00, 0x00, 0x00, 0x00, 0x00, 0x00, 0x00, 0x00, 0x00, 0x00, 0x00, 0x00, 0x00, 0x00, 0x00,
    0x00, 0x00, 0x29, 0x22, 0x92, 0x00, 0x00, 0x00, 0x00, 0x02, 0x92, 0x29, 0x20, 0x00, 0x0a, 0xf9,
    0x9f, 0xa0, 0x00, 0x00, 0x00, 0x00, 0xaf, 0x99, 0xfa, 0x00, 0x00, 0x28, 0x22, 0x82, 0x00, 0x00,
    0x00, 0x00, 0x02, 0x81, 0x29, 0x20, 0x00, 0x02, 0x82, 0x28, 0x20, 0x00, 0x00, 0x02, 0x92, 0x18,
    0x20, 0x00, 0x00, 0x00, 0xaf, 0x99, 0xfa, 0x00, 0x00, 0x00, 0xaf, 0x99, 0xfa, 0x00, 0x00, 0x00,
    0x02, 0x92, 0x29, 0x20, 0x00, 0x00, 0x02, 0x81, 0x29, 0x20, 0x00, 0x00, 0x00, 0x00, 0x00, 0x00,
    0x00, 0x02, 0x92, 0x18, 0x20, 0x00, 0x00, 0x00, 0x00, 0x00, 0x00, 0x00, 0x00, 0x00, 0xaf, 0x99,
    0xfa, 0x00, 0x00, 0x00, 0x00, 0x00, 0x00, 0x00, 0x00, 0x00, 0x02, 0x81, 0x29, 0x20, 0x00, 0x00,
    0x00, 0x00, 0x00, 0x00, 0x00, 0x02, 0x92, 0x18, 0x20, 0x00, 0x00, 0x00, 0x00, 0x00, 0x00, 0x00,
    0x00, 0x00, 0xaf, 0x99, 0xfa, 0x00, 0x00, 0x00, 0x00, 0x00, 0x00, 0x00, 0x00, 0x00, 0x02, 0x81,
    0x29, 0x20, 0x00, 0x00, 0x00, 0x00, 0x00, 0x00, 0x00, 0x02, 0x92, 0x18, 0x20, 0x00, 0x00, 0x02,
    0x92, 0x29, 0x20, 0x00, 0x00, 0x00, 0xaf, 0x99, 0xfa, 0x00, 0x00, 0x00, 0xaf, 0x99, 0xfa, 0x00,
    0x00, 0x00, 0x02, 0x81, 0x29, 0x20, 0x00, 0x00, 0x02, 0x82, 0x28, 0x20, 0x00, 0x02, 0x92, 0x18,
    0x20, 0x00, 0x00, 0x00, 0x00, 0x28, 0x22, 0x82, 0x00, 0x00, 0xaf, 0x99, 0xfa, 0x00, 0x00, 0x00,
    0x00, 0x0a, 0xf9, 0x9f, 0xa0, 0x00, 0x02, 0x92, 0x29, 0x20, 0x00, 0x00, 0x00, 0x00, 0x29, 0x22,
    0x92, 0x00, 0x00, 0x00, 0x00, 0x00, 0x00, 0x00, 0x00, 0x00, 0x00, 0x00, 0x00, 0x00, 0x00, 0x00,
    0x00, 0x00, 0x00, 0x00, 0x00, 0x00, 0x00, 0x00, 0x00, 0x00, 0x00, 0x00, 0x00, 0x00, 0x00, 0x00,
    0x00, 0x00, 0x00, 0x00, 0x00, 0x00, 0x00, 0x00, 0x00, 0x00, 0x00, 0x00, 0x00, 0x00, 0x00, 0x00,
    0x00, 0x00, 0x00, 0x00, 0x00, 0x00, 0x00, 0x00, 0x29, 0x22, 0x92, 0x29, 0x20, 0x00, 0x00, 0x00,
    0x00, 0x00, 0x00, 0x00, 0x0a, 0xf9, 0x9f, 0x99, 0xfa, 0x00, 0x00, 0x00, 0x00, 0x00, 0x00, 0x00,
    0x00, 0x28, 0x12, 0x92, 0x18, 0x20, 0x00, 0x00, 0x00, 0x00, 0x00, 0x00, 0x29, 0x21, 0x82, 0x00,
    0x02, 0x81, 0x29, 0x20, 0x00, 0x00, 0x00, 0x00, 0x0a, 0xf9, 0x9f, 0xa0, 0x10, 0xaf, 0x99, 0xfa,
    0x00, 0x00, 0x00, 0x00, 0x00, 0x29, 0x21, 0x82, 0x00, 0x02, 0x81, 0x29, 0x20, 0x00, 0x00, 0x00,
    0x00, 0x00, 0x00, 0x28, 0x12, 0x92, 0x18, 0x20, 0x00, 0x00, 0x00, 0x00, 0x00, 0x00, 0x01, 0x0a,
    0xf9, 0x9f, 0x99, 0xfa, 0x01, 0x00, 0x00, 0x00, 0x00, 0x00, 0x00, 0x00, 0x28, 0x22, 0x81, 0x29,
    0x20, 0x00, 0x00, 0x00, 0x00, 0x00, 0x00, 0x29, 0x21, 0x82, 0x28, 0x20, 0x00, 0x29, 0x22, 0x92,
    0x00, 0x00, 0x00, 0x0a, 0xf9, 0x9f, 0x99, 0xfa, 0x01, 0x0a, 0xf9, 0x9f, 0xa0, 0x00, 0x00, 0x00,
    0x28, 0x12, 0x92, 0x18, 0x20, 0x00, 0x28, 0x12, 0x92, 0x00, 0x00, 0x29, 0x21, 0x82, 0x00, 0x02,
    0x81, 0x29, 0x21, 0x82, 0x00, 0x00, 0x00, 0x0a, 0xf9, 0x9f, 0xa0, 0x10, 0xaf, 0x99, 0xf9, 0x9f,
    0xa0, 0x00, 0x00, 0x00, 0x28, 0x22, 0x82, 0x00, 0x02, 0x92, 0x18, 0x22, 0x82, 0x00, 0x00, 0x00,
    0x02, 0x82, 0x28, 0x20, 0x00, 0x00, 0x02, 0x82, 0x28, 0x20, 0x00, 0x00, 0x00, 0xaf, 0x99, 0xfa,
    0x00, 0x00, 0x10, 0xaf, 0x99, 0xfa, 0x00, 0x00, 0x00, 0x02, 0x92, 0x18, 0x20, 0x00, 0x00, 0x02,
    0x92, 0x18, 0x20, 0x00, 0x00, 0x00, 0x00, 0x02, 0x81, 0x29, 0x22, 0x92, 0x00, 0x02, 0x81, 0x29,
    0x20, 0x00, 0x00, 0x00, 0xaf, 0x99, 0xf9, 0x9f, 0xa0, 0x10, 0xaf, 0x99, 0xfa, 0x00, 0x00, 0x00,
    0x02, 0x92, 0x29, 0x22, 0x92, 0x00, 0x02, 0x92, 0x29, 0x20, 0x00, 0x00, 0x00, 0x00, 0x00, 0x00,
    0x00, 0x00, 0x00, 0x00, 0x00, 0x00, 0x00, 0x00, 0x00, 0x00, 0x00, 0x00, 0x00, 0x00, 0x00, 0x00,
    0x00, 0x00, 0x00, 0x00, 0x00, 0x00, 0x00, 0x00, 0x00, 0x00, 0x00, 0x00, 0x00, 0x00, 0x00, 0x00,
    0x00, 0x00, 0x00, 0x02, 0x92, 0x29, 0x20, 0x00, 0x00, 0x00, 0xaf, 0x99, 0xfa, 0x00, 0x00, 0x00,
    0x02, 0x82, 0x28, 0x20, 0x00, 0x00, 0x00, 0x28, 0x22, 0x82, 0x00, 0x00, 0x00, 0x0a, 0xf9, 0x9f,
    0xa0, 0x00, 0x00, 0x00, 0x28, 0x12, 0x92, 0x00, 0x00, 0x29, 0x21, 0x82, 0x00, 0x00, 0x00, 0x0a,
    0xf9, 0x9f, 0xa0, 0x00, 0x00, 0x00, 0x29, 0x22, 0x92, 0x00, 0x00, 0x00, 0x00, 0x00, 0x00, 0x00,
    0x00, 0x00, 0x00, 0x00, 0x00, 0x00, 0x00, 0x00, 0x00, 0x00, 0x00, 0x00, 0x00, 0x00, 0x00, 0x00,
    0x00, 0x00, 0x00, 0x00, 0x00, 0x00, 0x00, 0x00, 0x00, 0x00, 0x00, 0x00, 0x00, 0x29, 0x22, 0x92,
    0x00, 0x00, 0x00, 0x00, 0x00, 0xaf, 0x99, 0xfa, 0x00, 0x00, 0x00, 0x00, 0x00, 0x28, 0x12, 0x92,
    0x00, 0x00, 0x00, 0x02, 0x92, 0x18, 0x20, 0x00, 0x00, 0x00, 0x00, 0x0a, 0xf9, 0x9f, 0xa0, 0x00,
    0x00, 0x00, 0x00, 0x02, 0x81, 0x29, 0x20, 0x00, 0x00, 0x00, 0x29, 0x21, 0x82, 0x00, 0x00, 0x00,
    0x00, 0x00, 0xaf, 0x99, 0xfa, 0x00, 0x00, 0x00, 0x00, 0x00, 0x28, 0x22, 0x82, 0x00, 0x00, 0x00,
    0x00, 0x00, 0x28, 0x22, 0x82, 0x00, 0x00, 0x00, 0x00, 0x00, 0xaf, 0x99, 0xfa, 0x00, 0x00, 0x00,
    0x00, 0x00, 0x28, 0x22, 0x82, 0x00, 0x00, 0x00, 0x00, 0x00, 0x28, 0x22, 0x82, 0x00, 0x00, 0x00,
    0x00, 0x00, 0xaf, 0x99, 0xfa, 0x00, 0x00, 0x00, 0x00, 0x00, 0x29, 0x21, 0x82, 0x00, 0x00, 0x00,
    0x00, 0x00, 0x00, 0x02, 0x81, 0x29, 0x20, 0x00, 0x00, 0x00, 0x00, 0x0a, 0xf9, 0x9f, 0xa0, 0x00,
    0x00, 0x00, 0x00, 0x02, 0x92, 0x18, 0x20, 0x00, 0x00, 0x00, 0x00, 0x00, 0x00, 0x28, 0x12, 0x92,
    0x00, 0x00, 0x00, 0x00, 0x00, 0xaf, 0x99, 0xfa, 0x00, 0x00, 0x00, 0x00, 0x00, 0x29, 0x22, 0x92,
    0x00, 0x00, 0x00, 0x00, 0x00, 0x00, 0x00, 0x00, 0x00, 0x00, 0x00, 0x00, 0x00, 0x00, 0x00, 0x00,
    0x00, 0x00, 0x00, 0x00, 0x00, 0x00, 0x00, 0x00, 0x00, 0x00, 0x00, 0x00, 0x00, 0x00, 0x00, 0x00,
    0x00, 0x00, 0x29, 0x22, 0x92, 0x00, 0x00, 0x00, 0x00, 0x00, 0xaf, 0x99, 0xfa, 0x00, 0x00, 0x00,
    0x00, 0x00, 0x29, 0x21, 0x82, 0x00, 0x00, 0x00, 0x00, 0x00, 0x00, 0x02, 0x81, 0x29, 0x20, 0x00,
    0x00, 0x00, 0x00, 0x0a, 0xf9, 0x9f, 0xa0, 0x00, 0x00, 0x00, 0x00, 0x02, 0x92, 0x18, 0x20, 0x00,
    0x00, 0x00, 0x00, 0x00, 0x00, 0x28, 0x12, 0x92, 0x00, 0x00, 0x00, 0x00, 0x00, 0xaf, 0x99, 0xfa,
    0x00, 0x00, 0x00, 0x00, 0x00, 0x28, 0x22, 0x82, 0x00, 0x00, 0x00, 0x00, 0x00, 0x28, 0x22, 0x82,
    0x00, 0x00, 0x00, 0x00, 0x00, 0xaf, 0x99, 0xfa, 0x00, 0x00, 0x00, 0x00, 0x00, 0x28, 0x22, 0x82,
    0x00, 0x00, 0x00, 0x00, 0x00, 0x28, 0x22, 0x82, 0x00, 0x00, 0x00, 0x00, 0x00, 0xaf, 0x99, 0xfa,
    0x00, 0x00, 0x00, 0x00, 0x00, 0x28, 0x12, 0x92, 0x00, 0x00, 0x00, 0x02, 0x92, 0x18, 0x20, 0x00,
    0x00, 0x00, 0x00, 0x0a, 0xf9, 0x9f, 0xa0, 0x00, 0x00, 0x00, 0x00, 0x02, 0x81, 0x29, 0x20, 0x00,
    0x00, 0x00, 0x29, 0x21, 0x82, 0x00, 0x00, 0x00, 0x00, 0x00, 0xaf, 0x99, 0xfa, 0x00, 0x00, 0x00,
    0x00, 0x00, 0x29, 0x22, 0x92, 0x00, 0x00, 0x00, 0x00, 0x00, 0x00, 0x00, 0x00, 0x00, 0x00, 0x00,
    0x00, 0x00, 0x00, 0x00, 0x00, 0x00, 0x00, 0x00, 0x00, 0x00, 0x00, 0x00, 0x00, 0x00, 0x00, 0x00,
    0x00, 0x00, 0x00, 0x00, 0x00, 0x00, 0x00, 0x00, 0x00, 0x00, 0x00, 0x00, 0x00, 0x00, 0x00, 0x00,
    0x00, 0x00, 0x00, 0x00, 0x00, 0x00, 0x00, 0x02, 0x92, 0x29, 0x20, 0x00, 0x00, 0x02, 0x92, 0x29,
    0x20, 0x00, 0x00, 0x00, 0x00, 0x0a, 0xf9, 0x9f, 0xa0, 0x00, 0x00, 0x0a, 0xf9, 0x9f, 0xa0, 0x00,
    0x00, 0x00, 0x00, 0x02, 0x92, 0x18, 0x20, 0x00, 0x00, 0x02, 0x81, 0x29, 0x20, 0x00, 0x00, 0x00,
    0x00, 0x00, 0x00, 0x28, 0x12, 0x92, 0x29, 0x21, 0x82, 0x00, 0x00, 0x00, 0x00, 0x00, 0x00, 0x00,
    0x10, 0xaf, 0x99, 0xf9, 0x9f, 0x99, 0xfa, 0x01, 0x00, 0x00, 0x00, 0x00, 0x00, 0x00, 0x00, 0x28,
    0x22, 0x82, 0x28, 0x22, 0x82, 0x00, 0x00, 0x00, 0x00, 0x00, 0x29, 0x22, 0x92, 0x18, 0x22, 0x82,
    0x28, 0x22, 0x81, 0x29, 0x22, 0x92, 0x00, 0x00, 0xaf, 0x99, 0xf9, 0x9f, 0x99, 0xf9, 0x9f, 0x99,
    0xf9, 0x9f, 0x99, 0xfa, 0x00, 0x00, 0x29, 0x22, 0x92, 0x18, 0x22, 0x82, 0x28, 0x22, 0x81, 0x29,
    0x22, 0x92, 0x00, 0x00, 0x00, 0x00, 0x00, 0x28, 0x22, 0x82, 0x28, 0x22, 0x82, 0x00, 0x00, 0x00,
    0x00, 0x00, 0x00, 0x00, 0x10, 0xaf, 0x99, 0xf9, 0x9f, 0x99, 0xfa, 0x01, 0x00, 0x00, 0x00, 0x00,
    0x00, 0x00, 0x00, 0x28, 0x12, 0x92, 0x29, 0x21, 0x82, 0x00, 0x00, 0x00, 0x00, 0x00, 0x00, 0x02,
    0x92, 0x18, 0x20, 0x00, 0x00, 0x02, 0x81, 0x29, 0x20, 0x00, 0x00, 0x00, 0x00, 0x0a, 0xf9, 0x9f,
    0xa0, 0x00, 0x00, 0x0a, 0xf9, 0x9f, 0xa0, 0x00, 0x00, 0x00, 0x00, 0x02, 0x92, 0x29, 0x20, 0x00,
    0x00, 0x02, 0x92, 0x29, 0x20, 0x00, 0x00, 0x00, 0x00, 0x00, 0x00, 0x00, 0x00, 0x00, 0x00, 0x00,
    0x00, 0x00, 0x00, 0x00, 0x00, 0x00, 0x00, 0x00, 0x00, 0x00, 0x00, 0x00, 0x00, 0x00, 0x00, 0x00,
    0x00, 0x00, 0x00, 0x00, 0x00, 0x00, 0x00, 0x00, 0x00, 0x00, 0x00, 0x00, 0x00, 0x00, 0x00, 0x00,
    0x00, 0x00, 0x00, 0x00, 0x00, 0x00, 0x00, 0x00, 0x00, 0x00, 0x00, 0x00, 0x00, 0x29, 0x22, 0x92,
    0x00, 0x00, 0x00, 0x00, 0x00, 0x00, 0x00, 0x00, 0xaf, 0x99, 0xfa, 0x00, 0x00, 0x00, 0x00, 0x00,
    0x00, 0x00, 0x00, 0x28, 0x22, 0x82, 0x00, 0x00, 0x00, 0x00, 0x00, 0x00, 0x00, 0x00, 0x28, 0x22,
    0x82, 0x00, 0x00, 0x00, 0x00, 0x00, 0x00, 0x00, 0x00, 0xaf, 0x99, 0xfa, 0x00, 0x00, 0x00, 0x00,
    0x00, 0x00, 0x00, 0x00, 0x28, 0x22, 0x82, 0x00, 0x00, 0x00, 0x00, 0x00, 0x29, 0x22, 0x92, 0x18,
    0x22, 0x81, 0x29, 0x22, 0x92, 0x00, 0x00, 0xaf, 0x99, 0xf9, 0x9f, 0x99, 0xf9, 0x9f, 0x99, 0xfa,
    0x00, 0x00, 0x29, 0x22, 0x92, 0x18, 0x22, 0x81, 0x29, 0x22, 0x92, 0x00, 0x00, 0x00, 0x00, 0x00,
    0x28, 0x22, 0x82, 0x00, 0x00, 0x00, 0x00, 0x00, 0x00, 0x00, 0x00, 0xaf, 0x99, 0xfa, 0x00, 0x00,
    0x00, 0x00, 0x00, 0x00, 0x00, 0x00, 0x28, 0x22, 0x82, 0x00, 0x00, 0x00, 0x00, 0x00, 0x00, 0x00,
    0x00, 0x28, 0x22, 0x82, 0x00, 0x00, 0x00, 0x00, 0x00, 0x00, 0x00, 0x00, 0xaf, 0x99, 0xfa, 0x00,
    0x00, 0x00, 0x00, 0x00, 0x00, 0x00, 0x00, 0x29, 0x22, 0x92, 0x00, 0x00, 0x00, 0x00, 0x00, 0x00,
    0x00, 0x00, 0x00, 0x00, 0x00, 0x00, 0x00, 0x00, 0x00, 0x00, 0x00, 0x00, 0x00, 0x00, 0x00, 0x00,
    0x00, 0x00, 0x00, 0x00, 0x00, 0x00, 0x00, 0x00, 0x00, 0x00, 0x00, 0x00, 0x00, 0x00, 0x00, 0x00,
    0x00, 0x00, 0x00, 0x02, 0x92, 0x29, 0x20, 0x00, 0x00, 0x00, 0xaf, 0x99, 0xfa, 0x00, 0x00, 0x00,
    0x02, 0x82, 0x28, 0x20, 0x00, 0x00, 0x00, 0x28, 0x22, 0x82, 0x00, 0x00, 0x00, 0x0a, 0xf9, 0x9f,
    0xa0, 0x00, 0x00, 0x00, 0x28, 0x12, 0x92, 0x00, 0x00, 0x29, 0x21, 0x82, 0x00, 0x00, 0x00, 0x0a,
    0xf9, 0x9f, 0xa0, 0x00, 0x00, 0x00, 0x29, 0x22, 0x92, 0x00, 0x00, 0x00, 0x00, 0x00, 0x00, 0x00,
    0x00, 0x00, 0x00, 0x00, 0x00, 0x00, 0x00, 0x00, 0x00, 0x00, 0x00, 0x00, 0x00, 0x00, 0x00, 0x00,
    0x00, 0x00, 0x00, 0x00, 0x00, 0x00, 0x00, 0x00, 0x00, 0x00, 0x00, 0x00, 0x00, 0x00, 0x00, 0x00,
    0x29, 0x22, 0x92, 0x29, 0x22, 0x92, 0x29, 0x22, 0x92, 0x00, 0x00, 0xaf, 0x99, 0xf9, 0x9f, 0x99,
    0xf9, 0x9f, 0x99, 0xfa, 0x00, 0x00, 0x29, 0x22, 0x92, 0x29, 0x22, 0x92, 0x29, 0x22, 0x92, 0x00,
    0x00, 0x00, 0x00, 0x00, 0x00, 0x00, 0x00, 0x00, 0x00, 0x00, 0x00, 0x00, 0x00, 0x00, 0x00, 0x00,
    0x00, 0x00, 0x00, 0x00, 0x00, 0x00, 0x00, 0x00, 0x00, 0x00, 0x00, 0x00, 0x00, 0x00, 0x00, 0x00,
    0x00, 0x29, 0x22, 0x92, 0x00, 0x00, 0xaf, 0x99, 0xfa, 0x00, 0x00, 0x28, 0x22, 0x82, 0x00, 0x00,
    0x28, 0x22, 0x82, 0x00, 0x00, 0xaf, 0x99, 0xfa, 0x00, 0x00, 0x29, 0x22, 0x92, 0x00, 0x00, 0x00,
    0x00, 0x00, 0x00, 0x00, 0x00, 0x00, 0x00, 0x00, 0x00, 0x00, 0x00, 0x00, 0x00, 0x00, 0x00, 0x00,
    0x00, 0x00, 0x00, 0x00, 0x00, 0x00, 0x00, 0x00, 0x00, 0x00, 0x00, 0x00, 0x00, 0x00, 0x00, 0x00,
    0x00, 0x00, 0x00, 0x00, 0x00, 0x00, 0x00, 0x00, 0x00, 0x00, 0x00, 0x00, 0x00, 0x00, 0x29, 0x22,
    0x92, 0x00, 0x00, 0x00, 0x00, 0x00, 0x00, 0x00, 0x00, 0x00, 0x00, 0x00, 0xaf, 0x99, 0xfa, 0x00,
    0x00, 0x00, 0x00, 0x00, 0x00, 0x00, 0x00, 0x00, 0x00, 0x00, 0x28, 0x12, 0x92, 0x00, 0x00, 0x00,
    0x00, 0x00, 0x00, 0x00, 0x00, 0x00, 0x02, 0x92, 0x18, 0x20, 0x00, 0x00, 0x00, 0x00, 0x00, 0x00,
    0x00, 0x00, 0x00, 0x00, 0x0a, 0xf9, 0x9f, 0xa0, 0x00, 0x00, 0x00, 0x00, 0x00, 0x00, 0x00, 0x00,
    0x00, 0x00, 0x02, 0x81, 0x29, 0x20, 0x00, 0x00, 0x00, 0x00, 0x00, 0x00, 0x00, 0x00, 0x00, 0x29,
    0x21, 0x82, 0x00, 0x00, 0x00, 0x00, 0x00, 0x00, 0x00, 0x00, 0x00, 0x00, 0x00, 0xaf, 0x99, 0xfa,
    0x00, 0x00, 0x00, 0x00, 0x00, 0x00, 0x00, 0x00, 0x00, 0x00, 0x00, 0x28, 0x12, 0x92, 0x00, 0x00,
    0x00, 0x00, 0x00, 0x00, 0x00, 0x00, 0x00, 0x02, 0x92, 0x18, 0x20, 0x00, 0x00, 0x00, 0x00, 0x00,
    0x00, 0x00, 0x00, 0x00, 0x00, 0x0a, 0xf9, 0x9f, 0xa0, 0x00, 0x00, 0x00, 0x00, 0x00, 0x00, 0x00,
    0x00, 0x00, 0x00, 0x02, 0x81, 0x29, 0x20, 0x00, 0x00, 0x00, 0x00, 0x00, 0x00, 0x00, 0x00, 0x00,
    0x29, 0x21, 0x82, 0x00, 0x00, 0x00, 0x00, 0x00, 0x00, 0x00, 0x00, 0x00, 0x00, 0x00, 0xaf, 0x99,
    0xfa, 0x00, 0x00, 0x00, 0x00, 0x00, 0x00, 0x00, 0x00, 0x00, 0x00, 0x00, 0x28, 0x12, 0x92, 0x00,
    0x00, 0x00, 0x00, 0x00, 0x00, 0x00, 0x00, 0x00, 0x02, 0x92, 0x18, 0x20, 0x00, 0x00, 0x00, 0x00,
    0x00, 0x00, 0x00, 0x00, 0x00, 0x00, 0x0a, 0xf9, 0x9f, 0xa0, 0x00, 0x00, 0x00, 0x00, 0x00, 0x00,
    0x00, 0x00, 0x00, 0x00, 0x02, 0x81, 0x29, 0x20, 0x00, 0x00, 0x00, 0x00, 0x00, 0x00, 0x00, 0x00,
    0x00, 0x29, 0x21, 0x82, 0x00, 0x00, 0x00, 0x00, 0x00, 0x00, 0x00, 0x00, 0x00, 0x00, 0x00, 0xaf,
    0x99, 0xfa, 0x00, 0x00, 0x00, 0x00, 0x00, 0x00, 0x00, 0x00, 0x00, 0x00, 0x00, 0x29, 0x22, 0x92,
    0x00, 0x00, 0x00, 0x00, 0x00, 0x00, 0x00, 0x00, 0x00, 0x00, 0x00, 0x00, 0x00, 0x00, 0x00, 0x00,
    0x00, 0x00, 0x00, 0x00, 0x00, 0x00, 0x00, 0x00, 0x00, 0x00, 0x00, 0x00, 0x00, 0x00, 0x00, 0x00,
    0x00, 0x00, 0x00, 0x00, 0x00, 0x00, 0x00, 0x00, 0x00, 0x00, 0x00, 0x00, 0x00, 0x00, 0x00, 0x00,
    0x00, 0x00, 0x00, 0x00, 0x00, 0x00, 0x00, 0x00, 0x00, 0x00, 0x00, 0x00, 0x00, 0x00, 0x02, 0x92,
    0x29, 0x22, 0x92, 0x29, 0x20, 0x00, 0x00, 0x00, 0x00, 0x0a, 0xf9, 0x9f, 0x99, 0xf9, 0x9f, 0xa0,
    0x00, 0x00, 0x00, 0x00, 0x02, 0x81, 0x29, 0x22, 0x92, 0x18, 0x20, 0x00, 0x00, 0x00, 0x29, 0x21,
    0x82, 0x00, 0x00, 0x00, 0x28, 0x12, 0x92, 0x00, 0x00, 0xaf, 0x99, 0xfa, 0x00, 0x00, 0x10, 0xaf,
    0x99, 0xfa, 0x00, 0x00, 0x28, 0x22, 0x82, 0x00, 0x00, 0x00, 0x28, 0x22, 0x82, 0x00, 0x00, 0x28,
    0x22, 0x82, 0x00, 0x02, 0x92, 0x18, 0x22, 0x82, 0x00, 0x00, 0xaf, 0x99, 0xfa, 0x01, 0x0a, 0xf9,
    0x9f, 0x99, 0xfa, 0x00, 0x00, 0x28, 0x22, 0x82, 0x00, 0x02, 0x92, 0x18, 0x22, 0x82, 0x00, 0x00,
    0x28, 0x22, 0x81, 0x29, 0x20, 0x00, 0x28, 0x22, 0x82, 0x00, 0x00, 0xaf, 0x99, 0xf9, 0x9f, 0xa0,
    0x10, 0xaf, 0x99, 0xfa, 0x00, 0x00, 0x28, 0x22, 0x81, 0x29, 0x20, 0x00, 0x28, 0x22, 0x82, 0x00,
    0x00, 0x28, 0x22, 0x82, 0x00, 0x00, 0x00, 0x28, 0x22, 0x82, 0x00, 0x00, 0xaf, 0x99, 0xfa, 0x00,
    0x00, 0x00, 0xaf, 0x99, 0xfa, 0x00, 0x00, 0x28, 0x22, 0x82, 0x00, 0x00, 0x00, 0x28, 0x22, 0x82,
    0x00, 0x00, 0x28, 0x22, 0x82, 0x00, 0x00, 0x00, 0x28, 0x22, 0x82, 0x00, 0x00, 0xaf, 0x99, 0xfa,
    0x00, 0x00, 0x00, 0xaf, 0x99, 0xfa, 0x00, 0x00, 0x29, 0x21, 0x82, 0x00, 0x00, 0x00, 0x28, 0x12,
    0x92, 0x00, 0x00, 0x00, 0x02, 0x81, 0x29, 0x22, 0x92, 0x18, 0x20, 0x00, 0x00, 0x00, 0x00, 0x0a,
    0xf9, 0x9f, 0x99, 0xf9, 0x9f, 0xa0, 0x00, 0x00, 0x00, 0x00, 0x02, 0x92, 0x29, 0x22, 0x92, 0x29,
    0x20, 0x00, 0x00, 0x00, 0x00, 0x00, 0x00, 0x00, 0x00, 0x00, 0x00, 0x00, 0x00, 0x00, 0x00, 0x00,
    0x00, 0x00, 0x00, 0x00, 0x00, 0x00, 0x00, 0x00, 0x00, 0x00, 0x00, 0x00, 0x00, 0x00, 0x00, 0x00,
    0x00, 0x00, 0x00, 0x00, 0x00, 0x00, 0x00, 0x00, 0x00, 0x00, 0x00, 0x00, 0x00, 0x00, 0x00, 0x00,
    0x00, 0x00, 0x00, 0x29, 0x22, 0x92, 0x00, 0x00, 0x00, 0x00, 0x00, 0x00, 0x00, 0x00, 0xaf, 0x99,
    0xfa, 0x00, 0x00, 0x00, 0x00, 0x00, 0x00, 0x00, 0x00, 0x28, 0x22, 0x82, 0x00, 0x00, 0x00, 0x00,
    0x00, 0x00, 0x02, 0x92, 0x18, 0x22, 0x82, 0x00, 0x00, 0x00, 0x00, 0x00, 0x00, 0x0a, 0xf9, 0x9f,
    0x99, 0xfa, 0x00, 0x00, 0x00, 0x00, 0x00, 0x00, 0x02, 0x92, 0x18, 0x22, 0x82, 0x00, 0x00, 0x00,
    0x00, 0x00, 0x00, 0x00, 0x00, 0x28, 0x22, 0x82, 0x00, 0x00, 0x00, 0x00, 0x00, 0x00, 0x00, 0x00,
    0xaf, 0x99, 0xfa, 0x00, 0x00, 0x00, 0x00, 0x00, 0x00, 0x00, 0x00, 0x28, 0x22, 0x82, 0x00, 0x00,
    0x00, 0x00, 0x00, 0x00, 0x00, 0x00, 0x28, 0x22, 0x82, 0x00, 0x00, 0x00, 0x00, 0x00, 0x00, 0x00,
    0x00, 0xaf, 0x99, 0xfa, 0x00, 0x00, 0x00, 0x00, 0x00, 0x00, 0x00, 0x00, 0x28, 0x22, 0x82, 0x00,
    0x00, 0x00, 0x00, 0x00, 0x00, 0x00, 0x00, 0x28, 0x22, 0x82, 0x00, 0x00, 0x00, 0x00, 0x00, 0x00,
    0x00, 0x00, 0xaf, 0x99, 0xfa, 0x00, 0x00, 0x00, 0x00, 0x00, 0x00, 0x00, 0x00, 0x28, 0x22, 0x82,
    0x00, 0x00, 0x00, 0x00, 0x00, 0x00, 0x00, 0x00, 0x28, 0x22, 0x82, 0x00, 0x00, 0x00, 0x00, 0x00,
    0x00, 0x00, 0x00, 0xaf, 0x99, 0xfa, 0x00, 0x00, 0x00, 0x00, 0x00, 0x00, 0x00, 0x00, 0x28, 0x22,
    0x82, 0x00, 0x00, 0x00, 0x00, 0x00, 0x29, 0x22, 0x92, 0x18, 0x22, 0x81, 0x29, 0x22, 0x92, 0x00,
    0x00, 0xaf, 0x99, 0xf9, 0x9f, 0x99, 0xf9, 0x9f, 0x99, 0xfa, 0x00, 0x00, 0x29, 0x22, 0x92, 0x29,
    0x22, 0x92, 0x29, 0x22, 0x92, 0x00, 0x00, 0x00, 0x00, 0x00, 0x00, 0x00, 0x00, 0x00, 0x00, 0x00,
    0x00, 0x00, 0x00, 0x00, 0x00, 0x00, 0x00, 0x00, 0x00, 0x00, 0x00, 0x00, 0x00, 0x00, 0x00, 0x00,
    0x00, 0x00, 0x00, 0x00, 0x00, 0x00, 0x00, 0x00, 0x00, 0x00, 0x00, 0x00, 0x00, 0x00, 0x00, 0x00,
    0x00, 0x00, 0x00, 0x00, 0x02, 0x92, 0x29, 0x22, 0x92, 0x29, 0x20, 0x00, 0x00, 0x00, 0x00, 0x0a,
    0xf9, 0x9f, 0x99, 0xf9, 0x9f, 0xa0, 0x00, 0x00, 0x00, 0x00, 0x02, 0x81, 0x29, 0x22, 0x92, 0x18,
    0x20, 0x00, 0x00, 0x00, 0x29, 0x21, 0x82, 0x00, 0x00, 0x00, 0x28, 0x12, 0x92, 0x00, 0x00, 0xaf,
    0x99, 0xfa, 0x00, 0x00, 0x10, 0xaf, 0x99, 0xfa, 0x00, 0x00, 0x29, 0x22, 0x92, 0x00, 0x00, 0x00,
    0x28, 0x12, 0x92, 0x00, 0x00, 0x00, 0x00, 0x00, 0x00, 0x02, 0x92, 0x18, 0x20, 0x00, 0x00, 0x00,
    0x00, 0x00, 0x00, 0x00, 0x0a, 0xf9, 0x9f, 0xa0, 0x00, 0x00, 0x00, 0x00, 0x00, 0x00, 0x00, 0x02,
    0x81, 0x29, 0x20, 0x00, 0x00, 0x00, 0x00, 0x00, 0x00, 0x29, 0x21, 0x82, 0x00, 0x00, 0x00, 0x00,
    0x00, 0x00, 0x00, 0x00, 0xaf, 0x99, 0xfa, 0x00, 0x00, 0x00, 0x00, 0x00, 0x00, 0x00, 0x00, 0x28,
    0x12, 0x92, 0x00, 0x00, 0x00, 0x00, 0x00, 0x00, 0x02, 0x92, 0x18, 0x20, 0x00, 0x00, 0x00, 0x00,
    0x00, 0x00, 0x00, 0x0a, 0xf9, 0x9f, 0xa0, 0x00, 0x00, 0x00, 0x00, 0x00, 0x00, 0x00, 0x02, 0x81,
    0x29, 0x20, 0x00, 0x00, 0x00, 0x00, 0x00, 0x00, 0x29, 0x21, 0x82, 0x00, 0x00, 0x00, 0x00, 0x00,
    0x00, 0x00, 0x00, 0xaf, 0x99, 0xfa, 0x01, 0x00, 0x00, 0x00, 0x00, 0x00, 0x00, 0x00, 0x28, 0x22,
    0x82, 0x00, 0x00, 0x00, 0x00, 0x00, 0x00, 0x00, 0x00, 0x28, 0x22, 0x81, 0x29, 0x22, 0x92, 0x29,
    0x22, 0x92, 0x00, 0x00, 0xaf, 0x99, 0xf9, 0x9f, 0x99, 0xf9, 0x9f, 0x99, 0xfa, 0x00, 0x00, 0x29,
    0x22, 0x92, 0x29, 0x22, 0x92, 0x29, 0x22, 0x92, 0x00, 0x00, 0x00, 0x00, 0x00, 0x00, 0x00, 0x00,
    0x00, 0x00, 0x00, 0x00, 0x00, 0x00, 0x00, 0x00, 0x00, 0x00, 0x00, 0x00, 0x00, 0x00, 0x00, 0x00,
    0x00, 0x00, 0x00, 0x00, 0x00, 0x00, 0x00, 0x00, 0x00, 0x00, 0x00, 0x00, 0x00, 0x00, 0x00, 0x00,
    0x00, 0x00, 0x00, 0x00, 0x00, 0x00, 0x00, 0x02, 0x92, 0x29, 0x22, 0x92, 0x29, 0x20, 0x00, 0x00,
    0x00, 0x00, 0x0a, 0xf9, 0x9f, 0x99, 0xf9, 0x9f, 0xa0, 0x00, 0x00, 0x00, 0x00, 0x02, 0x81, 0x29,
    0x22, 0x92, 0x18, 0x20, 0x00, 0x00, 0x00, 0x29, 0x21, 0x82, 0x00, 0x00, 0x00, 0x28, 0x12, 0x92,
    0x00, 0x00, 0xaf, 0x99, 0xfa, 0x00, 0x00, 0x00, 0xaf, 0x99, 0xfa, 0x00, 0x00, 0x29, 0x22, 0x92,
    0x00, 0x00, 0x00, 0x28, 0x22, 0x82, 0x00, 0x00, 0x00, 0x00, 0x00, 0x00, 0x00, 0x00, 0x28, 0x22,
    0x82, 0x00, 0x00, 0x00, 0x00, 0x00, 0x00, 0x00, 0x00, 0xaf, 0x99, 0xfa, 0x00, 0x00, 0x00, 0x00,
    0x00, 0x00, 0x00, 0x00, 0x28, 0x12, 0x92, 0x00, 0x00, 0x00, 0x00, 0x00, 0x29, 0x22, 0x92, 0x18,
    0x20, 0x00, 0x00, 0x00, 0x00, 0x00, 0x00, 0xaf, 0x99, 0xf9, 0x9f, 0xa0, 0x10, 0x00, 0x00, 0x00,
    0x00, 0x00, 0x29, 0x22, 0x92, 0x18, 0x20, 0x00, 0x00, 0x00, 0x00, 0x00, 0x00, 0x00, 0x00, 0x00,
    0x28, 0x12, 0x92, 0x00, 0x00, 0x00, 0x00, 0x00, 0x00, 0x00, 0x00, 0xaf, 0x99, 0xfa, 0x00, 0x00,
    0x00, 0x00, 0x00, 0x00, 0x00, 0x00, 0x28, 0x22, 0x82, 0x00, 0x00, 0x29, 0x22, 0x92, 0x00, 0x00,
    0x00, 0x28, 0x22, 0x82, 0x00, 0x00, 0xaf, 0x99, 0xfa, 0x00, 0x00, 0x00, 0xaf, 0x99, 0xfa, 0x00,
    0x00, 0x29, 0x21, 0x82, 0x00, 0x00, 0x00, 0x28, 0x12, 0x92, 0x00, 0x00, 0x00, 0x02, 0x81, 0x29,
    0x22, 0x92, 0x18, 0x20, 0x00, 0x00, 0x00, 0x00, 0x0a, 0xf9, 0x9f, 0x99, 0xf9, 0x9f, 0xa0, 0x00,
    0x00, 0x00, 0x00, 0x02, 0x92, 0x29, 0x22, 0x92, 0x29, 0x20, 0x00, 0x00, 0x00, 0x00, 0x00, 0x00,
    0x00, 0x00, 0x00, 0x00, 0x00, 0x00, 0x00, 0x00, 0x00, 0x00, 0x00, 0x00, 0x00, 0x00, 0x00, 0x00,
    0x00, 0x00, 0x00, 0x00, 0x00, 0x00, 0x00, 0x00, 0x00, 0x00, 0x00, 0x00, 0x00, 0x00, 0x00, 0x00,
    0x00, 0x00, 0x00, 0x00, 0x00, 0x00, 0x00, 0x00, 0x00, 0x00, 0x00, 0x00, 0x00, 0x00, 0x00, 0x00,
    0x02, 0x92, 0x29, 0x22, 0x92, 0x00, 0x00, 0x00, 0x00, 0x00, 0x00, 0x00, 0x00, 0xaf, 0x99, 0xf9,
    0x9f, 0xa0, 0x00, 0x00, 0x00, 0x00, 0x00, 0x00, 0x00, 0x02, 0x82, 0x28, 0x22, 0x82, 0x00, 0x00,
    0x00, 0x00, 0x00, 0x00, 0x02, 0x92, 0x18, 0x22, 0x82, 0x28, 0x20, 0x00, 0x00, 0x00, 0x00, 0x00,
    0x00, 0xaf, 0x99, 0xf9, 0x9f, 0x99, 0xfa, 0x00, 0x00, 0x00, 0x00, 0x00, 0x00, 0x02, 0x81, 0x29,
    0x21, 0x82, 0x28, 0x20, 0x00, 0x00, 0x00, 0x00, 0x02, 0x92, 0x18, 0x20, 0x00, 0x28, 0x22, 0x82,
    0x00, 0x00, 0x00, 0x00, 0x00, 0xaf, 0x99, 0xfa, 0x01, 0x0a, 0xf9, 0x9f, 0xa0, 0x00, 0x00, 0x00,
    0x00, 0x02, 0x81, 0x29, 0x20, 0x00, 0x28, 0x22, 0x82, 0x00, 0x00, 0x00, 0x02, 0x92, 0x18, 0x20,
    0x00, 0x00, 0x02, 0x82, 0x28, 0x20, 0x00, 0x00, 0x00, 0xaf, 0x99, 0xfa, 0x01, 0x00, 0x00, 0xaf,
    0x99, 0xfa, 0x00, 0x00, 0x00, 0x02, 0x82, 0x28, 0x20, 0x00, 0x00, 0x02, 0x82, 0x28, 0x20, 0x00,
    0x00, 0x00, 0x28, 0x22, 0x81, 0x29, 0x22, 0x92, 0x18, 0x22, 0x81, 0x29, 0x20, 0x00, 0x0a, 0xf9,
    0x9f, 0x99, 0xf9, 0x9f, 0x99, 0xf9, 0x9f, 0x99, 0xfa, 0x00, 0x00, 0x29, 0x22, 0x92, 0x29, 0x22,
    0x92, 0x18, 0x22, 0x81, 0x29, 0x20, 0x00, 0x00, 0x00, 0x00, 0x00, 0x00, 0x00, 0x02, 0x82, 0x28,
    0x20, 0x00, 0x00, 0x00, 0x00, 0x00, 0x00, 0x00, 0x00, 0x00, 0xaf, 0x99, 0xfa, 0x00, 0x00, 0x00,
    0x00, 0x00, 0x00, 0x00, 0x00, 0x00, 0x02, 0x82, 0x28, 0x20, 0x00, 0x00, 0x00, 0x00, 0x00, 0x00,
    0x00, 0x00, 0x00, 0x28, 0x22, 0x82, 0x00, 0x00, 0x00, 0x00, 0x00, 0x00, 0x00, 0x00, 0x00, 0x0a,
    0xf9, 0x9f, 0xa0, 0x00, 0x00, 0x00, 0x00, 0x00, 0x00, 0x00, 0x00, 0x00, 0x29, 0x22, 0x92, 0x00,
    0x00, 0x00, 0x00, 0x00, 0x00, 0x00, 0x00, 0x00, 0x00, 0x00, 0x00, 0x00, 0x00, 0x00, 0x00, 0x00,
    0x00, 0x00, 0x00, 0x00, 0x00, 0x00, 0x00, 0x00, 0x00, 0x00, 0x00, 0x00, 0x00, 0x00, 0x00, 0x00,
    0x00, 0x00, 0x00, 0x00, 0x00, 0x00, 0x00, 0x00, 0x00, 0x00, 0x00, 0x00, 0x00, 0x00, 0x00, 0x00,
    0x00, 0x00, 0x29, 0x22, 0x92, 0x29, 0x22, 0x92, 0x29, 0x22, 0x92, 0x00, 0x00, 0xaf, 0x99, 0xf9,
    0x9f, 0x99, 0xf9, 0x9f, 0x99, 0xfa, 0x00, 0x00, 0x28, 0x22, 0x81, 0x29, 0x22, 0x92, 0x29, 0x22,
    0x92, 0x00, 0x00, 0x28, 0x22, 0x82, 0x00, 0x00, 0x00, 0x00, 0x00, 0x00, 0x00, 0x00, 0xaf, 0x99,
    0xfa, 0x01, 0x00, 0x00, 0x00, 0x00, 0x00, 0x00, 0x00, 0x28, 0x22, 0x82, 0x00, 0x00, 0x00, 0x00,
    0x00, 0x00, 0x00, 0x00, 0x28, 0x22, 0x81, 0x29, 0x22, 0x92, 0x29, 0x20, 0x00, 0x00, 0x00, 0xaf,
    0x99, 0xf9, 0x9f, 0x99, 0xf9, 0x9f, 0xa0, 0x00, 0x00, 0x00, 0x29, 0x22, 0x92, 0x29, 0x22, 0x92,
    0x18, 0x20, 0x00, 0x00, 0x00, 0x00, 0x00, 0x00, 0x00, 0x00, 0x00, 0x28, 0x12, 0x92, 0x00, 0x00,
    0x00, 0x00, 0x00, 0x00, 0x00, 0x00, 0xaf, 0x99, 0xfa, 0x00, 0x00, 0x00, 0x00, 0x00, 0x00, 0x00,
    0x00, 0x28, 0x22, 0x82, 0x00, 0x00, 0x00, 0x00, 0x00, 0x00, 0x00, 0x00, 0x28, 0x22, 0x82, 0x00,
    0x00, 0x00, 0x00, 0x00, 0x00, 0x00, 0x00, 0xaf, 0x99, 0xfa, 0x00, 0x00, 0x00, 0x00, 0x00, 0x00,
    0x00, 0x00, 0x28, 0x22, 0x82, 0x00, 0x00, 0x29, 0x22, 0x92, 0x00, 0x00, 0x00, 0x28, 0x22, 0x82,
    0x00, 0x00, 0xaf, 0x99, 0xfa, 0x00, 0x00, 0x00, 0xaf, 0x99, 0xfa, 0x00, 0x00, 0x29, 0x21, 0x82,
    0x00, 0x00, 0x00, 0x28, 0x12, 0x92, 0x00, 0x00, 0x00, 0x02, 0x81, 0x29, 0x22, 0x92, 0x18, 0x20,
    0x00, 0x00, 0x00, 0x00, 0x0a, 0xf9, 0x9f, 0x99, 0xf9, 0x9f, 0xa0, 0x00, 0x00, 0x00, 0x00, 0x02,
    0x92, 0x29, 0x22, 0x92, 0x29, 0x20, 0x00, 0x00, 0x00, 0x00, 0x00, 0x00, 0x00, 0x00, 0x00, 0x00,
    0x00, 0x00, 0x00, 0x00, 0x00, 0x00, 0x00, 0x00, 0x00, 0x00, 0x00, 0x00, 0x00, 0x00, 0x00, 0x00,
    0x00, 0x00, 0x00, 0x00, 0x00, 0x00, 0x00, 0x00, 0x00, 0x00, 0x00, 0x00, 0x00, 0x00, 0x00, 0x00,
    0x00, 0x00, 0x00, 0x00, 0x00, 0x00, 0x00, 0x00, 0x29, 0x22, 0x92, 0x29, 0x20, 0x00, 0x00, 0x00,
    0x00, 0x00, 0x00, 0xaf, 0x99, 0xf9, 0x9f, 0xa0, 0x00, 0x00, 0x00, 0x00, 0x00, 0x00, 0x28, 0x12,
    0x92, 0x29, 0x20, 0x00, 0x00, 0x00, 0x00, 0x02, 0x92, 0x18, 0x20, 0x00, 0x00, 0x00, 0x00, 0x00,
    0x00, 0x00, 0x0a, 0xf9, 0x9f, 0xa0, 0x00, 0x00, 0x00, 0x00, 0x00, 0x00, 0x00, 0x02, 0x81, 0x29,
    0x20, 0x00, 0x00, 0x00, 0x00, 0x00, 0x00, 0x29, 0x21, 0x82, 0x00, 0x00, 0x00, 0x00, 0x00, 0x00,
    0x00, 0x00, 0xaf, 0x99, 0xfa, 0x01, 0x00, 0x00, 0x00, 0x00, 0x00, 0x00, 0x00, 0x28, 0x22, 0x82,
    0x00, 0x00, 0x00, 0x00, 0x00, 0x00, 0x00, 0x00, 0x28, 0x22, 0x81, 0x29, 0x22, 0x92, 0x29, 0x20,
    0x00, 0x00, 0x00, 0xaf, 0x99, 0xf9, 0x9f, 0x99, 0xf9, 0x9f, 0xa0, 0x00, 0x00, 0x00, 0x28, 0x22,
    0x81, 0x29, 0x22, 0x92, 0x18, 0x20, 0x00, 0x00, 0x00, 0x28, 0x22, 0x82, 0x00, 0x00, 0x00, 0x28,
    0x12, 0x92, 0x00, 0x00, 0xaf, 0x99, 0xfa, 0x00, 0x00, 0x00, 0xaf, 0x99, 0xfa, 0x00, 0x00, 0x28,
    0x22, 0x82, 0x00, 0x00, 0x00, 0x28, 0x22, 0x82, 0x00, 0x00, 0x28, 0x22, 0x82, 0x00, 0x00, 0x00,
    0x28, 0x22, 0x82, 0x00, 0x00, 0xaf, 0x99, 0xfa, 0x00, 0x00, 0x00, 0xaf, 0x99, 0xfa, 0x00, 0x00,
    0x29, 0x21, 0x82, 0x00, 0x00, 0x00, 0x28, 0x12, 0x92, 0x00, 0x00, 0x00, 0x02, 0x81, 0x29, 0x22,
    0x92, 0x18, 0x20, 0x00, 0x00, 0x00, 0x00, 0x0a, 0xf9, 0x9f, 0x99, 0xf9, 0x9f, 0xa0, 0x00, 0x00,
    0x00, 0x00, 0x02, 0x92, 0x29, 0x22, 0x92, 0x29, 0x20, 0x00, 0x00, 0x00, 0x00, 0x00, 0x00, 0x00,
    0x00, 0x00, 0x00, 0x00, 0x00, 0x00, 0x00, 0x00, 0x00, 0x00, 0x00, 0x00, 0x00, 0x00, 0x00, 0x00,
    0x00, 0x00, 0x00, 0x00, 0x00, 0x00, 0x00, 0x00, 0x00, 0x00, 0x00, 0x00, 0x00, 0x00, 0x00, 0x00,
    0x00, 0x00, 0x00, 0x00, 0x00, 0x00, 0x00, 0x00, 0x29, 0x22, 0x92, 0x29, 0x22, 0x92, 0x29, 0x22,
    0x92, 0x00, 0x00, 0xaf, 0x99, 0xf9, 0x9f, 0x99, 0xf9, 0x9f, 0x99, 0xfa, 0x00, 0x00, 0x29, 0x22,
    0x92, 0x29, 0x22, 0x92, 0x18, 0x22, 0x82, 0x00, 0x00, 0x00, 0x00, 0x00, 0x00, 0x00, 0x00, 0x28,
    0x22, 0x82, 0x00, 0x00, 0x00, 0x00, 0x00, 0x00, 0x00, 0x00, 0xaf, 0x99, 0xfa, 0x00, 0x00, 0x00,
    0x00, 0x00, 0x00, 0x00, 0x00, 0x28, 0x22, 0x82, 0x00, 0x00, 0x00, 0x00, 0x00, 0x00, 0x00, 0x00,
    0x28, 0x22, 0x82, 0x00, 0x00, 0x00, 0x00, 0x00, 0x00, 0x00, 0x00, 0xaf, 0x99, 0xfa, 0x00, 0x00,
    0x00, 0x00, 0x00, 0x00, 0x00, 0x00, 0x28, 0x12, 0x92, 0x00, 0x00, 0x00, 0x00, 0x00, 0x00, 0x02,
    0x92, 0x18, 0x20, 0x00, 0x00, 0x00, 0x00, 0x00, 0x00, 0x00, 0x0a, 0xf9, 0x9f, 0xa0, 0x00, 0x00,
    0x00, 0x00, 0x00, 0x00, 0x00, 0x02, 0x81, 0x29, 0x20, 0x00, 0x00, 0x00, 0x00, 0x00, 0x00, 0x29,
    0x21, 0x82, 0x00, 0x00, 0x00, 0x00, 0x00, 0x00, 0x00, 0x00, 0xaf, 0x99, 0xfa, 0x00, 0x00, 0x00,
    0x00, 0x00, 0x00, 0x00, 0x00, 0x28, 0x22, 0x82, 0x00, 0x00, 0x00, 0x00, 0x00, 0x00, 0x00, 0x00,
    0x28, 0x22, 0x82, 0x00, 0x00, 0x00, 0x00, 0x00, 0x00, 0x00, 0x00, 0xaf, 0x99, 0xfa, 0x00, 0x00,
    0x00, 0x00, 0x00, 0x00, 0x00, 0x00, 0x28, 0x22, 0x82, 0x00, 0x00, 0x00, 0x00, 0x00, 0x00, 0x00,
    0x00, 0x28, 0x22, 0x82, 0x00, 0x00, 0x00, 0x00, 0x00, 0x00, 0x00, 0x00, 0xaf, 0x99, 0xfa, 0x00,
    0x00, 0x00, 0x00, 0x00, 0x00, 0x00, 0x00, 0x29, 0x22, 0x92, 0x00, 0x00, 0x00, 0x00, 0x00, 0x00,
    0x00, 0x00, 0x00, 0x00, 0x00, 0x00, 0x00, 0x00, 0x00, 0x00, 0x00, 0x00, 0x00, 0x00, 0x00, 0x00,
    0x00, 0x00, 0x00, 0x00, 0x00, 0x00, 0x00, 0x00, 0x00, 0x00, 0x00, 0x00, 0x00, 0x00, 0x00, 0x00,
    0x00, 0x00, 0x00, 0x00, 0x00, 0x00, 0x00, 0x00, 0x00, 0x00, 0x00, 0x00, 0x02, 0x92, 0x29, 0x22,
    0x92, 0x29, 0x20, 0x00, 0x00, 0x00, 0x00, 0x0a, 0xf9, 0x9f, 0x99, 0xf9, 0x9f, 0xa0, 0x00, 0x00,
    0x00, 0x00, 0x02, 0x81, 0x29, 0x22, 0x92, 0x18, 0x20, 0x00, 0x00, 0x00, 0x29, 0x21, 0x82, 0x00,
    0x00, 0x00, 0x28, 0x12, 0x92, 0x00, 0x00, 0xaf, 0x99, 0xfa, 0x00, 0x00, 0x00, 0xaf, 0x99, 0xfa,
    0x00, 0x00, 0x28, 0x22, 0x82, 0x00, 0x00, 0x00, 0x28, 0x22, 0x82, 0x00, 0x00, 0x28, 0x22, 0x82,
    0x00, 0x00, 0x00, 0x28, 0x22, 0x82, 0x00, 0x00, 0xaf, 0x99, 0xfa, 0x00, 0x00, 0x00, 0xaf, 0x99,
    0xfa, 0x00, 0x00, 0x29, 0x21, 0x82, 0x00, 0x00, 0x00, 0x28, 0x12, 0x92, 0x00, 0x00, 0x00, 0x02,
    0x81, 0x29, 0x22, 0x92, 0x18, 0x20, 0x00, 0x00, 0x00, 0x01, 0x0a, 0xf9, 0x9f, 0x99, 0xf9, 0x9f,
    0xa0, 0x10, 0x00, 0x00, 0x00, 0x02, 0x81, 0x29, 0x22, 0x92, 0x18, 0x20, 0x00, 0x00, 0x00, 0x29,
    0x21, 0x82, 0x00, 0x00, 0x00, 0x28, 0x12, 0x92, 0x00, 0x00, 0xaf, 0x99, 0xfa, 0x00, 0x00, 0x00,
    0xaf, 0x99, 0xfa, 0x00, 0x00, 0x28, 0x22, 0x82, 0x00, 0x00, 0x00, 0x28, 0x22, 0x82, 0x00, 0x00,
    0x28, 0x22, 0x82, 0x00, 0x00, 0x00, 0x28, 0x22, 0x82, 0x00, 0x00, 0xaf, 0x99, 0xfa, 0x00, 0x00,
    0x00, 0xaf, 0x99, 0xfa, 0x00, 0x00, 0x29, 0x21, 0x82, 0x00, 0x00, 0x00, 0x28, 0x12, 0x92, 0x00,
    0x00, 0x00, 0x02, 0x81, 0x29, 0x22, 0x92, 0x18, 0x20, 0x00, 0x00, 0x00, 0x00, 0x0a, 0xf9, 0x9f,
    0x99, 0xf9, 0x9f, 0xa0, 0x00, 0x00, 0x00, 0x00, 0x02, 0x92, 0x29, 0x22, 0x92, 0x29, 0x20, 0x00,
    0x00, 0x00, 0x00, 0x00, 0x00, 0x00, 0x00, 0x00, 0x00, 0x00, 0x00, 0x00, 0x00, 0x00, 0x00, 0x00,
    0x00, 0x00, 0x00, 0x00, 0x00, 0x00, 0x00, 0x00, 0x00, 0x00, 0x00, 0x00, 0x00, 0x00, 0x00, 0x00,
    0x00, 0x00, 0x00, 0x00, 0x00, 0x00, 0x00, 0x00, 0x00, 0x00, 0x00, 0x00, 0x00, 0x00, 0x00, 0x02,
    0x92, 0x29, 0x22, 0x92, 0x29, 0x20, 0x00, 0x00, 0x00, 0x00, 0x0a, 0xf9, 0x9f, 0x99, 0xf9, 0x9f,
    0xa0, 0x00, 0x00, 0x00, 0x00, 0x02, 0x81, 0x29, 0x22, 0x92, 0x18, 0x20, 0x00, 0x00, 0x00, 0x29,
    0x21, 0x82, 0x00, 0x00, 0x00, 0x28, 0x12, 0x92, 0x00, 0x00, 0xaf, 0x99, 0xfa, 0x00, 0x00, 0x00,
    0xaf, 0x99, 0xfa, 0x00, 0x00, 0x28, 0x22, 0x82, 0x00, 0x00, 0x00, 0x28, 0x22, 0x82, 0x00, 0x00,
    0x28, 0x22, 0x82, 0x00, 0x00, 0x00, 0x28, 0x22, 0x82, 0x00, 0x00, 0xaf, 0x99, 0xfa, 0x00, 0x00,
    0x00, 0xaf, 0x99, 0xfa, 0x00, 0x00, 0x29, 0x21, 0x82, 0x00, 0x00, 0x00, 0x28, 0x22, 0x82, 0x00,
    0x00, 0x00, 0x02, 0x81, 0x29, 0x22, 0x92, 0x18, 0x22, 0x82, 0x00, 0x00, 0x00, 0x0a, 0xf9, 0x9f,
    0x99, 0xf9, 0x9f, 0x99, 0xfa, 0x00, 0x00, 0x00, 0x02, 0x92, 0x29, 0x22, 0x92, 0x18, 0x22, 0x82,
    0x00, 0x00, 0x00, 0x00, 0x00, 0x00, 0x00, 0x00, 0x28, 0x22, 0x82, 0x00, 0x00, 0x00, 0x00, 0x00,
    0x00, 0x00, 0x10, 0xaf, 0x99, 0xfa, 0x00, 0x00, 0x00, 0x00, 0x00, 0x00, 0x00, 0x00, 0x28, 0x12,
    0x92, 0x00, 0x00, 0x00, 0x00, 0x00, 0x00, 0x02, 0x92, 0x18, 0x20, 0x00, 0x00, 0x00, 0x00, 0x00,
    0x00, 0x00, 0x0a, 0xf9, 0x9f, 0xa0, 0x00, 0x00, 0x00, 0x00, 0x00, 0x00, 0x00, 0x02, 0x81, 0x29,
    0x20, 0x00, 0x00, 0x00, 0x00, 0x02, 0x92, 0x29, 0x21, 0x82, 0x00, 0x00, 0x00, 0x00, 0x00, 0x00,
    0x0a, 0xf9, 0x9f, 0x99, 0xfa, 0x00, 0x00, 0x00, 0x00, 0x00, 0x00, 0x02, 0x92, 0x29, 0x22, 0x92,
    0x00, 0x00, 0x00, 0x00, 0x00, 0x00, 0x00, 0x00, 0x00, 0x00, 0x00, 0x00, 0x00, 0x00, 0x00, 0x00,
    0x00, 0x00, 0x00, 0x00, 0x00, 0x00, 0x00, 0x00, 0x00, 0x00, 0x00, 0x00, 0x00, 0x00, 0x00, 0x00,
    0x00, 0x00, 0x00, 0x00, 0x00, 0x29, 0x22, 0x92, 0x00, 0x00, 0xaf, 0x99, 0xfa, 0x00, 0x00, 0x28,
    0x22, 0x82, 0x00, 0x00, 0x28, 0x22, 0x82, 0x00, 0x00, 0xaf, 0x99, 0xfa, 0x00, 0x00, 0x29, 0x22,
    0x92, 0x00, 0x00, 0x00, 0x00, 0x00, 0x00, 0x00, 0x00, 0x00, 0x00, 0x00, 0x00, 0x00, 0x00, 0x00,
    0x00, 0x00, 0x00, 0x00, 0x00, 0x00, 0x00, 0x00, 0x00, 0x00, 0x00, 0x00, 0x00, 0x00, 0x00, 0x00,
    0x00, 0x29, 0x22, 0x92, 0x00, 0x00, 0xaf, 0x99, 0xfa, 0x00, 0x00, 0x28, 0x22, 0x82, 0x00, 0x00,
    0x28, 0x22, 0x82, 0x00, 0x00, 0xaf, 0x99, 0xfa, 0x00, 0x00, 0x29, 0x22, 0x92, 0x00, 0x00, 0x00,
    0x00, 0x00, 0x00, 0x00, 0x00, 0x00, 0x00, 0x00, 0x00, 0x00, 0x00, 0x00, 0x00, 0x00, 0x00, 0x00,
    0x00, 0x00, 0x00, 0x00, 0x00, 0x00, 0x00, 0x02, 0x92, 0x29, 0x20, 0x00, 0x00, 0x00, 0xaf, 0x99,
    0xfa, 0x00, 0x00, 0x00, 0x02, 0x82, 0x28, 0x20, 0x00, 0x00, 0x00, 0x28, 0x22, 0x82, 0x00, 0x00,
    0x00, 0x0a, 0xf9, 0x9f, 0xa0, 0x00, 0x00, 0x00, 0x29, 0x22, 0x92, 0x00, 0x00, 0x00, 0x00, 0x00,
    0x00, 0x00, 0x00, 0x00, 0x00, 0x00, 0x00, 0x00, 0x00, 0x00, 0x00, 0x00, 0x00, 0x00, 0x00, 0x00,
    0x00, 0x00, 0x00, 0x00, 0x00, 0x00, 0x00, 0x00, 0x00, 0x00, 0x00, 0x00, 0x00, 0x00, 0x00, 0x00,
    0x00, 0x00, 0x00, 0x00, 0x00, 0x02, 0x92, 0x29, 0x20, 0x00, 0x00, 0x00, 0xaf, 0x99, 0xfa, 0x00,
    0x00, 0x00, 0x02, 0x82, 0x28, 0x20, 0x00, 0x00, 0x00, 0x28, 0x22, 0x82, 0x00, 0x00, 0x00, 0x0a,
    0xf9, 0x9f, 0xa0, 0x00, 0x00, 0x00, 0x28, 0x12, 0x92, 0x00, 0x00, 0x29, 0x21, 0x82, 0x00, 0x00,
    0x00, 0x0a, 0xf9, 0x9f, 0xa0, 0x00, 0x00, 0x00, 0x29, 0x22, 0x92, 0x00, 0x00, 0x00, 0x00, 0x00,
    0x00, 0x00, 0x00, 0x00, 0x00, 0x00, 0x00, 0x00, 0x00, 0x00, 0x00, 0x00, 0x00, 0x00, 0x00, 0x00,
    0x00, 0x00, 0x00, 0x00, 0x00, 0x00, 0x00, 0x00, 0x00, 0x00, 0x00, 0x00, 0x00, 0x00, 0x00, 0x00,
    0x00, 0x00, 0x00, 0x02, 0x92, 0x29, 0x20, 0x00, 0x00, 0x00, 0x00, 0x00, 0x00, 0xaf, 0x99, 0xfa,
    0x00, 0x00, 0x00, 0x00, 0x00, 0x00, 0x02, 0x81, 0x29, 0x20, 0x00, 0x00, 0x00, 0x00, 0x02, 0x92,
    0x18, 0x20, 0x00, 0x00, 0x00, 0x00, 0x00, 0x00, 0xaf, 0x99, 0xfa, 0x00, 0x00, 0x00, 0x00, 0x00,
    0x00, 0x02, 0x81, 0x29, 0x20, 0x00, 0x00, 0x00, 0x00, 0x02, 0x92, 0x18, 0x20, 0x00, 0x00, 0x00,
    0x00, 0x00, 0x00, 0xaf, 0x99, 0xfa, 0x00, 0x00, 0x00, 0x00, 0x00, 0x00, 0x02, 0x81, 0x29, 0x20,
    0x00, 0x00, 0x00, 0x00, 0x02, 0x92, 0x18, 0x20, 0x00, 0x00, 0x00, 0x00, 0x00, 0x00, 0xaf, 0x99,
    0xfa, 0x01, 0x00, 0x00, 0x00, 0x00, 0x00, 0x02, 0x92, 0x18, 0x20, 0x00, 0x00, 0x00, 0x00, 0x00,
    0x00, 0x00, 0x02, 0x81, 0x29, 0x20, 0x00, 0x00, 0x00, 0x00, 0x00, 0x00, 0xaf, 0x99, 0xfa, 0x00,
    0x00, 0x00, 0x00, 0x00, 0x00, 0x02, 0x92, 0x18, 0x20, 0x00, 0x00, 0x00, 0x00, 0x00, 0x00, 0x00,
    0x02, 0x81, 0x29, 0x20, 0x00, 0x00, 0x00, 0x00, 0x00, 0x00, 0xaf, 0x99, 0xfa, 0x00, 0x00, 0x00,
    0x00, 0x00, 0x00, 0x02, 0x92, 0x18, 0x20, 0x00, 0x00, 0x00, 0x00, 0x00, 0x00, 0x00, 0x02, 0x81,
    0x29, 0x20, 0x00, 0x00, 0x00, 0x00, 0x00, 0x00, 0xaf, 0x99, 0xfa, 0x00, 0x00, 0x00, 0x00, 0x00,
    0x00, 0x02, 0x92, 0x29, 0x20, 0x00, 0x00, 0x00, 0x00, 0x00, 0x00, 0x00, 0x00, 0x00, 0x00, 0x00,
    0x00, 0x00, 0x00, 0x00, 0x00, 0x00, 0x00, 0x00, 0x00, 0x00, 0x00, 0x00, 0x00, 0x00, 0x00, 0x00,
    0x00, 0x00, 0x00, 0x00, 0x00, 0x00, 0x00, 0x00, 0x00, 0x00, 0x00, 0x00, 0x00, 0x00, 0x00, 0x00,
    0x29, 0x22, 0x92, 0x29, 0x22, 0x92, 0x29, 0x22, 0x92, 0x00, 0x00, 0xaf, 0x99, 0xf9, 0x9f, 0x99,
    0xf9, 0x9f, 0x99, 0xfa, 0x00, 0x00, 0x29, 0x22, 0x92, 0x29, 0x22, 0x92, 0x29, 0x22, 0x92, 0x00,
    0x00, 0x00, 0x00, 0x00, 0x00, 0x00, 0x00, 0x00, 0x00, 0x00, 0x00, 0x00, 0x00, 0x00, 0x00, 0x00,
    0x00, 0x00, 0x00, 0x00, 0x00, 0x00, 0x00, 0x00, 0x00, 0x00, 0x00, 0x00, 0x00, 0x00, 0x00, 0x00,
    0x00, 0x00, 0x29, 0x22, 0x92, 0x29, 0x22, 0x92, 0x29, 0x22, 0x92, 0x00, 0x00, 0xaf, 0x99, 0xf9,
    0x9f, 0x99, 0xf9, 0x9f, 0x99, 0xfa, 0x00, 0x00, 0x29, 0x22, 0x92, 0x29, 0x22, 0x92, 0x29, 0x22,
    0x92, 0x00, 0x00, 0x00, 0x00, 0x00, 0x00, 0x00, 0x00, 0x00, 0x00, 0x00, 0x00, 0x00, 0x00, 0x00,
    0x00, 0x00, 0x00, 0x00, 0x00, 0x00, 0x00, 0x00, 0x00, 0x00, 0x00, 0x00, 0x00, 0x00, 0x00, 0x00,
    0x00, 0x00, 0x00, 0x00, 0x00, 0x00, 0x00, 0x00, 0x00, 0x00, 0x00, 0x00, 0x29, 0x22, 0x92, 0x00,
    0x00, 0x00, 0x00, 0x00, 0x00, 0x0a, 0xf9, 0x9f, 0xa0, 0x00, 0x00, 0x00, 0x00, 0x00, 0x00, 0x29,
    0x21, 0x82, 0x00, 0x00, 0x00, 0x00, 0x00, 0x00, 0x00, 0x00, 0x28, 0x12, 0x92, 0x00, 0x00, 0x00,
    0x00, 0x00, 0x00, 0x0a, 0xf9, 0x9f, 0xa0, 0x00, 0x00, 0x00, 0x00, 0x00, 0x00, 0x29, 0x21, 0x82,
    0x00, 0x00, 0x00, 0x00, 0x00, 0x00, 0x00, 0x00, 0x28, 0x12, 0x92, 0x00, 0x00, 0x00, 0x00, 0x00,
    0x00, 0x0a, 0xf9, 0x9f, 0xa0, 0x00, 0x00, 0x00, 0x00, 0x00, 0x00, 0x29, 0x21, 0x82, 0x00, 0x00,
    0x00, 0x00, 0x00, 0x00, 0x00, 0x00, 0x28, 0x12, 0x92, 0x00, 0x00, 0x00, 0x00, 0x00, 0x01, 0x0a,
    0xf9, 0x9f, 0xa0, 0x00, 0x00, 0x00, 0x00, 0x00, 0x00, 0x28, 0x12, 0x92, 0x00, 0x00, 0x00, 0x00,
    0x00, 0x29, 0x21, 0x82, 0x00, 0x00, 0x00, 0x00, 0x00, 0x00, 0x0a, 0xf9, 0x9f, 0xa0, 0x00, 0x00,
    0x00, 0x00, 0x00, 0x00, 0x28, 0x12, 0x92, 0x00, 0x00, 0x00, 0x00, 0x00, 0x29, 0x21, 0x82, 0x00,
    0x00, 0x00, 0x00, 0x00, 0x00, 0x0a, 0xf9, 0x9f, 0xa0, 0x00, 0x00, 0x00, 0x00, 0x00, 0x00, 0x28,
    0x12, 0x92, 0x00, 0x00, 0x00, 0x00, 0x00, 0x29, 0x21, 0x82, 0x00, 0x00, 0x00, 0x00, 0x00, 0x00,
    0x0a, 0xf9, 0x9f, 0xa0, 0x00, 0x00, 0x00, 0x00, 0x00, 0x00, 0x29, 0x22, 0x92, 0x00, 0x00, 0x00,
    0x00, 0x00, 0x00, 0x00, 0x00, 0x00, 0x00, 0x00, 0x00, 0x00, 0x00, 0x00, 0x00, 0x00, 0x00, 0x00,
    0x00, 0x00, 0x00, 0x00, 0x00, 0x00, 0x00, 0x00, 0x00, 0x00, 0x00, 0x00, 0x00, 0x00, 0x00, 0x00,
    0x00, 0x00, 0x00, 0x00, 0x00, 0x00, 0x00, 0x00, 0x00, 0x00, 0x00, 0x00, 0x00, 0x00, 0x02, 0x92,
    0x29, 0x22, 0x92, 0x29, 0x20, 0x00, 0x00, 0x00, 0x00, 0x0a, 0xf9, 0x9f, 0x99, 0xf9, 0x9f, 0xa0,
    0x00, 0x00, 0x00, 0x00, 0x02, 0x81, 0x29, 0x22, 0x92, 0x18, 0x20, 0x00, 0x00, 0x00, 0x29, 0x21,
    0x82, 0x00, 0x00, 0x00, 0x28, 0x12, 0x92, 0x00, 0x00, 0xaf, 0x99, 0xfa, 0x00, 0x00, 0x00, 0xaf,
    0x99, 0xfa, 0x00, 0x00, 0x29, 0x22, 0x92, 0x00, 0x00, 0x00, 0x28, 0x22, 0x82, 0x00, 0x00, 0x00,
    0x00, 0x00, 0x00, 0x00, 0x00, 0x28, 0x22, 0x82, 0x00, 0x00, 0x00, 0x00, 0x00, 0x00, 0x00, 0x00,
    0xaf, 0x99, 0xfa, 0x00, 0x00, 0x00, 0x00, 0x00, 0x00, 0x00, 0x00, 0x28, 0x12, 0x92, 0x00, 0x00,
    0x00, 0x00, 0x00, 0x00, 0x02, 0x92, 0x18, 0x20, 0x00, 0x00, 0x00, 0x00, 0x00, 0x00, 0x00, 0x0a,
    0xf9, 0x9f, 0xa0, 0x00, 0x00, 0x00, 0x00, 0x00, 0x00, 0x00, 0x02, 0x81, 0x29, 0x20, 0x00, 0x00,
    0x00, 0x00, 0x00, 0x00, 0x29, 0x21, 0x82, 0x00, 0x00, 0x00, 0x00, 0x00, 0x00, 0x00, 0x00, 0xaf,
    0x99, 0xfa, 0x00, 0x00, 0x00, 0x00, 0x00, 0x00, 0x00, 0x00, 0x29, 0x22, 0x92, 0x00, 0x00, 0x00,
    0x00, 0x00, 0x00, 0x00, 0x00, 0x00, 0x00, 0x00, 0x00, 0x00, 0x00, 0x00, 0x00, 0x00, 0x00, 0x00,
    0x00, 0x00, 0x00, 0x00, 0x00, 0x00, 0x00, 0x00, 0x00, 0x00, 0x00, 0x00, 0x00, 0x00, 0x00, 0x00,
    0x00, 0x00, 0x00, 0x00, 0x00, 0x00, 0x29, 0x22, 0x92, 0x00, 0x00, 0x00, 0x00, 0x00, 0x00, 0x00,
    0x00, 0xaf, 0x99, 0xfa, 0x00, 0x00, 0x00, 0x00, 0x00, 0x00, 0x00, 0x00, 0x29, 0x22, 0x92, 0x00,
    0x00, 0x00, 0x00, 0x00, 0x00, 0x00, 0x00, 0x00, 0x00, 0x00, 0x00, 0x00, 0x00, 0x00, 0x00, 0x00,
    0x00, 0x00, 0x00, 0x00, 0x00, 0x00, 0x00, 0x00, 0x00, 0x00, 0x00, 0x00, 0x00, 0x00, 0x00, 0x00,
    0x00, 0x00, 0x00, 0x00, 0x00, 0x00, 0x00, 0x00, 0x00, 0x00, 0x00, 0x00, 0x00, 0x00, 0x00, 0x00,
    0x00, 0x00, 0x00, 0x00, 0x02, 0x92, 0x29, 0x22, 0x92, 0x29, 0x22, 0x92, 0x00, 0x00, 0x00, 0x00,
    0x00, 0xaf, 0x99, 0xf9, 0x9f, 0x99, 0xf9, 0x9f, 0xa0, 0x00, 0x00, 0x00, 0x00, 0x02, 0x81, 0x29,
    0x22, 0x92, 0x29, 0x21, 0x82, 0x00, 0x00, 0x00, 0x02, 0x92, 0x18, 0x20, 0x00, 0x00, 0x00, 0x00,
    0x28, 0x12, 0x92, 0x00, 0x00, 0xaf, 0x99, 0xfa, 0x00, 0x00, 0x00, 0x01, 0x0a, 0xf9, 0x9f, 0xa0,
    0x00, 0x02, 0x82, 0x28, 0x20, 0x00, 0x00, 0x00, 0x00, 0x28, 0x22, 0x82, 0x00, 0x00, 0x28, 0x22,
    0x82, 0x00, 0x02, 0x92, 0x29, 0x21, 0x82, 0x28, 0x20, 0x00, 0x0a, 0xf9, 0x9f, 0xa0, 0x00, 0xaf,
    0x99, 0xf9, 0x9f, 0x99, 0xfa, 0x00, 0x00, 0x28, 0x22, 0x82, 0x00, 0x02, 0x82, 0x28, 0x22, 0x82,
    0x28, 0x20, 0x00, 0x02, 0x82, 0x28, 0x20, 0x00, 0x28, 0x22, 0x82, 0x28, 0x22, 0x82, 0x00, 0x00,
    0xaf, 0x99, 0xfa, 0x00, 0x0a, 0xf9, 0x9f, 0x99, 0xf9, 0x9f, 0xa0, 0x00, 0x02, 0x82, 0x28, 0x20,
    0x00, 0x28, 0x22, 0x82, 0x28, 0x22, 0x82, 0x00, 0x00, 0x28, 0x22, 0x82, 0x00, 0x02, 0x82, 0x28,
    0x22, 0x82, 0x28, 0x20, 0x00, 0x0a, 0xf9, 0x9f, 0xa0, 0x00, 0xaf, 0x99, 0xf9, 0x9f, 0x99, 0xfa,
    0x00, 0x00, 0x28, 0x22, 0x82, 0x00, 0x02, 0x92, 0x29, 0x22, 0x92, 0x29, 0x20, 0x00, 0x02, 0x82,
    0x28, 0x20, 0x00, 0x00, 0x00, 0x00, 0x00, 0x00, 0x00, 0x00, 0x00, 0xaf, 0x99, 0xfa, 0x00, 0x00,
    0x00, 0x00, 0x00, 0x00, 0x00, 0x00, 0x00, 0x02, 0x92, 0x18, 0x20, 0x00, 0x00, 0x00, 0x00, 0x00,
    0x00, 0x00, 0x00, 0x00, 0x00, 0x02, 0x81, 0x29, 0x22, 0x92, 0x29, 0x22, 0x92, 0x00, 0x00, 0x00,
    0x00, 0x00, 0xaf, 0x99, 0xf9, 0x9f, 0x99, 0xf9, 0x9f, 0xa0, 0x00, 0x00, 0x00, 0x00, 0x02, 0x92,
    0x29, 0x22, 0x92, 0x29, 0x22, 0x92, 0x00, 0x00, 0x00, 0x00, 0x00, 0x00, 0x00, 0x00, 0x00, 0x00,
    0x00, 0x00, 0x00, 0x00, 0x00, 0x00, 0x00, 0x00, 0x00, 0x00, 0x00, 0x00, 0x00, 0x00, 0x00, 0x00,
    0x00, 0x00, 0x00, 0x00, 0x00, 0x00, 0x00, 0x00, 0x00, 0x00, 0x00, 0x00, 0x00, 0x00, 0x00, 0x00,
    0x00, 0x00, 0x00, 0x00, 0x00, 0x00, 0x00, 0x00, 0x00, 0x00, 0x00, 0x00, 0x29, 0x22, 0x92, 0x00,
    0x00, 0x00, 0x00, 0x00, 0x00, 0x00, 0x00, 0xaf, 0x99, 0xfa, 0x00, 0x00, 0x00, 0x00, 0x00, 0x00,
    0x00, 0x00, 0x28, 0x22, 0x82, 0x00, 0x00, 0x00, 0x00, 0x00, 0x00, 0x02, 0x92, 0x18, 0x22, 0x81,
    0x29, 0x20, 0x00, 0x00, 0x00, 0x00, 0x0a, 0xf9, 0x9f, 0x99, 0xf9, 0x9f, 0xa0, 0x00, 0x00, 0x00,
    0x00, 0x02, 0x81, 0x29, 0x22, 0x92, 0x18, 0x20, 0x00, 0x00, 0x00, 0x29, 0x21, 0x82, 0x00, 0x00,
    0x00, 0x28, 0x12, 0x92, 0x00, 0x00, 0xaf, 0x99, 0xfa, 0x00, 0x00, 0x00, 0xaf, 0x99, 0xfa, 0x00,
    0x00, 0x28, 0x22, 0x82, 0x00, 0x00, 0x00, 0x28, 0x22, 0x82, 0x00, 0x00, 0x28, 0x22, 0x82, 0x00,
    0x00, 0x00, 0x28, 0x22, 0x82, 0x00, 0x00, 0xaf, 0x99, 0xfa, 0x00, 0x00, 0x00, 0xaf, 0x99, 0xfa,
    0x00, 0x00, 0x28, 0x22, 0x82, 0x00, 0x00, 0x00, 0x28, 0x22, 0x82, 0x00, 0x00, 0x28, 0x22, 0x81,
    0x29, 0x22, 0x92, 0x18, 0x22, 0x82, 0x00, 0x00, 0xaf, 0x99, 0xf9, 0x9f, 0x99, 0xf9, 0x9f, 0x99,
    0xfa, 0x00, 0x00, 0x28, 0x22, 0x81, 0x29, 0x22, 0x92, 0x18, 0x22, 0x82, 0x00, 0x00, 0x28, 0x22,
    0x82, 0x00, 0x00, 0x00, 0x28, 0x22, 0x82, 0x00, 0x00, 0xaf, 0x99, 0xfa, 0x00, 0x00, 0x00, 0xaf,
    0x99, 0xfa, 0x00, 0x00, 0x28, 0x22, 0x82, 0x00, 0x00, 0x00, 0x28, 0x22, 0x82, 0x00, 0x00, 0x28,
    0x22, 0x82, 0x00, 0x00, 0x00, 0x28, 0x22, 0x82, 0x00, 0x00, 0xaf, 0x99, 0xfa, 0x00, 0x00, 0x00,
    0xaf, 0x99, 0xfa, 0x00, 0x00, 0x29, 0x22, 0x92, 0x00, 0x00, 0x00, 0x29, 0x22, 0x92, 0x00, 0x00,
    0x00, 0x00, 0x00, 0x00, 0x00, 0x00, 0x00, 0x00, 0x00, 0x00, 0x00, 0x00, 0x00, 0x00, 0x00, 0x00,
    0x00, 0x00, 0x00, 0x00, 0x00, 0x00, 0x00, 0x00, 0x00, 0x00, 0x00, 0x00, 0x00, 0x00, 0x00, 0x00,
    0x00, 0x00, 0x00, 0x00, 0x00, 0x00, 0x00, 0x00, 0x00, 0x00, 0x00, 0x00, 0x29, 0x22, 0x92, 0x29,
    0x22, 0x92, 0x29, 0x20, 0x00, 0x00, 0x00, 0xaf, 0x99, 0xf9, 0x9f, 0x99, 0xf9, 0x9f, 0xa0, 0x00,
    0x00, 0x00, 0x28, 0x22, 0x81, 0x29, 0x22, 0x92, 0x18, 0x20, 0x00, 0x00, 0x00, 0x28, 0x22, 0x82,
    0x00, 0x00, 0x00, 0x28, 0x12, 0x92, 0x00, 0x00, 0xaf, 0x99, 0xfa, 0x00, 0x00, 0x00, 0xaf, 0x99,
    0xfa, 0x00, 0x00, 0x28, 0x22, 0x82, 0x00, 0x00, 0x00, 0x28, 0x22, 0x82, 0x00, 0x00, 0x28, 0x22,
    0x82, 0x00, 0x00, 0x00, 0x28, 0x22, 0x82, 0x00, 0x00, 0xaf, 0x99, 0xfa, 0x00, 0x00, 0x00, 0xaf,
    0x99, 0xfa, 0x00, 0x00, 0x28, 0x22, 0x82, 0x00, 0x00, 0x00, 0x28, 0x12, 0x92, 0x00, 0x00, 0x28,
    0x22, 0x81, 0x29, 0x22, 0x92, 0x18, 0x20, 0x00, 0x00, 0x00, 0xaf, 0x99, 0xf9, 0x9f, 0x99, 0xf9,
    0x9f, 0xa0, 0x10, 0x00, 0x00, 0x28, 0x22, 0x81, 0x29, 0x22, 0x92, 0x18, 0x20, 0x00, 0x00, 0x00,
    0x28, 0x22, 0x82, 0x00, 0x00, 0x00, 0x28, 0x12, 0x92, 0x00, 0x00, 0xaf, 0x99, 0xfa, 0x00, 0x00,
    0x00, 0xaf, 0x99, 0xfa, 0x00, 0x00, 0x28, 0x22, 0x82, 0x00, 0x00, 0x00, 0x28, 0x22, 0x82, 0x00,
    0x00, 0x28, 0x22, 0x82, 0x00, 0x00, 0x00, 0x28, 0x22, 0x82, 0x00, 0x00, 0xaf, 0x99, 0xfa, 0x00,
    0x00, 0x00, 0xaf, 0x99, 0xfa, 0x00, 0x00, 0x28, 0x22, 0x82, 0x00, 0x00, 0x00, 0x28, 0x12, 0x92,
    0x00, 0x00, 0x28, 0x22, 0x81, 0x29, 0x22, 0x92, 0x18, 0x20, 0x00, 0x00, 0x00, 0xaf, 0x99, 0xf9,
    0x9f, 0x99, 0xf9, 0x9f, 0xa0, 0x00, 0x00, 0x00, 0x29, 0x22, 0x92, 0x29, 0x22, 0x92, 0x29, 0x20,
    0x00, 0x00, 0x00, 0x00, 0x00, 0x00, 0x00, 0x00, 0x00, 0x00, 0x00, 0x00, 0x00, 0x00, 0x00, 0x00,
    0x00, 0x00, 0x00, 0x00, 0x00, 0x00, 0x00, 0x00, 0x00, 0x00, 0x00, 0x00, 0x00, 0x00, 0x00, 0x00,
    0x00, 0x00, 0x00, 0x00, 0x00, 0x00, 0x00, 0x00, 0x00, 0x00, 0x00, 0x00, 0x00, 0x00, 0x00, 0x00,
    0x02, 0x92, 0x29, 0x22, 0x92, 0x29, 0x20, 0x00, 0x00, 0x00, 0x00, 0x0a, 0xf9, 0x9f, 0x99, 0xf9,
    0x9f, 0xa0, 0x00, 0x00, 0x00, 0x00, 0x02, 0x81, 0x29, 0x22, 0x92, 0x18, 0x20, 0x00, 0x00, 0x00,
    0x29, 0x21, 0x82, 0x00, 0x00, 0x00, 0x28, 0x12, 0x92, 0x00, 0x00, 0xaf, 0x99, 0xfa, 0x00, 0x00,
    0x00, 0xaf, 0x99, 0xfa, 0x00, 0x00, 0x28, 0x22, 0x82, 0x00, 0x00, 0x00, 0x29, 0x22, 0x92, 0x00,
    0x00, 0x28, 0x22, 0x82, 0x00, 0x00, 0x00, 0x00, 0x00, 0x00, 0x00, 0x00, 0xaf, 0x99, 0xfa, 0x00,
    0x00, 0x00, 0x00, 0x00, 0x00, 0x00, 0x00, 0x28, 0x22, 0x82, 0x00, 0x00, 0x00, 0x00, 0x00, 0x00,
    0x00, 0x00, 0x28, 0x22, 0x82, 0x00, 0x00, 0x00, 0x00, 0x00, 0x00, 0x00, 0x00, 0xaf, 0x99, 0xfa,
    0x00, 0x00, 0x00, 0x00, 0x00, 0x00, 0x00, 0x00, 0x28, 0x22, 0x82, 0x00, 0x00, 0x00, 0x00, 0x00,
    0x00, 0x00, 0x00, 0x28, 0x22, 0x82, 0x00, 0x00, 0x00, 0x00, 0x00, 0x00, 0x00, 0x00, 0xaf, 0x99,
    0xfa, 0x00, 0x00, 0x00, 0x00, 0x00, 0x00, 0x00, 0x00, 0x28, 0x22, 0x82, 0x00, 0x00, 0x00, 0x00,
    0x00, 0x00, 0x00, 0x00, 0x28, 0x22, 0x82, 0x00, 0x00, 0x00, 0x29, 0x22, 0x92, 0x00, 0x00, 0xaf,
    0x99, 0xfa, 0x00, 0x00, 0x00, 0xaf, 0x99, 0xfa, 0x00, 0x00, 0x29, 0x21, 0x82, 0x00, 0x00, 0x00,
    0x28, 0x12, 0x92, 0x00, 0x00, 0x00, 0x02, 0x81, 0x29, 0x22, 0x92, 0x18, 0x20, 0x00, 0x00, 0x00,
    0x00, 0x0a, 0xf9, 0x9f, 0x99, 0xf9, 0x9f, 0xa0, 0x00, 0x00, 0x00, 0x00, 0x02, 0x92, 0x29, 0x22,
    0x92, 0x29, 0x20, 0x00, 0x00, 0x00, 0x00, 0x00, 0x00, 0x00, 0x00, 0x00, 0x00, 0x00, 0x00, 0x00,
    0x00, 0x00, 0x00, 0x00, 0x00, 0x00, 0x00, 0x00, 0x00, 0x00, 0x00, 0x00, 0x00, 0x00, 0x00, 0x00,
    0x00, 0x00, 0x00, 0x00, 0x00, 0x00, 0x00, 0x00, 0x00, 0x00, 0x00, 0x00, 0x00, 0x00, 0x00, 0x00,
    0x00, 0x00, 0x29, 0x22, 0x92, 0x29, 0x22, 0x92, 0x00, 0x00, 0x00, 0x00, 0x00, 0xaf, 0x99, 0xf9,
    0x9f, 0x99, 0xfa, 0x00, 0x00, 0x00, 0x00, 0x00, 0x28, 0x22, 0x81, 0x29, 0x21, 0x82, 0x00, 0x00,
    0x00, 0x00, 0x00, 0x28, 0x22, 0x82, 0x00, 0x02, 0x81, 0x29, 0x20, 0x00, 0x00, 0x00, 0xaf, 0x99,
    0xfa, 0x01, 0x0a, 0xf9, 0x9f, 0xa0, 0x00, 0x00, 0x00, 0x28, 0x22, 0x82, 0x00, 0x02, 0x92, 0x18,
    0x20, 0x00, 0x00, 0x00, 0x28, 0x22, 0x82, 0x00, 0x00, 0x00, 0x28, 0x12, 0x92, 0x00, 0x00, 0xaf,
    0x99, 0xfa, 0x00, 0x00, 0x00, 0xaf, 0x99, 0xfa, 0x00, 0x00, 0x28, 0x22, 0x82, 0x00, 0x00, 0x00,
    0x28, 0x22, 0x82, 0x00, 0x00, 0x28, 0x22, 0x82, 0x00, 0x00, 0x00, 0x28, 0x22, 0x82, 0x00, 0x00,
    0xaf, 0x99, 0xfa, 0x00, 0x00, 0x00, 0xaf, 0x99, 0xfa, 0x00, 0x00, 0x28, 0x22, 0x82, 0x00, 0x00,
    0x00, 0x28, 0x22, 0x82, 0x00, 0x00, 0x28, 0x22, 0x82, 0x00, 0x00, 0x00, 0x28, 0x22, 0x82, 0x00,
    0x00, 0xaf, 0x99, 0xfa, 0x00, 0x00, 0x00, 0xaf, 0x99, 0xfa, 0x00, 0x00, 0x28, 0x22, 0x82, 0x00,
    0x00, 0x00, 0x28, 0x12, 0x92, 0x00, 0x00, 0x28, 0x22, 0x82, 0x00, 0x02, 0x92, 0x18, 0x20, 0x00,
    0x00, 0x00, 0xaf, 0x99, 0xfa, 0x01, 0x0a, 0xf9, 0x9f, 0xa0, 0x00, 0x00, 0x00, 0x28, 0x22, 0x82,
    0x00, 0x02, 0x81, 0x29, 0x20, 0x00, 0x00, 0x00, 0x28, 0x22, 0x81, 0x29, 0x21, 0x82, 0x00, 0x00,
    0x00, 0x00, 0x00, 0xaf, 0x99, 0xf9, 0x9f, 0x99, 0xfa, 0x00, 0x00, 0x00, 0x00, 0x00, 0x29, 0x22,
    0x92, 0x29, 0x22, 0x92, 0x00, 0x00, 0x00, 0x00, 0x00, 0x00, 0x00, 0x00, 0x00, 0x00, 0x00, 0x00,
    0x00, 0x00, 0x00, 0x00, 0x00, 0x00, 0x00, 0x00, 0x00, 0x00, 0x00, 0x00, 0x00, 0x00, 0x00, 0x00,
    0x00, 0x00, 0x00, 0x00, 0x00, 0x00, 0x00, 0x00, 0x00, 0x00, 0x00, 0x00, 0x00, 0x00, 0x00, 0x00,
    0x00, 0x00, 0x00, 0x00, 0x00, 0x29, 0x22, 0x92, 0x29, 0x22, 0x92, 0x29, 0x22, 0x92, 0x00, 0x00,
    0xaf, 0x99, 0xf9, 0x9f, 0x99, 0xf9, 0x9f, 0x99, 0xfa, 0x00, 0x00, 0x28, 0x22, 0x81, 0x29, 0x22,
    0x92, 0x29, 0x22, 0x92, 0x00, 0x00, 0x28, 0x22, 0x82, 0x00, 0x00, 0x00, 0x00, 0x00, 0x00, 0x00,
    0x00, 0xaf, 0x99, 0xfa, 0x00, 0x00, 0x00, 0x00, 0x00, 0x00, 0x00, 0x00, 0x28, 0x22, 0x82, 0x00,
    0x00, 0x00, 0x00, 0x00, 0x00, 0x00, 0x00, 0x28, 0x22, 0x82, 0x00, 0x00, 0x00, 0x00, 0x00, 0x00,
    0x00, 0x00, 0xaf, 0x99, 0xfa, 0x00, 0x00, 0x00, 0x00, 0x00, 0x00, 0x00, 0x00, 0x28, 0x22, 0x82,
    0x00, 0x00, 0x00, 0x00, 0x00, 0x00, 0x00, 0x00, 0x28, 0x22, 0x81, 0x29, 0x22, 0x92, 0x29, 0x20,
    0x00, 0x00, 0x00, 0xaf, 0x99, 0xf9, 0x9f, 0x99, 0xf9, 0x9f, 0xa0, 0x00, 0x00, 0x00, 0x28, 0x22,
    0x81, 0x29, 0x22, 0x92, 0x29, 0x20, 0x00, 0x00, 0x00, 0x28, 0x22, 0x82, 0x00, 0x00, 0x00, 0x00,
    0x00, 0x00, 0x00, 0x00, 0xaf, 0x99, 0xfa, 0x00, 0x00, 0x00, 0x00, 0x00, 0x00, 0x00, 0x00, 0x28,
    0x22, 0x82, 0x00, 0x00, 0x00, 0x00, 0x00, 0x00, 0x00, 0x00, 0x28, 0x22, 0x82, 0x00, 0x00, 0x00,
    0x00, 0x00, 0x00, 0x00, 0x00, 0xaf, 0x99, 0xfa, 0x00, 0x00, 0x00, 0x00, 0x00, 0x00, 0x00, 0x00,
    0x28, 0x22, 0x82, 0x00, 0x00, 0x00, 0x00, 0x00, 0x00, 0x00, 0x00, 0x28, 0x22, 0x81, 0x29, 0x22,
    0x92, 0x29, 0x22, 0x92, 0x00, 0x00, 0xaf, 0x99, 0xf9, 0x9f, 0x99, 0xf9, 0x9f, 0x99, 0xfa, 0x00,
    0x00, 0x29, 0x22, 0x92, 0x29, 0x22, 0x92, 0x29, 0x22, 0x92, 0x00, 0x00, 0x00, 0x00, 0x00, 0x00,
    0x00, 0x00, 0x00, 0x00, 0x00, 0x00, 0x00, 0x00, 0x00, 0x00, 0x00, 0x00, 0x00, 0x00, 0x00, 0x00,
    0x00, 0x00, 0x00, 0x00, 0x00, 0x00, 0x00, 0x00, 0x00, 0x00, 0x00, 0x00, 0x00, 0x00, 0x00, 0x00,
    0x00, 0x00, 0x00, 0x00, 0x00, 0x00, 0x00, 0x00, 0x29, 0x22, 0x92, 0x29, 0x22, 0x92, 0x29, 0x22,
    0x92, 0x00, 0x00, 0xaf, 0x99, 0xf9, 0x9f, 0x99, 0xf9, 0x9f, 0x99, 0xfa, 0x00, 0x00, 0x28, 0x22,
    0x81, 0x29, 0x22, 0x92, 0x29, 0x22, 0x92, 0x00, 0x00, 0x28, 0x22, 0x82, 0x00, 0x00, 0x00, 0x00,
    0x00, 0x00, 0x00, 0x00, 0xaf, 0x99, 0xfa, 0x00, 0x00, 0x00, 0x00, 0x00, 0x00, 0x00, 0x00, 0x28,
    0x22, 0x82, 0x00, 0x00, 0x00, 0x00, 0x00, 0x00, 0x00, 0x00, 0x28, 0x22, 0x82, 0x00, 0x00, 0x00,
    0x00, 0x00, 0x00, 0x00, 0x00, 0xaf, 0x99, 0xfa, 0x00, 0x00, 0x00, 0x00, 0x00, 0x00, 0x00, 0x00,
    0x28, 0x22, 0x82, 0x00, 0x00, 0x00, 0x00, 0x00, 0x00, 0x00, 0x00, 0x28, 0x22, 0x81, 0x29, 0x22,
    0x92, 0x29, 0x20, 0x00, 0x00, 0x00, 0xaf, 0x99, 0xf9, 0x9f, 0x99, 0xf9, 0x9f, 0xa0, 0x00, 0x00,
    0x00, 0x28, 0x22, 0x81, 0x29, 0x22, 0x92, 0x29, 0x20, 0x00, 0x00, 0x00, 0x28, 0x22, 0x82, 0x00,
    0x00, 0x00, 0x00, 0x00, 0x00, 0x00, 0x00, 0xaf, 0x99, 0xfa, 0x00, 0x00, 0x00, 0x00, 0x00, 0x00,
    0x00, 0x00, 0x28, 0x22, 0x82, 0x00, 0x00, 0x00, 0x00, 0x00, 0x00, 0x00, 0x00, 0x28, 0x22, 0x82,
    0x00, 0x00, 0x00, 0x00, 0x00, 0x00, 0x00, 0x00, 0xaf, 0x99, 0xfa, 0x00, 0x00, 0x00, 0x00, 0x00,
    0x00, 0x00, 0x00, 0x28, 0x22, 0x82, 0x00, 0x00, 0x00, 0x00, 0x00, 0x00, 0x00, 0x00, 0x28, 0x22,
    0x82, 0x00, 0x00, 0x00, 0x00, 0x00, 0x00, 0x00, 0x00, 0xaf, 0x99, 0xfa, 0x00, 0x00, 0x00, 0x00,
    0x00, 0x00, 0x00, 0x00, 0x29, 0x22, 0x92, 0x00, 0x00, 0x00, 0x00, 0x00, 0x00, 0x00, 0x00, 0x00,
    0x00, 0x00, 0x00, 0x00, 0x00, 0x00, 0x00, 0x00, 0x00, 0x00, 0x00, 0x00, 0x00, 0x00, 0x00, 0x00,
    0x00, 0x00, 0x00, 0x00, 0x00, 0x00, 0x00, 0x00, 0x00, 0x00, 0x00, 0x00, 0x00, 0x00, 0x00, 0x00,
    0x00, 0x00, 0x00, 0x00, 0x00, 0x00, 0x00, 0x00, 0x00, 0x00, 0x00, 0x00, 0x02, 0x92, 0x29, 0x22,
    0x92, 0x29, 0x20, 0x00, 0x00, 0x00, 0x00, 0x0a, 0xf9, 0x9f, 0x99, 0xf9, 0x9f, 0xa0, 0x00, 0x00,
    0x00, 0x00, 0x02, 0x81, 0x29, 0x22, 0x92, 0x18, 0x20, 0x00, 0x00, 0x00, 0x29, 0x21, 0x82, 0x00,
    0x00, 0x00, 0x28, 0x12, 0x92, 0x00, 0x00, 0xaf, 0x99, 0xfa, 0x00, 0x00, 0x00, 0xaf, 0x99, 0xfa,
    0x00, 0x00, 0x28, 0x22, 0x82, 0x00, 0x00, 0x00, 0x29, 0x22, 0x92, 0x00, 0x00, 0x28, 0x22, 0x82,
    0x00, 0x00, 0x00, 0x00, 0x00, 0x00, 0x00, 0x00, 0xaf, 0x99, 0xfa, 0x00, 0x00, 0x00, 0x00, 0x00,
    0x00, 0x00, 0x00, 0x28, 0x22, 0x82, 0x00, 0x00, 0x00, 0x00, 0x00, 0x00, 0x00, 0x00, 0x28, 0x22,
    0x82, 0x00, 0x02, 0x92, 0x29, 0x22, 0x92, 0x00, 0x00, 0xaf, 0x99, 0xfa, 0x00, 0x0a, 0xf9, 0x9f,
    0x99, 0xfa, 0x00, 0x00, 0x28, 0x22, 0x82, 0x00, 0x02, 0x92, 0x18, 0x22, 0x82, 0x00, 0x00, 0x28,
    0x22, 0x82, 0x00, 0x00, 0x00, 0x28, 0x22, 0x82, 0x00, 0x00, 0xaf, 0x99, 0xfa, 0x00, 0x00, 0x00,
    0xaf, 0x99, 0xfa, 0x00, 0x00, 0x28, 0x22, 0x82, 0x00, 0x00, 0x00, 0x28, 0x22, 0x82, 0x00, 0x00,
    0x28, 0x22, 0x82, 0x00, 0x00, 0x00, 0x28, 0x22, 0x82, 0x00, 0x00, 0xaf, 0x99, 0xfa, 0x00, 0x00,
    0x00, 0xaf, 0x99, 0xfa, 0x00, 0x00, 0x29, 0x21, 0x82, 0x00, 0x00, 0x00, 0x28, 0x22, 0x82, 0x00,
    0x00, 0x00, 0x02, 0x81, 0x29, 0x22, 0x92, 0x18, 0x22, 0x82, 0x00, 0x00, 0x00, 0x0a, 0xf9, 0x9f,
    0x99, 0xf9, 0x9f, 0x99, 0xfa, 0x00, 0x00, 0x00, 0x02, 0x92, 0x29, 0x22, 0x92, 0x29, 0x22, 0x92,
    0x00, 0x00, 0x00, 0x00, 0x00, 0x00, 0x00, 0x00, 0x00, 0x00, 0x00, 0x00, 0x00, 0x00, 0x00, 0x00,
    0x00, 0x00, 0x00, 0x00, 0x00, 0x00, 0x00, 0x00, 0x00, 0x00, 0x00, 0x00, 0x00, 0x00, 0x00, 0x00,
    0x00, 0x00, 0x00, 0x00, 0x00, 0x00, 0x00, 0x00, 0x00, 0x00, 0x00, 0x00, 0x00, 0x00, 0x29, 0x22,
    0x92, 0x00, 0x00, 0x00, 0x29, 0x22, 0x92, 0x00, 0x00, 0xaf, 0x99, 0xfa, 0x00, 0x00, 0x00, 0xaf,
    0x99, 0xfa, 0x00, 0x00, 0x28, 0x22, 0x82, 0x00, 0x00, 0x00, 0x28, 0x22, 0x82, 0x00, 0x00, 0x28,
    0x22, 0x82, 0x00, 0x00, 0x00, 0x28, 0x22, 0x82, 0x00, 0x00, 0xaf, 0x99, 0xfa, 0x00, 0x00, 0x00,
    0xaf, 0x99, 0xfa, 0x00, 0x00, 0x28, 0x22, 0x82, 0x00, 0x00, 0x00, 0x28, 0x22, 0x82, 0x00, 0x00,
    0x28, 0x22, 0x82, 0x00, 0x00, 0x00, 0x28, 0x22, 0x82, 0x00, 0x00, 0xaf, 0x99, 0xfa, 0x00, 0x00,
    0x00, 0xaf, 0x99, 0xfa, 0x00, 0x00, 0x28, 0x22, 0x82, 0x00, 0x00, 0x00, 0x28, 0x22, 0x82, 0x00,
    0x00, 0x28, 0x22, 0x81, 0x29, 0x22, 0x92, 0x18, 0x22, 0x82, 0x00, 0x00, 0xaf, 0x99, 0xf9, 0x9f,
    0x99, 0xf9, 0x9f, 0x99, 0xfa, 0x00, 0x00, 0x28, 0x22, 0x81, 0x29, 0x22, 0x92, 0x18, 0x22, 0x82,
    0x00, 0x00, 0x28, 0x22, 0x82, 0x00, 0x00, 0x00, 0x28, 0x22, 0x82, 0x00, 0x00, 0xaf, 0x99, 0xfa,
    0x00, 0x00, 0x00, 0xaf, 0x99, 0xfa, 0x00, 0x00, 0x28, 0x22, 0x82, 0x00, 0x00, 0x00, 0x28, 0x22,
    0x82, 0x00, 0x00, 0x28, 0x22, 0x82, 0x00, 0x00, 0x00, 0x28, 0x22, 0x82, 0x00, 0x00, 0xaf, 0x99,
    0xfa, 0x00, 0x00, 0x00, 0xaf, 0x99, 0xfa, 0x00, 0x00, 0x28, 0x22, 0x82, 0x00, 0x00, 0x00, 0x28,
    0x22, 0x82, 0x00, 0x00, 0x28, 0x22, 0x82, 0x00, 0x00, 0x00, 0x28, 0x22, 0x82, 0x00, 0x00, 0xaf,
    0x99, 0xfa, 0x00, 0x00, 0x00, 0xaf, 0x99, 0xfa, 0x00, 0x00, 0x29, 0x22, 0x92, 0x00, 0x00, 0x00,
    0x29, 0x22, 0x92, 0x00, 0x00, 0x00, 0x00, 0x00, 0x00, 0x00, 0x00, 0x00, 0x00, 0x00, 0x00, 0x00,
    0x00, 0x00, 0x00, 0x00, 0x00, 0x00, 0x00, 0x00, 0x00, 0x00, 0x00, 0x00, 0x00, 0x00, 0x00, 0x00,
    0x00, 0x00, 0x00, 0x00, 0x00, 0x00, 0x00, 0x00, 0x00, 0x00, 0x00, 0x00, 0x00, 0x00, 0x00, 0x00,
    0x00, 0x29, 0x22, 0x92, 0x29, 0x22, 0x92, 0x29, 0x22, 0x92, 0x00, 0x00, 0xaf, 0x99, 0xf9, 0x9f,
    0x99, 0xf9, 0x9f, 0x99, 0xfa, 0x00, 0x00, 0x29, 0x22, 0x92, 0x18, 0x22, 0x81, 0x29, 0x22, 0x92,
    0x00, 0x00, 0x00, 0x00, 0x00, 0x28, 0x22, 0x82, 0x00, 0x00, 0x00, 0x00, 0x00, 0x00, 0x00, 0x00,
    0xaf, 0x99, 0xfa, 0x00, 0x00, 0x00, 0x00, 0x00, 0x00, 0x00, 0x00, 0x28, 0x22, 0x82, 0x00, 0x00,
    0x00, 0x00, 0x00, 0x00, 0x00, 0x00, 0x28, 0x22, 0x82, 0x00, 0x00, 0x00, 0x00, 0x00, 0x00, 0x00,
    0x00, 0xaf, 0x99, 0xfa, 0x00, 0x00, 0x00, 0x00, 0x00, 0x00, 0x00, 0x00, 0x28, 0x22, 0x82, 0x00,
    0x00, 0x00, 0x00, 0x00, 0x00, 0x00, 0x00, 0x28, 0x22, 0x82, 0x00, 0x00, 0x00, 0x00, 0x00, 0x00,
    0x00, 0x00, 0xaf, 0x99, 0xfa, 0x00, 0x00, 0x00, 0x00, 0x00, 0x00, 0x00, 0x00, 0x28, 0x22, 0x82,
    0x00, 0x00, 0x00, 0x00, 0x00, 0x00, 0x00, 0x00, 0x28, 0x22, 0x82, 0x00, 0x00, 0x00, 0x00, 0x00,
    0x00, 0x00, 0x00, 0xaf, 0x99, 0xfa, 0x00, 0x00, 0x00, 0x00, 0x00, 0x00, 0x00, 0x00, 0x28, 0x22,
    0x82, 0x00, 0x00, 0x00, 0x00, 0x00, 0x00, 0x00, 0x00, 0x28, 0x22, 0x82, 0x00, 0x00, 0x00, 0x00,
    0x00, 0x00, 0x00, 0x00, 0xaf, 0x99, 0xfa, 0x00, 0x00, 0x00, 0x00, 0x00, 0x00, 0x00, 0x00, 0x28,
    0x22, 0x82, 0x00, 0x00, 0x00, 0x00, 0x00, 0x29, 0x22, 0x92, 0x18, 0x22, 0x81, 0x29, 0x22, 0x92,
    0x00, 0x00, 0xaf, 0x99, 0xf9, 0x9f, 0x99, 0xf9, 0x9f, 0x99, 0xfa, 0x00, 0x00, 0x29, 0x22, 0x92,
    0x29, 0x22, 0x92, 0x29, 0x22, 0x92, 0x00, 0x00, 0x00, 0x00, 0x00, 0x00, 0x00, 0x00, 0x00, 0x00,
    0x00, 0x00, 0x00, 0x00, 0x00, 0x00, 0x00, 0x00, 0x00, 0x00, 0x00, 0x00, 0x00, 0x00, 0x00, 0x00,
    0x00, 0x00, 0x00, 0x00, 0x00, 0x00, 0x00, 0x00, 0x00, 0x00, 0x00, 0x00, 0x00, 0x00, 0x00, 0x00,
    0x00, 0x00, 0x00, 0x00, 0x00, 0x00, 0x00, 0x00, 0x00, 0x00, 0x29, 0x22, 0x92, 0x00, 0x00, 0x00,
    0x00, 0x00, 0x00, 0x00, 0x00, 0xaf, 0x99, 0xfa, 0x00, 0x00, 0x00, 0x00, 0x00, 0x00, 0x00, 0x00,
    0x28, 0x22, 0x82, 0x00, 0x00, 0x00, 0x00, 0x00, 0x00, 0x00, 0x00, 0x28, 0x22, 0x82, 0x00, 0x00,
    0x00, 0x00, 0x00, 0x00, 0x00, 0x00, 0xaf, 0x99, 0xfa, 0x00, 0x00, 0x00, 0x00, 0x00, 0x00, 0x00,
    0x00, 0x28, 0x22, 0x82, 0x00, 0x00, 0x00, 0x00, 0x00, 0x00, 0x00, 0x00, 0x28, 0x22, 0x82, 0x00,
    0x00, 0x00, 0x00, 0x00, 0x00, 0x00, 0x00, 0xaf, 0x99, 0xfa, 0x00, 0x00, 0x00, 0x00, 0x00, 0x00,
    0x00, 0x00, 0x28, 0x22, 0x82, 0x00, 0x00, 0x00, 0x00, 0x00, 0x00, 0x00, 0x00, 0x28, 0x22, 0x82,
    0x00, 0x00, 0x00, 0x00, 0x00, 0x00, 0x00, 0x00, 0xaf, 0x99, 0xfa, 0x00, 0x00, 0x00, 0x00, 0x00,
    0x00, 0x00, 0x00, 0x28, 0x22, 0x82, 0x00, 0x00, 0x00, 0x00, 0x00, 0x00, 0x00, 0x00, 0x28, 0x22,
    0x82, 0x00, 0x00, 0x00, 0x00, 0x00, 0x00, 0x00, 0x00, 0xaf, 0x99, 0xfa, 0x00, 0x00, 0x00, 0x00,
    0x00, 0x00, 0x00, 0x00, 0x28, 0x22, 0x82, 0x00, 0x00, 0x29, 0x22, 0x92, 0x00, 0x00, 0x00, 0x28,
    0x22, 0x82, 0x00, 0x00, 0xaf, 0x99, 0xfa, 0x00, 0x00, 0x00, 0xaf, 0x99, 0xfa, 0x00, 0x00, 0x29,
    0x21, 0x82, 0x00, 0x00, 0x00, 0x28, 0x12, 0x92, 0x00, 0x00, 0x00, 0x02, 0x81, 0x29, 0x22, 0x92,
    0x18, 0x20, 0x00, 0x00, 0x00, 0x00, 0x0a, 0xf9, 0x9f, 0x99, 0xf9, 0x9f, 0xa0, 0x00, 0x00, 0x00,
    0x00, 0x02, 0x92, 0x29, 0x22, 0x92, 0x29, 0x20, 0x00, 0x00, 0x00, 0x00, 0x00, 0x00, 0x00, 0x00,
    0x00, 0x00, 0x00, 0x00, 0x00, 0x00, 0x00, 0x00, 0x00, 0x00, 0x00, 0x00, 0x00, 0x00, 0x00, 0x00,
    0x00, 0x00, 0x00, 0x00, 0x00, 0x00, 0x00, 0x00, 0x00, 0x00, 0x00, 0x00, 0x00, 0x00, 0x00, 0x00,
    0x00, 0x00, 0x00, 0x00, 0x00, 0x00, 0x00, 0x00, 0x00, 0x00, 0x29, 0x22, 0x92, 0x00, 0x00, 0x00,
    0x00, 0x02, 0x92, 0x29, 0x20, 0x00, 0x0a, 0xf9, 0x9f, 0xa0, 0x00, 0x00, 0x00, 0x00, 0xaf, 0x99,
    0xfa, 0x00, 0x00, 0x28, 0x22, 0x82, 0x00, 0x00, 0x00, 0x00, 0x02, 0x81, 0x29, 0x20, 0x00, 0x02,
    0x82, 0x28, 0x20, 0x00, 0x00, 0x02, 0x92, 0x18, 0x20, 0x00, 0x00, 0x00, 0xaf, 0x99, 0xfa, 0x00,
    0x00, 0x00, 0xaf, 0x99, 0xfa, 0x00, 0x00, 0x00, 0x02, 0x82, 0x28, 0x20, 0x00, 0x00, 0x02, 0x81,
    0x29, 0x20, 0x00, 0x00, 0x00, 0x28, 0x22, 0x82, 0x00, 0x02, 0x92, 0x18, 0x20, 0x00, 0x00, 0x00,
    0x00, 0x0a, 0xf9, 0x9f, 0xa0, 0x10, 0xaf, 0x99, 0xfa, 0x00, 0x00, 0x00, 0x00, 0x00, 0x28, 0x22,
    0x82, 0x00, 0x02, 0x81, 0x29, 0x20, 0x00, 0x00, 0x00, 0x00, 0x02, 0x82, 0x28, 0x12, 0x92, 0x18,
    0x20, 0x00, 0x00, 0x00, 0x00, 0x00, 0x00, 0xaf, 0x99, 0xf9, 0x9f, 0x99, 0xfa, 0x01, 0x00, 0x00,
    0x00, 0x00, 0x00, 0x02, 0x82, 0x28, 0x12, 0x92, 0x18, 0x20, 0x00, 0x00, 0x00, 0x00, 0x00, 0x00,
    0x28, 0x22, 0x82, 0x00, 0x02, 0x81, 0x29, 0x20, 0x00, 0x00, 0x00, 0x00, 0x0a, 0xf9, 0x9f, 0xa0,
    0x10, 0xaf, 0x99, 0xfa, 0x00, 0x00, 0x00, 0x00, 0x00, 0x28, 0x22, 0x82, 0x00, 0x02, 0x92, 0x18,
    0x20, 0x00, 0x00, 0x00, 0x00, 0x02, 0x82, 0x28, 0x20, 0x00, 0x00, 0x02, 0x81, 0x29, 0x20, 0x00,
    0x00, 0x00, 0xaf, 0x99, 0xfa, 0x00, 0x00, 0x00, 0xaf, 0x99, 0xfa, 0x00, 0x00, 0x00, 0x02, 0x82,
    0x28, 0x20, 0x00, 0x00, 0x02, 0x92, 0x18, 0x20, 0x00, 0x00, 0x00, 0x28, 0x22, 0x82, 0x00, 0x00,
    0x00, 0x00, 0x02, 0x81, 0x29, 0x20, 0x00, 0x0a, 0xf9, 0x9f, 0xa0, 0x00, 0x00, 0x00, 0x00, 0xaf,
    0x99, 0xfa, 0x00, 0x00, 0x29, 0x22, 0x92, 0x00, 0x00, 0x00, 0x00, 0x02, 0x92, 0x29, 0x20, 0x00,
    0x00, 0x00, 0x00, 0x00, 0x00, 0x00, 0x00, 0x00, 0x00, 0x00, 0x00, 0x00, 0x00, 0x00, 0x00, 0x00,
    0x00, 0x00, 0x00, 0x00, 0x00, 0x00, 0x00, 0x00, 0x00, 0x00, 0x00, 0x00, 0x00, 0x00, 0x00, 0x00,
    0x00, 0x00, 0x00, 0x00, 0x00, 0x00, 0x00, 0x00, 0x00, 0x00, 0x00, 0x00, 0x00, 0x00, 0x00, 0x00,
    0x29, 0x22, 0x92, 0x00, 0x00, 0x00, 0x00, 0x00, 0x00, 0x00, 0x00, 0xaf, 0x99, 0xfa, 0x00, 0x00,
    0x00, 0x00, 0x00, 0x00, 0x00, 0x00, 0x28, 0x22, 0x82, 0x00, 0x00, 0x00, 0x00, 0x00, 0x00, 0x00,
    0x00, 0x28, 0x22, 0x82, 0x00, 0x00, 0x00, 0x00, 0x00, 0x00, 0x00, 0x00, 0xaf, 0x99, 0xfa, 0x00,
    0x00, 0x00, 0x00, 0x00, 0x00, 0x00, 0x00, 0x28, 0x22, 0x82, 0x00, 0x00, 0x00, 0x00, 0x00, 0x00,
    0x00, 0x00, 0x28, 0x22, 0x82, 0x00, 0x00, 0x00, 0x00, 0x00, 0x00, 0x00, 0x00, 0xaf, 0x99, 0xfa,
    0x00, 0x00, 0x00, 0x00, 0x00, 0x00, 0x00, 0x00, 0x28, 0x22, 0x82, 0x00, 0x00, 0x00, 0x00, 0x00,
    0x00, 0x00, 0x00, 0x28, 0x22, 0x82, 0x00, 0x00, 0x00, 0x00, 0x00, 0x00, 0x00, 0x00, 0xaf, 0x99,
    0xfa, 0x00, 0x00, 0x00, 0x00, 0x00, 0x00, 0x00, 0x00, 0x28, 0x22, 0x82, 0x00, 0x00, 0x00, 0x00,
    0x00, 0x00, 0x00, 0x00, 0x28, 0x22, 0x82, 0x00, 0x00, 0x00, 0x00, 0x00, 0x00, 0x00, 0x00, 0xaf,
    0x99, 0xfa, 0x00, 0x00, 0x00, 0x00, 0x00, 0x00, 0x00, 0x00, 0x28, 0x22, 0x82, 0x00, 0x00, 0x00,
    0x00, 0x00, 0x00, 0x00, 0x00, 0x28, 0x22, 0x82, 0x00, 0x00, 0x00, 0x00, 0x00, 0x00, 0x00, 0x00,
    0xaf, 0x99, 0xfa, 0x00, 0x00, 0x00, 0x00, 0x00, 0x00, 0x00, 0x00, 0x28, 0x22, 0x82, 0x00, 0x00,
    0x00, 0x00, 0x00, 0x00, 0x00, 0x00, 0x28, 0x22, 0x81, 0x29, 0x22, 0x92, 0x29, 0x22, 0x92, 0x00,
    0x00, 0xaf, 0x99, 0xf9, 0x9f, 0x99, 0xf9, 0x9f, 0x99, 0xfa, 0x00, 0x00, 0x29, 0x22, 0x92, 0x29,
    0x22, 0x92, 0x29, 0x22, 0x92, 0x00, 0x00, 0x00, 0x00, 0x00, 0x00, 0x00, 0x00, 0x00, 0x00, 0x00,
    0x00, 0x00, 0x00, 0x00, 0x00, 0x00, 0x00, 0x00, 0x00, 0x00, 0x00, 0x00, 0x00, 0x00, 0x00, 0x00,
    0x00, 0x00, 0x00, 0x00, 0x00, 0x00, 0x00, 0x00, 0x00, 0x00, 0x00, 0x00, 0x00, 0x00, 0x00, 0x00,
    0x00, 0x00, 0x00, 0x00, 0x00, 0x00, 0x29, 0x22, 0x92, 0x00, 0x00, 0x00, 0x00, 0x02, 0x92, 0x29,
    0x20, 0x00, 0x0a, 0xf9, 0x9f, 0xa0, 0x00, 0x00, 0x00, 0x00, 0xaf, 0x99, 0xfa, 0x00, 0x00, 0x28,
    0x22, 0x82, 0x00, 0x00, 0x00, 0x00, 0x02, 0x82, 0x28, 0x20, 0x00, 0x02, 0x82, 0x28, 0x12, 0x92,
    0x00, 0x02, 0x92, 0x18, 0x22, 0x82, 0x00, 0x00, 0xaf, 0x99, 0xf9, 0x9f, 0xa0, 0x10, 0xaf, 0x99,
    0xf9, 0x9f, 0xa0, 0x00, 0x02, 0x82, 0x28, 0x22, 0x82, 0x00, 0x02, 0x82, 0x28, 0x22, 0x82, 0x00,
    0x00, 0x28, 0x22, 0x82, 0x28, 0x12, 0x92, 0x18, 0x22, 0x82, 0x28, 0x20, 0x00, 0x0a, 0xf9, 0x9f,
    0x99, 0xf9, 0x9f, 0x99, 0xf9, 0x9f, 0x99, 0xfa, 0x00, 0x00, 0x28, 0x22, 0x81, 0x29, 0x21, 0x81,
    0x29, 0x21, 0x82, 0x28, 0x20, 0x00, 0x02, 0x82, 0x28, 0x20, 0x00, 0x28, 0x20, 0x00, 0x28, 0x22,
    0x82, 0x00, 0x00, 0xaf, 0x99, 0xfa, 0x01, 0x0a, 0xfa, 0x01, 0x0a, 0xf9, 0x9f, 0xa0, 0x00, 0x02,
    0x82, 0x28, 0x20, 0x00, 0x29, 0x20, 0x00, 0x28, 0x22, 0x82, 0x00, 0x00, 0x28, 0x22, 0x82, 0x00,
    0x00, 0x00, 0x00, 0x02, 0x82, 0x28, 0x20, 0x00, 0x0a, 0xf9, 0x9f, 0xa0, 0x00, 0x00, 0x00, 0x00,
    0xaf, 0x99, 0xfa, 0x00, 0x00, 0x28, 0x22, 0x82, 0x00, 0x00, 0x00, 0x00, 0x02, 0x82, 0x28, 0x20,
    0x00, 0x02, 0x82, 0x28, 0x20, 0x00, 0x00, 0x00, 0x00, 0x28, 0x22, 0x82, 0x00, 0x00, 0xaf, 0x99,
    0xfa, 0x00, 0x00, 0x00, 0x00, 0x0a, 0xf9, 0x9f, 0xa0, 0x00, 0x02, 0x82, 0x28, 0x20, 0x00, 0x00,
    0x00, 0x00, 0x28, 0x22, 0x82, 0x00, 0x00, 0x28, 0x22, 0x82, 0x00, 0x00, 0x00, 0x00, 0x02, 0x82,
    0x28, 0x20, 0x00, 0x0a, 0xf9, 0x9f, 0xa0, 0x00, 0x00, 0x00, 0x00, 0xaf, 0x99, 0xfa, 0x00, 0x00,
    0x29, 0x22, 0x92, 0x00, 0x00, 0x00, 0x00, 0x02, 0x92, 0x29, 0x20, 0x00, 0x00, 0x00, 0x00, 0x00,
    0x00, 0x00, 0x00, 0x00, 0x00, 0x00, 0x00, 0x00, 0x00, 0x00, 0x00, 0x00, 0x00, 0x00, 0x00, 0x00,
    0x00, 0x00, 0x00, 0x00, 0x00, 0x00, 0x00, 0x00, 0x00, 0x00, 0x00, 0x00, 0x00, 0x00, 0x00, 0x00,
    0x00, 0x00, 0x00, 0x00, 0x00, 0x00, 0x00, 0x00, 0x00, 0x00, 0x00, 0x00, 0x00, 0x00, 0x00, 0x29,
    0x22, 0x92, 0x00, 0x00, 0x00, 0x00, 0x02, 0x92, 0x29, 0x20, 0x00, 0x0a, 0xf9, 0x9f, 0xa0, 0x00,
    0x00, 0x00, 0x00, 0xaf, 0x99, 0xfa, 0x00, 0x00, 0x28, 0x22, 0x82, 0x00, 0x00, 0x00, 0x00, 0x02,
    0x82, 0x28, 0x20, 0x00, 0x02, 0x82, 0x28, 0x12, 0x92, 0x00, 0x00, 0x00, 0x28, 0x22, 0x82, 0x00,
    0x00, 0xaf, 0x99, 0xf9, 0x9f, 0xa0, 0x00, 0x00, 0x0a, 0xf9, 0x9f, 0xa0, 0x00, 0x02, 0x82, 0x28,
    0x22, 0x82, 0x00, 0x00, 0x00, 0x28, 0x22, 0x82, 0x00, 0x00, 0x28, 0x22, 0x82, 0x28, 0x12, 0x92,
    0x00, 0x02, 0x82, 0x28, 0x20, 0x00, 0x0a, 0xf9, 0x9f, 0x99, 0xf9, 0x9f, 0xa0, 0x10, 0xaf, 0x99,
    0xfa, 0x00, 0x00, 0x28, 0x22, 0x81, 0x29, 0x21, 0x82, 0x00, 0x02, 0x82, 0x28, 0x20, 0x00, 0x02,
    0x82, 0x28, 0x20, 0x00, 0x28, 0x12, 0x92, 0x18, 0x22, 0x82, 0x00, 0x00, 0xaf, 0x99, 0xfa, 0x01,
    0x0a, 0xf9, 0x9f, 0x99, 0xf9, 0x9f, 0xa0, 0x00, 0x02, 0x82, 0x28, 0x20, 0x00, 0x29, 0x21, 0x82,
    0x28, 0x22, 0x82, 0x00, 0x00, 0x28, 0x22, 0x82, 0x00, 0x00, 0x00, 0x28, 0x22, 0x82, 0x28, 0x20,
    0x00, 0x0a, 0xf9, 0x9f, 0xa0, 0x00, 0x00, 0x0a, 0xf9, 0x9f, 0x99, 0xfa, 0x00, 0x00, 0x28, 0x22,
    0x82, 0x00, 0x00, 0x00, 0x29, 0x21, 0x82, 0x28, 0x20, 0x00, 0x02, 0x82, 0x28, 0x20, 0x00, 0x00,
    0x00, 0x00, 0x28, 0x22, 0x82, 0x00, 0x00, 0xaf, 0x99, 0xfa, 0x00, 0x00, 0x00, 0x00, 0x0a, 0xf9,
    0x9f, 0xa0, 0x00, 0x02, 0x82, 0x28, 0x20, 0x00, 0x00, 0x00, 0x00, 0x28, 0x22, 0x82, 0x00, 0x00,
    0x28, 0x22, 0x82, 0x00, 0x00, 0x00, 0x00, 0x02, 0x82, 0x28, 0x20, 0x00, 0x0a, 0xf9, 0x9f, 0xa0,
    0x00, 0x00, 0x00, 0x00, 0xaf, 0x99, 0xfa, 0x00, 0x00, 0x29, 0x22, 0x92, 0x00, 0x00, 0x00, 0x00,
    0x02, 0x92, 0x29, 0x20, 0x00, 0x00, 0x00, 0x00, 0x00, 0x00, 0x00, 0x00, 0x00, 0x00, 0x00, 0x00,
    0x00, 0x00, 0x00, 0x00, 0x00, 0x00, 0x00, 0x00, 0x00, 0x00, 0x00, 0x00, 0x00, 0x00, 0x00, 0x00,
    0x00, 0x00, 0x00, 0x00, 0x00, 0x00, 0x00, 0x00, 0x00, 0x00, 0x00, 0x00, 0x00, 0x00, 0x00, 0x00,
    0x00, 0x00, 0x00, 0x00, 0x00, 0x00, 0x02, 0x92, 0x29, 0x22, 0x92, 0x29, 0x20, 0x00, 0x00, 0x00,
    0x00, 0x0a, 0xf9, 0x9f, 0x99, 0xf9, 0x9f, 0xa0, 0x00, 0x00, 0x00, 0x00, 0x02, 0x81, 0x29, 0x22,
    0x92, 0x18, 0x20, 0x00, 0x00, 0x00, 0x29, 0x21, 0x82, 0x00, 0x00, 0x00, 0x28, 0x12, 0x92, 0x00,
    0x00, 0xaf, 0x99, 0xfa, 0x00, 0x00, 0x00, 0xaf, 0x99, 0xfa, 0x00, 0x00, 0x28, 0x22, 0x82, 0x00,
    0x00, 0x00, 0x28, 0x22, 0x82, 0x00, 0x00, 0x28, 0x22, 0x82, 0x00, 0x00, 0x00, 0x28, 0x22, 0x82,
    0x00, 0x00, 0xaf, 0x99, 0xfa, 0x00, 0x00, 0x00, 0xaf, 0x99, 0xfa, 0x00, 0x00, 0x28, 0x22, 0x82,
    0x00, 0x00, 0x00, 0x28, 0x22, 0x82, 0x00, 0x00, 0x28, 0x22, 0x82, 0x00, 0x00, 0x00, 0x28, 0x22,
    0x82, 0x00, 0x00, 0xaf, 0x99, 0xfa, 0x00, 0x00, 0x00, 0xaf, 0x99, 0xfa, 0x00, 0x00, 0x28, 0x22,
    0x82, 0x00, 0x00, 0x00, 0x28, 0x22, 0x82, 0x00, 0x00, 0x28, 0x22, 0x82, 0x00, 0x00, 0x00, 0x28,
    0x22, 0x82, 0x00, 0x00, 0xaf, 0x99, 0xfa, 0x00, 0x00, 0x00, 0xaf, 0x99, 0xfa, 0x00, 0x00, 0x28,
    0x22, 0x82, 0x00, 0x00, 0x00, 0x28, 0x22, 0x82, 0x00, 0x00, 0x28, 0x22, 0x82, 0x00, 0x00, 0x00,
    0x28, 0x22, 0x82, 0x00, 0x00, 0xaf, 0x99, 0xfa, 0x00, 0x00, 0x00, 0xaf, 0x99, 0xfa, 0x00, 0x00,
    0x29, 0x21, 0x82, 0x00, 0x00, 0x00, 0x28, 0x12, 0x92, 0x00, 0x00, 0x00, 0x02, 0x81, 0x29, 0x22,
    0x92, 0x18, 0x20, 0x00, 0x00, 0x00, 0x00, 0x0a, 0xf9, 0x9f, 0x99, 0xf9, 0x9f, 0xa0, 0x00, 0x00,
    0x00, 0x00, 0x02, 0x92, 0x29, 0x22, 0x92, 0x29, 0x20, 0x00, 0x00, 0x00, 0x00, 0x00, 0x00, 0x00,
    0x00, 0x00, 0x00, 0x00, 0x00, 0x00, 0x00, 0x00, 0x00, 0x00, 0x00, 0x00, 0x00, 0x00, 0x00, 0x00,
    0x00, 0x00, 0x00, 0x00, 0x00, 0x00, 0x00, 0x00, 0x00, 0x00, 0x00, 0x00, 0x00, 0x00, 0x00, 0x00,
    0x00, 0x00, 0x00, 0x00, 0x00, 0x00, 0x00, 0x00, 0x29, 0x22, 0x92, 0x29, 0x22, 0x92, 0x29, 0x20,
    0x00, 0x00, 0x00, 0xaf, 0x99, 0xf9, 0x9f, 0x99, 0xf9, 0x9f, 0xa0, 0x00, 0x00, 0x00, 0x28, 0x22,
    0x81, 0x29, 0x22, 0x92, 0x18, 0x20, 0x00, 0x00, 0x00, 0x28, 0x22, 0x82, 0x00, 0x00, 0x00, 0x28,
    0x12, 0x92, 0x00, 0x00, 0xaf, 0x99, 0xfa, 0x00, 0x00, 0x00, 0xaf, 0x99, 0xfa, 0x00, 0x00, 0x28,
    0x22, 0x82, 0x00, 0x00, 0x00, 0x28, 0x22, 0x82, 0x00, 0x00, 0x28, 0x22, 0x82, 0x00, 0x00, 0x00,
    0x28, 0x22, 0x82, 0x00, 0x00, 0xaf, 0x99, 0xfa, 0x00, 0x00, 0x00, 0xaf, 0x99, 0xfa, 0x00, 0x00,
    0x28, 0x22, 0x82, 0x00, 0x00, 0x00, 0x28, 0x12, 0x92, 0x00, 0x00, 0x28, 0x22, 0x81, 0x29, 0x22,
    0x92, 0x18, 0x20, 0x00, 0x00, 0x00, 0xaf, 0x99, 0xf9, 0x9f, 0x99, 0xf9, 0x9f, 0xa0, 0x00, 0x00,
    0x00, 0x28, 0x22, 0x81, 0x29, 0x22, 0x92, 0x29, 0x20, 0x00, 0x00, 0x00, 0x28, 0x22, 0x82, 0x00,
    0x00, 0x00, 0x00, 0x00, 0x00, 0x00, 0x00, 0xaf, 0x99, 0xfa, 0x00, 0x00, 0x00, 0x00, 0x00, 0x00,
    0x00, 0x00, 0x28, 0x22, 0x82, 0x00, 0x00, 0x00, 0x00, 0x00, 0x00, 0x00, 0x00, 0x28, 0x22, 0x82,
    0x00, 0x00, 0x00, 0x00, 0x00, 0x00, 0x00, 0x00, 0xaf, 0x99, 0xfa, 0x00, 0x00, 0x00, 0x00, 0x00,
    0x00, 0x00, 0x00, 0x28, 0x22, 0x82, 0x00, 0x00, 0x00, 0x00, 0x00, 0x00, 0x00, 0x00, 0x28, 0x22,
    0x82, 0x00, 0x00, 0x00, 0x00, 0x00, 0x00, 0x00, 0x00, 0xaf, 0x99, 0xfa, 0x00, 0x00, 0x00, 0x00,
    0x00, 0x00, 0x00, 0x00, 0x29, 0x22, 0x92, 0x00, 0x00, 0x00, 0x00, 0x00, 0x00, 0x00, 0x00, 0x00,
    0x00, 0x00, 0x00, 0x00, 0x00, 0x00, 0x00, 0x00, 0x00, 0x00, 0x00, 0x00, 0x00, 0x00, 0x00, 0x00,
    0x00, 0x00, 0x00, 0x00, 0x00, 0x00, 0x00, 0x00, 0x00, 0x00, 0x00, 0x00, 0x00, 0x00, 0x00, 0x00,
    0x00, 0x00, 0x00, 0x00, 0x00, 0x00, 0x00, 0x00, 0x00, 0x00, 0x00, 0x00, 0x02, 0x92, 0x29, 0x22,
    0x92, 0x29, 0x20, 0x00, 0x00, 0x00, 0x00, 0x0a, 0xf9, 0x9f, 0x99, 0xf9, 0x9f, 0xa0, 0x00, 0x00,
    0x00, 0x00, 0x02, 0x81, 0x29, 0x22, 0x92, 0x18, 0x20, 0x00, 0x00, 0x00, 0x29, 0x21, 0x82, 0x00,
    0x00, 0x00, 0x28, 0x12, 0x92, 0x00, 0x00, 0xaf, 0x99, 0xfa, 0x00, 0x00, 0x00, 0xaf, 0x99, 0xfa,
    0x00, 0x00, 0x28, 0x22, 0x82, 0x00, 0x00, 0x00, 0x28, 0x22, 0x82, 0x00, 0x00, 0x28, 0x22, 0x82,
    0x00, 0x00, 0x00, 0x28, 0x22, 0x82, 0x00, 0x00, 0xaf, 0x99, 0xfa, 0x00, 0x00, 0x00, 0xaf, 0x99,
    0xfa, 0x00, 0x00, 0x28, 0x22, 0x82, 0x00, 0x00, 0x00, 0x28, 0x22, 0x82, 0x00, 0x00, 0x28, 0x22,
    0x82, 0x00, 0x00, 0x00, 0x28, 0x22, 0x82, 0x00, 0x00, 0xaf, 0x99, 0xfa, 0x00, 0x00, 0x00, 0xaf,
    0x99, 0xfa, 0x00, 0x00, 0x28, 0x22, 0x82, 0x00, 0x00, 0x00, 0x28, 0x22, 0x82, 0x00, 0x00, 0x28,
    0x22, 0x82, 0x00, 0x00, 0x00, 0x28, 0x22, 0x82, 0x00, 0x00, 0xaf, 0x99, 0xfa, 0x00, 0x00, 0x00,
    0xaf, 0x99, 0xfa, 0x00, 0x00, 0x28, 0x22, 0x82, 0x00, 0x00, 0x00, 0x28, 0x12, 0x92, 0x00, 0x00,
    0x28, 0x22, 0x82, 0x00, 0x02, 0x92, 0x18, 0x20, 0x00, 0x00, 0x00, 0xaf, 0x99, 0xfa, 0x01, 0x0a,
    0xf9, 0x9f, 0xa0, 0x10, 0x00, 0x00, 0x29, 0x21, 0x82, 0x00, 0x02, 0x92, 0x18, 0x20, 0x00, 0x00,
    0x00, 0x00, 0x02, 0x81, 0x29, 0x20, 0x00, 0x28, 0x12, 0x92, 0x00, 0x00, 0x00, 0x0a, 0xf9, 0x9f,
    0xa0, 0x10, 0xaf, 0x99, 0xfa, 0x00, 0x00, 0x00, 0x02, 0x92, 0x29, 0x20, 0x00, 0x29, 0x22, 0x92,
    0x00, 0x00, 0x00, 0x00, 0x00, 0x00, 0x00, 0x00, 0x00, 0x00, 0x00, 0x00, 0x00, 0x00, 0x00, 0x00,
    0x00, 0x00, 0x00, 0x00, 0x00, 0x00, 0x00, 0x00, 0x00, 0x00, 0x00, 0x00, 0x00, 0x00, 0x00, 0x00,
    0x00, 0x00, 0x00, 0x00, 0x00, 0x00, 0x00, 0x00, 0x00, 0x00, 0x00, 0x00, 0x00, 0x00, 0x29, 0x22,
    0x92, 0x29, 0x22, 0x92, 0x29, 0x20, 0x00, 0x00, 0x00, 0xaf, 0x99, 0xf9, 0x9f, 0x99, 0xf9, 0x9f,
    0xa0, 0x00, 0x00, 0x00, 0x28, 0x22, 0x81, 0x29, 0x22, 0x92, 0x18, 0x20, 0x00, 0x00, 0x00, 0x28,
    0x22, 0x82, 0x00, 0x00, 0x00, 0x28, 0x12, 0x92, 0x00, 0x00, 0xaf, 0x99, 0xfa, 0x00, 0x00, 0x00,
    0xaf, 0x99, 0xfa, 0x00, 0x00, 0x28, 0x22, 0x82, 0x00, 0x00, 0x00, 0x28, 0x22, 0x82, 0x00, 0x00,
    0x28, 0x22, 0x82, 0x00, 0x00, 0x00, 0x28, 0x22, 0x82, 0x00, 0x00, 0xaf, 0x99, 0xfa, 0x00, 0x00,
    0x00, 0xaf, 0x99, 0xfa, 0x00, 0x00, 0x28, 0x22, 0x82, 0x00, 0x00, 0x00, 0x28, 0x12, 0x92, 0x00,
    0x00, 0x28, 0x22, 0x81, 0x29, 0x22, 0x92, 0x18, 0x20, 0x00, 0x00, 0x00, 0xaf, 0x99, 0xf9, 0x9f,
    0x99, 0xf9, 0x9f, 0xa0, 0x00, 0x00, 0x00, 0x28, 0x22, 0x81, 0x29, 0x21, 0x82, 0x28, 0x20, 0x00,
    0x00, 0x00, 0x28, 0x22, 0x82, 0x00, 0x02, 0x82, 0x28, 0x20, 0x00, 0x00, 0x00, 0xaf, 0x99, 0xfa,
    0x01, 0x0a, 0xf9, 0x9f, 0xa0, 0x00, 0x00, 0x00, 0x28, 0x22, 0x82, 0x00, 0x02, 0x92, 0x18, 0x20,
    0x00, 0x00, 0x00, 0x28, 0x22, 0x82, 0x00, 0x00, 0x00, 0x28, 0x12, 0x92, 0x00, 0x00, 0xaf, 0x99,
    0xfa, 0x00, 0x00, 0x00, 0xaf, 0x99, 0xfa, 0x00, 0x00, 0x28, 0x22, 0x82, 0x00, 0x00, 0x00, 0x28,
    0x22, 0x82, 0x00, 0x00, 0x28, 0x22, 0x82, 0x00, 0x00, 0x00, 0x28, 0x22, 0x82, 0x00, 0x00, 0xaf,
    0x99, 0xfa, 0x00, 0x00, 0x00, 0xaf, 0x99, 0xfa, 0x00, 0x00, 0x29, 0x22, 0x92, 0x00, 0x00, 0x00,
    0x29, 0x22, 0x92, 0x00, 0x00, 0x00, 0x00, 0x00, 0x00, 0x00, 0x00, 0x00, 0x00, 0x00, 0x00, 0x00,
    0x00, 0x00, 0x00, 0x00, 0x00, 0x00, 0x00, 0x00, 0x00, 0x00, 0x00, 0x00, 0x00, 0x00, 0x00, 0x00,
    0x00, 0x00, 0x00, 0x00, 0x00, 0x00, 0x00, 0x00, 0x00, 0x00, 0x00, 0x00, 0x00, 0x00, 0x00, 0x00,
    0x00, 0x00, 0x02, 0x92, 0x29, 0x22, 0x92, 0x29, 0x20, 0x00, 0x00, 0x00, 0x00, 0x0a, 0xf9, 0x9f,
    0x99, 0xf9, 0x9f, 0xa0, 0x00, 0x00, 0x00, 0x00, 0x02, 0x81, 0x29, 0x22, 0x92, 0x18, 0x20, 0x00,
    0x00, 0x00, 0x29, 0x21, 0x82, 0x00, 0x00, 0x00, 0x28, 0x12, 0x92, 0x00, 0x00, 0xaf, 0x99, 0xfa,
    0x00, 0x00, 0x00, 0xaf, 0x99, 0xfa, 0x00, 0x00, 0x28, 0x22, 0x82, 0x00, 0x00, 0x00, 0x29, 0x22,
    0x92, 0x00, 0x00, 0x28, 0x22, 0x82, 0x00, 0x00, 0x00, 0x00, 0x00, 0x00, 0x00, 0x00, 0xaf, 0x99,
    0xfa, 0x00, 0x00, 0x00, 0x00, 0x00, 0x00, 0x00, 0x00, 0x29, 0x21, 0x82, 0x00, 0x00, 0x00, 0x00,
    0x00, 0x00, 0x00, 0x00, 0x00, 0x02, 0x81, 0x29, 0x22, 0x92, 0x29, 0x20, 0x00, 0x00, 0x00, 0x00,
    0x0a, 0xf9, 0x9f, 0x99, 0xf9, 0x9f, 0xa0, 0x00, 0x00, 0x00, 0x00, 0x02, 0x92, 0x29, 0x22, 0x92,
    0x18, 0x20, 0x00, 0x00, 0x00, 0x00, 0x00, 0x00, 0x00, 0x00, 0x00, 0x28, 0x12, 0x92, 0x00, 0x00,
    0x00, 0x00, 0x00, 0x00, 0x00, 0x00, 0xaf, 0x99, 0xfa, 0x00, 0x00, 0x00, 0x00, 0x00, 0x00, 0x00,
    0x00, 0x28, 0x22, 0x82, 0x00, 0x00, 0x29, 0x22, 0x92, 0x00, 0x00, 0x00, 0x28, 0x22, 0x82, 0x00,
    0x00, 0xaf, 0x99, 0xfa, 0x00, 0x00, 0x00, 0xaf, 0x99, 0xfa, 0x00, 0x00, 0x29, 0x21, 0x82, 0x00,
    0x00, 0x00, 0x28, 0x12, 0x92, 0x00, 0x00, 0x00, 0x02, 0x81, 0x29, 0x22, 0x92, 0x18, 0x20, 0x00,
    0x00, 0x00, 0x00, 0x0a, 0xf9, 0x9f, 0x99, 0xf9, 0x9f, 0xa0, 0x00, 0x00, 0x00, 0x00, 0x02, 0x92,
    0x29, 0x22, 0x92, 0x29, 0x20, 0x00, 0x00, 0x00, 0x00, 0x00, 0x00, 0x00, 0x00, 0x00, 0x00, 0x00,
    0x00, 0x00, 0x00, 0x00, 0x00, 0x00, 0x00, 0x00, 0x00, 0x00, 0x00, 0x00, 0x00, 0x00, 0x00, 0x00,
    0x00, 0x00, 0x00, 0x00, 0x00, 0x00, 0x00, 0x00, 0x00, 0x00, 0x00, 0x00, 0x00, 0x00, 0x00, 0x00,
    0x00, 0x00, 0x00, 0x00, 0x29, 0x22, 0x92, 0x29, 0x22, 0x92, 0x29, 0x22, 0x92, 0x00, 0x00, 0xaf,
    0x99, 0xf9, 0x9f, 0x99, 0xf9, 0x9f, 0x99, 0xfa, 0x00, 0x00, 0x29, 0x22, 0x92, 0x18, 0x22, 0x81,
    0x29, 0x22, 0x92, 0x00, 0x00, 0x00, 0x00, 0x00, 0x28, 0x22, 0x82, 0x00, 0x00, 0x00, 0x00, 0x00,
    0x00, 0x00, 0x00, 0xaf, 0x99, 0xfa, 0x00, 0x00, 0x00, 0x00, 0x00, 0x00, 0x00, 0x00, 0x28, 0x22,
    0x82, 0x00, 0x00, 0x00, 0x00, 0x00, 0x00, 0x00, 0x00, 0x28, 0x22, 0x82, 0x00, 0x00, 0x00, 0x00,
    0x00, 0x00, 0x00, 0x00, 0xaf, 0x99, 0xfa, 0x00, 0x00, 0x00, 0x00, 0x00, 0x00, 0x00, 0x00, 0x28,
    0x22, 0x82, 0x00, 0x00, 0x00, 0x00, 0x00, 0x00, 0x00, 0x00, 0x28, 0x22, 0x82, 0x00, 0x00, 0x00,
    0x00, 0x00, 0x00, 0x00, 0x00, 0xaf, 0x99, 0xfa, 0x00, 0x00, 0x00, 0x00, 0x00, 0x00, 0x00, 0x00,
    0x28, 0x22, 0x82, 0x00, 0x00, 0x00, 0x00, 0x00, 0x00, 0x00, 0x00, 0x28, 0x22, 0x82, 0x00, 0x00,
    0x00, 0x00, 0x00, 0x00, 0x00, 0x00, 0xaf, 0x99, 0xfa, 0x00, 0x00, 0x00, 0x00, 0x00, 0x00, 0x00,
    0x00, 0x28, 0x22, 0x82, 0x00, 0x00, 0x00, 0x00, 0x00, 0x00, 0x00, 0x00, 0x28, 0x22, 0x82, 0x00,
    0x00, 0x00, 0x00, 0x00, 0x00, 0x00, 0x00, 0xaf, 0x99, 0xfa, 0x00, 0x00, 0x00, 0x00, 0x00, 0x00,
    0x00, 0x00, 0x28, 0x22, 0x82, 0x00, 0x00, 0x00, 0x00, 0x00, 0x00, 0x00, 0x00, 0x28, 0x22, 0x82,
    0x00, 0x00, 0x00, 0x00, 0x00, 0x00, 0x00, 0x00, 0xaf, 0x99, 0xfa, 0x00, 0x00, 0x00, 0x00, 0x00,
    0x00, 0x00, 0x00, 0x29, 0x22, 0x92, 0x00, 0x00, 0x00, 0x00, 0x00, 0x00, 0x00, 0x00, 0x00, 0x00,
    0x00, 0x00, 0x00, 0x00, 0x00, 0x00, 0x00, 0x00, 0x00, 0x00, 0x00, 0x00, 0x00, 0x00, 0x00, 0x00,
    0x00, 0x00, 0x00, 0x00, 0x00, 0x00, 0x00, 0x00, 0x00, 0x00, 0x00, 0x00, 0x00, 0x00, 0x00, 0x00,
    0x00, 0x00, 0x00, 0x00, 0x00, 0x00, 0x00, 0x29, 0x22, 0x92, 0x00, 0x00, 0x00, 0x29, 0x22, 0x92,
    0x00, 0x00, 0xaf, 0x99, 0xfa, 0x00, 0x00, 0x00, 0xaf, 0x99, 0xfa, 0x00, 0x00, 0x28, 0x22, 0x82,
    0x00, 0x00, 0x00, 0x28, 0x22, 0x82, 0x00, 0x00, 0x28, 0x22, 0x82, 0x00, 0x00, 0x00, 0x28, 0x22,
    0x82, 0x00, 0x00, 0xaf, 0x99, 0xfa, 0x00, 0x00, 0x00, 0xaf, 0x99, 0xfa, 0x00, 0x00, 0x28, 0x22,
    0x82, 0x00, 0x00, 0x00, 0x28, 0x22, 0x82, 0x00, 0x00, 0x28, 0x22, 0x82, 0x00, 0x00, 0x00, 0x28,
    0x22, 0x82, 0x00, 0x00, 0xaf, 0x99, 0xfa, 0x00, 0x00, 0x00, 0xaf, 0x99, 0xfa, 0x00, 0x00, 0x28,
    0x22, 0x82, 0x00, 0x00, 0x00, 0x28, 0x22, 0x82, 0x00, 0x00, 0x28, 0x22, 0x82, 0x00, 0x00, 0x00,
    0x28, 0x22, 0x82, 0x00, 0x00, 0xaf, 0x99, 0xfa, 0x00, 0x00, 0x00, 0xaf, 0x99, 0xfa, 0x00, 0x00,
    0x28, 0x22, 0x82, 0x00, 0x00, 0x00, 0x28, 0x22, 0x82, 0x00, 0x00, 0x28, 0x22, 0x82, 0x00, 0x00,
    0x00, 0x28, 0x22, 0x82, 0x00, 0x00, 0xaf, 0x99, 0xfa, 0x00, 0x00, 0x00, 0xaf, 0x99, 0xfa, 0x00,
    0x00, 0x28, 0x22, 0x82, 0x00, 0x00, 0x00, 0x28, 0x22, 0x82, 0x00, 0x00, 0x28, 0x22, 0x82, 0x00,
    0x00, 0x00, 0x28, 0x22, 0x82, 0x00, 0x00, 0xaf, 0x99, 0xfa, 0x00, 0x00, 0x00, 0xaf, 0x99, 0xfa,
    0x00, 0x00, 0x29, 0x21, 0x82, 0x00, 0x00, 0x00, 0x28, 0x12, 0x92, 0x00, 0x00, 0x00, 0x02, 0x81,
    0x29, 0x22, 0x92, 0x18, 0x20, 0x00, 0x00, 0x00, 0x00, 0x0a, 0xf9, 0x9f, 0x99, 0xf9, 0x9f, 0xa0,
    0x00, 0x00, 0x00, 0x00, 0x02, 0x92, 0x29, 0x22, 0x92, 0x29, 0x20, 0x00, 0x00, 0x00, 0x00, 0x00,
    0x00, 0x00, 0x00, 0x00, 0x00, 0x00, 0x00, 0x00, 0x00, 0x00, 0x00, 0x00, 0x00, 0x00, 0x00, 0x00,
    0x00, 0x00, 0x00, 0x00, 0x00, 0x00, 0x00, 0x00, 0x00, 0x00, 0x00, 0x00, 0x00, 0x00, 0x00, 0x00,
    0x00, 0x00, 0x00, 0x00, 0x00, 0x00, 0x00, 0x00, 0x00, 0x00, 0x29, 0x22, 0x92, 0x00, 0x00, 0x00,
    0x29, 0x22, 0x92, 0x00, 0x00, 0xaf, 0x99, 0xfa, 0x00, 0x00, 0x00, 0xaf, 0x99, 0xfa, 0x00, 0x00,
    0x28, 0x22, 0x82, 0x00, 0x00, 0x00, 0x28, 0x22, 0x82, 0x00, 0x00, 0x28, 0x22, 0x82, 0x00, 0x00,
    0x00, 0x28, 0x22, 0x82, 0x00, 0x00, 0xaf, 0x99, 0xfa, 0x00, 0x00, 0x00, 0xaf, 0x99, 0xfa, 0x00,
    0x00, 0x28, 0x22, 0x82, 0x00, 0x00, 0x00, 0x28, 0x22, 0x82, 0x00, 0x00, 0x28, 0x22, 0x82, 0x00,
    0x00, 0x00, 0x28, 0x22, 0x82, 0x00, 0x00, 0xaf, 0x99, 0xfa, 0x00, 0x00, 0x00, 0xaf, 0x99, 0xfa,
    0x00, 0x00, 0x28, 0x22, 0x82, 0x00, 0x00, 0x00, 0x28, 0x22, 0x82, 0x00, 0x00, 0x28, 0x22, 0x82,
    0x00, 0x00, 0x00, 0x28, 0x22, 0x82, 0x00, 0x00, 0xaf, 0x99, 0xfa, 0x00, 0x00, 0x00, 0xaf, 0x99,
    0xfa, 0x00, 0x00, 0x28, 0x22, 0x82, 0x00, 0x00, 0x00, 0x28, 0x22, 0x82, 0x00, 0x00, 0x28, 0x22,
    0x82, 0x00, 0x00, 0x00, 0x28, 0x22, 0x82, 0x00, 0x00, 0xaf, 0x99, 0xfa, 0x00, 0x00, 0x00, 0xaf,
    0x99, 0xfa, 0x00, 0x00, 0x29, 0x21, 0x82, 0x00, 0x00, 0x00, 0x28, 0x12, 0x92, 0x00, 0x00, 0x00,
    0x02, 0x81, 0x29, 0x22, 0x92, 0x18, 0x20, 0x00, 0x00, 0x00, 0x00, 0x0a, 0xf9, 0x9f, 0x99, 0xf9,
    0x9f, 0xa0, 0x00, 0x00, 0x00, 0x00, 0x02, 0x92, 0x18, 0x22, 0x81, 0x29, 0x20, 0x00, 0x00, 0x00,
    0x00, 0x00, 0x00, 0x28, 0x22, 0x82, 0x00, 0x00, 0x00, 0x00, 0x00, 0x00, 0x00, 0x00, 0xaf, 0x99,
    0xfa, 0x00, 0x00, 0x00, 0x00, 0x00, 0x00, 0x00, 0x00, 0x29, 0x22, 0x92, 0x00, 0x00, 0x00, 0x00,
    0x00, 0x00, 0x00, 0x00, 0x00, 0x00, 0x00, 0x00, 0x00, 0x00, 0x00, 0x00, 0x00, 0x00, 0x00, 0x00,
    0x00, 0x00, 0x00, 0x00, 0x00, 0x00, 0x00, 0x00, 0x00, 0x00, 0x00, 0x00, 0x00, 0x00, 0x00, 0x00,
    0x00, 0x00, 0x00, 0x00, 0x00, 0x00, 0x00, 0x00, 0x00, 0x00, 0x00, 0x00, 0x00, 0x00, 0x00, 0x00,
    0x29, 0x22, 0x92, 0x00, 0x00, 0x00, 0x00, 0x02, 0x92, 0x29, 0x20, 0x00, 0x0a, 0xf9, 0x9f, 0xa0,
    0x00, 0x00, 0x00, 0x00, 0xaf, 0x99, 0xfa, 0x00, 0x00, 0x28, 0x22, 0x82, 0x00, 0x00, 0x00, 0x00,
    0x02, 0x82, 0x28, 0x20, 0x00, 0x02, 0x82, 0x28, 0x20, 0x00, 0x00, 0x00, 0x00, 0x28, 0x22, 0x82,
    0x00, 0x00, 0xaf, 0x99, 0xfa, 0x00, 0x00, 0x00, 0x00, 0x0a, 0xf9, 0x9f, 0xa0, 0x00, 0x02, 0x82,
    0x28, 0x20, 0x00, 0x00, 0x00, 0x00, 0x28, 0x22, 0x82, 0x00, 0x00, 0x28, 0x22, 0x82, 0x00, 0x00,
    0x00, 0x00, 0x02, 0x82, 0x28, 0x20, 0x00, 0x0a, 0xf9, 0x9f, 0xa0, 0x00, 0x00, 0x00, 0x00, 0xaf,
    0x99, 0xfa, 0x00, 0x00, 0x28, 0x22, 0x82, 0x00, 0x00, 0x00, 0x00, 0x02, 0x82, 0x28, 0x20, 0x00,
    0x02, 0x82, 0x28, 0x20, 0x00, 0x29, 0x20, 0x00, 0x28, 0x22, 0x82, 0x00, 0x00, 0xaf, 0x99, 0xfa,
    0x01, 0x0a, 0xfa, 0x01, 0x0a, 0xf9, 0x9f, 0xa0, 0x00, 0x02, 0x82, 0x28, 0x20, 0x00, 0x28, 0x20,
    0x00, 0x28, 0x22, 0x82, 0x00, 0x00, 0x28, 0x22, 0x81, 0x29, 0x21, 0x81, 0x29, 0x21, 0x82, 0x28,
    0x20, 0x00, 0x0a, 0xf9, 0x9f, 0x99, 0xf9, 0x9f, 0x99, 0xf9, 0x9f, 0x99, 0xfa, 0x00, 0x00, 0x28,
    0x22, 0x82, 0x28, 0x12, 0x92, 0x18, 0x22, 0x82, 0x28, 0x20, 0x00, 0x02, 0x82, 0x28, 0x22, 0x82,
    0x00, 0x02, 0x82, 0x28, 0x22, 0x82, 0x00, 0x00, 0xaf, 0x99, 0xf9, 0x9f, 0xa0, 0x10, 0xaf, 0x99,
    0xf9, 0x9f, 0xa0, 0x00, 0x02, 0x82, 0x28, 0x12, 0x92, 0x00, 0x02, 0x92, 0x18, 0x22, 0x82, 0x00,
    0x00, 0x28, 0x22, 0x82, 0x00, 0x00, 0x00, 0x00, 0x02, 0x82, 0x28, 0x20, 0x00, 0x0a, 0xf9, 0x9f,
    0xa0, 0x00, 0x00, 0x00, 0x00, 0xaf, 0x99, 0xfa, 0x00, 0x00, 0x29, 0x22, 0x92, 0x00, 0x00, 0x00,
    0x00, 0x02, 0x92, 0x29, 0x20, 0x00, 0x00, 0x00, 0x00, 0x00, 0x00, 0x00, 0x00, 0x00, 0x00, 0x00,
    0x00, 0x00, 0x00, 0x00, 0x00, 0x00, 0x00, 0x00, 0x00, 0x00, 0x00, 0x00, 0x00, 0x00, 0x00, 0x00,
    0x00, 0x00, 0x00, 0x00, 0x00, 0x00, 0x00, 0x00, 0x00, 0x00, 0x00, 0x00, 0x00, 0x00, 0x00, 0x00,
    0x00, 0x00, 0x00, 0x00, 0x00, 0x00, 0x00, 0x00, 0x00, 0x00, 0x00, 0x00, 0x29, 0x22, 0x92, 0x00,
    0x00, 0x00, 0x00, 0x00, 0x00, 0x29, 0x22, 0x92, 0x00, 0x00, 0xaf, 0x99, 0xfa, 0x00, 0x00, 0x00,
    0x00, 0x00, 0x00, 0xaf, 0x99, 0xfa, 0x00, 0x00, 0x29, 0x21, 0x82, 0x00, 0x00, 0x00, 0x00, 0x00,
    0x00, 0x28, 0x12, 0x92, 0x00, 0x00, 0x00, 0x02, 0x81, 0x29, 0x20, 0x00, 0x00, 0x02, 0x92, 0x18,
    0x20, 0x00, 0x00, 0x00, 0x00, 0x0a, 0xf9, 0x9f, 0xa0, 0x00, 0x00, 0x0a, 0xf9, 0x9f, 0xa0, 0x00,
    0x00, 0x00, 0x00, 0x02, 0x92, 0x18, 0x20, 0x00, 0x00, 0x02, 0x81, 0x29, 0x20, 0x00, 0x00, 0x00,
    0x00, 0x00, 0x00, 0x28, 0x12, 0x92, 0x29, 0x21, 0x82, 0x00, 0x00, 0x00, 0x00, 0x00, 0x00, 0x00,
    0x00, 0xaf, 0x99, 0xf9, 0x9f, 0x99, 0xfa, 0x00, 0x00, 0x00, 0x00, 0x00, 0x00, 0x00, 0x00, 0x29,
    0x21, 0x82, 0x28, 0x12, 0x92, 0x00, 0x00, 0x00, 0x00, 0x00, 0x00, 0x00, 0x00, 0x00, 0x02, 0x82,
    0x28, 0x20, 0x00, 0x00, 0x00, 0x00, 0x00, 0x00, 0x00, 0x00, 0x00, 0x01, 0x0a, 0xf9, 0x9f, 0xa0,
    0x10, 0x00, 0x00, 0x00, 0x00, 0x00, 0x00, 0x00, 0x00, 0x00, 0x02, 0x82, 0x28, 0x20, 0x00, 0x00,
    0x00, 0x00, 0x00, 0x00, 0x00, 0x00, 0x00, 0x29, 0x21, 0x82, 0x28, 0x12, 0x92, 0x00, 0x00, 0x00,
    0x00, 0x00, 0x00, 0x00, 0x00, 0xaf, 0x99, 0xf9, 0x9f, 0x99, 0xfa, 0x00, 0x00, 0x00, 0x00, 0x00,
    0x00, 0x00, 0x00, 0x28, 0x12, 0x92, 0x29, 0x21, 0x82, 0x00, 0x00, 0x00, 0x00, 0x00, 0x00, 0x02,
    0x92, 0x18, 0x20, 0x00, 0x00, 0x02, 0x81, 0x29, 0x20, 0x00, 0x00, 0x00, 0x00, 0x0a, 0xf9, 0x9f,
    0xa0, 0x00, 0x00, 0x0a, 0xf9, 0x9f, 0xa0, 0x00, 0x00, 0x00, 0x00, 0x02, 0x81, 0x29, 0x20, 0x00,
    0x00, 0x02, 0x92, 0x18, 0x20, 0x00, 0x00, 0x00, 0x29, 0x21, 0x82, 0x00, 0x00, 0x00, 0x00, 0x00,
    0x00, 0x28, 0x12, 0x92, 0x00, 0x00, 0xaf, 0x99, 0xfa, 0x00, 0x00, 0x00, 0x00, 0x00, 0x00, 0xaf,
    0x99, 0xfa, 0x00, 0x00, 0x29, 0x22, 0x92, 0x00, 0x00, 0x00, 0x00, 0x00, 0x00, 0x29, 0x22, 0x92,
    0x00, 0x00, 0x00, 0x00, 0x00, 0x00, 0x00, 0x00, 0x00, 0x00, 0x00, 0x00, 0x00, 0x00, 0x00, 0x00,
    0x00, 0x00, 0x00, 0x00, 0x00, 0x00, 0x00, 0x00, 0x00, 0x00, 0x00, 0x00, 0x00, 0x00, 0x00, 0x00,
    0x00, 0x00, 0x00, 0x00, 0x00, 0x00, 0x00, 0x00, 0x00, 0x00, 0x00, 0x00, 0x00, 0x00, 0x00, 0x00,
    0x00, 0x00, 0x00, 0x00, 0x00, 0x00, 0x00, 0x00, 0x00, 0x00, 0x29, 0x22, 0x92, 0x00, 0x00, 0x00,
    0x00, 0x00, 0x00, 0x29, 0x22, 0x92, 0x00, 0x00, 0xaf, 0x99, 0xfa, 0x00, 0x00, 0x00, 0x00, 0x00,
    0x00, 0xaf, 0x99, 0xfa, 0x00, 0x00, 0x29, 0x21, 0x82, 0x00, 0x00, 0x00, 0x00, 0x00, 0x00, 0x28,
    0x12, 0x92, 0x00, 0x00, 0x00, 0x02, 0x81, 0x29, 0x20, 0x00, 0x00, 0x02, 0x92, 0x18, 0x20, 0x00,
    0x00, 0x00, 0x00, 0x0a, 0xf9, 0x9f, 0xa0, 0x00, 0x00, 0x0a, 0xf9, 0x9f, 0xa0, 0x00, 0x00, 0x00,
    0x00, 0x02, 0x92, 0x18, 0x20, 0x00, 0x00, 0x02, 0x81, 0x29, 0x20, 0x00, 0x00, 0x00, 0x00, 0x00,
    0x00, 0x28, 0x12, 0x92, 0x29, 0x21, 0x82, 0x00, 0x00, 0x00, 0x00, 0x00, 0x00, 0x00, 0x00, 0xaf,
    0x99, 0xf9, 0x9f, 0x99, 0xfa, 0x00, 0x00, 0x00, 0x00, 0x00, 0x00, 0x00, 0x00, 0x29, 0x21, 0x82,
    0x28, 0x12, 0x92, 0x00, 0x00, 0x00, 0x00, 0x00, 0x00, 0x00, 0x00, 0x00, 0x02, 0x82, 0x28, 0x20,
    0x00, 0x00, 0x00, 0x00, 0x00, 0x00, 0x00, 0x00, 0x00, 0x00, 0x0a, 0xf9, 0x9f, 0xa0, 0x00, 0x00,
    0x00, 0x00, 0x00, 0x00, 0x00, 0x00, 0x00, 0x00, 0x02, 0x82, 0x28, 0x20, 0x00, 0x00, 0x00, 0x00,
    0x00, 0x00, 0x00, 0x00, 0x00, 0x00, 0x02, 0x82, 0x28, 0x20, 0x00, 0x00, 0x00, 0x00, 0x00, 0x00,
    0x00, 0x00, 0x00, 0x00, 0x0a, 0xf9, 0x9f, 0xa0, 0x00, 0x00, 0x00, 0x00, 0x00, 0x00, 0x00, 0x00,
    0x00, 0x00, 0x02, 0x82, 0x28, 0x20, 0x00, 0x00, 0x00, 0x00, 0x00, 0x00, 0x00, 0x00, 0x00, 0x00,
    0x02, 0x82, 0x28, 0x20, 0x00, 0x00, 0x00, 0x00, 0x00, 0x00, 0x00, 0x00, 0x00, 0x00, 0x0a, 0xf9,
    0x9f, 0xa0, 0x00, 0x00, 0x00, 0x00, 0x00, 0x00, 0x00, 0x00, 0x00, 0x00, 0x02, 0x82, 0x28, 0x20,
    0x00, 0x00, 0x00, 0x00, 0x00, 0x00, 0x00, 0x00, 0x00, 0x00, 0x02, 0x82, 0x28, 0x20, 0x00, 0x00,
    0x00, 0x00, 0x00, 0x00, 0x00, 0x00, 0x00, 0x00, 0x0a, 0xf9, 0x9f, 0xa0, 0x00, 0x00, 0x00, 0x00,
    0x00, 0x00, 0x00, 0x00, 0x00, 0x00, 0x02, 0x92, 0x29, 0x20, 0x00, 0x00, 0x00, 0x00, 0x00, 0x00,
    0x00, 0x00, 0x00, 0x00, 0x00, 0x00, 0x00, 0x00, 0x00, 0x00, 0x00, 0x00, 0x00, 0x00, 0x00, 0x00,
    0x00, 0x00, 0x00, 0x00, 0x00, 0x00, 0x00, 0x00, 0x00, 0x00, 0x00, 0x00, 0x00, 0x00, 0x00, 0x00,
    0x00, 0x00, 0x00, 0x00, 0x00, 0x00, 0x00, 0x00, 0x00, 0x00, 0x00, 0x00, 0x00, 0x00, 0x00, 0x00,
    0x00, 0x00, 0x29, 0x22, 0x92, 0x29, 0x22, 0x92, 0x29, 0x22, 0x92, 0x00, 0x00, 0xaf, 0x99, 0xf9,
    0x9f, 0x99, 0xf9, 0x9f, 0x99, 0xfa, 0x00, 0x00, 0x29, 0x22, 0x92, 0x29, 0x22, 0x92, 0x18, 0x22,
    0x82, 0x00, 0x00, 0x00, 0x00, 0x00, 0x00, 0x00, 0x00, 0x28, 0x22, 0x82, 0x00, 0x00, 0x00, 0x00,
    0x00, 0x00, 0x00, 0x10, 0xaf, 0x99, 0xfa, 0x00, 0x00, 0x00, 0x00, 0x00, 0x00, 0x00, 0x00, 0x28,
    0x12, 0x92, 0x00, 0x00, 0x00, 0x00, 0x00, 0x00, 0x02, 0x92, 0x18, 0x20, 0x00, 0x00, 0x00, 0x00,
    0x00, 0x00, 0x00, 0x0a, 0xf9, 0x9f, 0xa0, 0x00, 0x00, 0x00, 0x00, 0x00, 0x00, 0x00, 0x02, 0x81,
    0x29, 0x20, 0x00, 0x00, 0x00, 0x00, 0x00, 0x00, 0x29, 0x21, 0x82, 0x00, 0x00, 0x00, 0x00, 0x00,
    0x00, 0x00, 0x00, 0xaf, 0x99, 0xfa, 0x00, 0x00, 0x00, 0x00, 0x00, 0x00, 0x00, 0x00, 0x28, 0x12,
    0x92, 0x00, 0x00, 0x00, 0x00, 0x00, 0x00, 0x02, 0x92, 0x18, 0x20, 0x00, 0x00, 0x00, 0x00, 0x00,
    0x00, 0x00, 0x0a, 0xf9, 0x9f, 0xa0, 0x00, 0x00, 0x00, 0x00, 0x00, 0x00, 0x00, 0x02, 0x81, 0x29,
    0x20, 0x00, 0x00, 0x00, 0x00, 0x00, 0x00, 0x29, 0x21, 0x82, 0x00, 0x00, 0x00, 0x00, 0x00, 0x00,
    0x00, 0x00, 0xaf, 0x99, 0xfa, 0x01, 0x00, 0x00, 0x00, 0x00, 0x00, 0x00, 0x00, 0x28, 0x22, 0x82,
    0x00, 0x00, 0x00, 0x00, 0x00, 0x00, 0x00, 0x00, 0x28, 0x22, 0x81, 0x29, 0x22, 0x92, 0x29, 0x22,
    0x92, 0x00, 0x00, 0xaf, 0x99, 0xf9, 0x9f, 0x99, 0xf9, 0x9f, 0x99, 0xfa, 0x00, 0x00, 0x29, 0x22,
    0x92, 0x29, 0x22, 0x92, 0x29, 0x22, 0x92, 0x00, 0x00, 0x00, 0x00, 0x00, 0x00, 0x00, 0x00, 0x00,
    0x00, 0x00, 0x00, 0x00, 0x00, 0x00, 0x00, 0x00, 0x00, 0x00, 0x00, 0x00, 0x00, 0x00, 0x00, 0x00,
    0x00, 0x00, 0x00, 0x00, 0x00, 0x00, 0x00, 0x00, 0x00, 0x00, 0x00, 0x00, 0x00, 0x00, 0x00, 0x29,
    0x22, 0x92, 0x29, 0x22, 0x92, 0x00, 0x00, 0xaf, 0x99, 0xf9, 0x9f, 0x99, 0xfa, 0x00, 0x00, 0x28,
    0x22, 0x81, 0x29, 0x22, 0x92, 0x00, 0x00, 0x28, 0x22, 0x82, 0x00, 0x00, 0x00, 0x00, 0x00, 0xaf,
    0x99, 0xfa, 0x00, 0x00, 0x00, 0x00, 0x00, 0x28, 0x22, 0x82, 0x00, 0x00, 0x00, 0x00, 0x00, 0x28,
    0x22, 0x82, 0x00, 0x00, 0x00, 0x00, 0x00, 0xaf, 0x99, 0xfa, 0x00, 0x00, 0x00, 0x00, 0x00, 0x28,
    0x22, 0x82, 0x00, 0x00, 0x00, 0x00, 0x00, 0x28, 0x22, 0x82, 0x00, 0x00, 0x00, 0x00, 0x00, 0xaf,
    0x99, 0xfa, 0x00, 0x00, 0x00, 0x00, 0x00, 0x28, 0x22, 0x82, 0x00, 0x00, 0x00, 0x00, 0x00, 0x28,
    0x22, 0x82, 0x00, 0x00, 0x00, 0x00, 0x00, 0xaf, 0x99, 0xfa, 0x00, 0x00, 0x00, 0x00, 0x00, 0x28,
    0x22, 0x82, 0x00, 0x00, 0x00, 0x00, 0x00, 0x28, 0x22, 0x82, 0x00, 0x00, 0x00, 0x00, 0x00, 0xaf,
    0x99, 0xfa, 0x00, 0x00, 0x00, 0x00, 0x00, 0x28, 0x22, 0x82, 0x00, 0x00, 0x00, 0x00, 0x00, 0x28,
    0x22, 0x81, 0x29, 0x22, 0x92, 0x00, 0x00, 0xaf, 0x99, 0xf9, 0x9f, 0x99, 0xfa, 0x00, 0x00, 0x29,
    0x22, 0x92, 0x29, 0x22, 0x92, 0x00, 0x00, 0x00, 0x00, 0x00, 0x00, 0x00, 0x00, 0x00, 0x00, 0x00,
    0x00, 0x00, 0x00, 0x00, 0x00, 0x00, 0x00, 0x00, 0x00, 0x00, 0x00, 0x00, 0x00, 0x00, 0x00, 0x00,
    0x00, 0x00, 0x00, 0x00, 0x00, 0x00, 0x00, 0x00, 0x00, 0x00, 0x00, 0x00, 0x00, 0x00, 0x00, 0x00,
    0x00, 0x00, 0x00, 0x29, 0x22, 0x92, 0x00, 0x00, 0x00, 0x00, 0x00, 0x00, 0x00, 0x00, 0x00, 0x00,
    0x00, 0xaf, 0x99, 0xfa, 0x00, 0x00, 0x00, 0x00, 0x00, 0x00, 0x00, 0x00, 0x00, 0x00, 0x00, 0x29,
    0x21, 0x82, 0x00, 0x00, 0x00, 0x00, 0x00, 0x00, 0x00, 0x00, 0x00, 0x00, 0x00, 0x00, 0x02, 0x81,
    0x29, 0x20, 0x00, 0x00, 0x00, 0x00, 0x00, 0x00, 0x00, 0x00, 0x00, 0x00, 0x0a, 0xf9, 0x9f, 0xa0,
    0x00, 0x00, 0x00, 0x00, 0x00, 0x00, 0x00, 0x00, 0x00, 0x00, 0x02, 0x92, 0x18, 0x20, 0x00, 0x00,
    0x00, 0x00, 0x00, 0x00, 0x00, 0x00, 0x00, 0x00, 0x00, 0x00, 0x28, 0x12, 0x92, 0x00, 0x00, 0x00,
    0x00, 0x00, 0x00, 0x00, 0x00, 0x00, 0x00, 0x00, 0xaf, 0x99, 0xfa, 0x00, 0x00, 0x00, 0x00, 0x00,
    0x00, 0x00, 0x00, 0x00, 0x00, 0x00, 0x29, 0x21, 0x82, 0x00, 0x00, 0x00, 0x00, 0x00, 0x00, 0x00,
    0x00, 0x00, 0x00, 0x00, 0x00, 0x02, 0x81, 0x29, 0x20, 0x00, 0x00, 0x00, 0x00, 0x00, 0x00, 0x00,
    0x00, 0x00, 0x00, 0x0a, 0xf9, 0x9f, 0xa0, 0x00, 0x00, 0x00, 0x00, 0x00, 0x00, 0x00, 0x00, 0x00,
    0x00, 0x02, 0x92, 0x18, 0x20, 0x00, 0x00, 0x00, 0x00, 0x00, 0x00, 0x00, 0x00, 0x00, 0x00, 0x00,
    0x00, 0x28, 0x12, 0x92, 0x00, 0x00, 0x00, 0x00, 0x00, 0x00, 0x00, 0x00, 0x00, 0x00, 0x00, 0xaf,
    0x99, 0xfa, 0x00, 0x00, 0x00, 0x00, 0x00, 0x00, 0x00, 0x00, 0x00, 0x00, 0x00, 0x29, 0x21, 0x82,
    0x00, 0x00, 0x00, 0x00, 0x00, 0x00, 0x00, 0x00, 0x00, 0x00, 0x00, 0x00, 0x02, 0x81, 0x29, 0x20,
    0x00, 0x00, 0x00, 0x00, 0x00, 0x00, 0x00, 0x00, 0x00, 0x00, 0x0a, 0xf9, 0x9f, 0xa0, 0x00, 0x00,
    0x00, 0x00, 0x00, 0x00, 0x00, 0x00, 0x00, 0x00, 0x02, 0x92, 0x18, 0x20, 0x00, 0x00, 0x00, 0x00,
    0x00, 0x00, 0x00, 0x00, 0x00, 0x00, 0x00, 0x00, 0x28, 0x12, 0x92, 0x00, 0x00, 0x00, 0x00, 0x00,
    0x00, 0x00, 0x00, 0x00, 0x00, 0x00, 0xaf, 0x99, 0xfa, 0x00, 0x00, 0x00, 0x00, 0x00, 0x00, 0x00,
    0x00, 0x00, 0x00, 0x00, 0x29, 0x22, 0x92, 0x00, 0x00, 0x00, 0x00, 0x00, 0x00, 0x00, 0x00, 0x00,
    0x00, 0x00, 0x00, 0x00, 0x00, 0x00, 0x00, 0x00, 0x00, 0x00, 0x00, 0x00, 0x00, 0x00, 0x00, 0x00,
    0x00, 0x00, 0x00, 0x00, 0x00, 0x00, 0x00, 0x00, 0x00, 0x00, 0x00, 0x00, 0x00, 0x00, 0x00, 0x00,
    0x00, 0x00, 0x00, 0x00, 0x00, 0x29, 0x22, 0x92, 0x29, 0x22, 0x92, 0x00, 0x00, 0xaf, 0x99, 0xf9,
    0x9f, 0x99, 0xfa, 0x00, 0x00, 0x29, 0x22, 0x92, 0x18, 0x22, 0x82, 0x00, 0x00, 0x00, 0x00, 0x00,
    0x28, 0x22, 0x82, 0x00, 0x00, 0x00, 0x00, 0x00, 0xaf, 0x99, 0xfa, 0x00, 0x00, 0x00, 0x00, 0x00,
    0x28, 0x22, 0x82, 0x00, 0x00, 0x00, 0x00, 0x00, 0x28, 0x22, 0x82, 0x00, 0x00, 0x00, 0x00, 0x00,
    0xaf, 0x99, 0xfa, 0x00, 0x00, 0x00, 0x00, 0x00, 0x28, 0x22, 0x82, 0x00, 0x00, 0x00, 0x00, 0x00,
    0x28, 0x22, 0x82, 0x00, 0x00, 0x00, 0x00, 0x00, 0xaf, 0x99, 0xfa, 0x00, 0x00, 0x00, 0x00, 0x00,
    0x28, 0x22, 0x82, 0x00, 0x00, 0x00, 0x00, 0x00, 0x28, 0x22, 0x82, 0x00, 0x00, 0x00, 0x00, 0x00,
    0xaf, 0x99, 0xfa, 0x00, 0x00, 0x00, 0x00, 0x00, 0x28, 0x22, 0x82, 0x00, 0x00, 0x00, 0x00, 0x00,
    0x28, 0x22, 0x82, 0x00, 0x00, 0x00, 0x00, 0x00, 0xaf, 0x99, 0xfa, 0x00, 0x00, 0x00, 0x00, 0x00,
    0x28, 0x22, 0x82, 0x00, 0x00, 0x29, 0x22, 0x92, 0x18, 0x22, 0x82, 0x00, 0x00, 0xaf, 0x99, 0xf9,
    0x9f, 0x99, 0xfa, 0x00, 0x00, 0x29, 0x22, 0x92, 0x29, 0x22, 0x92, 0x00, 0x00, 0x00, 0x00, 0x00,
    0x00, 0x00, 0x00, 0x00, 0x00, 0x00, 0x00, 0x00, 0x00, 0x00, 0x00, 0x00, 0x00, 0x00, 0x00, 0x00,
    0x00, 0x00, 0x00, 0x00, 0x00, 0x00, 0x00, 0x00, 0x00, 0x00, 0x00, 0x00, 0x00, 0x00, 0x00, 0x00,
    0x00, 0x00, 0x00, 0x00, 0x00, 0x00, 0x00, 0x00, 0x00, 0x00, 0x02, 0x92, 0x00, 0x00, 0x00, 0x00,
    0x00, 0x00, 0x00, 0x00, 0x00, 0x00, 0x00, 0xaf, 0xa0, 0x00, 0x00, 0x00, 0x00, 0x00, 0x00, 0x00,
    0x00, 0x00, 0x00, 0x02, 0x82, 0x00, 0x00, 0x00, 0x00, 0x00, 0x00, 0x00, 0x00, 0x00, 0x02, 0x92,
    0x18, 0x12, 0x92, 0x00, 0x00, 0x00, 0x00, 0x00, 0x00, 0x00, 0x00, 0xaf, 0x99, 0xf9, 0x9f, 0xa0,
    0x00, 0x00, 0x00, 0x00, 0x00, 0x00, 0x00, 0x02, 0x81, 0x29, 0x21, 0x82, 0x00, 0x00, 0x00, 0x00,
    0x00, 0x00, 0x02, 0x92, 0x18, 0x20, 0x00, 0x28, 0x12, 0x92, 0x00, 0x00, 0x00, 0x00, 0x00, 0xaf,
    0x99, 0xfa, 0x01, 0x0a, 0xf9, 0x9f, 0xa0, 0x00, 0x00, 0x00, 0x00, 0x02, 0x81, 0x29, 0x20, 0x00,
    0x29, 0x21, 0x82, 0x00, 0x00, 0x00, 0x02, 0x92, 0x18, 0x20, 0x00, 0x00, 0x00, 0x00, 0x28, 0x12,
    0x92, 0x00, 0x00, 0xaf, 0x99, 0xfa, 0x00, 0x00, 0x00, 0x00, 0x0a, 0xf9, 0x9f, 0xa0, 0x00, 0x02,
    0x92, 0x29, 0x20, 0x00, 0x00, 0x00, 0x00, 0x29, 0x22, 0x92, 0x00, 0x00, 0x00, 0x00, 0x00, 0x00,
    0x00, 0x00, 0x00, 0x00, 0x00, 0x00, 0x00, 0x00, 0x00, 0x00, 0x00, 0x00, 0x00, 0x00, 0x00, 0x00,
    0x00, 0x00, 0x00, 0x00, 0x00, 0x00, 0x00, 0x00, 0x00, 0x00, 0x00, 0x00, 0x00, 0x00, 0x00, 0x00,
    0x00, 0x00, 0x00, 0x00, 0x00, 0x00, 0x00, 0x00, 0x00, 0x00, 0x00, 0x00, 0x00, 0x00, 0x00, 0x00,
    0x00, 0x29, 0x22, 0x92, 0x29, 0x22, 0x92, 0x29, 0x22, 0x92, 0x29, 0x22, 0x92, 0x00, 0x00, 0xaf,
    0x99, 0xf9, 0x9f, 0x99, 0xf9, 0x9f, 0x99, 0xf9, 0x9f, 0x99, 0xfa, 0x00, 0x00, 0x29, 0x22, 0x92,
    0x29, 0x22, 0x92, 0x29, 0x22, 0x92, 0x29, 0x22, 0x92, 0x00, 0x00, 0x00, 0x00, 0x00, 0x00, 0x00,
    0x00, 0x00, 0x00, 0x00, 0x00, 0x00, 0x00, 0x00, 0x00, 0x00, 0x00, 0x00, 0x00, 0x00, 0x00, 0x00,
    0x00, 0x00, 0x00, 0x00, 0x00, 0x00, 0x00, 0x00, 0x00, 0x00, 0x00, 0x00, 0x00, 0x00, 0x00, 0x00,
    0x00, 0x00, 0x00, 0x00, 0x00, 0x00, 0x00, 0x29, 0x22, 0x92, 0x00, 0x00, 0x00, 0x00, 0x00, 0xaf,
    0x99, 0xfa, 0x00, 0x00, 0x00, 0x00, 0x00, 0x29, 0x21, 0x82, 0x00, 0x00, 0x00, 0x00, 0x00, 0x00,
    0x02, 0x81, 0x29, 0x20, 0x00, 0x00, 0x00, 0x00, 0x0a, 0xf9, 0x9f, 0xa0, 0x00, 0x00, 0x00, 0x00,
    0x02, 0x92, 0x18, 0x20, 0x00, 0x00, 0x00, 0x00, 0x00, 0x00, 0x28, 0x12, 0x92, 0x00, 0x00, 0x00,
    0x00, 0x00, 0xaf, 0x99, 0xfa, 0x00, 0x00, 0x00, 0x00, 0x00, 0x29, 0x22, 0x92, 0x00, 0x00, 0x00,
    0x00, 0x00, 0x00, 0x00, 0x00, 0x00, 0x00, 0x00, 0x00, 0x00, 0x00, 0x00, 0x00, 0x00, 0x00, 0x00,
    0x00, 0x00, 0x00, 0x00, 0x00, 0x00, 0x00, 0x00, 0x00, 0x00, 0x00, 0x00, 0x00, 0x00, 0x00, 0x00,
    0x00, 0x00, 0x00, 0x00, 0x00, 0x00, 0x02, 0x92, 0x29, 0x22, 0x92, 0x29, 0x20, 0x00, 0x00, 0x00,
    0x00, 0x0a, 0xf9, 0x9f, 0x99, 0xf9, 0x9f, 0xa0, 0x00, 0x00, 0x00, 0x00, 0x02, 0x92, 0x29, 0x22,
    0x92, 0x18, 0x20, 0x00, 0x00, 0x00, 0x00, 0x00, 0x00, 0x00, 0x00, 0x00, 0x28, 0x12, 0x92, 0x00,
    0x00, 0x00, 0x00, 0x00, 0x00, 0x00, 0x10, 0xaf, 0x99, 0xfa, 0x00, 0x00, 0x00, 0x00, 0x00, 0x00,
    0x00, 0x00, 0x28, 0x22, 0x82, 0x00, 0x00, 0x00, 0x02, 0x92, 0x29, 0x22, 0x92, 0x18, 0x22, 0x82,
    0x00, 0x00, 0x00, 0x0a, 0xf9, 0x9f, 0x99, 0xf9, 0x9f, 0x99, 0xfa, 0x00, 0x00, 0x00, 0x02, 0x81,
    0x29, 0x22, 0x92, 0x18, 0x22, 0x82, 0x00, 0x00, 0x29, 0x21, 0x82, 0x00, 0x00, 0x00, 0x28, 0x22,
    0x82, 0x00, 0x00, 0xaf, 0x99, 0xfa, 0x01, 0x00, 0x10, 0xaf, 0x99, 0xfa, 0x00, 0x00, 0x29, 0x21,
    0x82, 0x00, 0x00, 0x00, 0x28, 0x22, 0x82, 0x00, 0x00, 0x00, 0x02, 0x81, 0x29, 0x22, 0x92, 0x18,
    0x22, 0x82, 0x00, 0x00, 0x00, 0x0a, 0xf9, 0x9f, 0x99, 0xf9, 0x9f, 0x99, 0xfa, 0x00, 0x00, 0x00,
    0x02, 0x92, 0x29, 0x22, 0x92, 0x29, 0x22, 0x92, 0x00, 0x00, 0x00, 0x00, 0x00, 0x00, 0x00, 0x00,
    0x00, 0x00, 0x00, 0x00, 0x00, 0x00, 0x00, 0x00, 0x00, 0x00, 0x00, 0x00, 0x00, 0x00, 0x00, 0x00,
    0x00, 0x00, 0x00, 0x00, 0x00, 0x00, 0x00, 0x00, 0x00, 0x00, 0x00, 0x00, 0x00, 0x00, 0x00, 0x00,
    0x00, 0x00, 0x00, 0x00, 0x00, 0x00, 0x29, 0x22, 0x92, 0x00, 0x00, 0x00, 0x00, 0x00, 0x00, 0x00,
    0x00, 0xaf, 0x99, 0xfa, 0x00, 0x00, 0x00, 0x00, 0x00, 0x00, 0x00, 0x00, 0x28, 0x22, 0x82, 0x00,
    0x00, 0x00, 0x00, 0x00, 0x00, 0x00, 0x00, 0x28, 0x22, 0x82, 0x00, 0x00, 0x00, 0x00, 0x00, 0x00,
    0x00, 0x00, 0xaf, 0x99, 0xfa, 0x00, 0x00, 0x00, 0x00, 0x00, 0x00, 0x00, 0x00, 0x28, 0x22, 0x82,
    0x00, 0x00, 0x00, 0x00, 0x00, 0x00, 0x00, 0x00, 0x28, 0x22, 0x81, 0x29, 0x22, 0x92, 0x29, 0x20,
    0x00, 0x00, 0x00, 0xaf, 0x99, 0xf9, 0x9f, 0x99, 0xf9, 0x9f, 0xa0, 0x00, 0x00, 0x00, 0x28, 0x22,
    0x81, 0x29, 0x22, 0x92, 0x18, 0x20, 0x00, 0x00, 0x00, 0x28, 0x22, 0x82, 0x00, 0x00, 0x00, 0x28,
    0x12, 0x92, 0x00, 0x00, 0xaf, 0x99, 0xfa, 0x00, 0x00, 0x00, 0xaf, 0x99, 0xfa, 0x00, 0x00, 0x28,
    0x22, 0x82, 0x00, 0x00, 0x00, 0x28, 0x22, 0x82, 0x00, 0x00, 0x28, 0x22, 0x82, 0x00, 0x00, 0x00,
    0x28, 0x22, 0x82, 0x00, 0x00, 0xaf, 0x99, 0xfa, 0x00, 0x00, 0x00, 0xaf, 0x99, 0xfa, 0x00, 0x00,
    0x28, 0x22, 0x82, 0x00, 0x00, 0x00, 0x28, 0x22, 0x82, 0x00, 0x00, 0x28, 0x22, 0x82, 0x00, 0x00,
    0x00, 0x28, 0x22, 0x82, 0x00, 0x00, 0xaf, 0x99, 0xfa, 0x00, 0x00, 0x00, 0xaf, 0x99, 0xfa, 0x00,
    0x00, 0x28, 0x22, 0x82, 0x00, 0x00, 0x00, 0x28, 0x12, 0x92, 0x00, 0x00, 0x28, 0x22, 0x81, 0x29,
    0x22, 0x92, 0x18, 0x20, 0x00, 0x00, 0x00, 0xaf, 0x99, 0xf9, 0x9f, 0x99, 0xf9, 0x9f, 0xa0, 0x00,
    0x00, 0x00, 0x29, 0x22, 0x92, 0x29, 0x22, 0x92, 0x29, 0x20, 0x00, 0x00, 0x00, 0x00, 0x00, 0x00,
    0x00, 0x00, 0x00, 0x00, 0x00, 0x00, 0x00, 0x00, 0x00, 0x00, 0x00, 0x00, 0x00, 0x00, 0x00, 0x00,
    0x00, 0x00, 0x00, 0x00, 0x00, 0x00, 0x00, 0x00, 0x00, 0x00, 0x00, 0x00, 0x00, 0x00, 0x00, 0x00,
    0x00, 0x00, 0x00, 0x00, 0x00, 0x00, 0x00, 0x02, 0x92, 0x29, 0x22, 0x92, 0x29, 0x20, 0x00, 0x00,
    0x00, 0xaf, 0x99, 0xf9, 0x9f, 0x99, 0xfa, 0x00, 0x00, 0x00, 0x02, 0x81, 0x29, 0x22, 0x92, 0x29,
    0x20, 0x00, 0x02, 0x92, 0x18, 0x20, 0x00, 0x00, 0x00, 0x00, 0x00, 0x00, 0xaf, 0x99, 0xfa, 0x00,
    0x00, 0x00, 0x00, 0x00, 0x00, 0x02, 0x82, 0x28, 0x20, 0x00, 0x00, 0x00, 0x00, 0x00, 0x00, 0x28,
    0x22, 0x82, 0x00, 0x00, 0x00, 0x00, 0x00, 0x00, 0x0a, 0xf9, 0x9f, 0xa0, 0x00, 0x00, 0x00, 0x00,
    0x00, 0x00, 0x28, 0x22, 0x82, 0x00, 0x00, 0x00, 0x00, 0x00, 0x00, 0x02, 0x82, 0x28, 0x20, 0x00,
    0x00, 0x00, 0x00, 0x00, 0x00, 0xaf, 0x99, 0xfa, 0x00, 0x00, 0x00, 0x00, 0x00, 0x00, 0x02, 0x92,
    0x18, 0x20, 0x00, 0x00, 0x00, 0x00, 0x00, 0x00, 0x00, 0x02, 0x81, 0x29, 0x22, 0x92, 0x29, 0x20,
    0x00, 0x00, 0x00, 0xaf, 0x99, 0xf9, 0x9f, 0x99, 0xfa, 0x00, 0x00, 0x00, 0x02, 0x92, 0x29, 0x22,
    0x92, 0x29, 0x20, 0x00, 0x00, 0x00, 0x00, 0x00, 0x00, 0x00, 0x00, 0x00, 0x00, 0x00, 0x00, 0x00,
    0x00, 0x00, 0x00, 0x00, 0x00, 0x00, 0x00, 0x00, 0x00, 0x00, 0x00, 0x00, 0x00, 0x00, 0x00, 0x00,
    0x00, 0x00, 0x00, 0x00, 0x00, 0x00, 0x00, 0x00, 0x00, 0x00, 0x00, 0x00, 0x00, 0x00, 0x00, 0x00,
    0x00, 0x00, 0x00, 0x00, 0x29, 0x22, 0x92, 0x00, 0x00, 0x00, 0x00, 0x00, 0x00, 0x00, 0x00, 0xaf,
    0x99, 0xfa, 0x00, 0x00, 0x00, 0x00, 0x00, 0x00, 0x00, 0x00, 0x28, 0x22, 0x82, 0x00, 0x00, 0x00,
    0x00, 0x00, 0x00, 0x00, 0x00, 0x28, 0x22, 0x82, 0x00, 0x00, 0x00, 0x00, 0x00, 0x00, 0x00, 0x00,
    0xaf, 0x99, 0xfa, 0x00, 0x00, 0x00, 0x00, 0x00, 0x00, 0x00, 0x00, 0x28, 0x22, 0x82, 0x00, 0x00,
    0x00, 0x02, 0x92, 0x29, 0x22, 0x92, 0x18, 0x22, 0x82, 0x00, 0x00, 0x00, 0x0a, 0xf9, 0x9f, 0x99,
    0xf9, 0x9f, 0x99, 0xfa, 0x00, 0x00, 0x00, 0x02, 0x81, 0x29, 0x22, 0x92, 0x18, 0x22, 0x82, 0x00,
    0x00, 0x29, 0x21, 0x82, 0x00, 0x00, 0x00, 0x28, 0x22, 0x82, 0x00, 0x00, 0xaf, 0x99, 0xfa, 0x00,
    0x00, 0x00, 0xaf, 0x99, 0xfa, 0x00, 0x00, 0x28, 0x22, 0x82, 0x00, 0x00, 0x00, 0x28, 0x22, 0x82,
    0x00, 0x00, 0x28, 0x22, 0x82, 0x00, 0x00, 0x00, 0x28, 0x22, 0x82, 0x00, 0x00, 0xaf, 0x99, 0xfa,
    0x00, 0x00, 0x00, 0xaf, 0x99, 0xfa, 0x00, 0x00, 0x28, 0x22, 0x82, 0x00, 0x00, 0x00, 0x28, 0x22,
    0x82, 0x00, 0x00, 0x28, 0x22, 0x82, 0x00, 0x00, 0x00, 0x28, 0x22, 0x82, 0x00, 0x00, 0xaf, 0x99,
    0xfa, 0x00, 0x00, 0x00, 0xaf, 0x99, 0xfa, 0x00, 0x00, 0x29, 0x21, 0x82, 0x00, 0x00, 0x00, 0x28,
    0x22, 0x82, 0x00, 0x00, 0x00, 0x02, 0x81, 0x29, 0x22, 0x92, 0x18, 0x22, 0x82, 0x00, 0x00, 0x00,
    0x0a, 0xf9, 0x9f, 0x99, 0xf9, 0x9f, 0x99, 0xfa, 0x00, 0x00, 0x00, 0x02, 0x92, 0x29, 0x22, 0x92,
    0x29, 0x22, 0x92, 0x00, 0x00, 0x00, 0x00, 0x00, 0x00, 0x00, 0x00, 0x00, 0x00, 0x00, 0x00, 0x00,
    0x00, 0x00, 0x00, 0x00, 0x00, 0x00, 0x00, 0x00, 0x00, 0x00, 0x00, 0x00, 0x00, 0x00, 0x00, 0x00,
    0x00, 0x00, 0x00, 0x00, 0x00, 0x00, 0x00, 0x00, 0x00, 0x00, 0x00, 0x00, 0x00, 0x00, 0x00, 0x00,
    0x00, 0x00, 0x02, 0x92, 0x29, 0x22, 0x92, 0x29, 0x20, 0x00, 0x00, 0x00, 0x00, 0x0a, 0xf9, 0x9f,
    0x99, 0xf9, 0x9f, 0xa0, 0x00, 0x00, 0x00, 0x00, 0x02, 0x81, 0x29, 0x22, 0x92, 0x18, 0x20, 0x00,
    0x00, 0x00, 0x29, 0x21, 0x82, 0x00, 0x00, 0x00, 0x28, 0x12, 0x92, 0x00, 0x00, 0xaf, 0x99, 0xfa,
    0x01, 0x00, 0x10, 0xaf, 0x99, 0xfa, 0x00, 0x00, 0x28, 0x22, 0x82, 0x00, 0x00, 0x00, 0x28, 0x22,
    0x82, 0x00, 0x00, 0x28, 0x22, 0x81, 0x29, 0x22, 0x92, 0x18, 0x22, 0x82, 0x00, 0x00, 0xaf, 0x99,
    0xf9, 0x9f, 0x99, 0xf9, 0x9f, 0x99, 0xfa, 0x00, 0x00, 0x28, 0x22, 0x81, 0x29, 0x22, 0x92, 0x29,
    0x22, 0x92, 0x00, 0x00, 0x28, 0x22, 0x82, 0x00, 0x00, 0x00, 0x00, 0x00, 0x00, 0x00, 0x00, 0xaf,
    0x99, 0xfa, 0x01, 0x00, 0x00, 0x00, 0x00, 0x00, 0x00, 0x00, 0x29, 0x21, 0x82, 0x00, 0x00, 0x00,
    0x00, 0x00, 0x00, 0x00, 0x00, 0x00, 0x02, 0x81, 0x29, 0x22, 0x92, 0x29, 0x20, 0x00, 0x00, 0x00,
    0x00, 0x0a, 0xf9, 0x9f, 0x99, 0xf9, 0x9f, 0xa0, 0x00, 0x00, 0x00, 0x00, 0x02, 0x92, 0x29, 0x22,
    0x92, 0x29, 0x20, 0x00, 0x00, 0x00, 0x00, 0x00, 0x00, 0x00, 0x00, 0x00, 0x00, 0x00, 0x00, 0x00,
    0x00, 0x00, 0x00, 0x00, 0x00, 0x00, 0x00, 0x00, 0x00, 0x00, 0x00, 0x00, 0x00, 0x00, 0x00, 0x00,
    0x00, 0x00, 0x00, 0x00, 0x00, 0x00, 0x00, 0x00, 0x00, 0x00, 0x00, 0x00, 0x00, 0x00, 0x00, 0x00,
    0x00, 0x00, 0x29, 0x22, 0x92, 0x29, 0x20, 0x00, 0x00, 0x00, 0x00, 0x0a, 0xf9, 0x9f, 0x99, 0xfa,
    0x00, 0x00, 0x00, 0x00, 0x00, 0x28, 0x12, 0x92, 0x29, 0x20, 0x00, 0x00, 0x00, 0x29, 0x21, 0x82,
    0x00, 0x00, 0x00, 0x00, 0x00, 0x00, 0x0a, 0xf9, 0x9f, 0xa0, 0x10, 0x00, 0x00, 0x00, 0x00, 0x00,
    0x28, 0x22, 0x82, 0x00, 0x00, 0x00, 0x00, 0x00, 0x29, 0x21, 0x82, 0x28, 0x12, 0x92, 0x29, 0x20,
    0x00, 0x0a, 0xf9, 0x9f, 0x99, 0xf9, 0x9f, 0x99, 0xfa, 0x00, 0x00, 0x29, 0x21, 0x82, 0x28, 0x12,
    0x92, 0x29, 0x20, 0x00, 0x00, 0x00, 0x28, 0x22, 0x82, 0x00, 0x00, 0x00, 0x00, 0x00, 0x00, 0x0a,
    0xf9, 0x9f, 0xa0, 0x00, 0x00, 0x00, 0x00, 0x00, 0x00, 0x28, 0x22, 0x82, 0x00, 0x00, 0x00, 0x00,
    0x00, 0x00, 0x02, 0x82, 0x28, 0x20, 0x00, 0x00, 0x00, 0x00, 0x00, 0x00, 0xaf, 0x99, 0xfa, 0x00,
    0x00, 0x00, 0x00, 0x00, 0x00, 0x02, 0x82, 0x28, 0x20, 0x00, 0x00, 0x00, 0x00, 0x00, 0x00, 0x28,
    0x22, 0x82, 0x00, 0x00, 0x00, 0x00, 0x00, 0x00, 0x0a, 0xf9, 0x9f, 0xa0, 0x00, 0x00, 0x00, 0x00,
    0x00, 0x00, 0x28, 0x22, 0x82, 0x00, 0x00, 0x00, 0x00, 0x00, 0x00, 0x02, 0x82, 0x28, 0x20, 0x00,
    0x00, 0x00, 0x00, 0x00, 0x00, 0xaf, 0x99, 0xfa, 0x00, 0x00, 0x00, 0x00, 0x00, 0x00, 0x02, 0x92,
    0x29, 0x20, 0x00, 0x00, 0x00, 0x00, 0x00, 0x00, 0x00, 0x00, 0x00, 0x00, 0x00, 0x00, 0x00, 0x00,
    0x00, 0x00, 0x00, 0x00, 0x00, 0x00, 0x00, 0x00, 0x00, 0x00, 0x00, 0x00, 0x00, 0x00, 0x00, 0x00,
    0x00, 0x00, 0x00, 0x00, 0x00, 0x00, 0x00, 0x00, 0x00, 0x00, 0x00, 0x00, 0x00, 0x00, 0x00, 0x00,
    0x00, 0x02, 0x92, 0x29, 0x22, 0x92, 0x29, 0x22, 0x92, 0x00, 0x00, 0x00, 0x0a, 0xf9, 0x9f, 0x99,
    0xf9, 0x9f, 0x99, 0xfa, 0x00, 0x00, 0x00, 0x02, 0x81, 0x29, 0x22, 0x92, 0x18, 0x22, 0x82, 0x00,
    0x00, 0x29, 0x21, 0x82, 0x00, 0x00, 0x00, 0x28, 0x22, 0x82, 0x00, 0x00, 0xaf, 0x99, 0xfa, 0x00,
    0x00, 0x00, 0xaf, 0x99, 0xfa, 0x00, 0x00, 0x28, 0x22, 0x82, 0x00, 0x00, 0x00, 0x28, 0x22, 0x82,
    0x00, 0x00, 0x28, 0x22, 0x82, 0x00, 0x00, 0x00, 0x28, 0x22, 0x82, 0x00, 0x00, 0xaf, 0x99, 0xfa,
    0x00, 0x00, 0x00, 0xaf, 0x99, 0xfa, 0x00, 0x00, 0x29, 0x21, 0x82, 0x00, 0x00, 0x00, 0x28, 0x22,
    0x82, 0x00, 0x00, 0x00, 0x02, 0x81, 0x29, 0x22, 0x92, 0x18, 0x22, 0x82, 0x00, 0x00, 0x00, 0x0a,
    0xf9, 0x9f, 0x99, 0xf9, 0x9f, 0x99, 0xfa, 0x00, 0x00, 0x00, 0x02, 0x92, 0x29, 0x22, 0x92, 0x18,
    0x22, 0x82, 0x00, 0x00, 0x00, 0x00, 0x00, 0x00, 0x00, 0x00, 0x28, 0x22, 0x82, 0x00, 0x00, 0x00,
    0x00, 0x00, 0x00, 0x00, 0x10, 0xaf, 0x99, 0xfa, 0x00, 0x00, 0x00, 0x00, 0x00, 0x00, 0x00, 0x00,
    0x28, 0x12, 0x92, 0x00, 0x00, 0x29, 0x22, 0x92, 0x29, 0x22, 0x92, 0x18, 0x20, 0x00, 0x00, 0x00,
    0xaf, 0x99, 0xf9, 0x9f, 0x99, 0xf9, 0x9f, 0xa0, 0x00, 0x00, 0x00, 0x29, 0x22, 0x92, 0x29, 0x22,
    0x92, 0x29, 0x20, 0x00, 0x00, 0x00, 0x00, 0x00, 0x00, 0x00, 0x00, 0x00, 0x00, 0x00, 0x00, 0x00,
    0x00, 0x00, 0x00, 0x00, 0x00, 0x00, 0x00, 0x00, 0x00, 0x00, 0x00, 0x00, 0x00, 0x00, 0x00, 0x00,
    0x00, 0x00, 0x00, 0x00, 0x00, 0x00, 0x00, 0x00, 0x00, 0x00, 0x00, 0x00, 0x00, 0x00, 0x00, 0x00,
    0x00, 0x00, 0x29, 0x22, 0x92, 0x00, 0x00, 0x00, 0x00, 0x00, 0x00, 0x00, 0x00, 0xaf, 0x99, 0xfa,
    0x00, 0x00, 0x00, 0x00, 0x00, 0x00, 0x00, 0x00, 0x28, 0x22, 0x82, 0x00, 0x00, 0x00, 0x00, 0x00,
    0x00, 0x00, 0x00, 0x28, 0x22, 0x82, 0x00, 0x00, 0x00, 0x00, 0x00, 0x00, 0x00, 0x00, 0xaf, 0x99,
    0xfa, 0x00, 0x00, 0x00, 0x00, 0x00, 0x00, 0x00, 0x00, 0x28, 0x22, 0x82, 0x00, 0x00, 0x00, 0x00,
    0x00, 0x00, 0x00, 0x00, 0x28, 0x22, 0x81, 0x29, 0x22, 0x92, 0x29, 0x20, 0x00, 0x00, 0x00, 0xaf,
    0x99, 0xf9, 0x9f, 0x99, 0xf9, 0x9f, 0xa0, 0x00, 0x00, 0x00, 0x28, 0x22, 0x81, 0x29, 0x22, 0x92,
    0x18, 0x20, 0x00, 0x00, 0x00, 0x28, 0x22, 0x82, 0x00, 0x00, 0x00, 0x28, 0x12, 0x92, 0x00, 0x00,
    0xaf, 0x99, 0xfa, 0x00, 0x00, 0x00, 0xaf, 0x99, 0xfa, 0x00, 0x00, 0x28, 0x22, 0x82, 0x00, 0x00,
    0x00, 0x28, 0x22, 0x82, 0x00, 0x00, 0x28, 0x22, 0x82, 0x00, 0x00, 0x00, 0x28, 0x22, 0x82, 0x00,
    0x00, 0xaf, 0x99, 0xfa, 0x00, 0x00, 0x00, 0xaf, 0x99, 0xfa, 0x00, 0x00, 0x28, 0x22, 0x82, 0x00,
    0x00, 0x00, 0x28, 0x22, 0x82, 0x00, 0x00, 0x28, 0x22, 0x82, 0x00, 0x00, 0x00, 0x28, 0x22, 0x82,
    0x00, 0x00, 0xaf, 0x99, 0xfa, 0x00, 0x00, 0x00, 0xaf, 0x99, 0xfa, 0x00, 0x00, 0x28, 0x22, 0x82,
    0x00, 0x00, 0x00, 0x28, 0x22, 0x82, 0x00, 0x00, 0x28, 0x22, 0x82, 0x00, 0x00, 0x00, 0x28, 0x22,
    0x82, 0x00, 0x00, 0xaf, 0x99, 0xfa, 0x00, 0x00, 0x00, 0xaf, 0x99, 0xfa, 0x00, 0x00, 0x29, 0x22,
    0x92, 0x00, 0x00, 0x00, 0x29, 0x22, 0x92, 0x00, 0x00, 0x00, 0x00, 0x00, 0x00, 0x00, 0x00, 0x00,
    0x00, 0x00, 0x00, 0x00, 0x00, 0x00, 0x00, 0x00, 0x00, 0x00, 0x00, 0x00, 0x00, 0x00, 0x00, 0x00,
    0x00, 0x00, 0x00, 0x00, 0x00, 0x00, 0x00, 0x00, 0x00, 0x00, 0x00, 0x00, 0x00, 0x00, 0x00, 0x00,
    0x00, 0x00, 0x00, 0x02, 0x92, 0x29, 0x20, 0x00, 0x00, 0x00, 0x00, 0x00, 0x00, 0xaf, 0x99, 0xfa,
    0x00, 0x00, 0x00, 0x00, 0x00, 0x00, 0x02, 0x92, 0x29, 0x20, 0x00, 0x00, 0x00, 0x00, 0x00, 0x00,
    0x00, 0x00, 0x00, 0x00, 0x00, 0x00, 0x00, 0x00, 0x00, 0x00, 0x00, 0x00, 0x00, 0x00, 0x00, 0x00,
    0x00, 0x00, 0x00, 0x00, 0x00, 0x00, 0x00, 0x00, 0x00, 0x00, 0x00, 0x29, 0x22, 0x92, 0x29, 0x20,
    0x00, 0x00, 0x00, 0x00, 0x0a, 0xf9, 0x9f, 0x99, 0xfa, 0x00, 0x00, 0x00, 0x00, 0x00, 0x29, 0x21,
    0x82, 0x28, 0x20, 0x00, 0x00, 0x00, 0x00, 0x00, 0x00, 0x28, 0x22, 0x82, 0x00, 0x00, 0x00, 0x00,
    0x00, 0x00, 0x0a, 0xf9, 0x9f, 0xa0, 0x00, 0x00, 0x00, 0x00, 0x00, 0x00, 0x28, 0x22, 0x82, 0x00,
    0x00, 0x00, 0x00, 0x00, 0x00, 0x02, 0x82, 0x28, 0x20, 0x00, 0x00, 0x00, 0x00, 0x00, 0x00, 0xaf,
    0x99, 0xfa, 0x00, 0x00, 0x00, 0x00, 0x00, 0x00, 0x02, 0x82, 0x28, 0x20, 0x00, 0x00, 0x00, 0x00,
    0x00, 0x00, 0x28, 0x22, 0x82, 0x00, 0x00, 0x00, 0x00, 0x00, 0x00, 0x0a, 0xf9, 0x9f, 0xa0, 0x00,
    0x00, 0x00, 0x00, 0x00, 0x00, 0x28, 0x22, 0x82, 0x00, 0x00, 0x00, 0x00, 0x00, 0x00, 0x02, 0x82,
    0x28, 0x12, 0x92, 0x29, 0x20, 0x00, 0x00, 0x00, 0xaf, 0x99, 0xf9, 0x9f, 0x99, 0xfa, 0x00, 0x00,
    0x00, 0x02, 0x92, 0x29, 0x22, 0x92, 0x29, 0x20, 0x00, 0x00, 0x00, 0x00, 0x00, 0x00, 0x00, 0x00,
    0x00, 0x00, 0x00, 0x00, 0x00, 0x00, 0x00, 0x00, 0x00, 0x00, 0x00, 0x00, 0x00, 0x00, 0x00, 0x00,
    0x00, 0x00, 0x00, 0x00, 0x00, 0x00, 0x00, 0x00, 0x00, 0x00, 0x00, 0x00, 0x00, 0x00, 0x00, 0x00,
    0x00, 0x00, 0x00, 0x00, 0x02, 0x92, 0x29, 0x20, 0x00, 0x00, 0x00, 0x00, 0x00, 0x00, 0xaf, 0x99,
    0xfa, 0x00, 0x00, 0x00, 0x00, 0x00, 0x00, 0x02, 0x92, 0x29, 0x20, 0x00, 0x00, 0x00, 0x00, 0x00,
    0x00, 0x00, 0x00, 0x00, 0x00, 0x00, 0x00, 0x00, 0x00, 0x00, 0x00, 0x00, 0x00, 0x00, 0x00, 0x00,
    0x00, 0x00, 0x00, 0x00, 0x00, 0x00, 0x00, 0x00, 0x00, 0x00, 0x00, 0x00, 0x00, 0x02, 0x92, 0x29,
    0x20, 0x00, 0x00, 0x00, 0x00, 0x00, 0x00, 0xaf, 0x99, 0xfa, 0x00, 0x00, 0x00, 0x00, 0x00, 0x00,
    0x02, 0x82, 0x28, 0x20, 0x00, 0x00, 0x00, 0x00, 0x00, 0x00, 0x28, 0x22, 0x82, 0x00, 0x00, 0x00,
    0x00, 0x00, 0x00, 0x0a, 0xf9, 0x9f, 0xa0, 0x00, 0x00, 0x00, 0x00, 0x00, 0x00, 0x28, 0x22, 0x82,
    0x00, 0x00, 0x00, 0x00, 0x00, 0x00, 0x02, 0x82, 0x28, 0x20, 0x00, 0x00, 0x00, 0x00, 0x00, 0x00,
    0xaf, 0x99, 0xfa, 0x00, 0x00, 0x00, 0x00, 0x00, 0x00, 0x02, 0x82, 0x28, 0x20, 0x00, 0x00, 0x00,
    0x00, 0x00, 0x00, 0x28, 0x22, 0x82, 0x00, 0x00, 0x00, 0x00, 0x00, 0x00, 0x0a, 0xf9, 0x9f, 0xa0,
    0x00, 0x00, 0x00, 0x00, 0x00, 0x00, 0x28, 0x22, 0x82, 0x00, 0x00, 0x00, 0x00, 0x00, 0x00, 0x02,
    0x82, 0x28, 0x20, 0x00, 0x00, 0x00, 0x00, 0x00, 0x00, 0xaf, 0x99, 0xfa, 0x00, 0x00, 0x00, 0x00,
    0x00, 0x00, 0x02, 0x81, 0x29, 0x20, 0x00, 0x02, 0x92, 0x29, 0x22, 0x92, 0x18, 0x20, 0x00, 0x00,
    0x00, 0xaf, 0x99, 0xf9, 0x9f, 0x99, 0xfa, 0x00, 0x00, 0x00, 0x02, 0x92, 0x29, 0x22, 0x92, 0x29,
    0x20, 0x00, 0x00, 0x00, 0x00, 0x00, 0x00, 0x00, 0x00, 0x00, 0x00, 0x00, 0x00, 0x00, 0x00, 0x00,
    0x00, 0x00, 0x00, 0x00, 0x00, 0x00, 0x00, 0x00, 0x00, 0x00, 0x00, 0x00, 0x00, 0x00, 0x00, 0x00,
    0x00, 0x00, 0x00, 0x00, 0x00, 0x00, 0x00, 0x00, 0x00, 0x00, 0x00, 0x00, 0x00, 0x29, 0x22, 0x92,
    0x00, 0x00, 0x00, 0x00, 0x00, 0x00, 0x00, 0x00, 0xaf, 0x99, 0xfa, 0x00, 0x00, 0x00, 0x00, 0x00,
    0x00, 0x00, 0x00, 0x28, 0x22, 0x82, 0x00, 0x00, 0x00, 0x00, 0x00, 0x00, 0x00, 0x00, 0x28, 0x22,
    0x82, 0x00, 0x00, 0x00, 0x00, 0x00, 0x00, 0x00, 0x00, 0xaf, 0x99, 0xfa, 0x00, 0x00, 0x00, 0x00,
    0x00, 0x00, 0x00, 0x00, 0x28, 0x22, 0x82, 0x00, 0x00, 0x00, 0x00, 0x00, 0x00, 0x00, 0x00, 0x28,
    0x22, 0x82, 0x00, 0x00, 0x00, 0x29, 0x22, 0x92, 0x00, 0x00, 0xaf, 0x99, 0xfa, 0x00, 0x00, 0x00,
    0xaf, 0x99, 0xfa, 0x00, 0x00, 0x28, 0x22, 0x82, 0x00, 0x00, 0x00, 0x28, 0x12, 0x92, 0x00, 0x00,
    0x28, 0x22, 0x82, 0x00, 0x02, 0x92, 0x18, 0x20, 0x00, 0x00, 0x00, 0xaf, 0x99, 0xfa, 0x01, 0x0a,
    0xf9, 0x9f, 0xa0, 0x00, 0x00, 0x00, 0x28, 0x22, 0x82, 0x00, 0x02, 0x81, 0x29, 0x20, 0x00, 0x00,
    0x00, 0x28, 0x22, 0x81, 0x29, 0x21, 0x82, 0x00, 0x00, 0x00, 0x00, 0x00, 0xaf, 0x99, 0xf9, 0x9f,
    0x99, 0xfa, 0x01, 0x00, 0x00, 0x00, 0x00, 0x28, 0x22, 0x81, 0x29, 0x21, 0x82, 0x00, 0x00, 0x00,
    0x00, 0x00, 0x28, 0x22, 0x82, 0x00, 0x02, 0x81, 0x29, 0x20, 0x00, 0x00, 0x00, 0xaf, 0x99, 0xfa,
    0x01, 0x0a, 0xf9, 0x9f, 0xa0, 0x00, 0x00, 0x00, 0x28, 0x22, 0x82, 0x00, 0x02, 0x92, 0x18, 0x20,
    0x00, 0x00, 0x00, 0x28, 0x22, 0x82, 0x00, 0x00, 0x00, 0x28, 0x12, 0x92, 0x00, 0x00, 0xaf, 0x99,
    0xfa, 0x00, 0x00, 0x00, 0xaf, 0x99, 0xfa, 0x00, 0x00, 0x29, 0x22, 0x92, 0x00, 0x00, 0x00, 0x29,
    0x22, 0x92, 0x00, 0x00, 0x00, 0x00, 0x00, 0x00, 0x00, 0x00, 0x00, 0x00, 0x00, 0x00, 0x00, 0x00,
    0x00, 0x00, 0x00, 0x00, 0x00, 0x00, 0x00, 0x00, 0x00, 0x00, 0x00, 0x00, 0x00, 0x00, 0x00, 0x00,
    0x00, 0x00, 0x00, 0x00, 0x00, 0x00, 0x00, 0x00, 0x00, 0x00, 0x00, 0x00, 0x00, 0x29, 0x22, 0x92,
    0x29, 0x20, 0x00, 0x00, 0x00, 0x00, 0x0a, 0xf9, 0x9f, 0x99, 0xfa, 0x00, 0x00, 0x00, 0x00, 0x00,
    0x29, 0x21, 0x82, 0x28, 0x20, 0x00, 0x00, 0x00, 0x00, 0x00, 0x00, 0x28, 0x22, 0x82, 0x00, 0x00,
    0x00, 0x00, 0x00, 0x00, 0x0a, 0xf9, 0x9f, 0xa0, 0x00, 0x00, 0x00, 0x00, 0x00, 0x00, 0x28, 0x22,
    0x82, 0x00, 0x00, 0x00, 0x00, 0x00, 0x00, 0x02, 0x82, 0x28, 0x20, 0x00, 0x00, 0x00, 0x00, 0x00,
    0x00, 0xaf, 0x99, 0xfa, 0x00, 0x00, 0x00, 0x00, 0x00, 0x00, 0x02, 0x82, 0x28, 0x20, 0x00, 0x00,
    0x00, 0x00, 0x00, 0x00, 0x28, 0x22, 0x82, 0x00, 0x00, 0x00, 0x00, 0x00, 0x00, 0x0a, 0xf9, 0x9f,
    0xa0, 0x00, 0x00, 0x00, 0x00, 0x00, 0x00, 0x28, 0x22, 0x82, 0x00, 0x00, 0x00, 0x00, 0x00, 0x00,
    0x02, 0x82, 0x28, 0x20, 0x00, 0x00, 0x00, 0x00, 0x00, 0x00, 0xaf, 0x99, 0xfa, 0x00, 0x00, 0x00,
    0x00, 0x00, 0x00, 0x02, 0x82, 0x28, 0x20, 0x00, 0x00, 0x00, 0x00, 0x00, 0x00, 0x28, 0x22, 0x82,
    0x00, 0x00, 0x00, 0x00, 0x00, 0x00, 0x0a, 0xf9, 0x9f, 0xa0, 0x00, 0x00, 0x00, 0x00, 0x00, 0x00,
    0x28, 0x22, 0x82, 0x00, 0x00, 0x00, 0x00, 0x00, 0x00, 0x02, 0x82, 0x28, 0x12, 0x92, 0x29, 0x20,
    0x00, 0x00, 0x00, 0xaf, 0x99, 0xf9, 0x9f, 0x99, 0xfa, 0x00, 0x00, 0x00, 0x02, 0x92, 0x29, 0x22,
    0x92, 0x29, 0x20, 0x00, 0x00, 0x00, 0x00, 0x00, 0x00, 0x00, 0x00, 0x00, 0x00, 0x00, 0x00, 0x00,
    0x00, 0x00, 0x00, 0x00, 0x00, 0x00, 0x00, 0x00, 0x00, 0x00, 0x00, 0x00, 0x00, 0x00, 0x00, 0x00,
    0x00, 0x00, 0x00, 0x00, 0x00, 0x00, 0x00, 0x00, 0x00, 0x00, 0x00, 0x00, 0x00, 0x00, 0x00, 0x00,
    0x00, 0x29, 0x22, 0x92, 0x00, 0x00, 0x00, 0x29, 0x22, 0x92, 0x00, 0x00, 0x00, 0x0a, 0xf9, 0x9f,
    0xa0, 0x00, 0x00, 0x0a, 0xf9, 0x9f, 0xa0, 0x00, 0x00, 0x00, 0x28, 0x22, 0x82, 0x00, 0x00, 0x00,
    0x28, 0x22, 0x82, 0x00, 0x00, 0x00, 0x02, 0x82, 0x28, 0x12, 0x92, 0x29, 0x21, 0x82, 0x28, 0x12,
    0x92, 0x00, 0x00, 0xaf, 0x99, 0xf9, 0x9f, 0x99, 0xf9, 0x9f, 0x99, 0xf9, 0x9f, 0xa0, 0x00, 0x02,
    0x82, 0x28, 0x12, 0x92, 0x18, 0x12, 0x92, 0x18, 0x22, 0x82, 0x00, 0x00, 0x28, 0x22, 0x82, 0x00,
    0x02, 0x82, 0x00, 0x02, 0x82, 0x28, 0x20, 0x00, 0x0a, 0xf9, 0x9f, 0xa0, 0x10, 0xaf, 0xa0, 0x10,
    0xaf, 0x99, 0xfa, 0x00, 0x00, 0x28, 0x22, 0x82, 0x00, 0x02, 0x82, 0x00, 0x02, 0x82, 0x28, 0x20,
    0x00, 0x02, 0x82, 0x28, 0x20, 0x00, 0x28, 0x20, 0x00, 0x28, 0x22, 0x82, 0x00, 0x00, 0xaf, 0x99,
    0xfa, 0x00, 0x0a, 0xfa, 0x00, 0x0a, 0xf9, 0x9f, 0xa0, 0x00, 0x02, 0x82, 0x28, 0x20, 0x00, 0x29,
    0x20, 0x00, 0x28, 0x22, 0x82, 0x00, 0x00, 0x28, 0x22, 0x82, 0x00, 0x00, 0x00, 0x00, 0x02, 0x82,
    0x28, 0x20, 0x00, 0x0a, 0xf9, 0x9f, 0xa0, 0x00, 0x00, 0x00, 0x00, 0xaf, 0x99, 0xfa, 0x00, 0x00,
    0x29, 0x22, 0x92, 0x00, 0x00, 0x00, 0x00, 0x02, 0x92, 0x29, 0x20, 0x00, 0x00, 0x00, 0x00, 0x00,
    0x00, 0x00, 0x00, 0x00, 0x00, 0x00, 0x00, 0x00, 0x00, 0x00, 0x00, 0x00, 0x00, 0x00, 0x00, 0x00,
    0x00, 0x00, 0x00, 0x00, 0x00, 0x00, 0x00, 0x00, 0x00, 0x00, 0x00, 0x00, 0x00, 0x00, 0x00, 0x00,
    0x00, 0x00, 0x00, 0x00, 0x00, 0x00, 0x00, 0x00, 0x00, 0x00, 0x00, 0x00, 0x29, 0x22, 0x92, 0x29,
    0x22, 0x92, 0x29, 0x20, 0x00, 0x00, 0x00, 0xaf, 0x99, 0xf9, 0x9f, 0x99, 0xf9, 0x9f, 0xa0, 0x00,
    0x00, 0x00, 0x28, 0x22, 0x81, 0x29, 0x22, 0x92, 0x18, 0x20, 0x00, 0x00, 0x00, 0x28, 0x22, 0x82,
    0x00, 0x00, 0x00, 0x28, 0x12, 0x92, 0x00, 0x00, 0xaf, 0x99, 0xfa, 0x00, 0x00, 0x00, 0xaf, 0x99,
    0xfa, 0x00, 0x00, 0x28, 0x22, 0x82, 0x00, 0x00, 0x00, 0x28, 0x22, 0x82, 0x00, 0x00, 0x28, 0x22,
    0x82, 0x00, 0x00, 0x00, 0x28, 0x22, 0x82, 0x00, 0x00, 0xaf, 0x99, 0xfa, 0x00, 0x00, 0x00, 0xaf,
    0x99, 0xfa, 0x00, 0x00, 0x28, 0x22, 0x82, 0x00, 0x00, 0x00, 0x28, 0x22, 0x82, 0x00, 0x00, 0x28,
    0x22, 0x82, 0x00, 0x00, 0x00, 0x28, 0x22, 0x82, 0x00, 0x00, 0xaf, 0x99, 0xfa, 0x00, 0x00, 0x00,
    0xaf, 0x99, 0xfa, 0x00, 0x00, 0x28, 0x22, 0x82, 0x00, 0x00, 0x00, 0x28, 0x22, 0x82, 0x00, 0x00,
    0x28, 0x22, 0x82, 0x00, 0x00, 0x00, 0x28, 0x22, 0x82, 0x00, 0x00, 0xaf, 0x99, 0xfa, 0x00, 0x00,
    0x00, 0xaf, 0x99, 0xfa, 0x00, 0x00, 0x29, 0x22, 0x92, 0x00, 0x00, 0x00, 0x29, 0x22, 0x92, 0x00,
    0x00, 0x00, 0x00, 0x00, 0x00, 0x00, 0x00, 0x00, 0x00, 0x00, 0x00, 0x00, 0x00, 0x00, 0x00, 0x00,
    0x00, 0x00, 0x00, 0x00, 0x00, 0x00, 0x00, 0x00, 0x00, 0x00, 0x00, 0x00, 0x00, 0x00, 0x00, 0x00,
    0x00, 0x00, 0x00, 0x00, 0x00, 0x00, 0x00, 0x00, 0x00, 0x00, 0x00, 0x00, 0x00, 0x00, 0x02, 0x92,
    0x29, 0x22, 0x92, 0x29, 0x20, 0x00, 0x00, 0x00, 0x00, 0x0a, 0xf9, 0x9f, 0x99, 0xf9, 0x9f, 0xa0,
    0x00, 0x00, 0x00, 0x00, 0x02, 0x81, 0x29, 0x22, 0x92, 0x18, 0x20, 0x00, 0x00, 0x00, 0x29, 0x21,
    0x82, 0x00, 0x00, 0x00, 0x28, 0x12, 0x92, 0x00, 0x00, 0xaf, 0x99, 0xfa, 0x00, 0x00, 0x00, 0xaf,
    0x99, 0xfa, 0x00, 0x00, 0x28, 0x22, 0x82, 0x00, 0x00, 0x00, 0x28, 0x22, 0x82, 0x00, 0x00, 0x28,
    0x22, 0x82, 0x00, 0x00, 0x00, 0x28, 0x22, 0x82, 0x00, 0x00, 0xaf, 0x99, 0xfa, 0x00, 0x00, 0x00,
    0xaf, 0x99, 0xfa, 0x00, 0x00, 0x28, 0x22, 0x82, 0x00, 0x00, 0x00, 0x28, 0x22, 0x82, 0x00, 0x00,
    0x28, 0x22, 0x82, 0x00, 0x00, 0x00, 0x28, 0x22, 0x82, 0x00, 0x00, 0xaf, 0x99, 0xfa, 0x00, 0x00,
    0x00, 0xaf, 0x99, 0xfa, 0x00, 0x00, 0x29, 0x21, 0x82, 0x00, 0x00, 0x00, 0x28, 0x12, 0x92, 0x00,
    0x00, 0x00, 0x02, 0x81, 0x29, 0x22, 0x92, 0x18, 0x20, 0x00, 0x00, 0x00, 0x00, 0x0a, 0xf9, 0x9f,
    0x99, 0xf9, 0x9f, 0xa0, 0x00, 0x00, 0x00, 0x00, 0x02, 0x92, 0x29, 0x22, 0x92, 0x29, 0x20, 0x00,
    0x00, 0x00, 0x00, 0x00, 0x00, 0x00, 0x00, 0x00, 0x00, 0x00, 0x00, 0x00, 0x00, 0x00, 0x00, 0x00,
    0x00, 0x00, 0x00, 0x00, 0x00, 0x00, 0x00, 0x00, 0x00, 0x00, 0x00, 0x00, 0x00, 0x00, 0x00, 0x00,
    0x00, 0x00, 0x00, 0x00, 0x00, 0x00, 0x00, 0x00, 0x00, 0x00, 0x00, 0x00, 0x00, 0x00, 0x29, 0x22,
    0x92, 0x29, 0x22, 0x92, 0x29, 0x20, 0x00, 0x00, 0x00, 0xaf, 0x99, 0xf9, 0x9f, 0x99, 0xf9, 0x9f,
    0xa0, 0x00, 0x00, 0x00, 0x28, 0x22, 0x81, 0x29, 0x22, 0x92, 0x18, 0x20, 0x00, 0x00, 0x00, 0x28,
    0x22, 0x82, 0x00, 0x00, 0x00, 0x28, 0x12, 0x92, 0x00, 0x00, 0xaf, 0x99, 0xfa, 0x00, 0x00, 0x00,
    0xaf, 0x99, 0xfa, 0x00, 0x00, 0x28, 0x22, 0x82, 0x00, 0x00, 0x00, 0x28, 0x22, 0x82, 0x00, 0x00,
    0x28, 0x22, 0x82, 0x00, 0x00, 0x00, 0x28, 0x22, 0x82, 0x00, 0x00, 0xaf, 0x99, 0xfa, 0x00, 0x00,
    0x00, 0xaf, 0x99, 0xfa, 0x00, 0x00, 0x28, 0x22, 0x82, 0x00, 0x00, 0x00, 0x28, 0x12, 0x92, 0x00,
    0x00, 0x28, 0x22, 0x81, 0x29, 0x22, 0x92, 0x18, 0x20, 0x00, 0x00, 0x00, 0xaf, 0x99, 0xf9, 0x9f,
    0x99, 0xf9, 0x9f, 0xa0, 0x00, 0x00, 0x00, 0x28, 0x22, 0x81, 0x29, 0x22, 0x92, 0x29, 0x20, 0x00,
    0x00, 0x00, 0x28, 0x22, 0x82, 0x00, 0x00, 0x00, 0x00, 0x00, 0x00, 0x00, 0x00, 0xaf, 0x99, 0xfa,
    0x00, 0x00, 0x00, 0x00, 0x00, 0x00, 0x00, 0x00, 0x28, 0x22, 0x82, 0x00, 0x00, 0x00, 0x00, 0x00,
    0x00, 0x00, 0x00, 0x28, 0x22, 0x82, 0x00, 0x00, 0x00, 0x00, 0x00, 0x00, 0x00, 0x00, 0xaf, 0x99,
    0xfa, 0x00, 0x00, 0x00, 0x00, 0x00, 0x00, 0x00, 0x00, 0x29, 0x22, 0x92, 0x00, 0x00, 0x00, 0x00,
    0x00, 0x00, 0x00, 0x00, 0x00, 0x00, 0x00, 0x00, 0x00, 0x00, 0x00, 0x00, 0x00, 0x00, 0x00, 0x00,
    0x00, 0x00, 0x00, 0x00, 0x00, 0x00, 0x00, 0x00, 0x00, 0x00, 0x00, 0x00, 0x00, 0x00, 0x00, 0x00,
    0x00, 0x00, 0x00, 0x00, 0x00, 0x00, 0x00, 0x00, 0x00, 0x00, 0x00, 0x00, 0x00, 0x00, 0x00, 0x00,
    0x00, 0x02, 0x92, 0x29, 0x22, 0x92, 0x29, 0x22, 0x92, 0x00, 0x00, 0x00, 0x0a, 0xf9, 0x9f, 0x99,
    0xf9, 0x9f, 0x99, 0xfa, 0x00, 0x00, 0x00, 0x02, 0x81, 0x29, 0x22, 0x92, 0x18, 0x22, 0x82, 0x00,
    0x00, 0x29, 0x21, 0x82, 0x00, 0x00, 0x00, 0x28, 0x22, 0x82, 0x00, 0x00, 0xaf, 0x99, 0xfa, 0x00,
    0x00, 0x00, 0xaf, 0x99, 0xfa, 0x00, 0x00, 0x28, 0x22, 0x82, 0x00, 0x00, 0x00, 0x28, 0x22, 0x82,
    0x00, 0x00, 0x28, 0x22, 0x82, 0x00, 0x00, 0x00, 0x28, 0x22, 0x82, 0x00, 0x00, 0xaf, 0x99, 0xfa,
    0x00, 0x00, 0x00, 0xaf, 0x99, 0xfa, 0x00, 0x00, 0x29, 0x21, 0x82, 0x00, 0x00, 0x00, 0x28, 0x22,
    0x82, 0x00, 0x00, 0x00, 0x02, 0x81, 0x29, 0x22, 0x92, 0x18, 0x22, 0x82, 0x00, 0x00, 0x00, 0x0a,
    0xf9, 0x9f, 0x99, 0xf9, 0x9f, 0x99, 0xfa, 0x00, 0x00, 0x00, 0x02, 0x92, 0x29, 0x22, 0x92, 0x18,
    0x22, 0x82, 0x00, 0x00, 0x00, 0x00, 0x00, 0x00, 0x00, 0x00, 0x28, 0x22, 0x82, 0x00, 0x00, 0x00,
    0x00, 0x00, 0x00, 0x00, 0x00, 0xaf, 0x99, 0xfa, 0x00, 0x00, 0x00, 0x00, 0x00, 0x00, 0x00, 0x00,
    0x28, 0x22, 0x82, 0x00, 0x00, 0x00, 0x00, 0x00, 0x00, 0x00, 0x00, 0x28, 0x22, 0x82, 0x00, 0x00,
    0x00, 0x00, 0x00, 0x00, 0x00, 0x00, 0xaf, 0x99, 0xfa, 0x00, 0x00, 0x00, 0x00, 0x00, 0x00, 0x00,
    0x00, 0x29, 0x22, 0x92, 0x00, 0x00, 0x00, 0x00, 0x00, 0x00, 0x00, 0x00, 0x00, 0x00, 0x00, 0x00,
    0x00, 0x00, 0x00, 0x00, 0x00, 0x00, 0x00, 0x00, 0x00, 0x00, 0x00, 0x00, 0x00, 0x00, 0x00, 0x00,
    0x00, 0x00, 0x00, 0x00, 0x00, 0x00, 0x00, 0x00, 0x00, 0x00, 0x00, 0x00, 0x00, 0x00, 0x00, 0x00,
    0x00, 0x00, 0x29, 0x22, 0x92, 0x29, 0x22, 0x92, 0x29, 0x20, 0x00, 0x00, 0x00, 0xaf, 0x99, 0xf9,
    0x9f, 0x99, 0xf9, 0x9f, 0xa0, 0x00, 0x00, 0x00, 0x28, 0x22, 0x81, 0x29, 0x22, 0x92, 0x18, 0x20,
    0x00, 0x00, 0x00, 0x28, 0x22, 0x82, 0x00, 0x00, 0x00, 0x28, 0x12, 0x92, 0x00, 0x00, 0xaf, 0x99,
    0xfa, 0x00, 0x00, 0x00, 0xaf, 0x99, 0xfa, 0x00, 0x00, 0x28, 0x22, 0x82, 0x00, 0x00, 0x00, 0x29,
    0x22, 0x92, 0x00, 0x00, 0x28, 0x22, 0x82, 0x00, 0x00, 0x00, 0x00, 0x00, 0x00, 0x00, 0x00, 0xaf,
    0x99, 0xfa, 0x00, 0x00, 0x00, 0x00, 0x00, 0x00, 0x00, 0x00, 0x28, 0x22, 0x82, 0x00, 0x00, 0x00,
    0x00, 0x00, 0x00, 0x00, 0x00, 0x28, 0x22, 0x82, 0x00, 0x00, 0x00, 0x00, 0x00, 0x00, 0x00, 0x00,
    0xaf, 0x99, 0xfa, 0x00, 0x00, 0x00, 0x00, 0x00, 0x00, 0x00, 0x00, 0x28, 0x22, 0x82, 0x00, 0x00,
    0x00, 0x00, 0x00, 0x00, 0x00, 0x00, 0x28, 0x22, 0x82, 0x00, 0x00, 0x00, 0x00, 0x00, 0x00, 0x00,
    0x00, 0xaf, 0x99, 0xfa, 0x00, 0x00, 0x00, 0x00, 0x00, 0x00, 0x00, 0x00, 0x29, 0x22, 0x92, 0x00,
    0x00, 0x00, 0x00, 0x00, 0x00, 0x00, 0x00, 0x00, 0x00, 0x00, 0x00, 0x00, 0x00, 0x00, 0x00, 0x00,
    0x00, 0x00, 0x00, 0x00, 0x00, 0x00, 0x00, 0x00, 0x00, 0x00, 0x00, 0x00, 0x00, 0x00, 0x00, 0x00,
    0x00, 0x00, 0x00, 0x00, 0x00, 0x00, 0x00, 0x00, 0x00, 0x00, 0x00, 0x00, 0x00, 0x00, 0x00, 0x00,
    0x00, 0x00, 0x00, 0x00, 0x02, 0x92, 0x29, 0x22, 0x92, 0x29, 0x22, 0x92, 0x00, 0x00, 0x00, 0x0a,
    0xf9, 0x9f, 0x99, 0xf9, 0x9f, 0x99, 0xfa, 0x00, 0x00, 0x00, 0x02, 0x81, 0x29, 0x22, 0x92, 0x29,
    0x22, 0x92, 0x00, 0x00, 0x29, 0x21, 0x82, 0x00, 0x00, 0x00, 0x00, 0x00, 0x00, 0x00, 0x00, 0xaf,
    0x99, 0xfa, 0x01, 0x00, 0x00, 0x00, 0x00, 0x00, 0x00, 0x00, 0x29, 0x21, 0x82, 0x00, 0x00, 0x00,
    0x00, 0x00, 0x00, 0x00, 0x00, 0x00, 0x02, 0x81, 0x29, 0x22, 0x92, 0x29, 0x20, 0x00, 0x00, 0x00,
    0x00, 0x0a, 0xf9, 0x9f, 0x99, 0xf9, 0x9f, 0xa0, 0x00, 0x00, 0x00, 0x00, 0x02, 0x92, 0x29, 0x22,
    0x92, 0x18, 0x20, 0x00, 0x00, 0x00, 0x00, 0x00, 0x00, 0x00, 0x00, 0x00, 0x28, 0x12, 0x92, 0x00,
    0x00, 0x00, 0x00, 0x00, 0x00, 0x00, 0x10, 0xaf, 0x99, 0xfa, 0x00, 0x00, 0x00, 0x00, 0x00, 0x00,
    0x00, 0x00, 0x28, 0x12, 0x92, 0x00, 0x00, 0x29, 0x22, 0x92, 0x29, 0x22, 0x92, 0x18, 0x20, 0x00,
    0x00, 0x00, 0xaf, 0x99, 0xf9, 0x9f, 0x99, 0xf9, 0x9f, 0xa0, 0x00, 0x00, 0x00, 0x29, 0x22, 0x92,
    0x29, 0x22, 0x92, 0x29, 0x20, 0x00, 0x00, 0x00, 0x00, 0x00, 0x00, 0x00, 0x00, 0x00, 0x00, 0x00,
    0x00, 0x00, 0x00, 0x00, 0x00, 0x00, 0x00, 0x00, 0x00, 0x00, 0x00, 0x00, 0x00, 0x00, 0x00, 0x00,
    0x00, 0x00, 0x00, 0x00, 0x00, 0x00, 0x00, 0x00, 0x00, 0x00, 0x00, 0x00, 0x00, 0x00, 0x00, 0x00,
    0x00, 0x00, 0x00, 0x00, 0x00, 0x02, 0x92, 0x29, 0x20, 0x00, 0x00, 0x00, 0x00, 0x00, 0x00, 0x00,
    0x0a, 0xf9, 0x9f, 0xa0, 0x00, 0x00, 0x00, 0x00, 0x00, 0x00, 0x00, 0x02, 0x82, 0x28, 0x20, 0x00,
    0x00, 0x00, 0x00, 0x00, 0x00, 0x00, 0x02, 0x82, 0x28, 0x20, 0x00, 0x00, 0x00, 0x00, 0x00, 0x00,
    0x00, 0x0a, 0xf9, 0x9f, 0xa0, 0x00, 0x00, 0x00, 0x00, 0x00, 0x00, 0x00, 0x02, 0x82, 0x28, 0x20,
    0x00, 0x00, 0x00, 0x00, 0x00, 0x00, 0x29, 0x21, 0x82, 0x28, 0x12, 0x92, 0x29, 0x22, 0x92, 0x00,
    0x00, 0xaf, 0x99, 0xf9, 0x9f, 0x99, 0xf9, 0x9f, 0x99, 0xfa, 0x00, 0x00, 0x29, 0x21, 0x82, 0x28,
    0x12, 0x92, 0x29, 0x22, 0x92, 0x00, 0x00, 0x00, 0x02, 0x82, 0x28, 0x20, 0x00, 0x00, 0x00, 0x00,
    0x00, 0x00, 0x00, 0x0a, 0xf9, 0x9f, 0xa0, 0x00, 0x00, 0x00, 0x00, 0x00, 0x00, 0x00, 0x02, 0x82,
    0x28, 0x20, 0x00, 0x00, 0x00, 0x00, 0x00, 0x00, 0x00, 0x02, 0x82, 0x28, 0x20, 0x00, 0x00, 0x00,
    0x00, 0x00, 0x00, 0x00, 0x0a, 0xf9, 0x9f, 0xa0, 0x00, 0x00, 0x00, 0x00, 0x00, 0x00, 0x00, 0x02,
    0x82, 0x28, 0x20, 0x00, 0x00, 0x00, 0x00, 0x00, 0x00, 0x00, 0x02, 0x82, 0x28, 0x20, 0x00, 0x00,
    0x00, 0x00, 0x00, 0x00, 0x00, 0x0a, 0xf9, 0x9f, 0xa0, 0x00, 0x00, 0x00, 0x00, 0x00, 0x00, 0x00,
    0x02, 0x92, 0x18, 0x20, 0x00, 0x00, 0x00, 0x00, 0x00, 0x00, 0x00, 0x00, 0x00, 0x28, 0x12, 0x92,
    0x29, 0x22, 0x92, 0x00, 0x00, 0x00, 0x00, 0x00, 0xaf, 0x99, 0xf9, 0x9f, 0x99, 0xfa, 0x00, 0x00,
    0x00, 0x00, 0x00, 0x29, 0x22, 0x92, 0x29, 0x22, 0x92, 0x00, 0x00, 0x00, 0x00, 0x00, 0x00, 0x00,
    0x00, 0x00, 0x00, 0x00, 0x00, 0x00, 0x00, 0x00, 0x00, 0x00, 0x00, 0x00, 0x00, 0x00, 0x00, 0x00,
    0x00, 0x00, 0x00, 0x00, 0x00, 0x00, 0x00, 0x00, 0x00, 0x00, 0x00, 0x00, 0x00, 0x00, 0x00, 0x00,
    0x00, 0x00, 0x00, 0x00, 0x00, 0x00, 0x00, 0x29, 0x22, 0x92, 0x00, 0x00, 0x00, 0x29, 0x22, 0x92,
    0x00, 0x00, 0xaf, 0x99, 0xfa, 0x00, 0x00, 0x00, 0xaf, 0x99, 0xfa, 0x00, 0x00, 0x28, 0x22, 0x82,
    0x00, 0x00, 0x00, 0x28, 0x22, 0x82, 0x00, 0x00, 0x28, 0x22, 0x82, 0x00, 0x00, 0x00, 0x28, 0x22,
    0x82, 0x00, 0x00, 0xaf, 0x99, 0xfa, 0x00, 0x00, 0x00, 0xaf, 0x99, 0xfa, 0x00, 0x00, 0x28, 0x22,
    0x82, 0x00, 0x00, 0x00, 0x28, 0x22, 0x82, 0x00, 0x00, 0x28, 0x22, 0x82, 0x00, 0x00, 0x00, 0x28,
    0x22, 0x82, 0x00, 0x00, 0xaf, 0x99, 0xfa, 0x00, 0x00, 0x00, 0xaf, 0x99, 0xfa, 0x00, 0x00, 0x28,
    0x22, 0x82, 0x00, 0x00, 0x00, 0x28, 0x22, 0x82, 0x00, 0x00, 0x28, 0x22, 0x82, 0x00, 0x00, 0x00,
    0x28, 0x22, 0x82, 0x00, 0x00, 0xaf, 0x99, 0xfa, 0x00, 0x00, 0x00, 0xaf, 0x99, 0xfa, 0x00, 0x00,
    0x29, 0x21, 0x82, 0x00, 0x00, 0x00, 0x28, 0x22, 0x82, 0x00, 0x00, 0x00, 0x02, 0x81, 0x29, 0x22,
    0x92, 0x18, 0x22, 0x82, 0x00, 0x00, 0x00, 0x0a, 0xf9, 0x9f, 0x99, 0xf9, 0x9f, 0x99, 0xfa, 0x00,
    0x00, 0x00, 0x02, 0x92, 0x29, 0x22, 0x92, 0x29, 0x22, 0x92, 0x00, 0x00, 0x00, 0x00, 0x00, 0x00,
    0x00, 0x00, 0x00, 0x00, 0x00, 0x00, 0x00, 0x00, 0x00, 0x00, 0x00, 0x00, 0x00, 0x00, 0x00, 0x00,
    0x00, 0x00, 0x00, 0x00, 0x00, 0x00, 0x00, 0x00, 0x00, 0x00, 0x00, 0x00, 0x00, 0x00, 0x00, 0x00,
    0x00, 0x00, 0x00, 0x00, 0x00, 0x00, 0x00, 0x00, 0x29, 0x22, 0x92, 0x00, 0x00, 0x00, 0x29, 0x22,
    0x92, 0x00, 0x00, 0xaf, 0x99, 0xfa, 0x00, 0x00, 0x00, 0xaf, 0x99, 0xfa, 0x00, 0x00, 0x28, 0x22,
    0x82, 0x00, 0x00, 0x00, 0x28, 0x22, 0x82, 0x00, 0x00, 0x28, 0x22, 0x82, 0x00, 0x00, 0x00, 0x28,
    0x22, 0x82, 0x00, 0x00, 0xaf, 0x99, 0xfa, 0x00, 0x00, 0x00, 0xaf, 0x99, 0xfa, 0x00, 0x00, 0x28,
    0x22, 0x82, 0x00, 0x00, 0x00, 0x28, 0x22, 0x82, 0x00, 0x00, 0x28, 0x22, 0x82, 0x00, 0x00, 0x00,
    0x28, 0x22, 0x82, 0x00, 0x00, 0xaf, 0x99, 0xfa, 0x00, 0x00, 0x00, 0xaf, 0x99, 0xfa, 0x00, 0x00,
    0x29, 0x21, 0x82, 0x00, 0x00, 0x00, 0x28, 0x12, 0x92, 0x00, 0x00, 0x00, 0x02, 0x81, 0x29, 0x22,
    0x92, 0x18, 0x20, 0x00, 0x00, 0x00, 0x00, 0x0a, 0xf9, 0x9f, 0x99, 0xf9, 0x9f, 0xa0, 0x00, 0x00,
    0x00, 0x00, 0x02, 0x92, 0x18, 0x22, 0x81, 0x29, 0x20, 0x00, 0x00, 0x00, 0x00, 0x00, 0x00, 0x28,
    0x22, 0x82, 0x00, 0x00, 0x00, 0x00, 0x00, 0x00, 0x00, 0x00, 0xaf, 0x99, 0xfa, 0x00, 0x00, 0x00,
    0x00, 0x00, 0x00, 0x00, 0x00, 0x29, 0x22, 0x92, 0x00, 0x00, 0x00, 0x00, 0x00, 0x00, 0x00, 0x00,
    0x00, 0x00, 0x00, 0x00, 0x00, 0x00, 0x00, 0x00, 0x00, 0x00, 0x00, 0x00, 0x00, 0x00, 0x00, 0x00,
    0x00, 0x00, 0x00, 0x00, 0x00, 0x00, 0x00, 0x00, 0x00, 0x00, 0x00, 0x00, 0x00, 0x00, 0x00, 0x00,
    0x00, 0x00, 0x00, 0x00, 0x00, 0x00, 0x00, 0x00, 0x00, 0x00, 0x00, 0x00, 0x29, 0x22, 0x92, 0x00,
    0x00, 0x00, 0x00, 0x02, 0x92, 0x29, 0x20, 0x00, 0x0a, 0xf9, 0x9f, 0xa0, 0x00, 0x00, 0x00, 0x00,
    0xaf, 0x99, 0xfa, 0x00, 0x00, 0x28, 0x22, 0x82, 0x00, 0x00, 0x00, 0x00, 0x02, 0x82, 0x28, 0x20,
    0x00, 0x02, 0x82, 0x28, 0x20, 0x00, 0x00, 0x00, 0x00, 0x28, 0x22, 0x82, 0x00, 0x00, 0xaf, 0x99,
    0xfa, 0x00, 0x00, 0x00, 0x00, 0x0a, 0xf9, 0x9f, 0xa0, 0x00, 0x02, 0x82, 0x28, 0x20, 0x00, 0x00,
    0x00, 0x00, 0x28, 0x22, 0x82, 0x00, 0x00, 0x28, 0x22, 0x82, 0x00, 0x02, 0x92, 0x00, 0x02, 0x82,
    0x28, 0x20, 0x00, 0x0a, 0xf9, 0x9f, 0xa0, 0x10, 0xaf, 0xa0, 0x10, 0xaf, 0x99, 0xfa, 0x00, 0x00,
    0x29, 0x21, 0x82, 0x00, 0x02, 0x82, 0x00, 0x02, 0x81, 0x29, 0x20, 0x00, 0x00, 0x00, 0x28, 0x12,
    0x92, 0x18, 0x12, 0x92, 0x18, 0x20, 0x00, 0x00, 0x00, 0x00, 0x0a, 0xf9, 0x9f, 0x99, 0xf9, 0x9f,
    0x99, 0xfa, 0x00, 0x00, 0x00, 0x00, 0x00, 0x28, 0x22, 0x81, 0x29, 0x21, 0x82, 0x28, 0x20, 0x00,
    0x00, 0x00, 0x00, 0x02, 0x82, 0x28, 0x20, 0x00, 0x28, 0x22, 0x82, 0x00, 0x00, 0x00, 0x00, 0x00,
    0xaf, 0x99, 0xfa, 0x01, 0x0a, 0xf9, 0x9f, 0xa0, 0x00, 0x00, 0x00, 0x00, 0x02, 0x92, 0x29, 0x20,
    0x00, 0x29, 0x22, 0x92, 0x00, 0x00, 0x00, 0x00, 0x00, 0x00, 0x00, 0x00, 0x00, 0x00, 0x00, 0x00,
    0x00, 0x00, 0x00, 0x00, 0x00, 0x00, 0x00, 0x00, 0x00, 0x00, 0x00, 0x00, 0x00, 0x00, 0x00, 0x00,
    0x00, 0x00, 0x00, 0x00, 0x00, 0x00, 0x00, 0x00, 0x00, 0x00, 0x00, 0x00, 0x00, 0x00, 0x00, 0x00,
    0x00, 0x00, 0x00, 0x00, 0x00, 0x00, 0x00, 0x00, 0x00, 0x00, 0x29, 0x22, 0x92, 0x00, 0x00, 0x00,
    0x00, 0x02, 0x92, 0x29, 0x20, 0x00, 0x0a, 0xf9, 0x9f, 0xa0, 0x00, 0x00, 0x00, 0x00, 0xaf, 0x99,
    0xfa, 0x00, 0x00, 0x29, 0x21, 0x82, 0x00, 0x00, 0x00, 0x00, 0x02, 0x81, 0x29, 0x20, 0x00, 0x00,
    0x00, 0x28, 0x12, 0x92, 0x00, 0x02, 0x92, 0x18, 0x20, 0x00, 0x00, 0x00, 0x00, 0x0a, 0xf9, 0x9f,
    0xa0, 0x10, 0xaf, 0x99, 0xfa, 0x00, 0x00, 0x00, 0x00, 0x00, 0x29, 0x21, 0x82, 0x00, 0x02, 0x81,
    0x29, 0x20, 0x00, 0x00, 0x00, 0x00, 0x00, 0x00, 0x28, 0x12, 0x92, 0x18, 0x20, 0x00, 0x00, 0x00,
    0x00, 0x00, 0x00, 0x01, 0x0a, 0xf9, 0x9f, 0x99, 0xfa, 0x01, 0x00, 0x00, 0x00, 0x00, 0x00, 0x00,
    0x00, 0x28, 0x12, 0x92, 0x18, 0x20, 0x00, 0x00, 0x00, 0x00, 0x00, 0x00, 0x29, 0x21, 0x82, 0x00,
    0x02, 0x81, 0x29, 0x20, 0x00, 0x00, 0x00, 0x00, 0x0a, 0xf9, 0x9f, 0xa0, 0x10, 0xaf, 0x99, 0xfa,
    0x00, 0x00, 0x00, 0x00, 0x00, 0x28, 0x12, 0x92, 0x00, 0x02, 0x92, 0x18, 0x20, 0x00, 0x00, 0x00,
    0x29, 0x21, 0x82, 0x00, 0x00, 0x00, 0x00, 0x02, 0x81, 0x29, 0x20, 0x00, 0x0a, 0xf9, 0x9f, 0xa0,
    0x00, 0x00, 0x00, 0x00, 0xaf, 0x99, 0xfa, 0x00, 0x00, 0x29, 0x22, 0x92, 0x00, 0x00, 0x00, 0x00,
    0x02, 0x92, 0x29, 0x20, 0x00, 0x00, 0x00, 0x00, 0x00, 0x00, 0x00, 0x00, 0x00, 0x00, 0x00, 0x00,
    0x00, 0x00, 0x00, 0x00, 0x00, 0x00, 0x00, 0x00, 0x00, 0x00, 0x00, 0x00, 0x00, 0x00, 0x00, 0x00,
    0x00, 0x00, 0x00, 0x00, 0x00, 0x00, 0x00, 0x00, 0x00, 0x00, 0x00, 0x00, 0x00, 0x00, 0x00, 0x00,
    0x00, 0x00, 0x00, 0x00, 0x00, 0x29, 0x22, 0x92, 0x00, 0x00, 0x00, 0x29, 0x22, 0x92, 0x00, 0x00,
    0xaf, 0x99, 0xfa, 0x00, 0x00, 0x00, 0xaf, 0x99, 0xfa, 0x00, 0x00, 0x28, 0x22, 0x82, 0x00, 0x00,
    0x00, 0x28, 0x22, 0x82, 0x00, 0x00, 0x28, 0x22, 0x82, 0x00, 0x00, 0x00, 0x28, 0x22, 0x82, 0x00,
    0x00, 0xaf, 0x99, 0xfa, 0x00, 0x00, 0x00, 0xaf, 0x99, 0xfa, 0x00, 0x00, 0x28, 0x22, 0x82, 0x00,
    0x00, 0x00, 0x28, 0x22, 0x82, 0x00, 0x00, 0x28, 0x22, 0x82, 0x00, 0x00, 0x00, 0x28, 0x22, 0x82,
    0x00, 0x00, 0xaf, 0x99, 0xfa, 0x00, 0x00, 0x00, 0xaf, 0x99, 0xfa, 0x00, 0x00, 0x29, 0x21, 0x82,
    0x00, 0x00, 0x00, 0x28, 0x22, 0x82, 0x00, 0x00, 0x00, 0x02, 0x81, 0x29, 0x22, 0x92, 0x18, 0x22,
    0x82, 0x00, 0x00, 0x00, 0x0a, 0xf9, 0x9f, 0x99, 0xf9, 0x9f, 0x99, 0xfa, 0x00, 0x00, 0x00, 0x02,
    0x92, 0x29, 0x22, 0x92, 0x18, 0x22, 0x82, 0x00, 0x00, 0x00, 0x00, 0x00, 0x00, 0x00, 0x00, 0x28,
    0x22, 0x82, 0x00, 0x00, 0x00, 0x00, 0x00, 0x00, 0x00, 0x10, 0xaf, 0x99, 0xfa, 0x00, 0x00, 0x00,
    0x00, 0x00, 0x00, 0x00, 0x00, 0x28, 0x12, 0x92, 0x00, 0x00, 0x00, 0x02, 0x92, 0x29, 0x22, 0x92,
    0x18, 0x20, 0x00, 0x00, 0x00, 0x00, 0x0a, 0xf9, 0x9f, 0x99, 0xf9, 0x9f, 0xa0, 0x00, 0x00, 0x00,
    0x00, 0x02, 0x92, 0x29, 0x22, 0x92, 0x29, 0x20, 0x00, 0x00, 0x00, 0x00, 0x00, 0x00, 0x00, 0x00,
    0x00, 0x00, 0x00, 0x00, 0x00, 0x00, 0x00, 0x00, 0x00, 0x00, 0x00, 0x00, 0x00, 0x00, 0x00, 0x00,
    0x00, 0x00, 0x00, 0x00, 0x00, 0x00, 0x00, 0x00, 0x00, 0x00, 0x00, 0x00, 0x00, 0x00, 0x00, 0x00,
    0x00, 0x00, 0x00, 0x00, 0x00, 0x00, 0x00, 0x29, 0x22, 0x92, 0x29, 0x22, 0x92, 0x29, 0x22, 0x92,
    0x00, 0x00, 0xaf, 0x99, 0xf9, 0x9f, 0x99, 0xf9, 0x9f, 0x99, 0xfa, 0x00, 0x00, 0x29, 0x22, 0x92,
    0x29, 0x21, 0x82, 0x28, 0x12, 0x92, 0x00, 0x00, 0x00, 0x00, 0x00, 0x00, 0x02, 0x82, 0x28, 0x20,
    0x00, 0x00, 0x00, 0x00, 0x00, 0x00, 0x01, 0x0a, 0xf9, 0x9f, 0xa0, 0x00, 0x00, 0x00, 0x00, 0x00,
    0x00, 0x00, 0x02, 0x81, 0x29, 0x20, 0x00, 0x00, 0x00, 0x00, 0x00, 0x00, 0x29, 0x21, 0x82, 0x00,
    0x00, 0x00, 0x00, 0x00, 0x00, 0x00, 0x00, 0xaf, 0x99, 0xfa, 0x00, 0x00, 0x00, 0x00, 0x00, 0x00,
    0x00, 0x00, 0x28, 0x12, 0x92, 0x00, 0x00, 0x00, 0x00, 0x00, 0x00, 0x02, 0x92, 0x18, 0x20, 0x00,
    0x00, 0x00, 0x00, 0x00, 0x00, 0x00, 0x0a, 0xf9, 0x9f, 0xa0, 0x10, 0x00, 0x00, 0x00, 0x00, 0x00,
    0x00, 0x02, 0x82, 0x28, 0x20, 0x00, 0x00, 0x00, 0x00, 0x00, 0x00, 0x29, 0x21, 0x82, 0x28, 0x12,
    0x92, 0x29, 0x22, 0x92, 0x00, 0x00, 0xaf, 0x99, 0xf9, 0x9f, 0x99, 0xf9, 0x9f, 0x99, 0xfa, 0x00,
    0x00, 0x29, 0x22, 0x92, 0x29, 0x22, 0x92, 0x29, 0x22, 0x92, 0x00, 0x00, 0x00, 0x00, 0x00, 0x00,
    0x00, 0x00, 0x00, 0x00, 0x00, 0x00, 0x00, 0x00, 0x00, 0x00, 0x00, 0x00, 0x00, 0x00, 0x00, 0x00,
    0x00, 0x00, 0x00, 0x00, 0x00, 0x00, 0x00, 0x00, 0x00, 0x00, 0x00, 0x00, 0x00, 0x00, 0x00, 0x00,
    0x00, 0x00, 0x00, 0x00, 0x00, 0x00, 0x00, 0x00, 0x00, 0x00, 0x00, 0x00, 0x02, 0x92, 0x29, 0x22,
    0x92, 0x00, 0x00, 0x00, 0x00, 0x00, 0x00, 0x0a, 0xf9, 0x9f, 0x99, 0xfa, 0x00, 0x00, 0x00, 0x00,
    0x00, 0x00, 0x02, 0x81, 0x29, 0x22, 0x92, 0x00, 0x00, 0x00, 0x00, 0x00, 0x29, 0x21, 0x82, 0x00,
    0x00, 0x00, 0x00, 0x00, 0x00, 0x00, 0x00, 0xaf, 0x99, 0xfa, 0x00, 0x00, 0x00, 0x00, 0x00, 0x00,
    0x00, 0x00, 0x28, 0x22, 0x82, 0x00, 0x00, 0x00, 0x00, 0x00, 0x00, 0x00, 0x00, 0x28, 0x22, 0x82,
    0x00, 0x00, 0x00, 0x00, 0x00, 0x00, 0x00, 0x00, 0xaf, 0x99, 0xfa, 0x00, 0x00, 0x00, 0x00, 0x00,
    0x00, 0x00, 0x00, 0x28, 0x12, 0x92, 0x00, 0x00, 0x00, 0x00, 0x00, 0x29, 0x22, 0x92, 0x18, 0x20,
    0x00, 0x00, 0x00, 0x00, 0x00, 0x00, 0xaf, 0x99, 0xf9, 0x9f, 0xa0, 0x10, 0x00, 0x00, 0x00, 0x00,
    0x00, 0x29, 0x22, 0x92, 0x18, 0x20, 0x00, 0x00, 0x00, 0x00, 0x00, 0x00, 0x00, 0x00, 0x00, 0x28,
    0x12, 0x92, 0x00, 0x00, 0x00, 0x00, 0x00, 0x00, 0x00, 0x00, 0xaf, 0x99, 0xfa, 0x00, 0x00, 0x00,
    0x00, 0x00, 0x00, 0x00, 0x00, 0x28, 0x22, 0x82, 0x00, 0x00, 0x00, 0x00, 0x00, 0x00, 0x00, 0x00,
    0x28, 0x22, 0x82, 0x00, 0x00, 0x00, 0x00, 0x00, 0x00, 0x00, 0x00, 0xaf, 0x99, 0xfa, 0x00, 0x00,
    0x00, 0x00, 0x00, 0x00, 0x00, 0x00, 0x29, 0x21, 0x82, 0x00, 0x00, 0x00, 0x00, 0x00, 0x00, 0x00,
    0x00, 0x00, 0x02, 0x81, 0x29, 0x22, 0x92, 0x00, 0x00, 0x00, 0x00, 0x00, 0x00, 0x0a, 0xf9, 0x9f,
    0x99, 0xfa, 0x00, 0x00, 0x00, 0x00, 0x00, 0x00, 0x02, 0x92, 0x29, 0x22, 0x92, 0x00, 0x00, 0x00,
    0x00, 0x00, 0x00, 0x00, 0x00, 0x00, 0x00, 0x00, 0x00, 0x00, 0x00, 0x00, 0x00, 0x00, 0x00, 0x00,
    0x00, 0x00, 0x00, 0x00, 0x00, 0x00, 0x00, 0x00, 0x00, 0x00, 0x00, 0x00, 0x00, 0x00, 0x00, 0x29,
    0x22, 0x92, 0x00, 0x00, 0xaf, 0x99, 0xfa, 0x00, 0x00, 0x28, 0x22, 0x82, 0x00, 0x00, 0x28, 0x22,
    0x82, 0x00, 0x00, 0xaf, 0x99, 0xfa, 0x00, 0x00, 0x28, 0x22, 0x82, 0x00, 0x00, 0x28, 0x22, 0x82,
    0x00, 0x00, 0xaf, 0x99, 0xfa, 0x00, 0x00, 0x28, 0x22, 0x82, 0x00, 0x00, 0x28, 0x22, 0x82, 0x00,
    0x00, 0xaf, 0x99, 0xfa, 0x00, 0x00, 0x28, 0x22, 0x82, 0x00, 0x00, 0x28, 0x22, 0x82, 0x00, 0x00,
    0xaf, 0x99, 0xfa, 0x00, 0x00, 0x28, 0x22, 0x82, 0x00, 0x00, 0x28, 0x22, 0x82, 0x00, 0x00, 0xaf,
    0x99, 0xfa, 0x00, 0x00, 0x28, 0x22, 0x82, 0x00, 0x00, 0x28, 0x22, 0x82, 0x00, 0x00, 0xaf, 0x99,
    0xfa, 0x00, 0x00, 0x29, 0x22, 0x92, 0x00, 0x00, 0x00, 0x00, 0x00, 0x00, 0x00, 0x00, 0x00, 0x00,
    0x00, 0x00, 0x00, 0x00, 0x00, 0x00, 0x00, 0x00, 0x00, 0x00, 0x00, 0x00, 0x00, 0x00, 0x00, 0x00,
    0x00, 0x00, 0x00, 0x00, 0x00, 0x00, 0x00, 0x00, 0x29, 0x22, 0x92, 0x29, 0x20, 0x00, 0x00, 0x00,
    0x00, 0x00, 0x00, 0xaf, 0x99, 0xf9, 0x9f, 0xa0, 0x00, 0x00, 0x00, 0x00, 0x00, 0x00, 0x29, 0x22,
    0x92, 0x18, 0x20, 0x00, 0x00, 0x00, 0x00, 0x00, 0x00, 0x00, 0x00, 0x00, 0x28, 0x12, 0x92, 0x00,
    0x00, 0x00, 0x00, 0x00, 0x00, 0x00, 0x00, 0xaf, 0x99, 0xfa, 0x00, 0x00, 0x00, 0x00, 0x00, 0x00,
    0x00, 0x00, 0x28, 0x22, 0x82, 0x00, 0x00, 0x00, 0x00, 0x00, 0x00, 0x00, 0x00, 0x28, 0x22, 0x82,
    0x00, 0x00, 0x00, 0x00, 0x00, 0x00, 0x00, 0x00, 0xaf, 0x99, 0xfa, 0x00, 0x00, 0x00, 0x00, 0x00,
    0x00, 0x00, 0x00, 0x29, 0x21, 0x82, 0x00, 0x00, 0x00, 0x00, 0x00, 0x00, 0x00, 0x00, 0x00, 0x02,
    0x81, 0x29, 0x22, 0x92, 0x00, 0x00, 0x00, 0x00, 0x00, 0x01, 0x0a, 0xf9, 0x9f, 0x99, 0xfa, 0x00,
    0x00, 0x00, 0x00, 0x00, 0x00, 0x02, 0x81, 0x29, 0x22, 0x92, 0x00, 0x00, 0x00, 0x00, 0x00, 0x29,
    0x21, 0x82, 0x00, 0x00, 0x00, 0x00, 0x00, 0x00, 0x00, 0x00, 0xaf, 0x99, 0xfa, 0x00, 0x00, 0x00,
    0x00, 0x00, 0x00, 0x00, 0x00, 0x28, 0x22, 0x82, 0x00, 0x00, 0x00, 0x00, 0x00, 0x00, 0x00, 0x00,
    0x28, 0x22, 0x82, 0x00, 0x00, 0x00, 0x00, 0x00, 0x00, 0x00, 0x00, 0xaf, 0x99, 0xfa, 0x00, 0x00,
    0x00, 0x00, 0x00, 0x00, 0x00, 0x00, 0x28, 0x12, 0x92, 0x00, 0x00, 0x00, 0x00, 0x00, 0x29, 0x22,
    0x92, 0x18, 0x20, 0x00, 0x00, 0x00, 0x00, 0x00, 0x00, 0xaf, 0x99, 0xf9, 0x9f, 0xa0, 0x00, 0x00,
    0x00, 0x00, 0x00, 0x00, 0x29, 0x22, 0x92, 0x29, 0x20, 0x00, 0x00, 0x00, 0x00, 0x00, 0x00, 0x00,
    0x00, 0x00, 0x00, 0x00, 0x00, 0x00, 0x00, 0x00, 0x00, 0x00, 0x00, 0x00, 0x00, 0x00, 0x00, 0x00,
    0x00, 0x00, 0x00, 0x00, 0x00, 0x00, 0x00, 0x00, 0x00, 0x00, 0x00, 0x00, 0x00, 0x00, 0x00, 0x00,
    0x00, 0x00, 0x00, 0x00, 0x00, 0x00, 0x00, 0x00, 0x00, 0x00, 0x00, 0x00, 0x00, 0x00, 0x00, 0x02,
    0x92, 0x29, 0x22, 0x92, 0x00, 0x02, 0x92, 0x29, 0x20, 0x00, 0x00, 0x00, 0xaf, 0x99, 0xf9, 0x9f,
    0xa0, 0x10, 0xaf, 0x99, 0xfa, 0x00, 0x00, 0x00, 0x02, 0x81, 0x29, 0x21, 0x82, 0x00, 0x02, 0x81,
    0x29, 0x20, 0x00, 0x02, 0x92, 0x18, 0x20, 0x00, 0x28, 0x12, 0x92, 0x18, 0x20, 0x00, 0x00, 0x00,
    0xaf, 0x99, 0xfa, 0x01, 0x0a, 0xf9, 0x9f, 0x99, 0xfa, 0x00, 0x00, 0x00, 0x02, 0x92, 0x29, 0x20,
    0x00, 0x29, 0x22, 0x92, 0x29, 0x20, 0x00, 0x00, 0x00, 0x00, 0x00, 0x00, 0x00, 0x00, 0x00, 0x00,
    0x00, 0x00, 0x00, 0x00, 0x00, 0x00, 0x00, 0x00, 0x00, 0x00, 0x00, 0x00, 0x00, 0x00, 0x00, 0x00,
    0x00,
};

static const lv_font_fmt_txt_glyph_dsc_t glyph_dsc[] = {
    {.bitmap_index = 0, .adv_w = 0, .box_w = 0, .box_h = 0, .ofs_x = 0, .ofs_y = 0}, /* id = 0 reserved */
    {.bitmap_index = 0, .adv_w = 384, .box_w = 0, .box_h = 0, .ofs_x = 0, .ofs_y = 0}, /* U+0020 */
    {.bitmap_index = 0, .adv_w = 384, .box_w = 10, .box_h = 25, .ofs_x = 7, .ofs_y = 1}, /* U+0021 */
    {.bitmap_index = 125, .adv_w = 384, .box_w = 22, .box_h = 13, .ofs_x = 1, .ofs_y = 13}, /* U+0022 */
    {.bitmap_index = 268, .adv_w = 384, .box_w = 25, .box_h = 25, .ofs_x = -2, .ofs_y = 1}, /* U+0023 */
    {.bitmap_index = 581, .adv_w = 384, .box_w = 22, .box_h = 25, .ofs_x = 1, .ofs_y = 1}, /* U+0024 */
    {.bitmap_index = 856, .adv_w = 384, .box_w = 25, .box_h = 22, .ofs_x = -2, .ofs_y = 1}, /* U+0025 */
    {.bitmap_index = 1131, .adv_w = 384, .box_w = 25, .box_h = 25, .ofs_x = -2, .ofs_y = 1}, /* U+0026 */
    {.bitmap_index = 1444, .adv_w = 384, .box_w = 13, .box_h = 13, .ofs_x = 4, .ofs_y = 13}, /* U+0027 */
    {.bitmap_index = 1529, .adv_w = 384, .box_w = 16, .box_h = 25, .ofs_x = 4, .ofs_y = 1}, /* U+0028 */
    {.bitmap_index = 1729, .adv_w = 384, .box_w = 16, .box_h = 25, .ofs_x = 4, .ofs_y = 1}, /* U+0029 */
    {.bitmap_index = 1929, .adv_w = 384, .box_w = 28, .box_h = 19, .ofs_x = -2, .ofs_y = 4}, /* U+002A */
    {.bitmap_index = 2195, .adv_w = 384, .box_w = 22, .box_h = 19, .ofs_x = 1, .ofs_y = 4}, /* U+002B */
    {.bitmap_index = 2404, .adv_w = 384, .box_w = 13, .box_h = 13, .ofs_x = 4, .ofs_y = -2}, /* U+002C */
    {.bitmap_index = 2489, .adv_w = 384, .box_w = 22, .box_h = 7, .ofs_x = 1, .ofs_y = 10}, /* U+002D */
    {.bitmap_index = 2566, .adv_w = 384, .box_w = 10, .box_h = 10, .ofs_x = 7, .ofs_y = 1}, /* U+002E */
    {.bitmap_index = 2616, .adv_w = 384, .box_w = 28, .box_h = 25, .ofs_x = -2, .ofs_y = 1}, /* U+002F */
    {.bitmap_index = 2966, .adv_w = 384, .box_w = 22, .box_h = 25, .ofs_x = 1, .ofs_y = 1}, /* U+0030 */
    {.bitmap_index = 3241, .adv_w = 384, .box_w = 22, .box_h = 25, .ofs_x = 1, .ofs_y = 1}, /* U+0031 */
    {.bitmap_index = 3516, .adv_w = 384, .box_w = 22, .box_h = 25, .ofs_x = 1, .ofs_y = 1}, /* U+0032 */
    {.bitmap_index = 3791, .adv_w = 384, .box_w = 22, .box_h = 25, .ofs_x = 1, .ofs_y = 1}, /* U+0033 */
    {.bitmap_index = 4066, .adv_w = 384, .box_w = 25, .box_h = 25, .ofs_x = -2, .ofs_y = 1}, /* U+0034 */
    {.bitmap_index = 4379, .adv_w = 384, .box_w = 22, .box_h = 25, .ofs_x = 1, .ofs_y = 1}, /* U+0035 */
    {.bitmap_index = 4654, .adv_w = 384, .box_w = 22, .box_h = 25, .ofs_x = 1, .ofs_y = 1}, /* U+0036 */
    {.bitmap_index = 4929, .adv_w = 384, .box_w = 22, .box_h = 25, .ofs_x = 1, .ofs_y = 1}, /* U+0037 */
    {.bitmap_index = 5204, .adv_w = 384, .box_w = 22, .box_h = 25, .ofs_x = 1, .ofs_y = 1}, /* U+0038 */
    {.bitmap_index = 5479, .adv_w = 384, .box_w = 22, .box_h = 25, .ofs_x = 1, .ofs_y = 1}, /* U+0039 */
    {.bitmap_index = 5754, .adv_w = 384, .box_w = 10, .box_h = 22, .ofs_x = 7, .ofs_y = 1}, /* U+003A */
    {.bitmap_index = 5864, .adv_w = 384, .box_w = 13, .box_h = 25, .ofs_x = 4, .ofs_y = -2}, /* U+003B */
    {.bitmap_index = 6027, .adv_w = 384, .box_w = 19, .box_h = 25, .ofs_x = 1, .ofs_y = 1}, /* U+003C */
    {.bitmap_index = 6265, .adv_w = 384, .box_w = 22, .box_h = 13, .ofs_x = 1, .ofs_y = 7}, /* U+003D */
    {.bitmap_index = 6408, .adv_w = 384, .box_w = 19, .box_h = 25, .ofs_x = 1, .ofs_y = 1}, /* U+003E */
    {.bitmap_index = 6646, .adv_w = 384, .box_w = 22, .box_h = 25, .ofs_x = 1, .ofs_y = 1}, /* U+003F */
    {.bitmap_index = 6921, .adv_w = 384, .box_w = 25, .box_h = 25, .ofs_x = -2, .ofs_y = 1}, /* U+0040 */
    {.bitmap_index = 7234, .adv_w = 384, .box_w = 22, .box_h = 25, .ofs_x = 1, .ofs_y = 1}, /* U+0041 */
    {.bitmap_index = 7509, .adv_w = 384, .box_w = 22, .box_h = 25, .ofs_x = 1, .ofs_y = 1}, /* U+0042 */
    {.bitmap_index = 7784, .adv_w = 384, .box_w = 22, .box_h = 25, .ofs_x = 1, .ofs_y = 1}, /* U+0043 */
    {.bitmap_index = 8059, .adv_w = 384, .box_w = 22, .box_h = 25, .ofs_x = 1, .ofs_y = 1}, /* U+0044 */
    {.bitmap_index = 8334, .adv_w = 384, .box_w = 22, .box_h = 25, .ofs_x = 1, .ofs_y = 1}, /* U+0045 */
    {.bitmap_index = 8609, .adv_w = 384, .box_w = 22, .box_h = 25, .ofs_x = 1, .ofs_y = 1}, /* U+0046 */
    {.bitmap_index = 8884, .adv_w = 384, .box_w = 22, .box_h = 25, .ofs_x = 1, .ofs_y = 1}, /* U+0047 */
    {.bitmap_index = 9159, .adv_w = 384, .box_w = 22, .box_h = 25, .ofs_x = 1, .ofs_y = 1}, /* U+0048 */
    {.bitmap_index = 9434, .adv_w = 384, .box_w = 22, .box_h = 25, .ofs_x = 1, .ofs_y = 1}, /* U+0049 */
    {.bitmap_index = 9709, .adv_w = 384, .box_w = 22, .box_h = 25, .ofs_x = 1, .ofs_y = 1}, /* U+004A */
    {.bitmap_index = 9984, .adv_w = 384, .box_w = 25, .box_h = 25, .ofs_x = -2, .ofs_y = 1}, /* U+004B */
    {.bitmap_index = 10297, .adv_w = 384, .box_w = 22, .box_h = 25, .ofs_x = 1, .ofs_y = 1}, /* U+004C */
    {.bitmap_index = 10572, .adv_w = 384, .box_w = 25, .box_h = 25, .ofs_x = -2, .ofs_y = 1}, /* U+004D */
    {.bitmap_index = 10885, .adv_w = 384, .box_w = 25, .box_h = 25, .ofs_x = -2, .ofs_y = 1}, /* U+004E */
    {.bitmap_index = 11198, .adv_w = 384, .box_w = 22, .box_h = 25, .ofs_x = 1, .ofs_y = 1}, /* U+004F */
    {.bitmap_index = 11473, .adv_w = 384, .box_w = 22, .box_h = 25, .ofs_x = 1, .ofs_y = 1}, /* U+0050 */
    {.bitmap_index = 11748, .adv_w = 384, .box_w = 22, .box_h = 25, .ofs_x = 1, .ofs_y = 1}, /* U+0051 */
    {.bitmap_index = 12023, .adv_w = 384, .box_w = 22, .box_h = 25, .ofs_x = 1, .ofs_y = 1}, /* U+0052 */
    {.bitmap_index = 12298, .adv_w = 384, .box_w = 22, .box_h = 25, .ofs_x = 1, .ofs_y = 1}, /* U+0053 */
    {.bitmap_index = 12573, .adv_w = 384, .box_w = 22, .box_h = 25, .ofs_x = 1, .ofs_y = 1}, /* U+0054 */
    {.bitmap_index = 12848, .adv_w = 384, .box_w = 22, .box_h = 25, .ofs_x = 1, .ofs_y = 1}, /* U+0055 */
    {.bitmap_index = 13123, .adv_w = 384, .box_w = 22, .box_h = 25, .ofs_x = 1, .ofs_y = 1}, /* U+0056 */
    {.bitmap_index = 13398, .adv_w = 384, .box_w = 25, .box_h = 25, .ofs_x = -2, .ofs_y = 1}, /* U+0057 */
    {.bitmap_index = 13711, .adv_w = 384, .box_w = 28, .box_h = 25, .ofs_x = -2, .ofs_y = 1}, /* U+0058 */
    {.bitmap_index = 14061, .adv_w = 384, .box_w = 28, .box_h = 25, .ofs_x = -2, .ofs_y = 1}, /* U+0059 */
    {.bitmap_index = 14411, .adv_w = 384, .box_w = 22, .box_h = 25, .ofs_x = 1, .ofs_y = 1}, /* U+005A */
    {.bitmap_index = 14686, .adv_w = 384, .box_w = 16, .box_h = 25, .ofs_x = 4, .ofs_y = 1}, /* U+005B */
    {.bitmap_index = 14886, .adv_w = 384, .box_w = 28, .box_h = 25, .ofs_x = -2, .ofs_y = 1}, /* U+005C */
    {.bitmap_index = 15236, .adv_w = 384, .box_w = 16, .box_h = 25, .ofs_x = 4, .ofs_y = 1}, /* U+005D */
    {.bitmap_index = 15436, .adv_w = 384, .box_w = 25, .box_h = 16, .ofs_x = -2, .ofs_y = 10}, /* U+005E */
    {.bitmap_index = 15636, .adv_w = 384, .box_w = 28, .box_h = 7, .ofs_x = -2, .ofs_y = -2}, /* U+005F */
    {.bitmap_index = 15734, .adv_w = 384, .box_w = 16, .box_h = 13, .ofs_x = 7, .ofs_y = 13}, /* U+0060 */
    {.bitmap_index = 15838, .adv_w = 384, .box_w = 22, .box_h = 19, .ofs_x = 1, .ofs_y = 1}, /* U+0061 */
    {.bitmap_index = 16047, .adv_w = 384, .box_w = 22, .box_h = 25, .ofs_x = 1, .ofs_y = 1}, /* U+0062 */
    {.bitmap_index = 16322, .adv_w = 384, .box_w = 19, .box_h = 19, .ofs_x = 1, .ofs_y = 1}, /* U+0063 */
    {.bitmap_index = 16503, .adv_w = 384, .box_w = 22, .box_h = 25, .ofs_x = 1, .ofs_y = 1}, /* U+0064 */
    {.bitmap_index = 16778, .adv_w = 384, .box_w = 22, .box_h = 19, .ofs_x = 1, .ofs_y = 1}, /* U+0065 */
    {.bitmap_index = 16987, .adv_w = 384, .box_w = 19, .box_h = 25, .ofs_x = 1, .ofs_y = 1}, /* U+0066 */
    {.bitmap_index = 17225, .adv_w = 384, .box_w = 22, .box_h = 22, .ofs_x = 1, .ofs_y = -2}, /* U+0067 */
    {.bitmap_index = 17467, .adv_w = 384, .box_w = 22, .box_h = 25, .ofs_x = 1, .ofs_y = 1}, /* U+0068 */
    {.bitmap_index = 17742, .adv_w = 384, .box_w = 19, .box_h = 25, .ofs_x = 4, .ofs_y = 1}, /* U+0069 */
    {.bitmap_index = 17980, .adv_w = 384, .box_w = 19, .box_h = 28, .ofs_x = 1, .ofs_y = -2}, /* U+006A */
    {.bitmap_index = 18246, .adv_w = 384, .box_w = 22, .box_h = 25, .ofs_x = 1, .ofs_y = 1}, /* U+006B */
    {.bitmap_index = 18521, .adv_w = 384, .box_w = 19, .box_h = 25, .ofs_x = 4, .ofs_y = 1}, /* U+006C */
    {.bitmap_index = 18759, .adv_w = 384, .box_w = 25, .box_h = 19, .ofs_x = -2, .ofs_y = 1}, /* U+006D */
    {.bitmap_index = 18997, .adv_w = 384, .box_w = 22, .box_h = 19, .ofs_x = 1, .ofs_y = 1}, /* U+006E */
    {.bitmap_index = 19206, .adv_w = 384, .box_w = 22, .box_h = 19, .ofs_x = 1, .ofs_y = 1}, /* U+006F */
    {.bitmap_index = 19415, .adv_w = 384, .box_w = 22, .box_h = 22, .ofs_x = 1, .ofs_y = -2}, /* U+0070 */
    {.bitmap_index = 19657, .adv_w = 384, .box_w = 22, .box_h = 22, .ofs_x = 1, .ofs_y = -2}, /* U+0071 */
    {.bitmap_index = 19899, .adv_w = 384, .box_w = 22, .box_h = 19, .ofs_x = 1, .ofs_y = 1}, /* U+0072 */
    {.bitmap_index = 20108, .adv_w = 384, .box_w = 22, .box_h = 19, .ofs_x = 1, .ofs_y = 1}, /* U+0073 */
    {.bitmap_index = 20317, .adv_w = 384, .box_w = 22, .box_h = 25, .ofs_x = 1, .ofs_y = 1}, /* U+0074 */
    {.bitmap_index = 20592, .adv_w = 384, .box_w = 22, .box_h = 19, .ofs_x = 1, .ofs_y = 1}, /* U+0075 */
    {.bitmap_index = 20801, .adv_w = 384, .box_w = 22, .box_h = 19, .ofs_x = 1, .ofs_y = 1}, /* U+0076 */
    {.bitmap_index = 21010, .adv_w = 384, .box_w = 25, .box_h = 19, .ofs_x = -2, .ofs_y = 1}, /* U+0077 */
    {.bitmap_index = 21248, .adv_w = 384, .box_w = 25, .box_h = 19, .ofs_x = -2, .ofs_y = 1}, /* U+0078 */
    {.bitmap_index = 21486, .adv_w = 384, .box_w = 22, .box_h = 22, .ofs_x = 1, .ofs_y = -2}, /* U+0079 */
    {.bitmap_index = 21728, .adv_w = 384, .box_w = 22, .box_h = 19, .ofs_x = 1, .ofs_y = 1}, /* U+007A */
    {.bitmap_index = 21937, .adv_w = 384, .box_w = 22, .box_h = 25, .ofs_x = 1, .ofs_y = 1}, /* U+007B */
    {.bitmap_index = 22212, .adv_w = 384, .box_w = 10, .box_h = 25, .ofs_x = 7, .ofs_y = 1}, /* U+007C */
    {.bitmap_index = 22337, .adv_w = 384, .box_w = 22, .box_h = 25, .ofs_x = 1, .ofs_y = 1}, /* U+007D */
    {.bitmap_index = 22612, .adv_w = 384, .box_w = 25, .box_h = 10, .ofs_x = -2, .ofs_y = 16}, /* U+007E */
};

static const lv_font_fmt_txt_cmap_t cmaps[] = {
    { .range_start = 32, .range_length = 95, .glyph_id_start = 1,
      .unicode_list = NULL, .glyph_id_ofs_list = NULL, .list_length = 0, .type = LV_FONT_FMT_TXT_CMAP_FORMAT0_TINY }
};

#if LVGL_VERSION_MAJOR == 8
static lv_font_fmt_txt_glyph_cache_t cache;
#endif
#if LVGL_VERSION_MAJOR >= 8
static const lv_font_fmt_txt_dsc_t font_dsc = {
#else
static lv_font_fmt_txt_dsc_t font_dsc = {
#endif
    .glyph_bitmap = glyph_bitmap,
    .glyph_dsc = glyph_dsc,
    .cmaps = cmaps,
    .kern_dsc = NULL,
    .kern_scale = 0,
    .cmap_num = 1,
    .bpp = 4,
    .kern_classes = 0,
    .bitmap_format = 0,
#if LVGL_VERSION_MAJOR == 8
    .cache = &cache
#endif
};

#if LVGL_VERSION_MAJOR >= 8
const lv_font_t lv_font_dot_24 = {
#else
lv_font_t lv_font_dot_24 = {
#endif
    .get_glyph_dsc = lv_font_get_glyph_dsc_fmt_txt,
    .get_glyph_bitmap = lv_font_get_bitmap_fmt_txt,
    .line_height = 24,
    .base_line = 0,
#if !(LVGL_VERSION_MAJOR == 6 && LVGL_VERSION_MINOR == 0)
    .subpx = LV_FONT_SUBPX_NONE,
#endif
#if LV_VERSION_CHECK(7, 4, 0) || LVGL_VERSION_MAJOR >= 8
    .underline_position = -2,
    .underline_thickness = 1,
#endif
    .dsc = &font_dsc,
#if LV_VERSION_CHECK(8, 2, 0) || LVGL_VERSION_MAJOR >= 9
    .fallback = &lv_font_dot_sym_24,
#endif
    .user_data = NULL,
};

#endif /* LV_FONT_DOT_24 */
