/*
 * GENERATED by scripts/gen_lvgl_font.py -- do not edit by hand.
 * Source: Montserrat-Medium.ttf  size: 28px  bpp: 4  codepoints 0x0020..0x2026 (342 sparse)
 * Out-of-range glyphs fall back to lv_font_montserrat_28.
 */

#include "lvgl.h"

extern const lv_font_t lv_font_montserrat_28;

#ifndef LV_FONT_HC_28
#define LV_FONT_HC_28 1
#endif
#if LV_FONT_HC_28


static LV_ATTRIBUTE_LARGE_CONST const uint8_t glyph_bitmap[] = {
    0x0c, 0xff, 0x50, 0xbf, 0xf4, 0x0b, 0xff, 0x40, 0xaf, 0xf3, 0x0a, 0xff, 0x20, 0x9f, 0xf2, 0x08,
    0xff, 0x10, 0x8f, 0xf1, 0x07, 0xff, 0x00, 0x7f, 0xe0, 0x06, 0xfe, 0x00, 0x6f, 0xd0, 0x05, 0xfd,
    0x00, 0x00, 0x00, 0x00, 0x00, 0x00, 0x00, 0x00, 0x06, 0xec, 0x10, 0xef, 0xf7, 0x0e, 0xff, 0x70,
    0x6e, 0xc1, 0x3f, 0xf1, 0x02, 0xff, 0x23, 0xff, 0x10, 0x2f, 0xf2, 0x3f, 0xf1, 0x02, 0xff, 0x22,
    0xff, 0x00, 0x1f, 0xf1, 0x2f, 0xf0, 0x01, 0xff, 0x12, 0xff, 0x00, 0x1f, 0xf1, 0x1f, 0xe0, 0x01,
    0xff, 0x01, 0xfe, 0x00, 0x0f, 0xf0, 0x00, 0x00, 0x00, 0x9f, 0x50, 0x00, 0x06, 0xf9, 0x00, 0x00,
    0x00, 0x00, 0x0b, 0xf4, 0x00, 0x00, 0x7f, 0x70, 0x00, 0x00, 0x00, 0x00, 0xdf, 0x20, 0x00, 0x09,
    0xf6, 0x00, 0x00, 0x00, 0x00, 0x0f, 0xf0, 0x00, 0x00, 0xbf, 0x40, 0x00, 0x00, 0x00, 0x02, 0xfd,
    0x00, 0x00, 0x0d, 0xf2, 0x00, 0x00, 0x5f, 0xff, 0xff, 0xff, 0xff, 0xff, 0xff, 0xff, 0xfe, 0x05,
    0xff, 0xff, 0xff, 0xff, 0xff, 0xff, 0xff, 0xff, 0xe0, 0x25, 0x55, 0xaf, 0xa5, 0x55, 0x57, 0xfd,
    0x55, 0x55, 0x00, 0x00, 0x09, 0xf6, 0x00, 0x00, 0x5f, 0xa0, 0x00, 0x00, 0x00, 0x00, 0xbf, 0x40,
    0x00, 0x07, 0xf8, 0x00, 0x00, 0x00, 0x00, 0x0d, 0xf2, 0x00, 0x00, 0x9f, 0x60, 0x00, 0x00, 0x00,
    0x00, 0xff, 0x00, 0x00, 0x0b, 0xf4, 0x00, 0x00, 0x15, 0x55, 0x6f, 0xe5, 0x55, 0x55, 0xdf, 0x75,
    0x55, 0x04, 0xff, 0xff, 0xff, 0xff, 0xff, 0xff, 0xff, 0xff, 0xf0, 0x4f, 0xff, 0xff, 0xff, 0xff,
    0xff, 0xff, 0xff, 0xff, 0x00, 0x00, 0x07, 0xf8, 0x00, 0x00, 0x2f, 0xc0, 0x00, 0x00, 0x00, 0x00,
    0x9f, 0x60, 0x00, 0x04, 0xfb, 0x00, 0x00, 0x00, 0x00, 0x0a, 0xf4, 0x00, 0x00, 0x6f, 0x90, 0x00,
    0x00, 0x00, 0x00, 0xcf, 0x30, 0x00, 0x08, 0xf7, 0x00, 0x00, 0x00, 0x00, 0x0e, 0xf1, 0x00, 0x00,
    0xaf, 0x50, 0x00, 0x00, 0x00, 0x00, 0x00, 0x1f, 0xb0, 0x00, 0x00, 0x00, 0x00, 0x00, 0x00, 0x1f,
    0xb0, 0x00, 0x00, 0x00, 0x00, 0x00, 0x00, 0x1f, 0xb0, 0x00, 0x00, 0x00, 0x00, 0x01, 0x7c, 0xef,
    0xfe, 0xda, 0x50, 0x00, 0x00, 0x6f, 0xff, 0xff, 0xff, 0xff, 0xfd, 0x30, 0x05, 0xff, 0xfa, 0x7f,
    0xd6, 0x9d, 0xff, 0x10, 0x0e, 0xff, 0x40, 0x1f, 0xb0, 0x00, 0x69, 0x00, 0x4f, 0xf9, 0x00, 0x1f,
    0xb0, 0x00, 0x00, 0x00, 0x5f, 0xf6, 0x00, 0x1f, 0xb0, 0x00, 0x00, 0x00, 0x4f, 0xfa, 0x00, 0x1f,
    0xb0, 0x00, 0x00, 0x00, 0x1e, 0xff, 0x81, 0x1f, 0xb0, 0x00, 0x00, 0x00, 0x06, 0xff, 0xfe, 0xaf,
    0xb0, 0x00, 0x00, 0x00, 0x00, 0x6e, 0xff, 0xff, 0xfc, 0x83, 0x00, 0x00, 0x00, 0x01, 0x7c, 0xff,
    0xff, 0xff, 0xb2, 0x00, 0x00, 0x00, 0x00, 0x2f, 0xed, 0xff, 0xfe, 0x30, 0x00, 0x00, 0x00, 0x1f,
    0xb0, 0x4c, 0xff, 0xc0, 0x00, 0x00, 0x00, 0x1f, 0xb0, 0x01, 0xdf, 0xf1, 0x00, 0x00, 0x00, 0x1f,
    0xb0, 0x00, 0x8f, 0xf3, 0x04, 0x00, 0x00, 0x1f, 0xb0, 0x00, 0xaf, 0xf2, 0x5f, 0x92, 0x00, 0x1f,
    0xb0, 0x05, 0xff, 0xc0, 0xaf, 0xff, 0xb8, 0x6f, 0xd7, 0xbf, 0xff, 0x40, 0x19, 0xff, 0xff, 0xff,
    0xff, 0xff, 0xe5, 0x00, 0x00, 0x17, 0xbd, 0xef, 0xff, 0xc8, 0x10, 0x00, 0x00, 0x00, 0x00, 0x1f,
    0xc0, 0x00, 0x00, 0x00, 0x00, 0x00, 0x00, 0x1f, 0xb0, 0x00, 0x00, 0x00, 0x00, 0x00, 0x00, 0x1f,
    0xb0, 0x00, 0x00, 0x00, 0x00, 0x7d, 0xfd, 0x81, 0x00, 0x00, 0x00, 0x01, 0xdf, 0x40, 0x00, 0x0a,
    0xff, 0xdf, 0xfc, 0x00, 0x00, 0x00, 0x09, 0xf9, 0x00, 0x00, 0x5f, 0xd2, 0x01, 0xbf, 0x70, 0x00,
    0x00, 0x4f, 0xd1, 0x00, 0x00, 0xaf, 0x40, 0x00, 0x2f, 0xd0, 0x00, 0x01, 0xdf, 0x40, 0x00, 0x00,
    0xdf, 0x00, 0x00, 0x0c, 0xf1, 0x00, 0x09, 0xf8, 0x00, 0x00, 0x00, 0xed, 0x00, 0x00, 0x0a, 0xf2,
    0x00, 0x4f, 0xd1, 0x00, 0x00, 0x00, 0xde, 0x00, 0x00, 0x0b, 0xf1, 0x01, 0xdf, 0x40, 0x00, 0x00,
    0x00, 0xaf, 0x30, 0x00, 0x1e, 0xd0, 0x09, 0xf8, 0x00, 0x00, 0x00, 0x00, 0x5f, 0xb0, 0x00, 0x8f,
    0x70, 0x4f, 0xd1, 0x00, 0x00, 0x00, 0x00, 0x0a, 0xfd, 0x9c, 0xfc, 0x01, 0xdf, 0x30, 0x05, 0x88,
    0x50, 0x00, 0x00, 0x7d, 0xfd, 0x81, 0x09, 0xf8, 0x01, 0xcf, 0xff, 0xfc, 0x10, 0x00, 0x00, 0x00,
    0x00, 0x4f, 0xd0, 0x0b, 0xf8, 0x11, 0x8f, 0xb0, 0x00, 0x00, 0x00, 0x01, 0xdf, 0x30, 0x3f, 0xc0,
    0x00, 0x0c, 0xf3, 0x00, 0x00, 0x00, 0x09, 0xf8, 0x00, 0x6f, 0x60, 0x00, 0x06, 0xf7, 0x00, 0x00,
    0x00, 0x4f, 0xd0, 0x00, 0x8f, 0x50, 0x00, 0x05, 0xf8, 0x00, 0x00, 0x01, 0xdf, 0x30, 0x00, 0x7f,
    0x50, 0x00, 0x05, 0xf8, 0x00, 0x00, 0x09, 0xf8, 0x00, 0x00, 0x5f, 0x70, 0x00, 0x07, 0xf5, 0x00,
    0x00, 0x4f, 0xc0, 0x00, 0x00, 0x0e, 0xd0, 0x00, 0x0d, 0xe0, 0x00, 0x01, 0xdf, 0x30, 0x00, 0x00,
    0x05, 0xfa, 0x33, 0xaf, 0x40, 0x00, 0x0a, 0xf8, 0x00, 0x00, 0x00, 0x00, 0x4b, 0xee, 0xb4, 0x00,
    0x00, 0x00, 0x18, 0xdf, 0xec, 0x71, 0x00, 0x00, 0x00, 0x00, 0x03, 0xef, 0xff, 0xff, 0xfc, 0x10,
    0x00, 0x00, 0x00, 0x0d, 0xff, 0xa6, 0x7b, 0xff, 0x70, 0x00, 0x00, 0x00, 0x3f, 0xf8, 0x00, 0x00,
    0xbf, 0xb0, 0x00, 0x00, 0x00, 0x5f, 0xf3, 0x00, 0x00, 0x7f, 0xc0, 0x00, 0x00, 0x00, 0x3f, 0xf5,
    0x00, 0x00, 0xbf, 0x90, 0x00, 0x00, 0x00, 0x0d, 0xfc, 0x00, 0x08, 0xff, 0x20, 0x00, 0x00, 0x00,
    0x05, 0xff, 0x93, 0xbf, 0xf5, 0x00, 0x00, 0x00, 0x00, 0x00, 0x9f, 0xff, 0xfe, 0x40, 0x00, 0x00,
    0x00, 0x00, 0x00, 0x8f, 0xff, 0xe1, 0x00, 0x00, 0x00, 0x00, 0x00, 0x3d, 0xff, 0xcf, 0xfa, 0x00,
    0x00, 0x11, 0x00, 0x04, 0xef, 0xc3, 0x08, 0xff, 0xb1, 0x00, 0x8f, 0x90, 0x1e, 0xfb, 0x10, 0x00,
    0x7f, 0xfb, 0x10, 0xcf, 0x80, 0x7f, 0xf2, 0x00, 0x00, 0x07, 0xff, 0xc5, 0xff, 0x30, 0xaf, 0xe0,
    0x00, 0x00, 0x00, 0x6f, 0xff, 0xfb, 0x00, 0xaf, 0xf1, 0x00, 0x00, 0x00, 0x05, 0xff, 0xf5, 0x00,
    0x7f, 0xfb, 0x10, 0x00, 0x00, 0x1a, 0xff, 0xfd, 0x20, 0x1d, 0xff, 0xe9, 0x76, 0x7a, 0xff, 0xf9,
    0xef, 0xe2, 0x02, 0xcf, 0xff, 0xff, 0xff, 0xfe, 0x50, 0x4e, 0xf7, 0x00, 0x05, 0xad, 0xef, 0xda,
    0x61, 0x00, 0x04, 0xa0, 0x3f, 0xf1, 0x3f, 0xf1, 0x3f, 0xf1, 0x2f, 0xf0, 0x2f, 0xf0, 0x2f, 0xf0,
    0x1f, 0xe0, 0x1f, 0xe0, 0x00, 0x04, 0xff, 0x50, 0x00, 0xcf, 0xc0, 0x00, 0x5f, 0xf5, 0x00, 0x0a,
    0xfe, 0x00, 0x01, 0xff, 0x90, 0x00, 0x6f, 0xf4, 0x00, 0x09, 0xff, 0x00, 0x00, 0xcf, 0xd0, 0x00,
    0x0f, 0xfa, 0x00, 0x02, 0xff, 0x70, 0x00, 0x3f, 0xf7, 0x00, 0x04, 0xff, 0x60, 0x00, 0x5f, 0xf5,
    0x00, 0x05, 0xff, 0x50, 0x00, 0x4f, 0xf6, 0x00, 0x03, 0xff, 0x70, 0x00, 0x2f, 0xf7, 0x00, 0x00,
    0xef, 0xa0, 0x00, 0x0c, 0xfc, 0x00, 0x00, 0x9f, 0xf0, 0x00, 0x05, 0xff, 0x40, 0x00, 0x1f, 0xf9,
    0x00, 0x00, 0xaf, 0xe0, 0x00, 0x04, 0xff, 0x50, 0x00, 0x0c, 0xfc, 0x00, 0x00, 0x4f, 0xf5, 0x0d,
    0xfb, 0x00, 0x00, 0x6f, 0xf3, 0x00, 0x00, 0xdf, 0xb0, 0x00, 0x07, 0xff, 0x20, 0x00, 0x2f, 0xf7,
    0x00, 0x00, 0xcf, 0xc0, 0x00, 0x08, 0xff, 0x10, 0x00, 0x6f, 0xf4, 0x00, 0x03, 0xff, 0x60, 0x00,
    0x1f, 0xf9, 0x00, 0x00, 0xff, 0xa0, 0x00, 0x0e, 0xfb, 0x00, 0x00, 0xdf, 0xc0, 0x00, 0x0d, 0xfb,
    0x00, 0x00, 0xef, 0xb0, 0x00, 0x0f, 0xfa, 0x00, 0x01, 0xff, 0x90, 0x00, 0x3f, 0xf6, 0x00, 0x06,
    0xff, 0x30, 0x00, 0x8f, 0xf1, 0x00, 0x0c, 0xfc, 0x00, 0x02, 0xff, 0x70, 0x00, 0x7f, 0xf2, 0x00,
    0x0d, 0xfb, 0x00, 0x06, 0xff, 0x30, 0x00, 0xdf, 0xb0, 0x00, 0x00, 0x00, 0x4f, 0x60, 0x00, 0x00,
    0x10, 0x03, 0xf6, 0x00, 0x10, 0x1e, 0xa2, 0x3f, 0x61, 0x8f, 0x42, 0xbf, 0xfa, 0xfb, 0xef, 0xd4,
    0x00, 0x4c, 0xff, 0xfd, 0x60, 0x00, 0x04, 0xcf, 0xff, 0xd6, 0x00, 0x2b, 0xfe, 0xaf, 0xbe, 0xfc,
    0x41, 0xea, 0x23, 0xf6, 0x18, 0xe4, 0x01, 0x00, 0x3f, 0x60, 0x01, 0x00, 0x00, 0x03, 0xf6, 0x00,
    0x00, 0x00, 0x00, 0x00, 0xff, 0x50, 0x00, 0x00, 0x00, 0x00, 0x00, 0xff, 0x50, 0x00, 0x00, 0x00,
    0x00, 0x00, 0xff, 0x50, 0x00, 0x00, 0x00, 0x00, 0x00, 0xff, 0x50, 0x00, 0x00, 0x15, 0x55, 0x56,
    0xff, 0x95, 0x55, 0x52, 0x2f, 0xff, 0xff, 0xff, 0xff, 0xff, 0xf6, 0x2f, 0xff, 0xff, 0xff, 0xff,
    0xff, 0xf6, 0x00, 0x00, 0x00, 0xff, 0x50, 0x00, 0x00, 0x00, 0x00, 0x00, 0xff, 0x50, 0x00, 0x00,
    0x00, 0x00, 0x00, 0xff, 0x50, 0x00, 0x00, 0x00, 0x00, 0x00, 0xff, 0x50, 0x00, 0x00, 0x00, 0x00,
    0x00, 0xff, 0x50, 0x00, 0x00, 0x2c, 0xe6, 0x09, 0xff, 0xe0, 0x8f, 0xfe, 0x02, 0xcf, 0xb0, 0x0a,
    0xf6, 0x00, 0xef, 0x10, 0x2f, 0xb0, 0x06, 0xf6, 0x00, 0x25, 0x55, 0x55, 0x55, 0x16, 0xff, 0xff,
    0xff, 0xf2, 0x6f, 0xff, 0xff, 0xff, 0x20, 0x2c, 0xe6, 0x09, 0xff, 0xe0, 0x9f, 0xfe, 0x02, 0xce,
    0x50, 0x00, 0x00, 0x00, 0x00, 0x05, 0x86, 0x00, 0x00, 0x00, 0x00, 0x0d, 0xf8, 0x00, 0x00, 0x00,
    0x00, 0x4f, 0xf3, 0x00, 0x00, 0x00, 0x00, 0x9f, 0xd0, 0x00, 0x00, 0x00, 0x00, 0xef, 0x70, 0x00,
    0x00, 0x00, 0x04, 0xff, 0x20, 0x00, 0x00, 0x00, 0x0a, 0xfc, 0x00, 0x00, 0x00, 0x00, 0x1e, 0xf7,
    0x00, 0x00, 0x00, 0x00, 0x5f, 0xf2, 0x00, 0x00, 0x00, 0x00, 0xaf, 0xb0, 0x00, 0x00, 0x00, 0x01,
    0xff, 0x60, 0x00, 0x00, 0x00, 0x06, 0xff, 0x10, 0x00, 0x00, 0x00, 0x0b, 0xfb, 0x00, 0x00, 0x00,
    0x00, 0x1f, 0xf5, 0x00, 0x00, 0x00, 0x00, 0x6f, 0xe1, 0x00, 0x00, 0x00, 0x00, 0xcf, 0xa0, 0x00,
    0x00, 0x00, 0x02, 0xff, 0x50, 0x00, 0x00, 0x00, 0x07, 0xfe, 0x00, 0x00, 0x00, 0x00, 0x0c, 0xf9,
    0x00, 0x00, 0x00, 0x00, 0x3f, 0xf4, 0x00, 0x00, 0x00, 0x00, 0x8f, 0xe0, 0x00, 0x00, 0x00, 0x00,
    0xdf, 0x90, 0x00, 0x00, 0x00, 0x03, 0xff, 0x30, 0x00, 0x00, 0x00, 0x08, 0xfd, 0x00, 0x00, 0x00,
    0x00, 0x0e, 0xf8, 0x00, 0x00, 0x00, 0x00, 0x4f, 0xf3, 0x00, 0x00, 0x00, 0x00, 0x9f, 0xc0, 0x00,
    0x00, 0x00, 0x00, 0x00, 0x00, 0x17, 0xce, 0xfe, 0xa5, 0x00, 0x00, 0x00, 0x00, 0x4e, 0xff, 0xff,
    0xff, 0xfb, 0x10, 0x00, 0x00, 0x4f, 0xff, 0xb7, 0x68, 0xdf, 0xfd, 0x10, 0x00, 0x1e, 0xff, 0x50,
    0x00, 0x01, 0xaf, 0xfa, 0x00, 0x08, 0xff, 0x70, 0x00, 0x00, 0x00, 0xcf, 0xf3, 0x00, 0xef, 0xd0,
    0x00, 0x00, 0x00, 0x04, 0xff, 0x90, 0x4f, 0xf9, 0x00, 0x00, 0x00, 0x00, 0x0e, 0xfe, 0x07, 0xff,
    0x50, 0x00, 0x00, 0x00, 0x00, 0xaf, 0xf2, 0x9f, 0xf3, 0x00, 0x00, 0x00, 0x00, 0x08, 0xff, 0x4a,
    0xff, 0x20, 0x00, 0x00, 0x00, 0x00, 0x7f, 0xf5, 0xaf, 0xf2, 0x00, 0x00, 0x00, 0x00, 0x07, 0xff,
    0x59, 0xff, 0x30, 0x00, 0x00, 0x00, 0x00, 0x8f, 0xf4, 0x7f, 0xf5, 0x00, 0x00, 0x00, 0x00, 0x0a,
    0xff, 0x24, 0xff, 0x90, 0x00, 0x00, 0x00, 0x00, 0xdf, 0xe0, 0x0e, 0xfd, 0x00, 0x00, 0x00, 0x00,
    0x4f, 0xf9, 0x00, 0x8f, 0xf7, 0x00, 0x00, 0x00, 0x0c, 0xff, 0x30, 0x01, 0xef, 0xf5, 0x00, 0x00,
    0x0a, 0xff, 0xa0, 0x00, 0x04, 0xff, 0xfb, 0x76, 0x8d, 0xff, 0xd1, 0x00, 0x00, 0x04, 0xef, 0xff,
    0xff, 0xff, 0xb1, 0x00, 0x00, 0x00, 0x01, 0x7c, 0xef, 0xea, 0x50, 0x00, 0x00, 0xcf, 0xff, 0xff,
    0xf6, 0xcf, 0xff, 0xff, 0xf6, 0x45, 0x55, 0x9f, 0xf6, 0x00, 0x00, 0x5f, 0xf6, 0x00, 0x00, 0x5f,
    0xf6, 0x00, 0x00, 0x5f, 0xf6, 0x00, 0x00, 0x5f, 0xf6, 0x00, 0x00, 0x5f, 0xf6, 0x00, 0x00, 0x5f,
    0xf6, 0x00, 0x00, 0x5f, 0xf6, 0x00, 0x00, 0x5f, 0xf6, 0x00, 0x00, 0x5f, 0xf6, 0x00, 0x00, 0x5f,
    0xf6, 0x00, 0x00, 0x5f, 0xf6, 0x00, 0x00, 0x5f, 0xf6, 0x00, 0x00, 0x5f, 0xf6, 0x00, 0x00, 0x5f,
    0xf6, 0x00, 0x00, 0x5f, 0xf6, 0x00, 0x00, 0x5f, 0xf6, 0x00, 0x00, 0x5f, 0xf6, 0x00, 0x03, 0x8c,
    0xef, 0xec, 0x82, 0x00, 0x00, 0x02, 0xaf, 0xff, 0xff, 0xff, 0xff, 0x60, 0x00, 0x3e, 0xff, 0xe9,
    0x76, 0x8c, 0xff, 0xf5, 0x00, 0x2d, 0xf8, 0x00, 0x00, 0x00, 0x6f, 0xfd, 0x00, 0x01, 0x50, 0x00,
    0x00, 0x00, 0x0b, 0xff, 0x20, 0x00, 0x00, 0x00, 0x00, 0x00, 0x08, 0xff, 0x40, 0x00, 0x00, 0x00,
    0x00, 0x00, 0x09, 0xff, 0x30, 0x00, 0x00, 0x00, 0x00, 0x00, 0x0e, 0xfe, 0x00, 0x00, 0x00, 0x00,
    0x00, 0x00, 0x7f, 0xf9, 0x00, 0x00, 0x00, 0x00, 0x00, 0x04, 0xff, 0xe2, 0x00, 0x00, 0x00, 0x00,
    0x00, 0x4e, 0xff, 0x40, 0x00, 0x00, 0x00, 0x00, 0x04, 0xef, 0xf5, 0x00, 0x00, 0x00, 0x00, 0x00,
    0x4e, 0xff, 0x50, 0x00, 0x00, 0x00, 0x00, 0x04, 0xef, 0xf5, 0x00, 0x00, 0x00, 0x00, 0x00, 0x4f,
    0xff, 0x50, 0x00, 0x00, 0x00, 0x00, 0x04, 0xff, 0xf4, 0x00, 0x00, 0x00, 0x00, 0x00, 0x4f, 0xfe,
    0x40, 0x00, 0x00, 0x00, 0x00, 0x04, 0xff, 0xf9, 0x55, 0x55, 0x55, 0x55, 0x51, 0x0e, 0xff, 0xff,
    0xff, 0xff, 0xff, 0xff, 0xf2, 0x0f, 0xff, 0xff, 0xff, 0xff, 0xff, 0xff, 0xf2, 0x0f, 0xff, 0xff,
    0xff, 0xff, 0xff, 0xff, 0x00, 0xff, 0xff, 0xff, 0xff, 0xff, 0xff, 0xe0, 0x05, 0x55, 0x55, 0x55,
    0x55, 0xdf, 0xf7, 0x00, 0x00, 0x00, 0x00, 0x00, 0x6f, 0xfa, 0x00, 0x00, 0x00, 0x00, 0x00, 0x4f,
    0xfc, 0x10, 0x00, 0x00, 0x00, 0x00, 0x1e, 0xfe, 0x20, 0x00, 0x00, 0x00, 0x00, 0x0c, 0xff, 0x50,
    0x00, 0x00, 0x00, 0x00, 0x09, 0xff, 0x80, 0x00, 0x00, 0x00, 0x00, 0x05, 0xff, 0xf8, 0x51, 0x00,
    0x00, 0x00, 0x00, 0x7f, 0xff, 0xff, 0xe6, 0x00, 0x00, 0x00, 0x04, 0x99, 0xbe, 0xff, 0xf8, 0x00,
    0x00, 0x00, 0x00, 0x00, 0x06, 0xff, 0xf3, 0x00, 0x00, 0x00, 0x00, 0x00, 0x07, 0xff, 0x80, 0x00,
    0x00, 0x00, 0x00, 0x00, 0x2f, 0xfb, 0x00, 0x00, 0x00, 0x00, 0x00, 0x01, 0xff, 0xa0, 0x30, 0x00,
    0x00, 0x00, 0x00, 0x5f, 0xf8, 0x2f, 0xb3, 0x00, 0x00, 0x00, 0x3e, 0xff, 0x2a, 0xff, 0xfc, 0x86,
    0x67, 0xbf, 0xff, 0x80, 0x1a, 0xff, 0xff, 0xff, 0xff, 0xff, 0x70, 0x00, 0x02, 0x7a, 0xde, 0xfd,
    0xc7, 0x20, 0x00, 0x00, 0x00, 0x00, 0x00, 0x04, 0xff, 0xb0, 0x00, 0x00, 0x00, 0x00, 0x00, 0x00,
    0x2e, 0xfd, 0x10, 0x00, 0x00, 0x00, 0x00, 0x00, 0x00, 0xcf, 0xf3, 0x00, 0x00, 0x00, 0x00, 0x00,
    0x00, 0x09, 0xff, 0x70, 0x00, 0x00, 0x00, 0x00, 0x00, 0x00, 0x6f, 0xfa, 0x00, 0x00, 0x00, 0x00,
    0x00, 0x00, 0x03, 0xef, 0xd1, 0x00, 0x00, 0x00, 0x00, 0x00, 0x00, 0x1d, 0xff, 0x30, 0x00, 0x00,
    0x00, 0x00, 0x00, 0x00, 0xaf, 0xf6, 0x00, 0x00, 0x00, 0x00, 0x00, 0x00, 0x07, 0xff, 0xa0, 0x00,
    0x0b, 0xb7, 0x00, 0x00, 0x00, 0x4f, 0xfc, 0x10, 0x00, 0x0e, 0xfa, 0x00, 0x00, 0x01, 0xdf, 0xe2,
    0x00, 0x00, 0x0e, 0xfa, 0x00, 0x00, 0x0b, 0xff, 0x50, 0x00, 0x00, 0x0e, 0xfa, 0x00, 0x00, 0x8f,
    0xfd, 0x66, 0x66, 0x66, 0x6f, 0xfc, 0x66, 0x62, 0xef, 0xff, 0xff, 0xff, 0xff, 0xff, 0xff, 0xff,
    0xf6, 0xef, 0xff, 0xff, 0xff, 0xff, 0xff, 0xff, 0xff, 0xf6, 0x00, 0x00, 0x00, 0x00, 0x00, 0x1f,
    0xfa, 0x00, 0x00, 0x00, 0x00, 0x00, 0x00, 0x00, 0x1f, 0xfa, 0x00, 0x00, 0x00, 0x00, 0x00, 0x00,
    0x00, 0x1f, 0xfa, 0x00, 0x00, 0x00, 0x00, 0x00, 0x00, 0x00, 0x1f, 0xfa, 0x00, 0x00, 0x00, 0x00,
    0x00, 0x00, 0x00, 0x1f, 0xfa, 0x00, 0x00, 0x00, 0x2f, 0xff, 0xff, 0xff, 0xff, 0xff, 0x00, 0x00,
    0x3f, 0xff, 0xff, 0xff, 0xff, 0xff, 0x00, 0x00, 0x5f, 0xf8, 0x55, 0x55, 0x55, 0x55, 0x00, 0x00,
    0x6f, 0xf3, 0x00, 0x00, 0x00, 0x00, 0x00, 0x00, 0x8f, 0xf1, 0x00, 0x00, 0x00, 0x00, 0x00, 0x00,
    0x9f, 0xf0, 0x00, 0x00, 0x00, 0x00, 0x00, 0x00, 0xbf, 0xe0, 0x00, 0x00, 0x00, 0x00, 0x00, 0x00,
    0xcf, 0xc0, 0x00, 0x00, 0x00, 0x00, 0x00, 0x00, 0xef, 0xff, 0xff, 0xec, 0x94, 0x00, 0x00, 0x00,
    0xff, 0xff, 0xff, 0xff, 0xff, 0xc2, 0x00, 0x00, 0x55, 0x55, 0x66, 0x8b, 0xff, 0xfd, 0x10, 0x00,
    0x00, 0x00, 0x00, 0x00, 0x1b, 0xff, 0x90, 0x00, 0x00, 0x00, 0x00, 0x00, 0x01, 0xff, 0xe0, 0x00,
    0x00, 0x00, 0x00, 0x00, 0x00, 0xbf, 0xf1, 0x00, 0x00, 0x00, 0x00, 0x00, 0x00, 0xbf, 0xf0, 0x02,
    0x10, 0x00, 0x00, 0x00, 0x01, 0xef, 0xd0, 0x0c, 0xd5, 0x00, 0x00, 0x00, 0x1b, 0xff, 0x70, 0x5f,
    0xff, 0xd9, 0x76, 0x79, 0xef, 0xfc, 0x10, 0x06, 0xef, 0xff, 0xff, 0xff, 0xff, 0xb2, 0x00, 0x00,
    0x05, 0x9c, 0xef, 0xed, 0x94, 0x00, 0x00, 0x00, 0x00, 0x03, 0x8c, 0xef, 0xed, 0xa5, 0x00, 0x00,
    0x01, 0xaf, 0xff, 0xff, 0xff, 0xff, 0x40, 0x00, 0x1c, 0xff, 0xfa, 0x76, 0x79, 0xdc, 0x00, 0x00,
    0xbf, 0xfb, 0x20, 0x00, 0x00, 0x02, 0x00, 0x06, 0xff, 0xb0, 0x00, 0x00, 0x00, 0x00, 0x00, 0x0d,
    0xff, 0x20, 0x00, 0x00, 0x00, 0x00, 0x00, 0x3f, 0xfa, 0x00, 0x00, 0x00, 0x00, 0x00, 0x00, 0x6f,
    0xf6, 0x00, 0x00, 0x00, 0x00, 0x00, 0x00, 0x8f, 0xf3, 0x04, 0xad, 0xfe, 0xc8, 0x20, 0x00, 0x9f,
    0xf3, 0xaf, 0xff, 0xff, 0xff, 0xf7, 0x00, 0xaf, 0xfc, 0xff, 0xa7, 0x68, 0xcf, 0xff, 0x60, 0x9f,
    0xff, 0xd3, 0x00, 0x00, 0x05, 0xff, 0xe1, 0x7f, 0xff, 0x40, 0x00, 0x00, 0x00, 0x8f, 0xf5, 0x5f,
    0xfd, 0x00, 0x00, 0x00, 0x00, 0x4f, 0xf7, 0x1f, 0xfd, 0x00, 0x00, 0x00, 0x00, 0x4f, 0xf6, 0x0a,
    0xff, 0x30, 0x00, 0x00, 0x00, 0x8f, 0xf4, 0x03, 0xff, 0xd2, 0x00, 0x00, 0x05, 0xff, 0xd0, 0x00,
    0x7f, 0xff, 0xa7, 0x68, 0xcf, 0xff, 0x40, 0x00, 0x06, 0xef, 0xff, 0xff, 0xff, 0xe5, 0x00, 0x00,
    0x00, 0x17, 0xce, 0xfe, 0xb7, 0x10, 0x00, 0x2f, 0xff, 0xff, 0xff, 0xff, 0xff, 0xff, 0xf9, 0x2f,
    0xff, 0xff, 0xff, 0xff, 0xff, 0xff, 0xf9, 0x2f, 0xfb, 0x55, 0x55, 0x55, 0x55, 0xcf, 0xf5, 0x2f,
    0xf8, 0x00, 0x00, 0x00, 0x01, 0xef, 0xd0, 0x2f, 0xf8, 0x00, 0x00, 0x00, 0x07, 0xff, 0x70, 0x2f,
    0xf8, 0x00, 0x00, 0x00, 0x0d, 0xfe, 0x10, 0x00, 0x00, 0x00, 0x00, 0x00, 0x5f, 0xf9, 0x00, 0x00,
    0x00, 0x00, 0x00, 0x00, 0xcf, 0xf2, 0x00, 0x00, 0x00, 0x00, 0x00, 0x03, 0xff, 0xb0, 0x00, 0x00,
    0x00, 0x00, 0x00, 0x0a, 0xff, 0x40, 0x00, 0x00, 0x00, 0x00, 0x00, 0x2f, 0xfd, 0x00, 0x00, 0x00,
    0x00, 0x00, 0x00, 0x8f, 0xf6, 0x00, 0x00, 0x00, 0x00, 0x00, 0x01, 0xef, 0xe1, 0x00, 0x00, 0x00,
    0x00, 0x00, 0x06, 0xff, 0x80, 0x00, 0x00, 0x00, 0x00, 0x00, 0x0d, 0xff, 0x20, 0x00, 0x00, 0x00,
    0x00, 0x00, 0x4f, 0xfa, 0x00, 0x00, 0x00, 0x00, 0x00, 0x00, 0xbf, 0xf3, 0x00, 0x00, 0x00, 0x00,
    0x00, 0x03, 0xff, 0xc0, 0x00, 0x00, 0x00, 0x00, 0x00, 0x09, 0xff, 0x50, 0x00, 0x00, 0x00, 0x00,
    0x00, 0x1f, 0xfe, 0x00, 0x00, 0x00, 0x00, 0x00, 0x00, 0x6a, 0xde, 0xed, 0xa6, 0x00, 0x00, 0x00,
    0x3d, 0xff, 0xff, 0xff, 0xff, 0xd4, 0x00, 0x02, 0xef, 0xfd, 0x86, 0x68, 0xdf, 0xfe, 0x30, 0x0a,
    0xff, 0x80, 0x00, 0x00, 0x08, 0xff, 0xa0, 0x0e, 0xfd, 0x00, 0x00, 0x00, 0x00, 0xdf, 0xe0, 0x0f,
    0xfb, 0x00, 0x00, 0x00, 0x00, 0xaf, 0xf1, 0x0e, 0xfd, 0x00, 0x00, 0x00, 0x00, 0xcf, 0xe0, 0x09,
    0xff, 0x80, 0x00, 0x00, 0x07, 0xff, 0x90, 0x01, 0xdf, 0xfd, 0x86, 0x68, 0xdf, 0xfd, 0x10, 0x00,
    0x1b, 0xff, 0xff, 0xff, 0xff, 0xb1, 0x00, 0x01, 0xaf, 0xff, 0xff, 0xff, 0xff, 0xfa, 0x10, 0x0c,
    0xff, 0xc5, 0x20, 0x12, 0x6c, 0xff, 0xc0, 0x6f, 0xfa, 0x00, 0x00, 0x00, 0x00, 0xaf, 0xf6, 0xaf,
    0xf2, 0x00, 0x00, 0x00, 0x00, 0x2f, 0xfa, 0xbf, 0xf1, 0x00, 0x00, 0x00, 0x00, 0x1f, 0xfb, 0x9f,
    0xf5, 0x00, 0x00, 0x00, 0x00, 0x4f, 0xf9, 0x4f, 0xfe, 0x30, 0x00, 0x00, 0x03, 0xdf, 0xf4, 0x0a,
    0xff, 0xfb, 0x76, 0x68, 0xcf, 0xff, 0xa0, 0x00, 0x8f, 0xff, 0xff, 0xff, 0xff, 0xf8, 0x00, 0x00,
    0x02, 0x7b, 0xde, 0xed, 0xb7, 0x20, 0x00, 0x00, 0x00, 0x5a, 0xdf, 0xec, 0x83, 0x00, 0x00, 0x00,
    0x2c, 0xff, 0xff, 0xff, 0xff, 0x90, 0x00, 0x01, 0xdf, 0xfd, 0x86, 0x69, 0xef, 0xfa, 0x00, 0x09,
    0xff, 0x90, 0x00, 0x00, 0x1a, 0xff, 0x60, 0x0e, 0xfc, 0x00, 0x00, 0x00, 0x00, 0xdf, 0xe0, 0x2f,
    0xf8, 0x00, 0x00, 0x00, 0x00, 0x9f, 0xf5, 0x3f, 0xf8, 0x00, 0x00, 0x00, 0x00, 0x9f, 0xf9, 0x1f,
    0xfc, 0x00, 0x00, 0x00, 0x00, 0xdf, 0xfc, 0x0a, 0xff, 0x90, 0x00, 0x00, 0x1a, 0xff, 0xfd, 0x03,
    0xef, 0xfd, 0x86, 0x69, 0xef, 0xde, 0xfe, 0x00, 0x4d, 0xff, 0xff, 0xff, 0xfd, 0x3e, 0xfe, 0x00,
    0x01, 0x7b, 0xef, 0xeb, 0x60, 0x0f, 0xfc, 0x00, 0x00, 0x00, 0x00, 0x00, 0x00, 0x2f, 0xfa, 0x00,
    0x00, 0x00, 0x00, 0x00, 0x00, 0x6f, 0xf7, 0x00, 0x00, 0x00, 0x00, 0x00, 0x00, 0xcf, 0xf2, 0x00,
    0x00, 0x00, 0x00, 0x00, 0x07, 0xff, 0xa0, 0x00, 0x11, 0x00, 0x00, 0x00, 0x8f, 0xfe, 0x20, 0x00,
    0x8e, 0xa7, 0x66, 0x9e, 0xff, 0xe4, 0x00, 0x01, 0xef, 0xff, 0xff, 0xff, 0xfc, 0x30, 0x00, 0x00,
    0x39, 0xce, 0xfe, 0xd9, 0x40, 0x00, 0x00, 0x2c, 0xe6, 0x09, 0xff, 0xe0, 0x9f, 0xfe, 0x02, 0xce,
    0x50, 0x00, 0x00, 0x00, 0x00, 0x00, 0x00, 0x00, 0x00, 0x00, 0x00, 0x00, 0x00, 0x00, 0x00, 0x00,
    0x00, 0x00, 0x02, 0xce, 0x60, 0x9f, 0xfe, 0x09, 0xff, 0xe0, 0x2c, 0xe5, 0x00, 0x2c, 0xe6, 0x09,
    0xff, 0xe0, 0x9f, 0xfe, 0x02, 0xce, 0x50, 0x00, 0x00, 0x00, 0x00, 0x00, 0x00, 0x00, 0x00, 0x00,
    0x00, 0x00, 0x00, 0x00, 0x00, 0x00, 0x00, 0x00, 0x02, 0xce, 0x60, 0x9f, 0xfe, 0x08, 0xff, 0xe0,
    0x2c, 0xfb, 0x00, 0xaf, 0x60, 0x0e, 0xf1, 0x02, 0xfb, 0x00, 0x6f, 0x60, 0x00, 0x00, 0x00, 0x00,
    0x00, 0x00, 0x03, 0x95, 0x00, 0x00, 0x00, 0x00, 0x16, 0xcf, 0xf6, 0x00, 0x00, 0x00, 0x39, 0xef,
    0xff, 0xb3, 0x00, 0x01, 0x6c, 0xff, 0xfd, 0x72, 0x00, 0x04, 0xaf, 0xff, 0xfa, 0x40, 0x00, 0x00,
    0x2f, 0xff, 0xc6, 0x10, 0x00, 0x00, 0x00, 0x2f, 0xfd, 0x61, 0x00, 0x00, 0x00, 0x00, 0x1a, 0xff,
    0xfe, 0xa4, 0x00, 0x00, 0x00, 0x00, 0x17, 0xdf, 0xff, 0xd7, 0x20, 0x00, 0x00, 0x00, 0x03, 0x9e,
    0xff, 0xfb, 0x50, 0x00, 0x00, 0x00, 0x01, 0x6c, 0xff, 0xf6, 0x00, 0x00, 0x00, 0x00, 0x00, 0x39,
    0xe6, 0x00, 0x00, 0x00, 0x00, 0x00, 0x00, 0x12, 0x2f, 0xff, 0xff, 0xff, 0xff, 0xff, 0xf6, 0x2f,
    0xff, 0xff, 0xff, 0xff, 0xff, 0xf6, 0x15, 0x55, 0x55, 0x55, 0x55, 0x55, 0x52, 0x00, 0x00, 0x00,
    0x00, 0x00, 0x00, 0x00, 0x00, 0x00, 0x00, 0x00, 0x00, 0x00, 0x00, 0x00, 0x00, 0x00, 0x00, 0x00,
    0x00, 0x00, 0x15, 0x55, 0x55, 0x55, 0x55, 0x55, 0x52, 0x2f, 0xff, 0xff, 0xff, 0xff, 0xff, 0xf6,
    0x2f, 0xff, 0xff, 0xff, 0xff, 0xff, 0xf6, 0x2b, 0x50, 0x00, 0x00, 0x00, 0x00, 0x00, 0x2f, 0xfe,
    0x82, 0x00, 0x00, 0x00, 0x00, 0x19, 0xef, 0xff, 0xb5, 0x00, 0x00, 0x00, 0x00, 0x16, 0xbf, 0xff,
    0xe8, 0x20, 0x00, 0x00, 0x00, 0x02, 0x8e, 0xff, 0xfb, 0x50, 0x00, 0x00, 0x00, 0x00, 0x5a, 0xff,
    0xf6, 0x00, 0x00, 0x00, 0x00, 0x04, 0xbf, 0xf6, 0x00, 0x00, 0x00, 0x28, 0xdf, 0xff, 0xc3, 0x00,
    0x01, 0x5b, 0xff, 0xfe, 0x82, 0x00, 0x03, 0x9e, 0xff, 0xfb, 0x50, 0x00, 0x00, 0x2f, 0xff, 0xe8,
    0x20, 0x00, 0x00, 0x00, 0x2f, 0xb5, 0x00, 0x00, 0x00, 0x00, 0x00, 0x12, 0x00, 0x00, 0x00, 0x00,
    0x00, 0x00, 0x00, 0x04, 0x9c, 0xef, 0xec, 0x93, 0x00, 0x00, 0x2b, 0xff, 0xff, 0xff, 0xff, 0xf8,
    0x00, 0x3e, 0xff, 0xd9, 0x76, 0x8c, 0xff, 0xf7, 0x04, 0xdf, 0x70, 0x00, 0x00, 0x07, 0xff, 0xe0,
    0x01, 0x40, 0x00, 0x00, 0x00, 0x0c, 0xff, 0x10, 0x00, 0x00, 0x00, 0x00, 0x00, 0xbf, 0xf1, 0x00,
    0x00, 0x00, 0x00, 0x00, 0x1e, 0xfd, 0x00, 0x00, 0x00, 0x00, 0x00, 0x0a, 0xff, 0x60, 0x00, 0x00,
    0x00, 0x00, 0x1b, 0xff, 0x90, 0x00, 0x00, 0x00, 0x00, 0x1c, 0xff, 0x90, 0x00, 0x00, 0x00, 0x00,
    0x0b, 0xff, 0x80, 0x00, 0x00, 0x00, 0x00, 0x04, 0xff, 0xb0, 0x00, 0x00, 0x00, 0x00, 0x00, 0x8f,
    0xf5, 0x00, 0x00, 0x00, 0x00, 0x00, 0x03, 0x44, 0x10, 0x00, 0x00, 0x00, 0x00, 0x00, 0x00, 0x00,
    0x00, 0x00, 0x00, 0x00, 0x00, 0x00, 0x00, 0x00, 0x00, 0x00, 0x00, 0x00, 0x00, 0x5e, 0xc1, 0x00,
    0x00, 0x00, 0x00, 0x00, 0x0e, 0xff, 0x80, 0x00, 0x00, 0x00, 0x00, 0x00, 0xef, 0xf8, 0x00, 0x00,
    0x00, 0x00, 0x00, 0x05, 0xec, 0x10, 0x00, 0x00, 0x00, 0x00, 0x00, 0x00, 0x37, 0xad, 0xef, 0xed,
    0xb8, 0x30, 0x00, 0x00, 0x00, 0x00, 0x00, 0x00, 0x04, 0xcf, 0xff, 0xff, 0xff, 0xff, 0xff, 0xc5,
    0x00, 0x00, 0x00, 0x00, 0x00, 0x1a, 0xff, 0xfe, 0xa8, 0x66, 0x67, 0xae, 0xff, 0xfb, 0x10, 0x00,
    0x00, 0x00, 0x2d, 0xff, 0xc5, 0x00, 0x00, 0x00, 0x00, 0x04, 0xbf, 0xfd, 0x20, 0x00, 0x00, 0x1d,
    0xfe, 0x60, 0x00, 0x00, 0x00, 0x00, 0x00, 0x00, 0x5e, 0xfd, 0x10, 0x00, 0x0a, 0xfe, 0x30, 0x00,
    0x28, 0xce, 0xec, 0x70, 0x0e, 0xf8, 0x2e, 0xfa, 0x00, 0x03, 0xff, 0x40, 0x00, 0x5e, 0xff, 0xff,
    0xff, 0xc2, 0xef, 0x80, 0x3f, 0xf3, 0x00, 0xbf, 0xa0, 0x00, 0x4f, 0xff, 0xb7, 0x68, 0xdf, 0xce,
    0xf8, 0x00, 0x8f, 0xb0, 0x1f, 0xf2, 0x00, 0x1d, 0xfe, 0x40, 0x00, 0x00, 0x9f, 0xff, 0x80, 0x01,
    0xff, 0x15, 0xfc, 0x00, 0x05, 0xff, 0x60, 0x00, 0x00, 0x00, 0xbf, 0xf8, 0x00, 0x0b, 0xf4, 0x8f,
    0x90, 0x00, 0xaf, 0xe0, 0x00, 0x00, 0x00, 0x04, 0xff, 0x80, 0x00, 0x7f, 0x79, 0xf7, 0x00, 0x0c,
    0xfa, 0x00, 0x00, 0x00, 0x00, 0x0f, 0xf8, 0x00, 0x05, 0xf8, 0xaf, 0x60, 0x00, 0xdf, 0x90, 0x00,
    0x00, 0x00, 0x00, 0xef, 0x80, 0x00, 0x5f, 0x99, 0xf7, 0x00, 0x0c, 0xfa, 0x00, 0x00, 0x00, 0x00,
    0x0f, 0xf8, 0x00, 0x05, 0xf8, 0x7f, 0x90, 0x00, 0xaf, 0xd0, 0x00, 0x00, 0x00, 0x03, 0xff, 0x80,
    0x00, 0x7f, 0x75, 0xfc, 0x00, 0x05, 0xff, 0x40, 0x00, 0x00, 0x00, 0x9f, 0xf8, 0x00, 0x0a, 0xf4,
    0x1f, 0xf2, 0x00, 0x1d, 0xfd, 0x20, 0x00, 0x00, 0x5f, 0xff, 0x90, 0x01, 0xee, 0x00, 0xaf, 0xa0,
    0x00, 0x4f, 0xfe, 0x73, 0x24, 0xaf, 0xec, 0xfe, 0x43, 0xbf, 0x80, 0x03, 0xff, 0x40, 0x00, 0x4e,
    0xff, 0xff, 0xff, 0xe4, 0x4f, 0xff, 0xff, 0xc1, 0x00, 0x09, 0xfe, 0x30, 0x00, 0x18, 0xce, 0xec,
    0x81, 0x00, 0x5c, 0xfd, 0x81, 0x00, 0x00, 0x1d, 0xfe, 0x60, 0x00, 0x00, 0x00, 0x00, 0x00, 0x00,
    0x00, 0x00, 0x00, 0x00, 0x00, 0x2d, 0xff, 0xb4, 0x00, 0x00, 0x00, 0x00, 0x02, 0x00, 0x00, 0x00,
    0x00, 0x00, 0x00, 0x1a, 0xff, 0xfe, 0xa7, 0x66, 0x78, 0xad, 0xf2, 0x00, 0x00, 0x00, 0x00, 0x00,
    0x00, 0x05, 0xcf, 0xff, 0xff, 0xff, 0xff, 0xfd, 0x30, 0x00, 0x00, 0x00, 0x00, 0x00, 0x00, 0x00,
    0x37, 0xbd, 0xef, 0xec, 0x94, 0x00, 0x00, 0x00, 0x00, 0x00, 0x00, 0x00, 0x00, 0x00, 0x6f, 0xfd,
    0x00, 0x00, 0x00, 0x00, 0x00, 0x00, 0x00, 0x00, 0x0c, 0xff, 0xf4, 0x00, 0x00, 0x00, 0x00, 0x00,
    0x00, 0x00, 0x04, 0xff, 0xff, 0xb0, 0x00, 0x00, 0x00, 0x00, 0x00, 0x00, 0x00, 0xbf, 0xe9, 0xff,
    0x30, 0x00, 0x00, 0x00, 0x00, 0x00, 0x00, 0x2f, 0xf8, 0x2f, 0xf9, 0x00, 0x00, 0x00, 0x00, 0x00,
    0x00, 0x09, 0xff, 0x20, 0xaf, 0xf1, 0x00, 0x00, 0x00, 0x00, 0x00, 0x01, 0xef, 0xa0, 0x04, 0xff,
    0x80, 0x00, 0x00, 0x00, 0x00, 0x00, 0x7f, 0xf4, 0x00, 0x0c, 0xfe, 0x10, 0x00, 0x00, 0x00, 0x00,
    0x0e, 0xfc, 0x00, 0x00, 0x6f, 0xf6, 0x00, 0x00, 0x00, 0x00, 0x06, 0xff, 0x60, 0x00, 0x01, 0xef,
    0xd0, 0x00, 0x00, 0x00, 0x00, 0xcf, 0xe1, 0x00, 0x00, 0x08, 0xff, 0x40, 0x00, 0x00, 0x00, 0x4f,
    0xf8, 0x00, 0x00, 0x00, 0x2f, 0xfb, 0x00, 0x00, 0x00, 0x0b, 0xff, 0x54, 0x44, 0x44, 0x44, 0xcf,
    0xf3, 0x00, 0x00, 0x02, 0xff, 0xff, 0xff, 0xff, 0xff, 0xff, 0xff, 0xa0, 0x00, 0x00, 0x9f, 0xff,
    0xff, 0xff, 0xff, 0xff, 0xff, 0xff, 0x20, 0x00, 0x1e, 0xfc, 0x00, 0x00, 0x00, 0x00, 0x00, 0x5f,
    0xf8, 0x00, 0x07, 0xff, 0x60, 0x00, 0x00, 0x00, 0x00, 0x00, 0xef, 0xe1, 0x00, 0xef, 0xe0, 0x00,
    0x00, 0x00, 0x00, 0x00, 0x08, 0xff, 0x60, 0x6f, 0xf8, 0x00, 0x00, 0x00, 0x00, 0x00, 0x00, 0x1f,
    0xfd, 0x0c, 0xff, 0x10, 0x00, 0x00, 0x00, 0x00, 0x00, 0x00, 0xaf, 0xf5, 0x1f, 0xff, 0xff, 0xff,
    0xff, 0xed, 0xa5, 0x00, 0x00, 0x1f, 0xff, 0xff, 0xff, 0xff, 0xff, 0xff, 0xc2, 0x00, 0x1f, 0xfc,
    0x55, 0x55, 0x56, 0x7a, 0xff, 0xfd, 0x10, 0x1f, 0xfb, 0x00, 0x00, 0x00, 0x00, 0x2c, 0xff, 0x60,
    0x1f, 0xfb, 0x00, 0x00, 0x00, 0x00, 0x04, 0xff, 0xa0, 0x1f, 0xfb, 0x00, 0x00, 0x00, 0x00, 0x01,
    0xff, 0xb0, 0x1f, 0xfb, 0x00, 0x00, 0x00, 0x00, 0x02, 0xff, 0x90, 0x1f, 0xfb, 0x00, 0x00, 0x00,
    0x00, 0x09, 0xff, 0x50, 0x1f, 0xfb, 0x00, 0x00, 0x00, 0x24, 0xbf, 0xfb, 0x00, 0x1f, 0xff, 0xff,
    0xff, 0xff, 0xff, 0xff, 0xa1, 0x00, 0x1f, 0xff, 0xff, 0xff, 0xff, 0xff, 0xff, 0xd6, 0x00, 0x1f,
    0xfc, 0x55, 0x55, 0x55, 0x67, 0x9e, 0xff, 0x90, 0x1f, 0xfb, 0x00, 0x00, 0x00, 0x00, 0x01, 0xcf,
    0xf4, 0x1f, 0xfb, 0x00, 0x00, 0x00, 0x00, 0x00, 0x3f, 0xf9, 0x1f, 0xfb, 0x00, 0x00, 0x00, 0x00,
    0x00, 0x1f, 0xfb, 0x1f, 0xfb, 0x00, 0x00, 0x00, 0x00, 0x00, 0x3f, 0xfb, 0x1f, 0xfb, 0x00, 0x00,
    0x00, 0x00, 0x01, 0xbf, 0xf7, 0x1f, 0xfc, 0x55, 0x55, 0x55, 0x67, 0x9e, 0xff, 0xe1, 0x1f, 0xff,
    0xff, 0xff, 0xff, 0xff, 0xff, 0xfd, 0x20, 0x1f, 0xff, 0xff, 0xff, 0xff, 0xfe, 0xda, 0x50, 0x00,
    0x00, 0x00, 0x00, 0x38, 0xce, 0xfe, 0xd9, 0x50, 0x00, 0x00, 0x00, 0x02, 0xbf, 0xff, 0xff, 0xff,
    0xff, 0xd5, 0x00, 0x00, 0x05, 0xef, 0xff, 0xb8, 0x66, 0x9d, 0xff, 0xf8, 0x00, 0x05, 0xff, 0xfa,
    0x20, 0x00, 0x00, 0x06, 0xef, 0xb0, 0x02, 0xef, 0xf6, 0x00, 0x00, 0x00, 0x00, 0x02, 0x91, 0x00,
    0x9f, 0xf9, 0x00, 0x00, 0x00, 0x00, 0x00, 0x00, 0x00, 0x1f, 0xfe, 0x00, 0x00, 0x00, 0x00, 0x00,
    0x00, 0x00, 0x05, 0xff, 0x80, 0x00, 0x00, 0x00, 0x00, 0x00, 0x00, 0x00, 0x8f, 0xf5, 0x00, 0x00,
    0x00, 0x00, 0x00, 0x00, 0x00, 0x09, 0xff, 0x30, 0x00, 0x00, 0x00, 0x00, 0x00, 0x00, 0x00, 0x9f,
    0xf3, 0x00, 0x00, 0x00, 0x00, 0x00, 0x00, 0x00, 0x08, 0xff, 0x50, 0x00, 0x00, 0x00, 0x00, 0x00,
    0x00, 0x00, 0x5f, 0xf8, 0x00, 0x00, 0x00, 0x00, 0x00, 0x00, 0x00, 0x01, 0xff, 0xe0, 0x00, 0x00,
    0x00, 0x00, 0x00, 0x00, 0x00, 0x09, 0xff, 0x90, 0x00, 0x00, 0x00, 0x00, 0x00, 0x00, 0x00, 0x2e,
    0xff, 0x60, 0x00, 0x00, 0x00, 0x00, 0x17, 0x00, 0x00, 0x5f, 0xff, 0xa2, 0x00, 0x00, 0x00, 0x5d,
    0xf9, 0x00, 0x00, 0x5f, 0xff, 0xfb, 0x86, 0x68, 0xdf, 0xff, 0xa0, 0x00, 0x00, 0x2b, 0xff, 0xff,
    0xff, 0xff, 0xfe, 0x60, 0x00, 0x00, 0x00, 0x03, 0x8c, 0xef, 0xed, 0xa6, 0x10, 0x00, 0x1f, 0xff,
    0xff, 0xff, 0xff, 0xec, 0x94, 0x00, 0x00, 0x00, 0x1f, 0xff, 0xff, 0xff, 0xff, 0xff, 0xff, 0xc4,
    0x00, 0x00, 0x1f, 0xfc, 0x55, 0x55, 0x56, 0x8a, 0xff, 0xff, 0x80, 0x00, 0x1f, 0xfb, 0x00, 0x00,
    0x00, 0x00, 0x18, 0xff, 0xf8, 0x00, 0x1f, 0xfb, 0x00, 0x00, 0x00, 0x00, 0x00, 0x4f, 0xff, 0x40,
    0x1f, 0xfb, 0x00, 0x00, 0x00, 0x00, 0x00, 0x06, 0xff, 0xc0, 0x1f, 0xfb, 0x00, 0x00, 0x00, 0x00,
    0x00, 0x00, 0xcf, 0xf3, 0x1f, 0xfb, 0x00, 0x00, 0x00, 0x00, 0x00, 0x00, 0x6f, 0xf7, 0x1f, 0xfb,
    0x00, 0x00, 0x00, 0x00, 0x00, 0x00, 0x3f, 0xfa, 0x1f, 0xfb, 0x00, 0x00, 0x00, 0x00, 0x00, 0x00,
    0x1f, 0xfb, 0x1f, 0xfb, 0x00, 0x00, 0x00, 0x00, 0x00, 0x00, 0x1f, 0xfb, 0x1f, 0xfb, 0x00, 0x00,
    0x00, 0x00, 0x00, 0x00, 0x3f, 0xfa, 0x1f, 0xfb, 0x00, 0x00, 0x00, 0x00, 0x00, 0x00, 0x6f, 0xf7,
    0x1f, 0xfb, 0x00, 0x00, 0x00, 0x00, 0x00, 0x00, 0xcf, 0xf3, 0x1f, 0xfb, 0x00, 0x00, 0x00, 0x00,
    0x00, 0x06, 0xff, 0xc0, 0x1f, 0xfb, 0x00, 0x00, 0x00, 0x00, 0x00, 0x4f, 0xff, 0x40, 0x1f, 0xfb,
    0x00, 0x00, 0x00, 0x00, 0x18, 0xff, 0xf8, 0x00, 0x1f, 0xfc, 0x55, 0x55, 0x56, 0x8a, 0xff, 0xff,
    0x80, 0x00, 0x1f, 0xff, 0xff, 0xff, 0xff, 0xff, 0xff, 0xd4, 0x00, 0x00, 0x1f, 0xff, 0xff, 0xff,
    0xff, 0xec, 0x94, 0x00, 0x00, 0x00, 0x1f, 0xff, 0xff, 0xff, 0xff, 0xff, 0xff, 0xc0, 0x1f, 0xff,
    0xff, 0xff, 0xff, 0xff, 0xff, 0xc0, 0x1f, 0xfc, 0x55, 0x55, 0x55, 0x55, 0x55, 0x40, 0x1f, 0xfb,
    0x00, 0x00, 0x00, 0x00, 0x00, 0x00, 0x1f, 0xfb, 0x00, 0x00, 0x00, 0x00, 0x00, 0x00, 0x1f, 0xfb,
    0x00, 0x00, 0x00, 0x00, 0x00, 0x00, 0x1f, 0xfb, 0x00, 0x00, 0x00, 0x00, 0x00, 0x00, 0x1f, 0xfb,
    0x00, 0x00, 0x00, 0x00, 0x00, 0x00, 0x1f, 0xfb, 0x00, 0x00, 0x00, 0x00, 0x00, 0x00, 0x1f, 0xff,
    0xff, 0xff, 0xff, 0xff, 0xf8, 0x00, 0x1f, 0xff, 0xff, 0xff, 0xff, 0xff, 0xf8, 0x00, 0x1f, 0xfc,
    0x55, 0x55, 0x55, 0x55, 0x53, 0x00, 0x1f, 0xfb, 0x00, 0x00, 0x00, 0x00, 0x00, 0x00, 0x1f, 0xfb,
    0x00, 0x00, 0x00, 0x00, 0x00, 0x00, 0x1f, 0xfb, 0x00, 0x00, 0x00, 0x00, 0x00, 0x00, 0x1f, 0xfb,
    0x00, 0x00, 0x00, 0x00, 0x00, 0x00, 0x1f, 0xfb, 0x00, 0x00, 0x00, 0x00, 0x00, 0x00, 0x1f, 0xfc,
    0x55, 0x55, 0x55, 0x55, 0x55, 0x51, 0x1f, 0xff, 0xff, 0xff, 0xff, 0xff, 0xff, 0xf3, 0x1f, 0xff,
    0xff, 0xff, 0xff, 0xff, 0xff, 0xf3, 0x1f, 0xff, 0xff, 0xff, 0xff, 0xff, 0xff, 0xc1, 0xff, 0xff,
    0xff, 0xff, 0xff, 0xff, 0xfc, 0x1f, 0xfc, 0x55, 0x55, 0x55, 0x55, 0x55, 0x41, 0xff, 0xb0, 0x00,
    0x00, 0x00, 0x00, 0x00, 0x1f, 0xfb, 0x00, 0x00, 0x00, 0x00, 0x00, 0x01, 0xff, 0xb0, 0x00, 0x00,
    0x00, 0x00, 0x00, 0x1f, 0xfb, 0x00, 0x00, 0x00, 0x00, 0x00, 0x01, 0xff, 0xb0, 0x00, 0x00, 0x00,
    0x00, 0x00, 0x1f, 0xfb, 0x00, 0x00, 0x00, 0x00, 0x00, 0x01, 0xff, 0xc5, 0x55, 0x55, 0x55, 0x55,
    0x30, 0x1f, 0xff, 0xff, 0xff, 0xff, 0xff, 0xf8, 0x01, 0xff, 0xff, 0xff, 0xff, 0xff, 0xff, 0x80,
    0x1f, 0xfb, 0x00, 0x00, 0x00, 0x00, 0x00, 0x01, 0xff, 0xb0, 0x00, 0x00, 0x00, 0x00, 0x00, 0x1f,
    0xfb, 0x00, 0x00, 0x00, 0x00, 0x00, 0x01, 0xff, 0xb0, 0x00, 0x00, 0x00, 0x00, 0x00, 0x1f, 0xfb,
    0x00, 0x00, 0x00, 0x00, 0x00, 0x01, 0xff, 0xb0, 0x00, 0x00, 0x00, 0x00, 0x00, 0x1f, 0xfb, 0x00,
    0x00, 0x00, 0x00, 0x00, 0x01, 0xff, 0xb0, 0x00, 0x00, 0x00, 0x00, 0x00, 0x00, 0x00, 0x00, 0x38,
    0xce, 0xfe, 0xda, 0x61, 0x00, 0x00, 0x00, 0x02, 0xbf, 0xff, 0xff, 0xff, 0xff, 0xe7, 0x00, 0x00,
    0x05, 0xef, 0xff, 0xb8, 0x66, 0x8c, 0xff, 0xfb, 0x10, 0x05, 0xff, 0xfa, 0x20, 0x00, 0x00, 0x03,
    0xcf, 0xc1, 0x02, 0xef, 0xf6, 0x00, 0x00, 0x00, 0x00, 0x00, 0x71, 0x00, 0x9f, 0xf9, 0x00, 0x00,
    0x00, 0x00, 0x00, 0x00, 0x00, 0x1f, 0xfe, 0x00, 0x00, 0x00, 0x00, 0x00, 0x00, 0x00, 0x05, 0xff,
    0x80, 0x00, 0x00, 0x00, 0x00, 0x00, 0x00, 0x00, 0x8f, 0xf5, 0x00, 0x00, 0x00, 0x00, 0x00, 0x00,
    0x00, 0x09, 0xff, 0x30, 0x00, 0x00, 0x00, 0x00, 0x00, 0x11, 0x10, 0x9f, 0xf3, 0x00, 0x00, 0x00,
    0x00, 0x00, 0x07, 0xff, 0x38, 0xff, 0x50, 0x00, 0x00, 0x00, 0x00, 0x00, 0x7f, 0xf3, 0x5f, 0xf9,
    0x00, 0x00, 0x00, 0x00, 0x00, 0x07, 0xff, 0x31, 0xff, 0xe1, 0x00, 0x00, 0x00, 0x00, 0x00, 0x7f,
    0xf3, 0x09, 0xff, 0x90, 0x00, 0x00, 0x00, 0x00, 0x07, 0xff, 0x30, 0x2e, 0xff, 0x70, 0x00, 0x00,
    0x00, 0x00, 0x7f, 0xf3, 0x00, 0x4f, 0xff, 0xa2, 0x00, 0x00, 0x00, 0x2b, 0xff, 0x30, 0x00, 0x5e,
    0xff, 0xfb, 0x86, 0x67, 0xbf, 0xff, 0xe2, 0x00, 0x00, 0x2b, 0xff, 0xff, 0xff, 0xff, 0xff, 0xa2,
    0x00, 0x00, 0x00, 0x03, 0x8c, 0xef, 0xed, 0xa7, 0x20, 0x00, 0x1f, 0xfb, 0x00, 0x00, 0x00, 0x00,
    0x00, 0x0f, 0xfc, 0x1f, 0xfb, 0x00, 0x00, 0x00, 0x00, 0x00, 0x0f, 0xfc, 0x1f, 0xfb, 0x00, 0x00,
    0x00, 0x00, 0x00, 0x0f, 0xfc, 0x1f, 0xfb, 0x00, 0x00, 0x00, 0x00, 0x00, 0x0f, 0xfc, 0x1f, 0xfb,
    0x00, 0x00, 0x00, 0x00, 0x00, 0x0f, 0xfc, 0x1f, 0xfb, 0x00, 0x00, 0x00, 0x00, 0x00, 0x0f, 0xfc,
    0x1f, 0xfb, 0x00, 0x00, 0x00, 0x00, 0x00, 0x0f, 0xfc, 0x1f, 0xfb, 0x00, 0x00, 0x00, 0x00, 0x00,
    0x0f, 0xfc, 0x1f, 0xfb, 0x00, 0x00, 0x00, 0x00, 0x00, 0x0f, 0xfc, 0x1f, 0xff, 0xff, 0xff, 0xff,
    0xff, 0xff, 0xff, 0xfc, 0x1f, 0xff, 0xff, 0xff, 0xff, 0xff, 0xff, 0xff, 0xfc, 0x1f, 0xfc, 0x55,
    0x55, 0x55, 0x55, 0x55, 0x5f, 0xfc, 0x1f, 0xfb, 0x00, 0x00, 0x00, 0x00, 0x00, 0x0f, 0xfc, 0x1f,
    0xfb, 0x00, 0x00, 0x00, 0x00, 0x00, 0x0f, 0xfc, 0x1f, 0xfb, 0x00, 0x00, 0x00, 0x00, 0x00, 0x0f,
    0xfc, 0x1f, 0xfb, 0x00, 0x00, 0x00, 0x00, 0x00, 0x0f, 0xfc, 0x1f, 0xfb, 0x00, 0x00, 0x00, 0x00,
    0x00, 0x0f, 0xfc, 0x1f, 0xfb, 0x00, 0x00, 0x00, 0x00, 0x00, 0x0f, 0xfc, 0x1f, 0xfb, 0x00, 0x00,
    0x00, 0x00, 0x00, 0x0f, 0xfc, 0x1f, 0xfb, 0x00, 0x00, 0x00, 0x00, 0x00, 0x0f, 0xfc, 0x1f, 0xfb,
    0x1f, 0xfb, 0x1f, 0xfb, 0x1f, 0xfb, 0x1f, 0xfb, 0x1f, 0xfb, 0x1f, 0xfb, 0x1f, 0xfb, 0x1f, 0xfb,
    0x1f, 0xfb, 0x1f, 0xfb, 0x1f, 0xfb, 0x1f, 0xfb, 0x1f, 0xfb, 0x1f, 0xfb, 0x1f, 0xfb, 0x1f, 0xfb,
    0x1f, 0xfb, 0x1f, 0xfb, 0x1f, 0xfb, 0x00, 0x4f, 0xff, 0xff, 0xff, 0xff, 0x90, 0x04, 0xff, 0xff,
    0xff, 0xff, 0xf9, 0x00, 0x15, 0x55, 0x55, 0x57, 0xff, 0x90, 0x00, 0x00, 0x00, 0x00, 0x3f, 0xf9,
    0x00, 0x00, 0x00, 0x00, 0x03, 0xff, 0x90, 0x00, 0x00, 0x00, 0x00, 0x3f, 0xf9, 0x00, 0x00, 0x00,
    0x00, 0x03, 0xff, 0x90, 0x00, 0x00, 0x00, 0x00, 0x3f, 0xf9, 0x00, 0x00, 0x00, 0x00, 0x03, 0xff,
    0x90, 0x00, 0x00, 0x00, 0x00, 0x3f, 0xf9, 0x00, 0x00, 0x00, 0x00, 0x03, 0xff, 0x90, 0x00, 0x00,
    0x00, 0x00, 0x3f, 0xf9, 0x00, 0x00, 0x00, 0x00, 0x03, 0xff, 0x90, 0x00, 0x00, 0x00, 0x00, 0x3f,
    0xf9, 0x00, 0x00, 0x00, 0x00, 0x05, 0xff, 0x80, 0x06, 0x00, 0x00, 0x00, 0x8f, 0xf6, 0x0a, 0xf7,
    0x00, 0x00, 0x1e, 0xff, 0x21, 0xdf, 0xfc, 0x76, 0x8e, 0xff, 0x90, 0x02, 0xcf, 0xff, 0xff, 0xff,
    0xb1, 0x00, 0x00, 0x6b, 0xef, 0xeb, 0x60, 0x00, 0x1f, 0xfb, 0x00, 0x00, 0x00, 0x00, 0x03, 0xef,
    0xe3, 0x01, 0xff, 0xb0, 0x00, 0x00, 0x00, 0x02, 0xef, 0xe3, 0x00, 0x1f, 0xfb, 0x00, 0x00, 0x00,
    0x02, 0xdf, 0xf4, 0x00, 0x01, 0xff, 0xb0, 0x00, 0x00, 0x01, 0xdf, 0xf5, 0x00, 0x00, 0x1f, 0xfb,
    0x00, 0x00, 0x01, 0xcf, 0xf6, 0x00, 0x00, 0x01, 0xff, 0xb0, 0x00, 0x01, 0xcf, 0xf7, 0x00, 0x00,
    0x00, 0x1f, 0xfb, 0x00, 0x01, 0xbf, 0xf8, 0x00, 0x00, 0x00, 0x01, 0xff, 0xb0, 0x00, 0xbf, 0xf9,
    0x00, 0x00, 0x00, 0x00, 0x1f, 0xfb, 0x00, 0xaf, 0xfa, 0x00, 0x00, 0x00, 0x00, 0x01, 0xff, 0xb0,
    0xaf, 0xff, 0x90, 0x00, 0x00, 0x00, 0x00, 0x1f, 0xfb, 0x9f, 0xff, 0xff, 0x60, 0x00, 0x00, 0x00,
    0x01, 0xff, 0xff, 0xfe, 0x8f, 0xff, 0x30, 0x00, 0x00, 0x00, 0x1f, 0xff, 0xfe, 0x20, 0x9f, 0xfe,
    0x20, 0x00, 0x00, 0x01, 0xff, 0xfe, 0x20, 0x00, 0xbf, 0xfc, 0x00, 0x00, 0x00, 0x1f, 0xfe, 0x30,
    0x00, 0x01, 0xcf, 0xfa, 0x00, 0x00, 0x01, 0xff, 0xb0, 0x00, 0x00, 0x02, 0xef, 0xf7, 0x00, 0x00,
    0x1f, 0xfb, 0x00, 0x00, 0x00, 0x03, 0xef, 0xf4, 0x00, 0x01, 0xff, 0xb0, 0x00, 0x00, 0x00, 0x05,
    0xff, 0xe2, 0x00, 0x1f, 0xfb, 0x00, 0x00, 0x00, 0x00, 0x07, 0xff, 0xd1, 0x01, 0xff, 0xb0, 0x00,
    0x00, 0x00, 0x00, 0x09, 0xff, 0xa0, 0x1f, 0xfb, 0x00, 0x00, 0x00, 0x00, 0x00, 0x01, 0xff, 0xb0,
    0x00, 0x00, 0x00, 0x00, 0x00, 0x1f, 0xfb, 0x00, 0x00, 0x00, 0x00, 0x00, 0x01, 0xff, 0xb0, 0x00,
    0x00, 0x00, 0x00, 0x00, 0x1f, 0xfb, 0x00, 0x00, 0x00, 0x00, 0x00, 0x01, 0xff, 0xb0, 0x00, 0x00,
    0x00, 0x00, 0x00, 0x1f, 0xfb, 0x00, 0x00, 0x00, 0x00, 0x00, 0x01, 0xff, 0xb0, 0x00, 0x00, 0x00,
    0x00, 0x00, 0x1f, 0xfb, 0x00, 0x00, 0x00, 0x00, 0x00, 0x01, 0xff, 0xb0, 0x00, 0x00, 0x00, 0x00,
    0x00, 0x1f, 0xfb, 0x00, 0x00, 0x00, 0x00, 0x00, 0x01, 0xff, 0xb0, 0x00, 0x00, 0x00, 0x00, 0x00,
    0x1f, 0xfb, 0x00, 0x00, 0x00, 0x00, 0x00, 0x01, 0xff, 0xb0, 0x00, 0x00, 0x00, 0x00, 0x00, 0x1f,
    0xfb, 0x00, 0x00, 0x00, 0x00, 0x00, 0x01, 0xff, 0xb0, 0x00, 0x00, 0x00, 0x00, 0x00, 0x1f, 0xfb,
    0x00, 0x00, 0x00, 0x00, 0x00, 0x01, 0xff, 0xd7, 0x77, 0x77, 0x77, 0x77, 0x72, 0x1f, 0xff, 0xff,
    0xff, 0xff, 0xff, 0xff, 0x51, 0xff, 0xff, 0xff, 0xff, 0xff, 0xff, 0xf5, 0x1f, 0xf8, 0x00, 0x00,
    0x00, 0x00, 0x00, 0x00, 0x00, 0x0c, 0xfb, 0x1f, 0xff, 0x20, 0x00, 0x00, 0x00, 0x00, 0x00, 0x00,
    0x6f, 0xfc, 0x1f, 0xff, 0xa0, 0x00, 0x00, 0x00, 0x00, 0x00, 0x01, 0xef, 0xfc, 0x1f, 0xff, 0xf4,
    0x00, 0x00, 0x00, 0x00, 0x00, 0x08, 0xff, 0xfc, 0x1f, 0xff, 0xfc, 0x00, 0x00, 0x00, 0x00, 0x00,
    0x2f, 0xff, 0xfc, 0x1f, 0xfe, 0xff, 0x60, 0x00, 0x00, 0x00, 0x00, 0xaf, 0xef, 0xfc, 0x1f, 0xfa,
    0xcf, 0xe1, 0x00, 0x00, 0x00, 0x04, 0xff, 0x7e, 0xfc, 0x1f, 0xf9, 0x4f, 0xf9, 0x00, 0x00, 0x00,
    0x0c, 0xfd, 0x0e, 0xfc, 0x1f, 0xf9, 0x0a, 0xff, 0x30, 0x00, 0x00, 0x6f, 0xf5, 0x0e, 0xfc, 0x1f,
    0xf9, 0x02, 0xef, 0xb0, 0x00, 0x01, 0xef, 0xb0, 0x0e, 0xfc, 0x1f, 0xf9, 0x00, 0x7f, 0xf5, 0x00,
    0x08, 0xff, 0x20, 0x0e, 0xfc, 0x1f, 0xf9, 0x00, 0x0d, 0xfd, 0x00, 0x2f, 0xf8, 0x00, 0x0e, 0xfc,
    0x1f, 0xf9, 0x00, 0x04, 0xff, 0x70, 0xaf, 0xe1, 0x00, 0x0e, 0xfc, 0x1f, 0xf9, 0x00, 0x00, 0xaf,
    0xe6, 0xff, 0x60, 0x00, 0x0e, 0xfc, 0x1f, 0xf9, 0x00, 0x00, 0x2f, 0xff, 0xfc, 0x00, 0x00, 0x0e,
    0xfc, 0x1f, 0xf9, 0x00, 0x00, 0x08, 0xff, 0xf3, 0x00, 0x00, 0x0e, 0xfc, 0x1f, 0xf9, 0x00, 0x00,
    0x01, 0xdf, 0x90, 0x00, 0x00, 0x0e, 0xfc, 0x1f, 0xf9, 0x00, 0x00, 0x00, 0x49, 0x10, 0x00, 0x00,
    0x0e, 0xfc, 0x1f, 0xf9, 0x00, 0x00, 0x00, 0x00, 0x00, 0x00, 0x00, 0x0d, 0xfc, 0x1f, 0xf9, 0x00,
    0x00, 0x00, 0x00, 0x00, 0x00, 0x00, 0x0d, 0xfc, 0x1f, 0xf9, 0x00, 0x00, 0x00, 0x00, 0x00, 0x0f,
    0xfc, 0x1f, 0xff, 0x60, 0x00, 0x00, 0x00, 0x00, 0x0f, 0xfc, 0x1f, 0xff, 0xf3, 0x00, 0x00, 0x00,
    0x00, 0x0f, 0xfc, 0x1f, 0xff, 0xfd, 0x10, 0x00, 0x00, 0x00, 0x0f, 0xfc, 0x1f, 0xff, 0xff, 0xb0,
    0x00, 0x00, 0x00, 0x0f, 0xfc, 0x1f, 0xfc, 0xdf, 0xf8, 0x00, 0x00, 0x00, 0x0f, 0xfc, 0x1f, 0xfb,
    0x3f, 0xff, 0x50, 0x00, 0x00, 0x0f, 0xfc, 0x1f, 0xfb, 0x06, 0xff, 0xe3, 0x00, 0x00, 0x0f, 0xfc,
    0x1f, 0xfb, 0x00, 0x9f, 0xfd, 0x10, 0x00, 0x0f, 0xfc, 0x1f, 0xfb, 0x00, 0x0c, 0xff, 0xb0, 0x00,
    0x0f, 0xfc, 0x1f, 0xfb, 0x00, 0x02, 0xef, 0xf8, 0x00, 0x0f, 0xfc, 0x1f, 0xfb, 0x00, 0x00, 0x4f,
    0xff, 0x40, 0x0f, 0xfc, 0x1f, 0xfb, 0x00, 0x00, 0x07, 0xff, 0xe2, 0x0f, 0xfc, 0x1f, 0xfb, 0x00,
    0x00, 0x00, 0xaf, 0xfc, 0x1f, 0xfc, 0x1f, 0xfb, 0x00, 0x00, 0x00, 0x1c, 0xff, 0xaf, 0xfc, 0x1f,
    0xfb, 0x00, 0x00, 0x00, 0x02, 0xef, 0xff, 0xfc, 0x1f, 0xfb, 0x00, 0x00, 0x00, 0x00, 0x4f, 0xff,
    0xfc, 0x1f, 0xfb, 0x00, 0x00, 0x00, 0x00, 0x07, 0xff, 0xfc, 0x1f, 0xfb, 0x00, 0x00, 0x00, 0x00,
    0x00, 0xaf, 0xfc, 0x1f, 0xfb, 0x00, 0x00, 0x00, 0x00, 0x00, 0x1d, 0xfc, 0x00, 0x00, 0x00, 0x38,
    0xce, 0xfe, 0xda, 0x61, 0x00, 0x00, 0x00, 0x00, 0x00, 0x2b, 0xff, 0xff, 0xff, 0xff, 0xfe, 0x70,
    0x00, 0x00, 0x00, 0x05, 0xef, 0xff, 0xb8, 0x67, 0x9d, 0xff, 0xfb, 0x10, 0x00, 0x00, 0x4f, 0xff,
    0xa2, 0x00, 0x00, 0x00, 0x5e, 0xff, 0xc1, 0x00, 0x01, 0xef, 0xf6, 0x00, 0x00, 0x00, 0x00, 0x01,
    0xcf, 0xf9, 0x00, 0x09, 0xff, 0x90, 0x00, 0x00, 0x00, 0x00, 0x00, 0x2e, 0xff, 0x20, 0x1f, 0xfe,
    0x00, 0x00, 0x00, 0x00, 0x00, 0x00, 0x07, 0xff, 0x80, 0x5f, 0xf8, 0x00, 0x00, 0x00, 0x00, 0x00,
    0x00, 0x01, 0xff, 0xd0, 0x8f, 0xf5, 0x00, 0x00, 0x00, 0x00, 0x00, 0x00, 0x00, 0xcf, 0xf1, 0x9f,
    0xf3, 0x00, 0x00, 0x00, 0x00, 0x00, 0x00, 0x00, 0xaf, 0xf2, 0x9f, 0xf3, 0x00, 0x00, 0x00, 0x00,
    0x00, 0x00, 0x00, 0xaf, 0xf2, 0x8f, 0xf5, 0x00, 0x00, 0x00, 0x00, 0x00, 0x00, 0x00, 0xcf, 0xf1,
    0x5f, 0xf8, 0x00, 0x00, 0x00, 0x00, 0x00, 0x00, 0x01, 0xff, 0xd0, 0x1f, 0xfe, 0x00, 0x00, 0x00,
    0x00, 0x00, 0x00, 0x07, 0xff, 0x80, 0x09, 0xff, 0x90, 0x00, 0x00, 0x00, 0x00, 0x00, 0x2e, 0xff,
    0x20, 0x02, 0xef, 0xf6, 0x00, 0x00, 0x00, 0x00, 0x01, 0xcf, 0xf9, 0x00, 0x00, 0x4f, 0xff, 0x92,
    0x00, 0x00, 0x00, 0x5e, 0xff, 0xc1, 0x00, 0x00, 0x05, 0xef, 0xff, 0xb8, 0x67, 0x9d, 0xff, 0xfb,
    0x10, 0x00, 0x00, 0x00, 0x2b, 0xff, 0xff, 0xff, 0xff, 0xfe, 0x70, 0x00, 0x00, 0x00, 0x00, 0x00,
    0x38, 0xce, 0xfe, 0xda, 0x61, 0x00, 0x00, 0x00, 0x1f, 0xff, 0xff, 0xff, 0xfe, 0xda, 0x50, 0x00,
    0x01, 0xff, 0xff, 0xff, 0xff, 0xff, 0xff, 0xc3, 0x00, 0x1f, 0xfc, 0x55, 0x55, 0x66, 0x9e, 0xff,
    0xe3, 0x01, 0xff, 0xb0, 0x00, 0x00, 0x00, 0x09, 0xff, 0xd0, 0x1f, 0xfb, 0x00, 0x00, 0x00, 0x00,
    0x0a, 0xff, 0x51, 0xff, 0xb0, 0x00, 0x00, 0x00, 0x00, 0x4f, 0xf9, 0x1f, 0xfb, 0x00, 0x00, 0x00,
    0x00, 0x01, 0xff, 0xb1, 0xff, 0xb0, 0x00, 0x00, 0x00, 0x00, 0x1f, 0xfb, 0x1f, 0xfb, 0x00, 0x00,
    0x00, 0x00, 0x04, 0xff, 0x91, 0xff, 0xb0, 0x00, 0x00, 0x00, 0x00, 0xaf, 0xf5, 0x1f, 0xfb, 0x00,
    0x00, 0x00, 0x00, 0x8f, 0xfd, 0x01, 0xff, 0xc5, 0x55, 0x55, 0x69, 0xef, 0xfe, 0x30, 0x1f, 0xff,
    0xff, 0xff, 0xff, 0xff, 0xfd, 0x30, 0x01, 0xff, 0xff, 0xff, 0xff, 0xed, 0xa5, 0x00, 0x00, 0x1f,
    0xfb, 0x00, 0x00, 0x00, 0x00, 0x00, 0x00, 0x01, 0xff, 0xb0, 0x00, 0x00, 0x00, 0x00, 0x00, 0x00,
    0x1f, 0xfb, 0x00, 0x00, 0x00, 0x00, 0x00, 0x00, 0x01, 0xff, 0xb0, 0x00, 0x00, 0x00, 0x00, 0x00,
    0x00, 0x1f, 0xfb, 0x00, 0x00, 0x00, 0x00, 0x00, 0x00, 0x01, 0xff, 0xb0, 0x00, 0x00, 0x00, 0x00,
    0x00, 0x00, 0x00, 0x00, 0x00, 0x38, 0xce, 0xfe, 0xda, 0x61, 0x00, 0x00, 0x00, 0x00, 0x00, 0x02,
    0xbf, 0xff, 0xff, 0xff, 0xff, 0xe7, 0x00, 0x00, 0x00, 0x00, 0x04, 0xef, 0xff, 0xb8, 0x67, 0x9d,
    0xff, 0xfb, 0x10, 0x00, 0x00, 0x04, 0xff, 0xfa, 0x20, 0x00, 0x00, 0x05, 0xef, 0xfc, 0x00, 0x00,
    0x01, 0xef, 0xf6, 0x00, 0x00, 0x00, 0x00, 0x01, 0xcf, 0xf8, 0x00, 0x00, 0x9f, 0xf9, 0x00, 0x00,
    0x00, 0x00, 0x00, 0x02, 0xef, 0xf2, 0x00, 0x1f, 0xfe, 0x00, 0x00, 0x00, 0x00, 0x00, 0x00, 0x07,
    0xff, 0x80, 0x05, 0xff, 0x80, 0x00, 0x00, 0x00, 0x00, 0x00, 0x00, 0x1f, 0xfd, 0x00, 0x8f, 0xf5,
    0x00, 0x00, 0x00, 0x00, 0x00, 0x00, 0x00, 0xcf, 0xf1, 0x09, 0xff, 0x30, 0x00, 0x00, 0x00, 0x00,
    0x00, 0x00, 0x0a, 0xff, 0x20, 0x9f, 0xf3, 0x00, 0x00, 0x00, 0x00, 0x00, 0x00, 0x00, 0xaf, 0xf2,
    0x08, 0xff, 0x50, 0x00, 0x00, 0x00, 0x00, 0x00, 0x00, 0x0c, 0xff, 0x00, 0x6f, 0xf8, 0x00, 0x00,
    0x00, 0x00, 0x00, 0x00, 0x01, 0xff, 0xd0, 0x01, 0xff, 0xe0, 0x00, 0x00, 0x00, 0x00, 0x00, 0x00,
    0x7f, 0xf8, 0x00, 0x0a, 0xff, 0x90, 0x00, 0x00, 0x00, 0x00, 0x00, 0x2e, 0xff, 0x30, 0x00, 0x2e,
    0xff, 0x60, 0x00, 0x00, 0x00, 0x00, 0x1c, 0xff, 0x90, 0x00, 0x00, 0x5f, 0xff, 0x92, 0x00, 0x00,
    0x00, 0x5e, 0xff, 0xc1, 0x00, 0x00, 0x00, 0x6f, 0xff, 0xfb, 0x86, 0x79, 0xdf, 0xff, 0xc1, 0x00,
    0x00, 0x00, 0x00, 0x3d, 0xff, 0xff, 0xff, 0xff, 0xff, 0x80, 0x00, 0x00, 0x00, 0x00, 0x00, 0x05,
    0xad, 0xff, 0xff, 0xd7, 0x20, 0x00, 0x00, 0x00, 0x00, 0x00, 0x00, 0x00, 0x00, 0x7f, 0xfe, 0x50,
    0x00, 0x01, 0x93, 0x00, 0x00, 0x00, 0x00, 0x00, 0x00, 0x6f, 0xff, 0xb7, 0x68, 0xdf, 0xd0, 0x00,
    0x00, 0x00, 0x00, 0x00, 0x00, 0x4d, 0xff, 0xff, 0xff, 0xe5, 0x00, 0x00, 0x00, 0x00, 0x00, 0x00,
    0x00, 0x16, 0xbe, 0xfd, 0x81, 0x00, 0x1f, 0xff, 0xff, 0xff, 0xfe, 0xda, 0x50, 0x00, 0x00, 0x1f,
    0xff, 0xff, 0xff, 0xff, 0xff, 0xfc, 0x30, 0x00, 0x1f, 0xfc, 0x55, 0x55, 0x66, 0x9e, 0xff, 0xe3,
    0x00, 0x1f, 0xfb, 0x00, 0x00, 0x00, 0x00, 0x9f, 0xfd, 0x00, 0x1f, 0xfb, 0x00, 0x00, 0x00, 0x00,
    0x0a, 0xff, 0x50, 0x1f, 0xfb, 0x00, 0x00, 0x00, 0x00, 0x04, 0xff, 0x90, 0x1f, 0xfb, 0x00, 0x00,
    0x00, 0x00, 0x01, 0xff, 0xb0, 0x1f, 0xfb, 0x00, 0x00, 0x00, 0x00, 0x01, 0xff, 0xb0, 0x1f, 0xfb,
    0x00, 0x00, 0x00, 0x00, 0x04, 0xff, 0x90, 0x1f, 0xfb, 0x00, 0x00, 0x00, 0x00, 0x0b, 0xff, 0x60,
    0x1f, 0xfb, 0x00, 0x00, 0x00, 0x00, 0x9f, 0xfd, 0x10, 0x1f, 0xfc, 0x55, 0x55, 0x56, 0x9e, 0xff,
    0xe3, 0x00, 0x1f, 0xff, 0xff, 0xff, 0xff, 0xff, 0xfd, 0x30, 0x00, 0x1f, 0xff, 0xff, 0xff, 0xff,
    0xff, 0xb0, 0x00, 0x00, 0x1f, 0xfb, 0x00, 0x00, 0x00, 0xcf, 0xf4, 0x00, 0x00, 0x1f, 0xfb, 0x00,
    0x00, 0x00, 0x2e, 0xfd, 0x10, 0x00, 0x1f, 0xfb, 0x00, 0x00, 0x00, 0x06, 0xff, 0x90, 0x00, 0x1f,
    0xfb, 0x00, 0x00, 0x00, 0x00, 0xbf, 0xf5, 0x00, 0x1f, 0xfb, 0x00, 0x00, 0x00, 0x00, 0x1e, 0xfe,
    0x20, 0x1f, 0xfb, 0x00, 0x00, 0x00, 0x00, 0x05, 0xff, 0xb0, 0x00, 0x01, 0x6b, 0xde, 0xfe, 0xb8,
    0x30, 0x00, 0x00, 0x5e, 0xff, 0xff, 0xff, 0xff, 0xfc, 0x20, 0x04, 0xff, 0xfc, 0x86, 0x68, 0xbf,
    0xff, 0x20, 0x0d, 0xff, 0x50, 0x00, 0x00, 0x02, 0x8b, 0x00, 0x3f, 0xf9, 0x00, 0x00, 0x00, 0x00,
    0x00, 0x00, 0x5f, 0xf6, 0x00, 0x00, 0x00, 0x00, 0x00, 0x00, 0x4f, 0xfa, 0x00, 0x00, 0x00, 0x00,
    0x00, 0x00, 0x1e, 0xff, 0x81, 0x00, 0x00, 0x00, 0x00, 0x00, 0x06, 0xff, 0xfe, 0xa6, 0x20, 0x00,
    0x00, 0x00, 0x00, 0x6e, 0xff, 0xff, 0xfd, 0x94, 0x00, 0x00, 0x00, 0x01, 0x6b, 0xff, 0xff, 0xff,
    0xc3, 0x00, 0x00, 0x00, 0x00, 0x14, 0x8c, 0xff, 0xfe, 0x40, 0x00, 0x00, 0x00, 0x00, 0x00, 0x2b,
    0xff, 0xc0, 0x00, 0x00, 0x00, 0x00, 0x00, 0x00, 0xcf, 0xf1, 0x00, 0x00, 0x00, 0x00, 0x00, 0x00,
    0x8f, 0xf3, 0x05, 0x00, 0x00, 0x00, 0x00, 0x00, 0xaf, 0xf1, 0x5f, 0xa3, 0x00, 0x00, 0x00, 0x06,
    0xff, 0xb0, 0xaf, 0xff, 0xd9, 0x76, 0x68, 0xcf, 0xfe, 0x30, 0x07, 0xef, 0xff, 0xff, 0xff, 0xff,
    0xd4, 0x00, 0x00, 0x05, 0x9c, 0xef, 0xed, 0xa5, 0x00, 0x00, 0xdf, 0xff, 0xff, 0xff, 0xff, 0xff,
    0xff, 0xff, 0x5d, 0xff, 0xff, 0xff, 0xff, 0xff, 0xff, 0xff, 0xf5, 0x55, 0x55, 0x55, 0x7f, 0xfb,
    0x55, 0x55, 0x55, 0x20, 0x00, 0x00, 0x03, 0xff, 0x90, 0x00, 0x00, 0x00, 0x00, 0x00, 0x00, 0x3f,
    0xf9, 0x00, 0x00, 0x00, 0x00, 0x00, 0x00, 0x03, 0xff, 0x90, 0x00, 0x00, 0x00, 0x00, 0x00, 0x00,
    0x3f, 0xf9, 0x00, 0x00, 0x00, 0x00, 0x00, 0x00, 0x03, 0xff, 0x90, 0x00, 0x00, 0x00, 0x00, 0x00,
    0x00, 0x3f, 0xf9, 0x00, 0x00, 0x00, 0x00, 0x00, 0x00, 0x03, 0xff, 0x90, 0x00, 0x00, 0x00, 0x00,
    0x00, 0x00, 0x3f, 0xf9, 0x00, 0x00, 0x00, 0x00, 0x00, 0x00, 0x03, 0xff, 0x90, 0x00, 0x00, 0x00,
    0x00, 0x00, 0x00, 0x3f, 0xf9, 0x00, 0x00, 0x00, 0x00, 0x00, 0x00, 0x03, 0xff, 0x90, 0x00, 0x00,
    0x00, 0x00, 0x00, 0x00, 0x3f, 0xf9, 0x00, 0x00, 0x00, 0x00, 0x00, 0x00, 0x03, 0xff, 0x90, 0x00,
    0x00, 0x00, 0x00, 0x00, 0x00, 0x3f, 0xf9, 0x00, 0x00, 0x00, 0x00, 0x00, 0x00, 0x03, 0xff, 0x90,
    0x00, 0x00, 0x00, 0x00, 0x00, 0x00, 0x3f, 0xf9, 0x00, 0x00, 0x00, 0x00, 0x00, 0x00, 0x03, 0xff,
    0x90, 0x00, 0x00, 0x00, 0x4f, 0xf9, 0x00, 0x00, 0x00, 0x00, 0x00, 0x6f, 0xf5, 0x4f, 0xf9, 0x00,
    0x00, 0x00, 0x00, 0x00, 0x6f, 0xf5, 0x4f, 0xf9, 0x00, 0x00, 0x00, 0x00, 0x00, 0x6f, 0xf5, 0x4f,
    0xf9, 0x00, 0x00, 0x00, 0x00, 0x00, 0x6f, 0xf5, 0x4f, 0xf9, 0x00, 0x00, 0x00, 0x00, 0x00, 0x6f,
    0xf5, 0x4f, 0xf9, 0x00, 0x00, 0x00, 0x00, 0x00, 0x6f, 0xf5, 0x4f, 0xf9, 0x00, 0x00, 0x00, 0x00,
    0x00, 0x6f, 0xf5, 0x4f, 0xf9, 0x00, 0x00, 0x00, 0x00, 0x00, 0x6f, 0xf5, 0x4f, 0xf9, 0x00, 0x00,
    0x00, 0x00, 0x00, 0x6f, 0xf5, 0x4f, 0xf9, 0x00, 0x00, 0x00, 0x00, 0x00, 0x6f, 0xf5, 0x4f, 0xf9,
    0x00, 0x00, 0x00, 0x00, 0x00, 0x6f, 0xf5, 0x3f, 0xf9, 0x00, 0x00, 0x00, 0x00, 0x00, 0x6f, 0xf5,
    0x2f, 0xfa, 0x00, 0x00, 0x00, 0x00, 0x00, 0x7f, 0xf4, 0x1f, 0xfc, 0x00, 0x00, 0x00, 0x00, 0x00,
    0x9f, 0xf2, 0x0c, 0xff, 0x20, 0x00, 0x00, 0x00, 0x00, 0xdf, 0xe0, 0x07, 0xff, 0x90, 0x00, 0x00,
    0x00, 0x06, 0xff, 0x90, 0x01, 0xef, 0xf7, 0x00, 0x00, 0x00, 0x5f, 0xfe, 0x20, 0x00, 0x4f, 0xff,
    0xd8, 0x66, 0x8c, 0xff, 0xf5, 0x00, 0x00, 0x03, 0xdf, 0xff, 0xff, 0xff, 0xfe, 0x50, 0x00, 0x00,
    0x00, 0x06, 0xad, 0xef, 0xdb, 0x61, 0x00, 0x00, 0xcf, 0xf3, 0x00, 0x00, 0x00, 0x00, 0x00, 0x00,
    0x1f, 0xfb, 0x6f, 0xfa, 0x00, 0x00, 0x00, 0x00, 0x00, 0x00, 0x7f, 0xf5, 0x0e, 0xff, 0x10, 0x00,
    0x00, 0x00, 0x00, 0x00, 0xdf, 0xd0, 0x08, 0xff, 0x70, 0x00, 0x00, 0x00, 0x00, 0x05, 0xff, 0x70,
    0x02, 0xff, 0xe0, 0x00, 0x00, 0x00, 0x00, 0x0c, 0xfe, 0x10, 0x00, 0xaf, 0xf5, 0x00, 0x00, 0x00,
    0x00, 0x3f, 0xf9, 0x00, 0x00, 0x3f, 0xfc, 0x00, 0x00, 0x00, 0x00, 0xaf, 0xf3, 0x00, 0x00, 0x0c,
    0xff, 0x30, 0x00, 0x00, 0x01, 0xff, 0xb0, 0x00, 0x00, 0x06, 0xff, 0xa0, 0x00, 0x00, 0x08, 0xff,
    0x50, 0x00, 0x00, 0x00, 0xef, 0xf1, 0x00, 0x00, 0x0e, 0xfd, 0x00, 0x00, 0x00, 0x00, 0x8f, 0xf8,
    0x00, 0x00, 0x6f, 0xf7, 0x00, 0x00, 0x00, 0x00, 0x1f, 0xfe, 0x00, 0x00, 0xcf, 0xe1, 0x00, 0x00,
    0x00, 0x00, 0x0a, 0xff, 0x50, 0x04, 0xff, 0x90, 0x00, 0x00, 0x00, 0x00, 0x03, 0xff, 0xc0, 0x0a,
    0xff, 0x30, 0x00, 0x00, 0x00, 0x00, 0x00, 0xcf, 0xf3, 0x2f, 0xfb, 0x00, 0x00, 0x00, 0x00, 0x00,
    0x00, 0x5f, 0xfa, 0x8f, 0xf5, 0x00, 0x00, 0x00, 0x00, 0x00, 0x00, 0x0d, 0xff, 0xef, 0xd0, 0x00,
    0x00, 0x00, 0x00, 0x00, 0x00, 0x07, 0xff, 0xff, 0x70, 0x00, 0x00, 0x00, 0x00, 0x00, 0x00, 0x01,
    0xff, 0xfe, 0x10, 0x00, 0x00, 0x00, 0x00, 0x00, 0x00, 0x00, 0x9f, 0xf9, 0x00, 0x00, 0x00, 0x00,
    0x0e, 0xfe, 0x00, 0x00, 0x00, 0x00, 0x00, 0x9f, 0xf5, 0x00, 0x00, 0x00, 0x00, 0x03, 0xff, 0x70,
    0x9f, 0xf4, 0x00, 0x00, 0x00, 0x00, 0x0e, 0xff, 0xa0, 0x00, 0x00, 0x00, 0x00, 0x8f, 0xf2, 0x04,
    0xff, 0x90, 0x00, 0x00, 0x00, 0x04, 0xff, 0xfe, 0x10, 0x00, 0x00, 0x00, 0x0d, 0xfc, 0x00, 0x0e,
    0xfe, 0x00, 0x00, 0x00, 0x00, 0x9f, 0xff, 0xf5, 0x00, 0x00, 0x00, 0x03, 0xff, 0x70, 0x00, 0xaf,
    0xf4, 0x00, 0x00, 0x00, 0x0e, 0xfb, 0xff, 0xa0, 0x00, 0x00, 0x00, 0x8f, 0xf2, 0x00, 0x05, 0xff,
    0x90, 0x00, 0x00, 0x04, 0xff, 0x5b, 0xfe, 0x00, 0x00, 0x00, 0x0d, 0xfc, 0x00, 0x00, 0x0e, 0xfd,
    0x00, 0x00, 0x00, 0x9f, 0xe0, 0x6f, 0xf5, 0x00, 0x00, 0x03, 0xff, 0x70, 0x00, 0x00, 0xaf, 0xf3,
    0x00, 0x00, 0x0e, 0xfa, 0x01, 0xff, 0xa0, 0x00, 0x00, 0x8f, 0xf3, 0x00, 0x00, 0x05, 0xff, 0x80,
    0x00, 0x04, 0xff, 0x50, 0x0b, 0xfe, 0x00, 0x00, 0x0d, 0xfd, 0x00, 0x00, 0x00, 0x1e, 0xfd, 0x00,
    0x00, 0x9f, 0xe0, 0x00, 0x6f, 0xf5, 0x00, 0x03, 0xff, 0x80, 0x00, 0x00, 0x00, 0xaf, 0xf3, 0x00,
    0x0e, 0xfa, 0x00, 0x01, 0xff, 0x90, 0x00, 0x8f, 0xf3, 0x00, 0x00, 0x00, 0x05, 0xff, 0x80, 0x05,
    0xff, 0x40, 0x00, 0x0b, 0xfe, 0x00, 0x0d, 0xfd, 0x00, 0x00, 0x00, 0x00, 0x1e, 0xfd, 0x00, 0xaf,
    0xe0, 0x00, 0x00, 0x6f, 0xf4, 0x02, 0xff, 0x80, 0x00, 0x00, 0x00, 0x00, 0xaf, 0xf3, 0x0e, 0xf9,
    0x00, 0x00, 0x01, 0xff, 0x90, 0x7f, 0xf3, 0x00, 0x00, 0x00, 0x00, 0x05, 0xff, 0x85, 0xff, 0x40,
    0x00, 0x00, 0x0b, 0xfe, 0x0c, 0xfd, 0x00, 0x00, 0x00, 0x00, 0x00, 0x1f, 0xfc, 0xaf, 0xe0, 0x00,
    0x00, 0x00, 0x6f, 0xf6, 0xff, 0x80, 0x00, 0x00, 0x00, 0x00, 0x00, 0xbf, 0xff, 0xf9, 0x00, 0x00,
    0x00, 0x01, 0xff, 0xef, 0xf3, 0x00, 0x00, 0x00, 0x00, 0x00, 0x06, 0xff, 0xff, 0x40, 0x00, 0x00,
    0x00, 0x0b, 0xff, 0xfd, 0x00, 0x00, 0x00, 0x00, 0x00, 0x00, 0x1f, 0xff, 0xe0, 0x00, 0x00, 0x00,
    0x00, 0x5f, 0xff, 0x90, 0x00, 0x00, 0x00, 0x00, 0x00, 0x00, 0xbf, 0xf9, 0x00, 0x00, 0x00, 0x00,
    0x01, 0xff, 0xf4, 0x00, 0x00, 0x00, 0x0c, 0xff, 0x50, 0x00, 0x00, 0x00, 0x00, 0x6f, 0xf9, 0x00,
    0x2e, 0xfe, 0x20, 0x00, 0x00, 0x00, 0x2f, 0xfd, 0x10, 0x00, 0x6f, 0xfb, 0x00, 0x00, 0x00, 0x0c,
    0xff, 0x30, 0x00, 0x00, 0xbf, 0xf7, 0x00, 0x00, 0x08, 0xff, 0x70, 0x00, 0x00, 0x01, 0xef, 0xf3,
    0x00, 0x04, 0xff, 0xb0, 0x00, 0x00, 0x00, 0x05, 0xff, 0xd1, 0x01, 0xdf, 0xe2, 0x00, 0x00, 0x00,
    0x00, 0x09, 0xff, 0x90, 0xaf, 0xf5, 0x00, 0x00, 0x00, 0x00, 0x00, 0x1d, 0xff, 0x9f, 0xf9, 0x00,
    0x00, 0x00, 0x00, 0x00, 0x00, 0x3f, 0xff, 0xfd, 0x10, 0x00, 0x00, 0x00, 0x00, 0x00, 0x00, 0x8f,
    0xff, 0x40, 0x00, 0x00, 0x00, 0x00, 0x00, 0x00, 0x0b, 0xff, 0xfa, 0x00, 0x00, 0x00, 0x00, 0x00,
    0x00, 0x07, 0xff, 0xff, 0xf5, 0x00, 0x00, 0x00, 0x00, 0x00, 0x03, 0xff, 0xd3, 0xef, 0xe2, 0x00,
    0x00, 0x00, 0x00, 0x01, 0xdf, 0xf3, 0x06, 0xff, 0xc0, 0x00, 0x00, 0x00, 0x00, 0xaf, 0xf7, 0x00,
    0x0a, 0xff, 0x80, 0x00, 0x00, 0x00, 0x6f, 0xfb, 0x00, 0x00, 0x1d, 0xff, 0x40, 0x00, 0x00, 0x2e,
    0xfe, 0x20, 0x00, 0x00, 0x4f, 0xfd, 0x10, 0x00, 0x0c, 0xff, 0x50, 0x00, 0x00, 0x00, 0x8f, 0xfa,
    0x00, 0x08, 0xff, 0xa0, 0x00, 0x00, 0x00, 0x00, 0xcf, 0xf6, 0x04, 0xff, 0xd1, 0x00, 0x00, 0x00,
    0x00, 0x02, 0xef, 0xe2, 0x0c, 0xff, 0x30, 0x00, 0x00, 0x00, 0x00, 0x00, 0xcf, 0xd1, 0x03, 0xff,
    0xc0, 0x00, 0x00, 0x00, 0x00, 0x07, 0xff, 0x50, 0x00, 0x9f, 0xf6, 0x00, 0x00, 0x00, 0x00, 0x1e,
    0xfb, 0x00, 0x00, 0x1e, 0xfe, 0x10, 0x00, 0x00, 0x00, 0x9f, 0xf3, 0x00, 0x00, 0x06, 0xff, 0x80,
    0x00, 0x00, 0x03, 0xff, 0x80, 0x00, 0x00, 0x00, 0xcf, 0xf2, 0x00, 0x00, 0x0c, 0xfe, 0x10, 0x00,
    0x00, 0x00, 0x4f, 0xfb, 0x00, 0x00, 0x6f, 0xf6, 0x00, 0x00, 0x00, 0x00, 0x0a, 0xff, 0x50, 0x01,
    0xef, 0xc0, 0x00, 0x00, 0x00, 0x00, 0x01, 0xef, 0xd1, 0x09, 0xff, 0x30, 0x00, 0x00, 0x00, 0x00,
    0x00, 0x7f, 0xf8, 0x3f, 0xf9, 0x00, 0x00, 0x00, 0x00, 0x00, 0x00, 0x0d, 0xff, 0xcf, 0xe1, 0x00,
    0x00, 0x00, 0x00, 0x00, 0x00, 0x04, 0xff, 0xff, 0x60, 0x00, 0x00, 0x00, 0x00, 0x00, 0x00, 0x00,
    0xaf, 0xfc, 0x00, 0x00, 0x00, 0x00, 0x00, 0x00, 0x00, 0x00, 0x5f, 0xf7, 0x00, 0x00, 0x00, 0x00,
    0x00, 0x00, 0x00, 0x00, 0x5f, 0xf7, 0x00, 0x00, 0x00, 0x00, 0x00, 0x00, 0x00, 0x00, 0x5f, 0xf7,
    0x00, 0x00, 0x00, 0x00, 0x00, 0x00, 0x00, 0x00, 0x5f, 0xf7, 0x00, 0x00, 0x00, 0x00, 0x00, 0x00,
    0x00, 0x00, 0x5f, 0xf7, 0x00, 0x00, 0x00, 0x00, 0x00, 0x00, 0x00, 0x00, 0x5f, 0xf7, 0x00, 0x00,
    0x00, 0x00, 0x00, 0x00, 0x00, 0x00, 0x5f, 0xf7, 0x00, 0x00, 0x00, 0x00, 0x9f, 0xff, 0xff, 0xff,
    0xff, 0xff, 0xff, 0xff, 0x39, 0xff, 0xff, 0xff, 0xff, 0xff, 0xff, 0xff, 0xf3, 0x35, 0x55, 0x55,
    0x55, 0x55, 0x55, 0xcf, 0xfb, 0x00, 0x00, 0x00, 0x00, 0x00, 0x00, 0x5f, 0xfd, 0x10, 0x00, 0x00,
    0x00, 0x00, 0x00, 0x3e, 0xff, 0x30, 0x00, 0x00, 0x00, 0x00, 0x00, 0x1d, 0xff, 0x60, 0x00, 0x00,
    0x00, 0x00, 0x00, 0x0a, 0xff, 0x90, 0x00, 0x00, 0x00, 0x00, 0x00, 0x07, 0xff, 0xc0, 0x00, 0x00,
    0x00, 0x00, 0x00, 0x04, 0xff, 0xe2, 0x00, 0x00, 0x00, 0x00, 0x00, 0x02, 0xef, 0xf4, 0x00, 0x00,
    0x00, 0x00, 0x00, 0x00, 0xcf, 0xf7, 0x00, 0x00, 0x00, 0x00, 0x00, 0x00, 0x9f, 0xfb, 0x00, 0x00,
    0x00, 0x00, 0x00, 0x00, 0x5f, 0xfd, 0x10, 0x00, 0x00, 0x00, 0x00, 0x00, 0x3e, 0xff, 0x30, 0x00,
    0x00, 0x00, 0x00, 0x00, 0x1d, 0xff, 0x60, 0x00, 0x00, 0x00, 0x00, 0x00, 0x0a, 0xff, 0x90, 0x00,
    0x00, 0x00, 0x00, 0x00, 0x07, 0xff, 0xc0, 0x00, 0x00, 0x00, 0x00, 0x00, 0x04, 0xff, 0xf7, 0x55,
    0x55, 0x55, 0x55, 0x55, 0x53, 0xcf, 0xff, 0xff, 0xff, 0xff, 0xff, 0xff, 0xff, 0x9c, 0xff, 0xff,
    0xff, 0xff, 0xff, 0xff, 0xff, 0xf9, 0x1f, 0xff, 0xff, 0xc1, 0xff, 0xff, 0xfc, 0x1f, 0xfb, 0x55,
    0x41, 0xff, 0x90, 0x00, 0x1f, 0xf9, 0x00, 0x01, 0xff, 0x90, 0x00, 0x1f, 0xf9, 0x00, 0x01, 0xff,
    0x90, 0x00, 0x1f, 0xf9, 0x00, 0x01, 0xff, 0x90, 0x00, 0x1f, 0xf9, 0x00, 0x01, 0xff, 0x90, 0x00,
    0x1f, 0xf9, 0x00, 0x01, 0xff, 0x90, 0x00, 0x1f, 0xf9, 0x00, 0x01, 0xff, 0x90, 0x00, 0x1f, 0xf9,
    0x00, 0x01, 0xff, 0x90, 0x00, 0x1f, 0xf9, 0x00, 0x01, 0xff, 0x90, 0x00, 0x1f, 0xf9, 0x00, 0x01,
    0xff, 0x90, 0x00, 0x1f, 0xf9, 0x00, 0x01, 0xff, 0xb5, 0x54, 0x1f, 0xff, 0xff, 0xc1, 0xff, 0xff,
    0xfc, 0x07, 0x83, 0x00, 0x00, 0x00, 0x00, 0x00, 0xbf, 0xb0, 0x00, 0x00, 0x00, 0x00, 0x06, 0xff,
    0x10, 0x00, 0x00, 0x00, 0x00, 0x1f, 0xf6, 0x00, 0x00, 0x00, 0x00, 0x00, 0xaf, 0xc0, 0x00, 0x00,
    0x00, 0x00, 0x05, 0xff, 0x20, 0x00, 0x00, 0x00, 0x00, 0x0e, 0xf7, 0x00, 0x00, 0x00, 0x00, 0x00,
    0x9f, 0xc0, 0x00, 0x00, 0x00, 0x00, 0x04, 0xff, 0x20, 0x00, 0x00, 0x00, 0x00, 0x0e, 0xf8, 0x00,
    0x00, 0x00, 0x00, 0x00, 0x9f, 0xd0, 0x00, 0x00, 0x00, 0x00, 0x03, 0xff, 0x30, 0x00, 0x00, 0x00,
    0x00, 0x0d, 0xf8, 0x00, 0x00, 0x00, 0x00, 0x00, 0x8f, 0xd0, 0x00, 0x00, 0x00, 0x00, 0x03, 0xff,
    0x40, 0x00, 0x00, 0x00, 0x00, 0x0d, 0xf9, 0x00, 0x00, 0x00, 0x00, 0x00, 0x7f, 0xe0, 0x00, 0x00,
    0x00, 0x00, 0x02, 0xff, 0x40, 0x00, 0x00, 0x00, 0x00, 0x0c, 0xfa, 0x00, 0x00, 0x00, 0x00, 0x00,
    0x7f, 0xe1, 0x00, 0x00, 0x00, 0x00, 0x02, 0xff, 0x50, 0x00, 0x00, 0x00, 0x00, 0x0b, 0xfa, 0x00,
    0x00, 0x00, 0x00, 0x00, 0x6f, 0xf1, 0x00, 0x00, 0x00, 0x00, 0x01, 0xff, 0x60, 0x00, 0x00, 0x00,
    0x00, 0x0b, 0xfb, 0x00, 0x00, 0x00, 0x00, 0x00, 0x5f, 0xf1, 0x00, 0x00, 0x00, 0x00, 0x01, 0xef,
    0x70, 0x7f, 0xff, 0xff, 0x67, 0xff, 0xff, 0xf6, 0x35, 0x58, 0xff, 0x60, 0x00, 0x4f, 0xf6, 0x00,
    0x04, 0xff, 0x60, 0x00, 0x4f, 0xf6, 0x00, 0x04, 0xff, 0x60, 0x00, 0x4f, 0xf6, 0x00, 0x04, 0xff,
    0x60, 0x00, 0x4f, 0xf6, 0x00, 0x04, 0xff, 0x60, 0x00, 0x4f, 0xf6, 0x00, 0x04, 0xff, 0x60, 0x00,
    0x4f, 0xf6, 0x00, 0x04, 0xff, 0x60, 0x00, 0x4f, 0xf6, 0x00, 0x04, 0xff, 0x60, 0x00, 0x4f, 0xf6,
    0x00, 0x04, 0xff, 0x60, 0x00, 0x4f, 0xf6, 0x00, 0x04, 0xff, 0x60, 0x00, 0x4f, 0xf6, 0x00, 0x04,
    0xff, 0x63, 0x55, 0x8f, 0xf6, 0x7f, 0xff, 0xff, 0x67, 0xff, 0xff, 0xf6, 0x00, 0x00, 0x07, 0x83,
    0x00, 0x00, 0x00, 0x00, 0x06, 0xff, 0xb0, 0x00, 0x00, 0x00, 0x00, 0xcf, 0xef, 0x20, 0x00, 0x00,
    0x00, 0x4f, 0xc8, 0xf9, 0x00, 0x00, 0x00, 0x0a, 0xf6, 0x1f, 0xe1, 0x00, 0x00, 0x02, 0xfe, 0x10,
    0xaf, 0x70, 0x00, 0x00, 0x8f, 0x90, 0x04, 0xfd, 0x00, 0x00, 0x1e, 0xf2, 0x00, 0x0c, 0xf4, 0x00,
    0x06, 0xfb, 0x00, 0x00, 0x6f, 0xb0, 0x00, 0xcf, 0x50, 0x00, 0x01, 0xef, 0x20, 0x4f, 0xd0, 0x00,
    0x00, 0x09, 0xf9, 0x0a, 0xf7, 0x00, 0x00, 0x00, 0x2f, 0xe1, 0xdd, 0xdd, 0xdd, 0xdd, 0xdd, 0xdd,
    0xdd, 0xff, 0xff, 0xff, 0xff, 0xff, 0xff, 0xff, 0x38, 0x87, 0x00, 0x00, 0x06, 0xff, 0xb1, 0x00,
    0x00, 0x3d, 0xfc, 0x10, 0x00, 0x01, 0xaf, 0xd2, 0x00, 0x17, 0xbd, 0xfe, 0xda, 0x40, 0x00, 0x08,
    0xff, 0xff, 0xff, 0xff, 0xf9, 0x00, 0x0c, 0xfe, 0xa7, 0x67, 0xaf, 0xff, 0x60, 0x04, 0x71, 0x00,
    0x00, 0x03, 0xef, 0xe0, 0x00, 0x00, 0x00, 0x00, 0x00, 0x8f, 0xf2, 0x00, 0x00, 0x00, 0x00, 0x00,
    0x6f, 0xf4, 0x00, 0x39, 0xde, 0xff, 0xff, 0xff, 0xf5, 0x06, 0xff, 0xff, 0xff, 0xff, 0xff, 0xf5,
    0x2f, 0xff, 0xa7, 0x65, 0x55, 0x9f, 0xf5, 0x7f, 0xf6, 0x00, 0x00, 0x00, 0x6f, 0xf5, 0x9f, 0xf2,
    0x00, 0x00, 0x00, 0x8f, 0xf5, 0x7f, 0xf7, 0x00, 0x00, 0x06, 0xff, 0xf5, 0x2f, 0xff, 0xa7, 0x67,
    0xcf, 0xef, 0xf5, 0x06, 0xff, 0xff, 0xff, 0xfd, 0x5f, 0xf5, 0x00, 0x39, 0xdf, 0xec, 0x81, 0x4f,
    0xf5, 0x7f, 0xf4, 0x00, 0x00, 0x00, 0x00, 0x00, 0x00, 0x7f, 0xf4, 0x00, 0x00, 0x00, 0x00, 0x00,
    0x00, 0x7f, 0xf4, 0x00, 0x00, 0x00, 0x00, 0x00, 0x00, 0x7f, 0xf4, 0x00, 0x00, 0x00, 0x00, 0x00,
    0x00, 0x7f, 0xf4, 0x00, 0x00, 0x00, 0x00, 0x00, 0x00, 0x7f, 0xf4, 0x00, 0x00, 0x00, 0x00, 0x00,
    0x00, 0x7f, 0xf4, 0x06, 0xbe, 0xfd, 0xb5, 0x00, 0x00, 0x7f, 0xf5, 0xcf, 0xff, 0xff, 0xff, 0xd3,
    0x00, 0x7f, 0xfe, 0xff, 0xa7, 0x68, 0xdf, 0xfe, 0x20, 0x7f, 0xff, 0xd2, 0x00, 0x00, 0x09, 0xff,
    0xd0, 0x7f, 0xfe, 0x20, 0x00, 0x00, 0x00, 0xaf, 0xf5, 0x7f, 0xf9, 0x00, 0x00, 0x00, 0x00, 0x3f,
    0xfa, 0x7f, 0xf5, 0x00, 0x00, 0x00, 0x00, 0x0e, 0xfc, 0x7f, 0xf3, 0x00, 0x00, 0x00, 0x00, 0x0c,
    0xfd, 0x7f, 0xf5, 0x00, 0x00, 0x00, 0x00, 0x0e, 0xfc, 0x7f, 0xf9, 0x00, 0x00, 0x00, 0x00, 0x3f,
    0xfa, 0x7f, 0xfe, 0x20, 0x00, 0x00, 0x00, 0xbf, 0xf5, 0x7f, 0xff, 0xd2, 0x00, 0x00, 0x09, 0xff,
    0xd0, 0x7f, 0xfd, 0xff, 0xa7, 0x68, 0xdf, 0xfe, 0x20, 0x7f, 0xf3, 0xcf, 0xff, 0xff, 0xff, 0xd3,
    0x00, 0x7f, 0xf2, 0x06, 0xbe, 0xfd, 0xb5, 0x10, 0x00, 0x00, 0x00, 0x49, 0xce, 0xed, 0x93, 0x00,
    0x00, 0x1b, 0xff, 0xff, 0xff, 0xff, 0x80, 0x01, 0xdf, 0xfe, 0x96, 0x69, 0xef, 0xf8, 0x0b, 0xff,
    0xa1, 0x00, 0x00, 0x2c, 0xf8, 0x3f, 0xfb, 0x00, 0x00, 0x00, 0x01, 0x30, 0x8f, 0xf4, 0x00, 0x00,
    0x00, 0x00, 0x00, 0xbf, 0xf0, 0x00, 0x00, 0x00, 0x00, 0x00, 0xcf, 0xe0, 0x00, 0x00, 0x00, 0x00,
    0x00, 0xbf, 0xf0, 0x00, 0x00, 0x00, 0x00, 0x00, 0x8f, 0xf4, 0x00, 0x00, 0x00, 0x00, 0x00, 0x3f,
    0xfb, 0x00, 0x00, 0x00, 0x01, 0x30, 0x0a, 0xff, 0xa1, 0x00, 0x00, 0x1c, 0xf8, 0x01, 0xdf, 0xfe,
    0x96, 0x69, 0xef, 0xf8, 0x00, 0x1a, 0xff, 0xff, 0xff, 0xff, 0x80, 0x00, 0x00, 0x49, 0xce, 0xed,
    0x93, 0x00, 0x00, 0x00, 0x00, 0x00, 0x00, 0x00, 0x2f, 0xf8, 0x00, 0x00, 0x00, 0x00, 0x00, 0x00,
    0x2f, 0xf8, 0x00, 0x00, 0x00, 0x00, 0x00, 0x00, 0x2f, 0xf8, 0x00, 0x00, 0x00, 0x00, 0x00, 0x00,
    0x2f, 0xf8, 0x00, 0x00, 0x00, 0x00, 0x00, 0x00, 0x2f, 0xf8, 0x00, 0x00, 0x00, 0x00, 0x00, 0x00,
    0x2f, 0xf8, 0x00, 0x00, 0x5a, 0xdf, 0xeb, 0x60, 0x2f, 0xf8, 0x00, 0x2c, 0xff, 0xff, 0xff, 0xfd,
    0x4f, 0xf8, 0x02, 0xef, 0xfe, 0x86, 0x6a, 0xef, 0xef, 0xf8, 0x0c, 0xff, 0xa1, 0x00, 0x00, 0x2c,
    0xff, 0xf8, 0x3f, 0xfb, 0x00, 0x00, 0x00, 0x01, 0xef, 0xf8, 0x9f, 0xf4, 0x00, 0x00, 0x00, 0x00,
    0x7f, 0xf8, 0xbf, 0xf0, 0x00, 0x00, 0x00, 0x00, 0x3f, 0xf8, 0xcf, 0xe0, 0x00, 0x00, 0x00, 0x00,
    0x2f, 0xf8, 0xbf, 0xf0, 0x00, 0x00, 0x00, 0x00, 0x3f, 0xf8, 0x9f, 0xf4, 0x00, 0x00, 0x00, 0x00,
    0x8f, 0xf8, 0x3f, 0xfc, 0x00, 0x00, 0x00, 0x01, 0xef, 0xf8, 0x0b, 0xff, 0xa1, 0x00, 0x00, 0x2c,
    0xff, 0xf8, 0x02, 0xef, 0xfe, 0x86, 0x69, 0xef, 0xdf, 0xf8, 0x00, 0x2c, 0xff, 0xff, 0xff, 0xfc,
    0x2f, 0xf8, 0x00, 0x00, 0x5a, 0xdf, 0xeb, 0x60, 0x0f, 0xf8, 0x00, 0x00, 0x5a, 0xdf, 0xdb, 0x61,
    0x00, 0x00, 0x02, 0xcf, 0xff, 0xff, 0xff, 0xd3, 0x00, 0x01, 0xef, 0xfb, 0x76, 0x7a, 0xff, 0xf3,
    0x00, 0xbf, 0xe5, 0x00, 0x00, 0x03, 0xdf, 0xd0, 0x3f, 0xf6, 0x00, 0x00, 0x00, 0x03, 0xff, 0x58,
    0xfe, 0x00, 0x00, 0x00, 0x00, 0x0b, 0xfa, 0xbf, 0xff, 0xff, 0xff, 0xff, 0xff, 0xff, 0xdc, 0xff,
    0xff, 0xff, 0xff, 0xff, 0xff, 0xfe, 0xbf, 0xe5, 0x55, 0x55, 0x55, 0x55, 0x55, 0x58, 0xff, 0x20,
    0x00, 0x00, 0x00, 0x00, 0x00, 0x3f, 0xfa, 0x00, 0x00, 0x00, 0x00, 0x00, 0x00, 0xbf, 0xf9, 0x10,
    0x00, 0x00, 0x4d, 0x20, 0x01, 0xdf, 0xfe, 0x96, 0x67, 0xcf, 0xfc, 0x00, 0x01, 0xbf, 0xff, 0xff,
    0xff, 0xfc, 0x20, 0x00, 0x00, 0x49, 0xce, 0xfd, 0xa5, 0x00, 0x00, 0x00, 0x00, 0x18, 0xdf, 0xeb,
    0x40, 0x00, 0x1d, 0xff, 0xff, 0xfa, 0x00, 0x09, 0xff, 0xc6, 0x7b, 0x40, 0x00, 0xef, 0xd0, 0x00,
    0x00, 0x00, 0x1f, 0xf9, 0x00, 0x00, 0x00, 0x01, 0xff, 0x90, 0x00, 0x00, 0x9f, 0xff, 0xff, 0xff,
    0xfd, 0x09, 0xff, 0xff, 0xff, 0xff, 0xd0, 0x35, 0x6f, 0xfb, 0x55, 0x55, 0x00, 0x01, 0xff, 0x90,
    0x00, 0x00, 0x00, 0x1f, 0xf9, 0x00, 0x00, 0x00, 0x01, 0xff, 0x90, 0x00, 0x00, 0x00, 0x1f, 0xf9,
    0x00, 0x00, 0x00, 0x01, 0xff, 0x90, 0x00, 0x00, 0x00, 0x1f, 0xf9, 0x00, 0x00, 0x00, 0x01, 0xff,
    0x90, 0x00, 0x00, 0x00, 0x1f, 0xf9, 0x00, 0x00, 0x00, 0x01, 0xff, 0x90, 0x00, 0x00, 0x00, 0x1f,
    0xf9, 0x00, 0x00, 0x00, 0x01, 0xff, 0x90, 0x00, 0x00, 0x00, 0x1f, 0xf9, 0x00, 0x00, 0x00, 0x00,
    0x00, 0x5b, 0xdf, 0xec, 0x71, 0x0c, 0xfb, 0x00, 0x3d, 0xff, 0xff, 0xff, 0xfe, 0x4c, 0xfb, 0x03,
    0xef, 0xfd, 0x86, 0x68, 0xdf, 0xee, 0xfb, 0x0d, 0xff, 0x80, 0x00, 0x00, 0x08, 0xff, 0xfb, 0x5f,
    0xf9, 0x00, 0x00, 0x00, 0x00, 0x9f, 0xfb, 0xaf, 0xf2, 0x00, 0x00, 0x00, 0x00, 0x2f, 0xfb, 0xcf,
    0xe0, 0x00, 0x00, 0x00, 0x00, 0x0e, 0xfb, 0xbf, 0xe0, 0x00, 0x00, 0x00, 0x00, 0x0e, 0xfb, 0xaf,
    0xf3, 0x00, 0x00, 0x00, 0x00, 0x3f, 0xfb, 0x5f, 0xfa, 0x00, 0x00, 0x00, 0x00, 0xaf, 0xfb, 0x0d,
    0xff, 0x90, 0x00, 0x00, 0x09, 0xff, 0xfb, 0x03, 0xef, 0xfd, 0x86, 0x68, 0xdf, 0xff, 0xfb, 0x00,
    0x3c, 0xff, 0xff, 0xff, 0xfe, 0x4e, 0xfb, 0x00, 0x00, 0x5b, 0xdf, 0xec, 0x71, 0x0f, 0xfa, 0x00,
    0x00, 0x00, 0x00, 0x00, 0x00, 0x2f, 0xf9, 0x00, 0x00, 0x00, 0x00, 0x00, 0x00, 0x8f, 0xf5, 0x03,
    0xe6, 0x10, 0x00, 0x00, 0x05, 0xff, 0xe1, 0x0c, 0xff, 0xea, 0x76, 0x68, 0xcf, 0xff, 0x60, 0x03,
    0xcf, 0xff, 0xff, 0xff, 0xff, 0xf6, 0x00, 0x00, 0x03, 0x8b, 0xdf, 0xfe, 0xb7, 0x10, 0x00, 0x7f,
    0xf4, 0x00, 0x00, 0x00, 0x00, 0x00, 0x07, 0xff, 0x40, 0x00, 0x00, 0x00, 0x00, 0x00, 0x7f, 0xf4,
    0x00, 0x00, 0x00, 0x00, 0x00, 0x07, 0xff, 0x40, 0x00, 0x00, 0x00, 0x00, 0x00, 0x7f, 0xf4, 0x00,
    0x00, 0x00, 0x00, 0x00, 0x07, 0xff, 0x40, 0x00, 0x00, 0x00, 0x00, 0x00, 0x7f, 0xf4, 0x06, 0xbe,
    0xfe, 0xb5, 0x00, 0x07, 0xff, 0x6d, 0xff, 0xff, 0xff, 0xfb, 0x10, 0x7f, 0xff, 0xfd, 0x86, 0x69,
    0xff, 0xf9, 0x07, 0xff, 0xfa, 0x00, 0x00, 0x03, 0xef, 0xf2, 0x7f, 0xfd, 0x00, 0x00, 0x00, 0x07,
    0xff, 0x67, 0xff, 0x70, 0x00, 0x00, 0x00, 0x3f, 0xf8, 0x7f, 0xf4, 0x00, 0x00, 0x00, 0x01, 0xff,
    0x97, 0xff, 0x40, 0x00, 0x00, 0x00, 0x1f, 0xf9, 0x7f, 0xf4, 0x00, 0x00, 0x00, 0x01, 0xff, 0x97,
    0xff, 0x40, 0x00, 0x00, 0x00, 0x1f, 0xf9, 0x7f, 0xf4, 0x00, 0x00, 0x00, 0x01, 0xff, 0x97, 0xff,
    0x40, 0x00, 0x00, 0x00, 0x1f, 0xf9, 0x7f, 0xf4, 0x00, 0x00, 0x00, 0x01, 0xff, 0x97, 0xff, 0x40,
    0x00, 0x00, 0x00, 0x1f, 0xf9, 0x7f, 0xf4, 0x00, 0x00, 0x00, 0x01, 0xff, 0x90, 0x6e, 0xd4, 0xdf,
    0xfa, 0x6e, 0xd4, 0x00, 0x00, 0x00, 0x00, 0x00, 0x00, 0x7f, 0xf4, 0x7f, 0xf4, 0x7f, 0xf4, 0x7f,
    0xf4, 0x7f, 0xf4, 0x7f, 0xf4, 0x7f, 0xf4, 0x7f, 0xf4, 0x7f, 0xf4, 0x7f, 0xf4, 0x7f, 0xf4, 0x7f,
    0xf4, 0x7f, 0xf4, 0x7f, 0xf4, 0x7f, 0xf4, 0x00, 0x00, 0x04, 0xde, 0x50, 0x00, 0x00, 0xbf, 0xfc,
    0x00, 0x00, 0x05, 0xee, 0x50, 0x00, 0x00, 0x00, 0x00, 0x00, 0x00, 0x00, 0x00, 0x00, 0x00, 0x00,
    0x00, 0x00, 0x00, 0x00, 0x05, 0xff, 0x60, 0x00, 0x00, 0x5f, 0xf6, 0x00, 0x00, 0x05, 0xff, 0x60,
    0x00, 0x00, 0x5f, 0xf6, 0x00, 0x00, 0x05, 0xff, 0x60, 0x00, 0x00, 0x5f, 0xf6, 0x00, 0x00, 0x05,
    0xff, 0x60, 0x00, 0x00, 0x5f, 0xf6, 0x00, 0x00, 0x05, 0xff, 0x60, 0x00, 0x00, 0x5f, 0xf6, 0x00,
    0x00, 0x05, 0xff, 0x60, 0x00, 0x00, 0x5f, 0xf6, 0x00, 0x00, 0x05, 0xff, 0x60, 0x00, 0x00, 0x5f,
    0xf6, 0x00, 0x00, 0x05, 0xff, 0x60, 0x00, 0x00, 0x5f, 0xf5, 0x00, 0x00, 0x09, 0xff, 0x30, 0xb6,
    0x58, 0xff, 0xd0, 0x5f, 0xff, 0xff, 0xf5, 0x03, 0xad, 0xfe, 0xb3, 0x00, 0x7f, 0xf4, 0x00, 0x00,
    0x00, 0x00, 0x00, 0x00, 0x7f, 0xf4, 0x00, 0x00, 0x00, 0x00, 0x00, 0x00, 0x7f, 0xf4, 0x00, 0x00,
    0x00, 0x00, 0x00, 0x00, 0x7f, 0xf4, 0x00, 0x00, 0x00, 0x00, 0x00, 0x00, 0x7f, 0xf4, 0x00, 0x00,
    0x00, 0x00, 0x00, 0x00, 0x7f, 0xf4, 0x00, 0x00, 0x00, 0x00, 0x00, 0x00, 0x7f, 0xf4, 0x00, 0x00,
    0x00, 0x4e, 0xfe, 0x30, 0x7f, 0xf4, 0x00, 0x00, 0x05, 0xff, 0xe3, 0x00, 0x7f, 0xf4, 0x00, 0x00,
    0x6f, 0xfe, 0x30, 0x00, 0x7f, 0xf4, 0x00, 0x06, 0xff, 0xe3, 0x00, 0x00, 0x7f, 0xf4, 0x00, 0x7f,
    0xfe, 0x30, 0x00, 0x00, 0x7f, 0xf4, 0x08, 0xff, 0xe3, 0x00, 0x00, 0x00, 0x7f, 0xf4, 0x9f, 0xff,
    0x80, 0x00, 0x00, 0x00, 0x7f, 0xfd, 0xff, 0xff, 0xf4, 0x00, 0x00, 0x00, 0x7f, 0xff, 0xfc, 0x6f,
    0xfe, 0x20, 0x00, 0x00, 0x7f, 0xff, 0xb1, 0x08, 0xff, 0xc1, 0x00, 0x00, 0x7f, 0xfa, 0x00, 0x00,
    0xbf, 0xfa, 0x00, 0x00, 0x7f, 0xf4, 0x00, 0x00, 0x1d, 0xff, 0x60, 0x00, 0x7f, 0xf4, 0x00, 0x00,
    0x03, 0xef, 0xf4, 0x00, 0x7f, 0xf4, 0x00, 0x00, 0x00, 0x5f, 0xfe, 0x10, 0x7f, 0xf4, 0x00, 0x00,
    0x00, 0x08, 0xff, 0xc0, 0x7f, 0xf4, 0x7f, 0xf4, 0x7f, 0xf4, 0x7f, 0xf4, 0x7f, 0xf4, 0x7f, 0xf4,
    0x7f, 0xf4, 0x7f, 0xf4, 0x7f, 0xf4, 0x7f, 0xf4, 0x7f, 0xf4, 0x7f, 0xf4, 0x7f, 0xf4, 0x7f, 0xf4,
    0x7f, 0xf4, 0x7f, 0xf4, 0x7f, 0xf4, 0x7f, 0xf4, 0x7f, 0xf4, 0x7f, 0xf4, 0x7f, 0xf4, 0x7f, 0xf2,
    0x17, 0xce, 0xfd, 0x93, 0x00, 0x02, 0x8c, 0xef, 0xd9, 0x20, 0x00, 0x7f, 0xf5, 0xdf, 0xff, 0xff,
    0xff, 0x60, 0x6e, 0xff, 0xff, 0xff, 0xf6, 0x00, 0x7f, 0xfe, 0xfd, 0x86, 0x7b, 0xff, 0xf8, 0xff,
    0xd8, 0x67, 0xbf, 0xff, 0x30, 0x7f, 0xff, 0x90, 0x00, 0x00, 0x7f, 0xff, 0xf9, 0x00, 0x00, 0x08,
    0xff, 0xa0, 0x7f, 0xfd, 0x00, 0x00, 0x00, 0x0d, 0xff, 0xc0, 0x00, 0x00, 0x00, 0xdf, 0xe0, 0x7f,
    0xf7, 0x00, 0x00, 0x00, 0x09, 0xff, 0x70, 0x00, 0x00, 0x00, 0x9f, 0xf2, 0x7f, 0xf4, 0x00, 0x00,
    0x00, 0x07, 0xff, 0x40, 0x00, 0x00, 0x00, 0x8f, 0xf3, 0x7f, 0xf4, 0x00, 0x00, 0x00, 0x07, 0xff,
    0x30, 0x00, 0x00, 0x00, 0x8f, 0xf3, 0x7f, 0xf4, 0x00, 0x00, 0x00, 0x07, 0xff, 0x30, 0x00, 0x00,
    0x00, 0x8f, 0xf3, 0x7f, 0xf4, 0x00, 0x00, 0x00, 0x07, 0xff, 0x30, 0x00, 0x00, 0x00, 0x8f, 0xf3,
    0x7f, 0xf4, 0x00, 0x00, 0x00, 0x07, 0xff, 0x30, 0x00, 0x00, 0x00, 0x8f, 0xf3, 0x7f, 0xf4, 0x00,
    0x00, 0x00, 0x07, 0xff, 0x30, 0x00, 0x00, 0x00, 0x8f, 0xf3, 0x7f, 0xf4, 0x00, 0x00, 0x00, 0x07,
    0xff, 0x30, 0x00, 0x00, 0x00, 0x8f, 0xf3, 0x7f, 0xf4, 0x00, 0x00, 0x00, 0x07, 0xff, 0x30, 0x00,
    0x00, 0x00, 0x8f, 0xf3, 0x7f, 0xf4, 0x00, 0x00, 0x00, 0x07, 0xff, 0x30, 0x00, 0x00, 0x00, 0x8f,
    0xf3, 0x7f, 0xf2, 0x07, 0xbe, 0xfe, 0xb5, 0x00, 0x07, 0xff, 0x4d, 0xff, 0xff, 0xff, 0xfb, 0x10,
    0x7f, 0xfe, 0xfd, 0x86, 0x69, 0xff, 0xf9, 0x07, 0xff, 0xfa, 0x00, 0x00, 0x03, 0xef, 0xf2, 0x7f,
    0xfd, 0x00, 0x00, 0x00, 0x07, 0xff, 0x67, 0xff, 0x70, 0x00, 0x00, 0x00, 0x3f, 0xf8, 0x7f, 0xf4,
    0x00, 0x00, 0x00, 0x01, 0xff, 0x97, 0xff, 0x40, 0x00, 0x00, 0x00, 0x1f, 0xf9, 0x7f, 0xf4, 0x00,
    0x00, 0x00, 0x01, 0xff, 0x97, 0xff, 0x40, 0x00, 0x00, 0x00, 0x1f, 0xf9, 0x7f, 0xf4, 0x00, 0x00,
    0x00, 0x01, 0xff, 0x97, 0xff, 0x40, 0x00, 0x00, 0x00, 0x1f, 0xf9, 0x7f, 0xf4, 0x00, 0x00, 0x00,
    0x01, 0xff, 0x97, 0xff, 0x40, 0x00, 0x00, 0x00, 0x1f, 0xf9, 0x7f, 0xf4, 0x00, 0x00, 0x00, 0x01,
    0xff, 0x90, 0x00, 0x00, 0x4a, 0xde, 0xec, 0x93, 0x00, 0x00, 0x00, 0x1b, 0xff, 0xff, 0xff, 0xff,
    0x90, 0x00, 0x01, 0xdf, 0xfe, 0x86, 0x69, 0xef, 0xfb, 0x00, 0x0b, 0xff, 0xa1, 0x00, 0x00, 0x2c,
    0xff, 0x70, 0x3f, 0xfb, 0x00, 0x00, 0x00, 0x01, 0xef, 0xe1, 0x8f, 0xf4, 0x00, 0x00, 0x00, 0x00,
    0x7f, 0xf5, 0xbf, 0xf0, 0x00, 0x00, 0x00, 0x00, 0x3f, 0xf7, 0xcf, 0xe0, 0x00, 0x00, 0x00, 0x00,
    0x2f, 0xf9, 0xbf, 0xf0, 0x00, 0x00, 0x00, 0x00, 0x3f, 0xf7, 0x8f, 0xf4, 0x00, 0x00, 0x00, 0x00,
    0x8f, 0xf5, 0x3f, 0xfc, 0x00, 0x00, 0x00, 0x01, 0xef, 0xe0, 0x0b, 0xff, 0xa1, 0x00, 0x00, 0x2c,
    0xff, 0x70, 0x01, 0xdf, 0xfe, 0x86, 0x69, 0xef, 0xfb, 0x00, 0x00, 0x1b, 0xff, 0xff, 0xff, 0xff,
    0x80, 0x00, 0x00, 0x00, 0x4a, 0xde, 0xec, 0x83, 0x00, 0x00, 0x7f, 0xf2, 0x06, 0xbe, 0xfd, 0xb5,
    0x00, 0x00, 0x7f, 0xf3, 0xcf, 0xff, 0xff, 0xff, 0xd3, 0x00, 0x7f, 0xfd, 0xff, 0xa7, 0x68, 0xdf,
    0xfe, 0x20, 0x7f, 0xff, 0xd3, 0x00, 0x00, 0x09, 0xff, 0xd0, 0x7f, 0xfe, 0x20, 0x00, 0x00, 0x00,
    0xaf, 0xf5, 0x7f, 0xf9, 0x00, 0x00, 0x00, 0x00, 0x3f, 0xfa, 0x7f, 0xf5, 0x00, 0x00, 0x00, 0x00,
    0x0e, 0xfc, 0x7f, 0xf3, 0x00, 0x00, 0x00, 0x00, 0x0c, 0xfd, 0x7f, 0xf5, 0x00, 0x00, 0x00, 0x00,
    0x0e, 0xfc, 0x7f, 0xf9, 0x00, 0x00, 0x00, 0x00, 0x3f, 0xfa, 0x7f, 0xfe, 0x20, 0x00, 0x00, 0x00,
    0xbf, 0xf5, 0x7f, 0xff, 0xd2, 0x00, 0x00, 0x09, 0xff, 0xd0, 0x7f, 0xfe, 0xff, 0xa7, 0x68, 0xdf,
    0xfe, 0x20, 0x7f, 0xf5, 0xbf, 0xff, 0xff, 0xff, 0xd3, 0x00, 0x7f, 0xf4, 0x05, 0xbe, 0xfd, 0xb5,
    0x10, 0x00, 0x7f, 0xf4, 0x00, 0x00, 0x00, 0x00, 0x00, 0x00, 0x7f, 0xf4, 0x00, 0x00, 0x00, 0x00,
    0x00, 0x00, 0x7f, 0xf4, 0x00, 0x00, 0x00, 0x00, 0x00, 0x00, 0x7f, 0xf4, 0x00, 0x00, 0x00, 0x00,
    0x00, 0x00, 0x7f, 0xf4, 0x00, 0x00, 0x00, 0x00, 0x00, 0x00, 0x00, 0x00, 0x5a, 0xdf, 0xeb, 0x60,
    0x0f, 0xf8, 0x00, 0x2c, 0xff, 0xff, 0xff, 0xfd, 0x2f, 0xf8, 0x02, 0xef, 0xfe, 0x86, 0x7a, 0xff,
    0xdf, 0xf8, 0x0c, 0xff, 0xa1, 0x00, 0x00, 0x2c, 0xff, 0xf8, 0x3f, 0xfb, 0x00, 0x00, 0x00, 0x01,
    0xef, 0xf8, 0x9f, 0xf4, 0x00, 0x00, 0x00, 0x00, 0x7f, 0xf8, 0xbf, 0xf0, 0x00, 0x00, 0x00, 0x00,
    0x3f, 0xf8, 0xcf, 0xe0, 0x00, 0x00, 0x00, 0x00, 0x2f, 0xf8, 0xbf, 0xf0, 0x00, 0x00, 0x00, 0x00,
    0x3f, 0xf8, 0x9f, 0xf4, 0x00, 0x00, 0x00, 0x00, 0x8f, 0xf8, 0x3f, 0xfc, 0x00, 0x00, 0x00, 0x01,
    0xef, 0xf8, 0x0b, 0xff, 0xa1, 0x00, 0x00, 0x2c, 0xff, 0xf8, 0x02, 0xef, 0xfe, 0x86, 0x69, 0xef,
    0xef, 0xf8, 0x00, 0x2c, 0xff, 0xff, 0xff, 0xfc, 0x4f, 0xf8, 0x00, 0x00, 0x5a, 0xdf, 0xeb, 0x60,
    0x2f, 0xf8, 0x00, 0x00, 0x00, 0x00, 0x00, 0x00, 0x2f, 0xf8, 0x00, 0x00, 0x00, 0x00, 0x00, 0x00,
    0x2f, 0xf8, 0x00, 0x00, 0x00, 0x00, 0x00, 0x00, 0x2f, 0xf8, 0x00, 0x00, 0x00, 0x00, 0x00, 0x00,
    0x2f, 0xf8, 0x00, 0x00, 0x00, 0x00, 0x00, 0x00, 0x2f, 0xf8, 0x7f, 0xf2, 0x17, 0xbe, 0x87, 0xff,
    0x4d, 0xff, 0xf8, 0x7f, 0xfe, 0xfd, 0x86, 0x37, 0xff, 0xfa, 0x10, 0x00, 0x7f, 0xfd, 0x10, 0x00,
    0x07, 0xff, 0x80, 0x00, 0x00, 0x7f, 0xf5, 0x00, 0x00, 0x07, 0xff, 0x40, 0x00, 0x00, 0x7f, 0xf4,
    0x00, 0x00, 0x07, 0xff, 0x40, 0x00, 0x00, 0x7f, 0xf4, 0x00, 0x00, 0x07, 0xff, 0x40, 0x00, 0x00,
    0x7f, 0xf4, 0x00, 0x00, 0x07, 0xff, 0x40, 0x00, 0x00, 0x7f, 0xf4, 0x00, 0x00, 0x00, 0x00, 0x03,
    0x9c, 0xef, 0xec, 0x83, 0x00, 0x00, 0x8f, 0xff, 0xff, 0xff, 0xff, 0x70, 0x05, 0xff, 0xe9, 0x76,
    0x7a, 0xef, 0x20, 0x0b, 0xff, 0x30, 0x00, 0x00, 0x15, 0x00, 0x0c, 0xfd, 0x00, 0x00, 0x00, 0x00,
    0x00, 0x0a, 0xff, 0x70, 0x00, 0x00, 0x00, 0x00, 0x03, 0xff, 0xfe, 0xa7, 0x41, 0x00, 0x00, 0x00,
    0x4c, 0xff, 0xff, 0xff, 0xc5, 0x00, 0x00, 0x00, 0x26, 0x9b, 0xef, 0xff, 0x70, 0x00, 0x00, 0x00,
    0x00, 0x05, 0xef, 0xf1, 0x00, 0x00, 0x00, 0x00, 0x00, 0x8f, 0xf3, 0x05, 0x71, 0x00, 0x00, 0x00,
    0xbf, 0xf2, 0x1d, 0xfe, 0xa7, 0x66, 0x8c, 0xff, 0xb0, 0x1b, 0xff, 0xff, 0xff, 0xff, 0xfc, 0x10,
    0x00, 0x38, 0xce, 0xff, 0xda, 0x50, 0x00, 0x00, 0x08, 0x85, 0x00, 0x00, 0x00, 0x01, 0xff, 0x90,
    0x00, 0x00, 0x00, 0x1f, 0xf9, 0x00, 0x00, 0x00, 0x01, 0xff, 0x90, 0x00, 0x00, 0x9f, 0xff, 0xff,
    0xff, 0xfd, 0x09, 0xff, 0xff, 0xff, 0xff, 0xd0, 0x35, 0x6f, 0xfb, 0x55, 0x55, 0x00, 0x01, 0xff,
    0x90, 0x00, 0x00, 0x00, 0x1f, 0xf9, 0x00, 0x00, 0x00, 0x01, 0xff, 0x90, 0x00, 0x00, 0x00, 0x1f,
    0xf9, 0x00, 0x00, 0x00, 0x01, 0xff, 0x90, 0x00, 0x00, 0x00, 0x1f, 0xf9, 0x00, 0x00, 0x00, 0x01,
    0xff, 0x90, 0x00, 0x00, 0x00, 0x1f, 0xfa, 0x00, 0x00, 0x00, 0x00, 0xef, 0xd0, 0x00, 0x00, 0x00,
    0x0a, 0xff, 0xb5, 0x5a, 0x40, 0x00, 0x2e, 0xff, 0xff, 0xfa, 0x00, 0x00, 0x29, 0xdf, 0xea, 0x30,
    0x9f, 0xf1, 0x00, 0x00, 0x00, 0x05, 0xff, 0x69, 0xff, 0x10, 0x00, 0x00, 0x00, 0x5f, 0xf6, 0x9f,
    0xf1, 0x00, 0x00, 0x00, 0x05, 0xff, 0x69, 0xff, 0x10, 0x00, 0x00, 0x00, 0x5f, 0xf6, 0x9f, 0xf1,
    0x00, 0x00, 0x00, 0x05, 0xff, 0x69, 0xff, 0x10, 0x00, 0x00, 0x00, 0x5f, 0xf6, 0x9f, 0xf1, 0x00,
    0x00, 0x00, 0x05, 0xff, 0x69, 0xff, 0x10, 0x00, 0x00, 0x00, 0x5f, 0xf6, 0x9f, 0xf2, 0x00, 0x00,
    0x00, 0x06, 0xff, 0x68, 0xff, 0x30, 0x00, 0x00, 0x00, 0x8f, 0xf6, 0x6f, 0xf7, 0x00, 0x00, 0x00,
    0x1e, 0xff, 0x61, 0xff, 0xe3, 0x00, 0x00, 0x1b, 0xff, 0xf6, 0x08, 0xff, 0xf9, 0x66, 0x8e, 0xfe,
    0xff, 0x60, 0x0a, 0xff, 0xff, 0xff, 0xfd, 0x4f, 0xf6, 0x00, 0x04, 0xad, 0xfe, 0xc7, 0x03, 0xff,
    0x60, 0x0d, 0xfe, 0x00, 0x00, 0x00, 0x00, 0x03, 0xff, 0x70, 0x6f, 0xf6, 0x00, 0x00, 0x00, 0x00,
    0x9f, 0xe1, 0x01, 0xef, 0xc0, 0x00, 0x00, 0x00, 0x1e, 0xf9, 0x00, 0x08, 0xff, 0x30, 0x00, 0x00,
    0x07, 0xff, 0x30, 0x00, 0x2f, 0xfa, 0x00, 0x00, 0x00, 0xdf, 0xb0, 0x00, 0x00, 0xaf, 0xf1, 0x00,
    0x00, 0x5f, 0xf5, 0x00, 0x00, 0x04, 0xff, 0x70, 0x00, 0x0b, 0xfd, 0x00, 0x00, 0x00, 0x0c, 0xfd,
    0x00, 0x03, 0xff, 0x70, 0x00, 0x00, 0x00, 0x6f, 0xf5, 0x00, 0x9f, 0xe1, 0x00, 0x00, 0x00, 0x00,
    0xef, 0xb0, 0x1f, 0xf9, 0x00, 0x00, 0x00, 0x00, 0x08, 0xff, 0x37, 0xff, 0x20, 0x00, 0x00, 0x00,
    0x00, 0x1f, 0xf9, 0xdf, 0xb0, 0x00, 0x00, 0x00, 0x00, 0x00, 0xaf, 0xff, 0xf4, 0x00, 0x00, 0x00,
    0x00, 0x00, 0x03, 0xff, 0xfd, 0x00, 0x00, 0x00, 0x00, 0x00, 0x00, 0x0c, 0xff, 0x60, 0x00, 0x00,
    0x00, 0xaf, 0xd0, 0x00, 0x00, 0x00, 0x0a, 0xfe, 0x00, 0x00, 0x00, 0x00, 0x9f, 0xc4, 0xff, 0x40,
    0x00, 0x00, 0x01, 0xff, 0xf5, 0x00, 0x00, 0x00, 0x0e, 0xf7, 0x0d, 0xf9, 0x00, 0x00, 0x00, 0x6f,
    0xff, 0xa0, 0x00, 0x00, 0x05, 0xff, 0x10, 0x8f, 0xe0, 0x00, 0x00, 0x0c, 0xff, 0xff, 0x10, 0x00,
    0x00, 0xaf, 0xb0, 0x03, 0xff, 0x50, 0x00, 0x03, 0xff, 0x6f, 0xf6, 0x00, 0x00, 0x1f, 0xf5, 0x00,
    0x0c, 0xfb, 0x00, 0x00, 0x8f, 0xe0, 0xbf, 0xc0, 0x00, 0x06, 0xfe, 0x00, 0x00, 0x7f, 0xf1, 0x00,
    0x0e, 0xf8, 0x05, 0xff, 0x20, 0x00, 0xcf, 0x90, 0x00, 0x01, 0xff, 0x60, 0x04, 0xff, 0x20, 0x1e,
    0xf8, 0x00, 0x2f, 0xf3, 0x00, 0x00, 0x0b, 0xfc, 0x00, 0xaf, 0xb0, 0x00, 0x9f, 0xd0, 0x08, 0xfd,
    0x00, 0x00, 0x00, 0x5f, 0xf2, 0x1f, 0xf6, 0x00, 0x03, 0xff, 0x40, 0xdf, 0x70, 0x00, 0x00, 0x00,
    0xef, 0x86, 0xfe, 0x10, 0x00, 0x0c, 0xf9, 0x4f, 0xf2, 0x00, 0x00, 0x00, 0x09, 0xfd, 0xcf, 0x90,
    0x00, 0x00, 0x7f, 0xea, 0xfb, 0x00, 0x00, 0x00, 0x00, 0x4f, 0xff, 0xf3, 0x00, 0x00, 0x01, 0xff,
    0xff, 0x60, 0x00, 0x00, 0x00, 0x00, 0xdf, 0xfd, 0x00, 0x00, 0x00, 0x0a, 0xff, 0xe1, 0x00, 0x00,
    0x00, 0x00, 0x07, 0xff, 0x70, 0x00, 0x00, 0x00, 0x5f, 0xfa, 0x00, 0x00, 0x00, 0x1d, 0xfe, 0x20,
    0x00, 0x00, 0x08, 0xff, 0x60, 0x3f, 0xfb, 0x00, 0x00, 0x04, 0xff, 0x90, 0x00, 0x7f, 0xf8, 0x00,
    0x02, 0xef, 0xc1, 0x00, 0x00, 0xaf, 0xf4, 0x00, 0xbf, 0xe2, 0x00, 0x00, 0x01, 0xdf, 0xe1, 0x8f,
    0xf5, 0x00, 0x00, 0x00, 0x03, 0xff, 0xcf, 0xf9, 0x00, 0x00, 0x00, 0x00, 0x07, 0xff, 0xfc, 0x00,
    0x00, 0x00, 0x00, 0x00, 0x0e, 0xff, 0x50, 0x00, 0x00, 0x00, 0x00, 0x09, 0xff, 0xfe, 0x10, 0x00,
    0x00, 0x00, 0x05, 0xff, 0xae, 0xfb, 0x00, 0x00, 0x00, 0x03, 0xef, 0xc0, 0x6f, 0xf8, 0x00, 0x00,
    0x01, 0xdf, 0xe2, 0x00, 0x9f, 0xf5, 0x00, 0x00, 0xaf, 0xf5, 0x00, 0x01, 0xcf, 0xe2, 0x00, 0x7f,
    0xf8, 0x00, 0x00, 0x02, 0xef, 0xd1, 0x4f, 0xfb, 0x00, 0x00, 0x00, 0x05, 0xff, 0xa0, 0x0d, 0xfe,
    0x10, 0x00, 0x00, 0x00, 0x03, 0xff, 0x70, 0x6f, 0xf6, 0x00, 0x00, 0x00, 0x00, 0x9f, 0xe1, 0x00,
    0xef, 0xd0, 0x00, 0x00, 0x00, 0x1f, 0xf8, 0x00, 0x07, 0xff, 0x50, 0x00, 0x00, 0x07, 0xff, 0x20,
    0x00, 0x1e, 0xfb, 0x00, 0x00, 0x00, 0xef, 0xa0, 0x00, 0x00, 0x9f, 0xf3, 0x00, 0x00, 0x6f, 0xf3,
    0x00, 0x00, 0x02, 0xff, 0xa0, 0x00, 0x0c, 0xfb, 0x00, 0x00, 0x00, 0x0a, 0xff, 0x20, 0x04, 0xff,
    0x50, 0x00, 0x00, 0x00, 0x3f, 0xf8, 0x00, 0xaf, 0xd0, 0x00, 0x00, 0x00, 0x00, 0xcf, 0xe1, 0x2f,
    0xf6, 0x00, 0x00, 0x00, 0x00, 0x05, 0xff, 0x69, 0xfe, 0x00, 0x00, 0x00, 0x00, 0x00, 0x0d, 0xfd,
    0xef, 0x70, 0x00, 0x00, 0x00, 0x00, 0x00, 0x6f, 0xff, 0xf1, 0x00, 0x00, 0x00, 0x00, 0x00, 0x01,
    0xef, 0xf9, 0x00, 0x00, 0x00, 0x00, 0x00, 0x00, 0x09, 0xff, 0x20, 0x00, 0x00, 0x00, 0x00, 0x00,
    0x01, 0xef, 0xa0, 0x00, 0x00, 0x00, 0x02, 0x00, 0x00, 0x9f, 0xf3, 0x00, 0x00, 0x00, 0x01, 0xda,
    0x65, 0xaf, 0xfa, 0x00, 0x00, 0x00, 0x00, 0x6f, 0xff, 0xff, 0xfc, 0x10, 0x00, 0x00, 0x00, 0x00,
    0x6b, 0xee, 0xc7, 0x10, 0x00, 0x00, 0x00, 0x00, 0xbf, 0xff, 0xff, 0xff, 0xff, 0xff, 0x5b, 0xff,
    0xff, 0xff, 0xff, 0xff, 0xf5, 0x45, 0x55, 0x55, 0x55, 0x9f, 0xfc, 0x00, 0x00, 0x00, 0x00, 0x2e,
    0xfe, 0x20, 0x00, 0x00, 0x00, 0x1c, 0xff, 0x30, 0x00, 0x00, 0x00, 0x0a, 0xff, 0x60, 0x00, 0x00,
    0x00, 0x07, 0xff, 0x80, 0x00, 0x00, 0x00, 0x04, 0xff, 0xb0, 0x00, 0x00, 0x00, 0x02, 0xef, 0xd1,
    0x00, 0x00, 0x00, 0x01, 0xdf, 0xe3, 0x00, 0x00, 0x00, 0x00, 0xbf, 0xf5, 0x00, 0x00, 0x00, 0x00,
    0x8f, 0xf7, 0x00, 0x00, 0x00, 0x00, 0x5f, 0xfd, 0x55, 0x55, 0x55, 0x55, 0x3d, 0xff, 0xff, 0xff,
    0xff, 0xff, 0xf8, 0xdf, 0xff, 0xff, 0xff, 0xff, 0xff, 0x80, 0x00, 0x00, 0x6c, 0xef, 0x40, 0x00,
    0x7f, 0xff, 0xf4, 0x00, 0x0e, 0xff, 0x96, 0x20, 0x02, 0xff, 0xb0, 0x00, 0x00, 0x2f, 0xf8, 0x00,
    0x00, 0x02, 0xff, 0x80, 0x00, 0x00, 0x2f, 0xf8, 0x00, 0x00, 0x02, 0xff, 0x80, 0x00, 0x00, 0x2f,
    0xf8, 0x00, 0x00, 0x02, 0xff, 0x80, 0x00, 0x00, 0x3f, 0xf8, 0x00, 0x02, 0x6b, 0xff, 0x50, 0x00,
    0x6f, 0xff, 0x90, 0x00, 0x06, 0xff, 0xfd, 0x10, 0x00, 0x00, 0x7f, 0xf6, 0x00, 0x00, 0x02, 0xff,
    0x80, 0x00, 0x00, 0x2f, 0xf8, 0x00, 0x00, 0x02, 0xff, 0x80, 0x00, 0x00, 0x2f, 0xf8, 0x00, 0x00,
    0x02, 0xff, 0x80, 0x00, 0x00, 0x2f, 0xf8, 0x00, 0x00, 0x02, 0xff, 0x80, 0x00, 0x00, 0x2f, 0xfb,
    0x00, 0x00, 0x00, 0xef, 0xfa, 0x62, 0x00, 0x06, 0xff, 0xff, 0x40, 0x00, 0x06, 0xce, 0xf4, 0x1f,
    0xf7, 0x1f, 0xf7, 0x1f, 0xf7, 0x1f, 0xf7, 0x1f, 0xf7, 0x1f, 0xf7, 0x1f, 0xf7, 0x1f, 0xf7, 0x1f,
    0xf7, 0x1f, 0xf7, 0x1f, 0xf7, 0x1f, 0xf7, 0x1f, 0xf7, 0x1f, 0xf7, 0x1f, 0xf7, 0x1f, 0xf7, 0x1f,
    0xf7, 0x1f, 0xf7, 0x1f, 0xf7, 0x1f, 0xf7, 0x1f, 0xf7, 0x1f, 0xf7, 0x1f, 0xf7, 0x1f, 0xf7, 0x1f,
    0xf7, 0x1f, 0xf7, 0x7f, 0xeb, 0x40, 0x00, 0x07, 0xff, 0xff, 0x40, 0x00, 0x36, 0xbf, 0xfc, 0x00,
    0x00, 0x00, 0xdf, 0xf0, 0x00, 0x00, 0x0a, 0xff, 0x00, 0x00, 0x00, 0xaf, 0xf0, 0x00, 0x00, 0x0a,
    0xff, 0x00, 0x00, 0x00, 0xaf, 0xf0, 0x00, 0x00, 0x0a, 0xff, 0x00, 0x00, 0x00, 0xaf, 0xf0, 0x00,
    0x00, 0x0a, 0xff, 0x10, 0x00, 0x00, 0x8f, 0xfa, 0x51, 0x00, 0x01, 0xbf, 0xff, 0x30, 0x00, 0x3e,
    0xff, 0xf3, 0x00, 0x09, 0xff, 0x50, 0x00, 0x00, 0xaf, 0xf0, 0x00, 0x00, 0x0a, 0xff, 0x00, 0x00,
    0x00, 0xaf, 0xf0, 0x00, 0x00, 0x0a, 0xff, 0x00, 0x00, 0x00, 0xaf, 0xf0, 0x00, 0x00, 0x0a, 0xff,
    0x00, 0x00, 0x00, 0xaf, 0xf0, 0x00, 0x00, 0x0d, 0xfe, 0x00, 0x03, 0x6b, 0xff, 0xb0, 0x00, 0x7f,
    0xff, 0xf4, 0x00, 0x07, 0xfe, 0xb4, 0x00, 0x00, 0x00, 0x7d, 0xfc, 0x50, 0x00, 0x03, 0xf9, 0x07,
    0xff, 0xff, 0xf9, 0x10, 0x07, 0xf8, 0x0e, 0xfa, 0x6b, 0xff, 0xd7, 0x8f, 0xf4, 0x3f, 0xb0, 0x00,
    0x6f, 0xff, 0xff, 0xb0, 0x5f, 0x70, 0x00, 0x03, 0xae, 0xe9, 0x10, 0x06, 0xec, 0x10, 0xef, 0xf7,
    0x0e, 0xff, 0x70, 0x6e, 0xc1, 0x00, 0x00, 0x00, 0x00, 0x00, 0x00, 0x00, 0x00, 0x5f, 0xc0, 0x06,
    0xfd, 0x00, 0x6f, 0xe0, 0x07, 0xfe, 0x00, 0x7f, 0xf0, 0x08, 0xff, 0x10, 0x8f, 0xf1, 0x09, 0xff,
    0x20, 0xaf, 0xf2, 0x0a, 0xff, 0x30, 0xbf, 0xf4, 0x0b, 0xff, 0x40, 0xcf, 0xf5, 0x00, 0x00, 0x00,
    0x2f, 0xa0, 0x00, 0x00, 0x00, 0x00, 0x00, 0x02, 0xfa, 0x00, 0x00, 0x00, 0x00, 0x00, 0x00, 0x2f,
    0xa0, 0x00, 0x00, 0x00, 0x00, 0x00, 0x38, 0xfd, 0x63, 0x00, 0x00, 0x00, 0x05, 0xdf, 0xff, 0xff,
    0xfc, 0x30, 0x00, 0x07, 0xff, 0xff, 0xfe, 0xff, 0xfe, 0x40, 0x05, 0xff, 0xe6, 0x2f, 0xa1, 0x7f,
    0xfc, 0x01, 0xef, 0xe3, 0x02, 0xfa, 0x00, 0x59, 0x10, 0x6f, 0xf7, 0x00, 0x2f, 0xa0, 0x00, 0x00,
    0x0a, 0xff, 0x10, 0x02, 0xfa, 0x00, 0x00, 0x00, 0xcf, 0xe0, 0x00, 0x2f, 0xa0, 0x00, 0x00, 0x0c,
    0xfe, 0x00, 0x02, 0xfa, 0x00, 0x00, 0x00, 0xaf, 0xf1, 0x00, 0x2f, 0xa0, 0x00, 0x00, 0x07, 0xff,
    0x60, 0x02, 0xfa, 0x00, 0x00, 0x00, 0x1f, 0xfd, 0x10, 0x2f, 0xa0, 0x03, 0x70, 0x00, 0x7f, 0xfd,
    0x32, 0xfa, 0x05, 0xef, 0xb0, 0x00, 0xaf, 0xff, 0xdf, 0xed, 0xff, 0xf5, 0x00, 0x00, 0x7e, 0xff,
    0xff, 0xff, 0xe4, 0x00, 0x00, 0x00, 0x16, 0xaf, 0xe9, 0x60, 0x00, 0x00, 0x00, 0x00, 0x02, 0xfa,
    0x00, 0x00, 0x00, 0x00, 0x00, 0x00, 0x2f, 0xa0, 0x00, 0x00, 0x00, 0x00, 0x00, 0x02, 0xfa, 0x00,
    0x00, 0x00, 0x00, 0x00, 0x00, 0x01, 0x6a, 0xde, 0xfe, 0xc9, 0x30, 0x00, 0x00, 0x00, 0x5e, 0xff,
    0xff, 0xff, 0xff, 0xf7, 0x00, 0x00, 0x06, 0xff, 0xfb, 0x76, 0x67, 0xae, 0xf3, 0x00, 0x00, 0x3f,
    0xfe, 0x40, 0x00, 0x00, 0x01, 0x60, 0x00, 0x00, 0x9f, 0xf5, 0x00, 0x00, 0x00, 0x00, 0x00, 0x00,
    0x00, 0xef, 0xd0, 0x00, 0x00, 0x00, 0x00, 0x00, 0x00, 0x00, 0xff, 0xb0, 0x00, 0x00, 0x00, 0x00,
    0x00, 0x00, 0x02, 0xff, 0xa0, 0x00, 0x00, 0x00, 0x00, 0x00, 0x00, 0x02, 0xff, 0xa0, 0x00, 0x00,
    0x00, 0x00, 0x00, 0x2f, 0xff, 0xff, 0xff, 0xff, 0xff, 0xff, 0x20, 0x00, 0x2f, 0xff, 0xff, 0xff,
    0xff, 0xff, 0xff, 0x20, 0x00, 0x15, 0x56, 0xff, 0xc5, 0x55, 0x55, 0x55, 0x10, 0x00, 0x00, 0x02,
    0xff, 0xa0, 0x00, 0x00, 0x00, 0x00, 0x00, 0x00, 0x02, 0xff, 0xa0, 0x00, 0x00, 0x00, 0x00, 0x00,
    0x00, 0x02, 0xff, 0xa0, 0x00, 0x00, 0x00, 0x00, 0x00, 0x00, 0x02, 0xff, 0xa0, 0x00, 0x00, 0x00,
    0x00, 0x00, 0x00, 0x02, 0xff, 0xa0, 0x00, 0x00, 0x00, 0x00, 0x00, 0x15, 0x56, 0xff, 0xc5, 0x55,
    0x55, 0x55, 0x55, 0x51, 0x2f, 0xff, 0xff, 0xff, 0xff, 0xff, 0xff, 0xff, 0xf4, 0x2f, 0xff, 0xff,
    0xff, 0xff, 0xff, 0xff, 0xff, 0xf4, 0x00, 0x30, 0x00, 0x00, 0x00, 0x00, 0x00, 0x00, 0x13, 0x00,
    0x7f, 0x60, 0x00, 0x00, 0x00, 0x00, 0x00, 0x1b, 0xe2, 0x0c, 0xff, 0x50, 0x39, 0xdf, 0xec, 0x71,
    0x0b, 0xff, 0x60, 0x1c, 0xff, 0xaf, 0xff, 0xff, 0xff, 0xdb, 0xff, 0x70, 0x00, 0x1d, 0xff, 0xfd,
    0x86, 0x7a, 0xff, 0xff, 0x80, 0x00, 0x00, 0x8f, 0xf8, 0x00, 0x00, 0x02, 0xbf, 0xf2, 0x00, 0x00,
    0x1f, 0xf7, 0x00, 0x00, 0x00, 0x01, 0xcf, 0xb0, 0x00, 0x07, 0xfd, 0x00, 0x00, 0x00, 0x00, 0x03,
    0xff, 0x20, 0x00, 0xaf, 0x80, 0x00, 0x00, 0x00, 0x00, 0x0d, 0xf5, 0x00, 0x0b, 0xf7, 0x00, 0x00,
    0x00, 0x00, 0x00, 0xcf, 0x60, 0x00, 0xaf, 0x80, 0x00, 0x00, 0x00, 0x00, 0x0d, 0xf5, 0x00, 0x07,
    0xfd, 0x00, 0x00, 0x00, 0x00, 0x03, 0xff, 0x20, 0x00, 0x2f, 0xf7, 0x00, 0x00, 0x00, 0x01, 0xcf,
    0xb0, 0x00, 0x00, 0x8f, 0xf7, 0x00, 0x00, 0x02, 0xbf, 0xf3, 0x00, 0x00, 0x1b, 0xff, 0xfd, 0x86,
    0x7a, 0xff, 0xff, 0x60, 0x00, 0x0b, 0xff, 0xbf, 0xff, 0xff, 0xff, 0xed, 0xff, 0x50, 0x0a, 0xff,
    0x70, 0x39, 0xdf, 0xec, 0x71, 0x1c, 0xff, 0x50, 0x9f, 0x70, 0x00, 0x00, 0x00, 0x00, 0x00, 0x1c,
    0xf4, 0x00, 0x50, 0x00, 0x00, 0x00, 0x00, 0x00, 0x00, 0x14, 0x00, 0x0b, 0xff, 0x30, 0x00, 0x00,
    0x00, 0x00, 0x00, 0x04, 0xff, 0x80, 0x2e, 0xfd, 0x00, 0x00, 0x00, 0x00, 0x00, 0x01, 0xef, 0xd1,
    0x00, 0x6f, 0xf8, 0x00, 0x00, 0x00, 0x00, 0x00, 0xaf, 0xf3, 0x00, 0x00, 0xbf, 0xf4, 0x00, 0x00,
    0x00, 0x00, 0x5f, 0xf8, 0x00, 0x00, 0x02, 0xef, 0xd1, 0x00, 0x00, 0x00, 0x1e, 0xfc, 0x00, 0x00,
    0x00, 0x05, 0xff, 0x90, 0x00, 0x00, 0x0b, 0xff, 0x30, 0x00, 0x00, 0x00, 0x0a, 0xff, 0x40, 0x00,
    0x06, 0xff, 0x70, 0x00, 0x00, 0x00, 0x00, 0x1e, 0xfd, 0x10, 0x02, 0xef, 0xc0, 0x00, 0x00, 0x00,
    0x00, 0x00, 0x5f, 0xfa, 0x00, 0xbf, 0xf2, 0x00, 0x00, 0x00, 0x00, 0x00, 0x00, 0x9f, 0xf5, 0x7f,
    0xf7, 0x00, 0x00, 0x00, 0x00, 0x00, 0x00, 0x01, 0xdf, 0xef, 0xfb, 0x00, 0x00, 0x00, 0x00, 0x00,
    0x39, 0x99, 0x9c, 0xff, 0xff, 0xb9, 0x99, 0x92, 0x00, 0x00, 0x06, 0xff, 0xff, 0xff, 0xff, 0xff,
    0xff, 0xff, 0x30, 0x00, 0x00, 0x00, 0x00, 0x00, 0x7f, 0xf4, 0x00, 0x00, 0x00, 0x00, 0x00, 0x00,
    0x00, 0x00, 0x07, 0xff, 0x40, 0x00, 0x00, 0x00, 0x00, 0x00, 0x6f, 0xff, 0xff, 0xff, 0xff, 0xff,
    0xff, 0xf3, 0x00, 0x00, 0x05, 0xdd, 0xdd, 0xde, 0xff, 0xdd, 0xdd, 0xdd, 0x20, 0x00, 0x00, 0x00,
    0x00, 0x00, 0x7f, 0xf4, 0x00, 0x00, 0x00, 0x00, 0x00, 0x00, 0x00, 0x00, 0x07, 0xff, 0x40, 0x00,
    0x00, 0x00, 0x00, 0x00, 0x00, 0x00, 0x00, 0x7f, 0xf4, 0x00, 0x00, 0x00, 0x00, 0x1f, 0xf7, 0x1f,
    0xf7, 0x1f, 0xf7, 0x1f, 0xf7, 0x1f, 0xf7, 0x1f, 0xf7, 0x1f, 0xf7, 0x1f, 0xf7, 0x1f, 0xf7, 0x1f,
    0xf7, 0x00, 0x00, 0x00, 0x00, 0x00, 0x00, 0x00, 0x00, 0x00, 0x00, 0x00, 0x00, 0x1f, 0xf7, 0x1f,
    0xf7, 0x1f, 0xf7, 0x1f, 0xf7, 0x1f, 0xf7, 0x1f, 0xf7, 0x1f, 0xf7, 0x1f, 0xf7, 0x1f, 0xf7, 0x1f,
    0xf7, 0x00, 0x00, 0x5a, 0xdf, 0xed, 0xa5, 0x10, 0x00, 0x1c, 0xff, 0xff, 0xff, 0xff, 0xd1, 0x00,
    0xbf, 0xfc, 0x76, 0x68, 0xcf, 0xd0, 0x03, 0xff, 0x80, 0x00, 0x00, 0x04, 0x50, 0x05, 0xff, 0x10,
    0x00, 0x00, 0x00, 0x00, 0x04, 0xff, 0x40, 0x00, 0x00, 0x00, 0x00, 0x01, 0xef, 0xf8, 0x20, 0x00,
    0x00, 0x00, 0x00, 0x4f, 0xff, 0xfd, 0x95, 0x00, 0x00, 0x00, 0xaf, 0xfe, 0xff, 0xff, 0xe5, 0x00,
    0x07, 0xff, 0x50, 0x26, 0xaf, 0xff, 0x50, 0x0d, 0xf8, 0x00, 0x00, 0x02, 0xdf, 0xc0, 0x0e, 0xf6,
    0x00, 0x00, 0x00, 0x6f, 0xf0, 0x0c, 0xfc, 0x10, 0x00, 0x00, 0x7f, 0xe0, 0x05, 0xff, 0xe8, 0x40,
    0x02, 0xef, 0x90, 0x00, 0x6e, 0xff, 0xfe, 0xcf, 0xfc, 0x10, 0x00, 0x01, 0x59, 0xdf, 0xff, 0xf4,
    0x00, 0x00, 0x00, 0x00, 0x02, 0x7e, 0xfe, 0x10, 0x00, 0x00, 0x00, 0x00, 0x04, 0xff, 0x50, 0x00,
    0x00, 0x00, 0x00, 0x00, 0xff, 0x60, 0x08, 0x71, 0x00, 0x00, 0x06, 0xff, 0x40, 0x1e, 0xfe, 0xa7,
    0x67, 0xbf, 0xfc, 0x00, 0x19, 0xff, 0xff, 0xff, 0xff, 0xd2, 0x00, 0x00, 0x28, 0xce, 0xfe, 0xb7,
    0x10, 0x00, 0x04, 0x20, 0x00, 0x44, 0x08, 0xff, 0x20, 0x5f, 0xf4, 0x5e, 0xc1, 0x02, 0xdd, 0x20,
    0x00, 0x00, 0x00, 0x49, 0xce, 0xed, 0xb7, 0x10, 0x00, 0x00, 0x00, 0x00, 0x02, 0xce, 0x95, 0x33,
    0x47, 0xce, 0x70, 0x00, 0x00, 0x00, 0x05, 0xea, 0x10, 0x00, 0x00, 0x00, 0x4e, 0xb1, 0x00, 0x00,
    0x04, 0xf7, 0x00, 0x00, 0x00, 0x00, 0x00, 0x2c, 0xb0, 0x00, 0x01, 0xe9, 0x00, 0x03, 0xad, 0xfd,
    0x81, 0x00, 0x2e, 0x80, 0x00, 0x9d, 0x00, 0x07, 0xff, 0xff, 0xff, 0xd3, 0x00, 0x5f, 0x20, 0x1f,
    0x50, 0x05, 0xff, 0xd8, 0x68, 0xdf, 0xc0, 0x00, 0xd8, 0x05, 0xf1, 0x00, 0xdf, 0xa1, 0x00, 0x01,
    0x92, 0x00, 0x08, 0xc0, 0x8c, 0x00, 0x3f, 0xf1, 0x00, 0x00, 0x00, 0x00, 0x00, 0x5f, 0x09, 0xa0,
    0x05, 0xfc, 0x00, 0x00, 0x00, 0x00, 0x00, 0x04, 0xf1, 0x9a, 0x00, 0x5f, 0xc0, 0x00, 0x00, 0x00,
    0x00, 0x00, 0x3f, 0x18, 0xc0, 0x03, 0xff, 0x10, 0x00, 0x00, 0x00, 0x00, 0x05, 0xf0, 0x5e, 0x00,
    0x0d, 0xfa, 0x10, 0x00, 0x19, 0x20, 0x00, 0x8c, 0x01, 0xf4, 0x00, 0x6f, 0xfd, 0x86, 0x7d, 0xfc,
    0x00, 0x0d, 0x70, 0x09, 0xb0, 0x00, 0x8f, 0xff, 0xff, 0xfe, 0x30, 0x05, 0xe1, 0x00, 0x2e, 0x70,
    0x00, 0x4a, 0xdf, 0xd9, 0x20, 0x01, 0xe7, 0x00, 0x00, 0x4f, 0x40, 0x00, 0x00, 0x00, 0x00, 0x01,
    0xca, 0x00, 0x00, 0x00, 0x5e, 0x70, 0x00, 0x00, 0x00, 0x03, 0xda, 0x10, 0x00, 0x00, 0x00, 0x3c,
    0xd7, 0x31, 0x02, 0x5a, 0xe7, 0x00, 0x00, 0x00, 0x00, 0x00, 0x04, 0x9d, 0xef, 0xeb, 0x71, 0x00,
    0x00, 0x00, 0x28, 0xce, 0xfd, 0x92, 0x06, 0xe8, 0x33, 0x8f, 0xd0, 0x02, 0x00, 0x00, 0xaf, 0x50,
    0x00, 0x00, 0x07, 0xf7, 0x18, 0xde, 0xff, 0xff, 0x7a, 0xf8, 0x33, 0x38, 0xf7, 0xee, 0x00, 0x00,
    0x8f, 0x7a, 0xf6, 0x11, 0x6e, 0xf7, 0x19, 0xdf, 0xeb, 0x8f, 0x70, 0x00, 0x02, 0xef, 0x60, 0x0a,
    0xfc, 0x00, 0x00, 0xcf, 0xb0, 0x06, 0xfe, 0x20, 0x00, 0x8f, 0xe1, 0x03, 0xff, 0x60, 0x00, 0x4f,
    0xf5, 0x01, 0xdf, 0xa0, 0x00, 0x1d, 0xf9, 0x00, 0x9f, 0xe1, 0x00, 0x08, 0xff, 0x10, 0x2f, 0xf6,
    0x00, 0x00, 0x1e, 0xf8, 0x00, 0x9f, 0xd1, 0x00, 0x00, 0x4f, 0xf4, 0x01, 0xdf, 0x90, 0x00, 0x00,
    0x8f, 0xd1, 0x03, 0xff, 0x50, 0x00, 0x00, 0xcf, 0xa0, 0x06, 0xfe, 0x20, 0x00, 0x02, 0xef, 0x60,
    0x0a, 0xfc, 0x00, 0x15, 0x55, 0x55, 0x55, 0x55, 0x55, 0x52, 0x2f, 0xff, 0xff, 0xff, 0xff, 0xff,
    0xf6, 0x2f, 0xff, 0xff, 0xff, 0xff, 0xff, 0xf6, 0x00, 0x00, 0x00, 0x00, 0x00, 0x0e, 0xf6, 0x00,
    0x00, 0x00, 0x00, 0x00, 0x0e, 0xf6, 0x00, 0x00, 0x00, 0x00, 0x00, 0x0e, 0xf6, 0x00, 0x00, 0x00,
    0x00, 0x00, 0x0e, 0xf6, 0x00, 0x00, 0x00, 0x00, 0x00, 0x0e, 0xf6, 0x25, 0x55, 0x55, 0x55, 0x16,
    0xff, 0xff, 0xff, 0xf2, 0x6f, 0xff, 0xff, 0xff, 0x20, 0x00, 0x00, 0x00, 0x49, 0xce, 0xed, 0xb7,
    0x10, 0x00, 0x00, 0x00, 0x00, 0x02, 0xce, 0x95, 0x33, 0x47, 0xce, 0x70, 0x00, 0x00, 0x00, 0x05,
    0xea, 0x10, 0x00, 0x00, 0x00, 0x4e, 0xb1, 0x00, 0x00, 0x04, 0xf7, 0x00, 0x00, 0x00, 0x00, 0x00,
    0x2c, 0xb0, 0x00, 0x01, 0xe9, 0x00, 0xad, 0xdd, 0xdc, 0x93, 0x00, 0x2e, 0x80, 0x00, 0x9d, 0x00,
    0x0b, 0xff, 0xff, 0xff, 0xf5, 0x00, 0x5f, 0x20, 0x1f, 0x50, 0x00, 0xbf, 0x20, 0x02, 0x8f, 0xe0,
    0x00, 0xd8, 0x05, 0xf1, 0x00, 0x0b, 0xf2, 0x00, 0x00, 0xbf, 0x30, 0x08, 0xc0, 0x8c, 0x00, 0x00,
    0xbf, 0x20, 0x00, 0x0a, 0xf3, 0x00, 0x5f, 0x09, 0xa0, 0x00, 0x0b, 0xf2, 0x00, 0x05, 0xfe, 0x10,
    0x04, 0xf1, 0x9a, 0x00, 0x00, 0xbf, 0xdd, 0xde, 0xff, 0x60, 0x00, 0x3f, 0x18, 0xc0, 0x00, 0x0b,
    0xff, 0xff, 0xff, 0x40, 0x00, 0x05, 0xf0, 0x5e, 0x00, 0x00, 0xbf, 0x20, 0x07, 0xf7, 0x00, 0x00,
    0x8c, 0x01, 0xf4, 0x00, 0x0b, 0xf2, 0x00, 0x0d, 0xe2, 0x00, 0x0d, 0x70, 0x09, 0xb0, 0x00, 0xbf,
    0x20, 0x00, 0x4f, 0xa0, 0x05, 0xe1, 0x00, 0x2e, 0x70, 0x09, 0xc2, 0x00, 0x00, 0x9c, 0x31, 0xe7,
    0x00, 0x00, 0x4f, 0x40, 0x00, 0x00, 0x00, 0x00, 0x01, 0xca, 0x00, 0x00, 0x00, 0x5e, 0x70, 0x00,
    0x00, 0x00, 0x03, 0xda, 0x10, 0x00, 0x00, 0x00, 0x3c, 0xd7, 0x31, 0x02, 0x5a, 0xe7, 0x00, 0x00,
    0x00, 0x00, 0x00, 0x04, 0x9d, 0xef, 0xeb, 0x71, 0x00, 0x00, 0x00, 0x2d, 0xdd, 0xdd, 0xdd, 0xdc,
    0x3f, 0xff, 0xff, 0xff, 0xfe, 0x00, 0x5b, 0xee, 0xa3, 0x00, 0x08, 0xf8, 0x44, 0xbf, 0x40, 0x3f,
    0x60, 0x00, 0x0a, 0xe0, 0x9e, 0x00, 0x00, 0x04, 0xf5, 0xbd, 0x00, 0x00, 0x03, 0xf7, 0x9f, 0x30,
    0x00, 0x07, 0xf5, 0x4f, 0xd3, 0x00, 0x6f, 0xe1, 0x08, 0xff, 0xee, 0xff, 0x40, 0x00, 0x5c, 0xee,
    0xa3, 0x00, 0x00, 0x00, 0x00, 0xff, 0x50, 0x00, 0x00, 0x00, 0x00, 0x00, 0xff, 0x50, 0x00, 0x00,
    0x00, 0x00, 0x00, 0xff, 0x50, 0x00, 0x00, 0x00, 0x00, 0x00, 0xff, 0x50, 0x00, 0x00, 0x15, 0x55,
    0x56, 0xff, 0x95, 0x55, 0x52, 0x2f, 0xff, 0xff, 0xff, 0xff, 0xff, 0xf6, 0x2f, 0xff, 0xff, 0xff,
    0xff, 0xff, 0xf6, 0x00, 0x00, 0x00, 0xff, 0x50, 0x00, 0x00, 0x00, 0x00, 0x00, 0xff, 0x50, 0x00,
    0x00, 0x00, 0x00, 0x00, 0xff, 0x50, 0x00, 0x00, 0x00, 0x00, 0x00, 0xff, 0x50, 0x00, 0x00, 0x00,
    0x00, 0x00, 0xff, 0x50, 0x00, 0x00, 0x00, 0x00, 0x00, 0x00, 0x00, 0x00, 0x00, 0x00, 0x00, 0x00,
    0x00, 0x00, 0x00, 0x00, 0x15, 0x55, 0x55, 0x55, 0x55, 0x55, 0x52, 0x2f, 0xff, 0xff, 0xff, 0xff,
    0xff, 0xf6, 0x2f, 0xff, 0xff, 0xff, 0xff, 0xff, 0xf6, 0x00, 0x38, 0xbc, 0xc9, 0x30, 0x00, 0x7f,
    0xff, 0xff, 0xff, 0x50, 0x1c, 0xd6, 0x10, 0x29, 0xfe, 0x00, 0x01, 0x00, 0x00, 0x0e, 0xf1, 0x00,
    0x00, 0x00, 0x01, 0xfd, 0x00, 0x00, 0x00, 0x01, 0xcf, 0x50, 0x00, 0x00, 0x02, 0xcf, 0x60, 0x00,
    0x00, 0x03, 0xdf, 0x50, 0x00, 0x00, 0x05, 0xee, 0x40, 0x00, 0x00, 0x07, 0xfd, 0x20, 0x00, 0x00,
    0x08, 0xff, 0xdd, 0xdd, 0xdd, 0x80, 0xbf, 0xff, 0xff, 0xff, 0xfa, 0x0b, 0xdd, 0xdd, 0xdd, 0xdd,
    0x10, 0xdf, 0xff, 0xff, 0xff, 0xe1, 0x00, 0x00, 0x00, 0x1d, 0xf4, 0x00, 0x00, 0x00, 0x1c, 0xf5,
    0x00, 0x00, 0x00, 0x1c, 0xf5, 0x00, 0x00, 0x00, 0x08, 0xff, 0xb8, 0x10, 0x00, 0x00, 0x48, 0x9c,
    0xfd, 0x10, 0x00, 0x00, 0x00, 0x09, 0xf7, 0x00, 0x00, 0x00, 0x00, 0x6f, 0xa0, 0xa7, 0x20, 0x00,
    0x3c, 0xf7, 0x1e, 0xff, 0xed, 0xef, 0xfc, 0x10, 0x17, 0xbe, 0xfe, 0xc7, 0x00, 0x00, 0x01, 0x78,
    0x71, 0x00, 0x2d, 0xfe, 0x40, 0x03, 0xdf, 0xb1, 0x00, 0x3e, 0xf7, 0x00, 0x00, 0x7f, 0xf4, 0x00,
    0x00, 0x00, 0x03, 0xff, 0x87, 0xff, 0x40, 0x00, 0x00, 0x00, 0x3f, 0xf8, 0x7f, 0xf4, 0x00, 0x00,
    0x00, 0x03, 0xff, 0x87, 0xff, 0x40, 0x00, 0x00, 0x00, 0x3f, 0xf8, 0x7f, 0xf4, 0x00, 0x00, 0x00,
    0x03, 0xff, 0x87, 0xff, 0x40, 0x00, 0x00, 0x00, 0x3f, 0xf8, 0x7f, 0xf4, 0x00, 0x00, 0x00, 0x03,
    0xff, 0x87, 0xff, 0x40, 0x00, 0x00, 0x00, 0x3f, 0xf8, 0x7f, 0xf4, 0x00, 0x00, 0x00, 0x03, 0xff,
    0x87, 0xff, 0x50, 0x00, 0x00, 0x00, 0x6f, 0xf8, 0x7f, 0xf9, 0x00, 0x00, 0x00, 0x0b, 0xff, 0x87,
    0xff, 0xe3, 0x00, 0x00, 0x06, 0xff, 0xf8, 0x7f, 0xff, 0xe7, 0x33, 0x5a, 0xff, 0xff, 0x87, 0xff,
    0xdf, 0xff, 0xff, 0xff, 0x6f, 0xf8, 0x7f, 0xf4, 0x6c, 0xef, 0xd9, 0x20, 0xdd, 0x77, 0xff, 0x40,
    0x00, 0x00, 0x00, 0x00, 0x00, 0x7f, 0xf4, 0x00, 0x00, 0x00, 0x00, 0x00, 0x07, 0xff, 0x40, 0x00,
    0x00, 0x00, 0x00, 0x00, 0x7f, 0xf4, 0x00, 0x00, 0x00, 0x00, 0x00, 0x07, 0xff, 0x40, 0x00, 0x00,
    0x00, 0x00, 0x00, 0x37, 0x72, 0x00, 0x00, 0x00, 0x00, 0x00, 0x00, 0x00, 0x05, 0xbe, 0xff, 0xff,
    0xff, 0xff, 0xf3, 0x01, 0xbf, 0xff, 0xff, 0xff, 0xff, 0xff, 0xf3, 0x0b, 0xff, 0xff, 0xff, 0xb5,
    0x55, 0x6f, 0xf3, 0x3f, 0xff, 0xff, 0xff, 0x90, 0x00, 0x0f, 0xf3, 0x6f, 0xff, 0xff, 0xff, 0x90,
    0x00, 0x0f, 0xf3, 0x7f, 0xff, 0xff, 0xff, 0x90, 0x00, 0x0f, 0xf3, 0x4f, 0xff, 0xff, 0xff, 0x90,
    0x00, 0x0f, 0xf3, 0x0d, 0xff, 0xff, 0xff, 0x90, 0x00, 0x0f, 0xf3, 0x04, 0xff, 0xff, 0xff, 0x90,
    0x00, 0x0f, 0xf3, 0x00, 0x3b, 0xff, 0xff, 0x90, 0x00, 0x0f, 0xf3, 0x00, 0x00, 0x14, 0xbf, 0x90,
    0x00, 0x0f, 0xf3, 0x00, 0x00, 0x00, 0xaf, 0x90, 0x00, 0x0f, 0xf3, 0x00, 0x00, 0x00, 0xaf, 0x90,
    0x00, 0x0f, 0xf3, 0x00, 0x00, 0x00, 0xaf, 0x90, 0x00, 0x0f, 0xf3, 0x00, 0x00, 0x00, 0xaf, 0x90,
    0x00, 0x0f, 0xf3, 0x00, 0x00, 0x00, 0xaf, 0x90, 0x00, 0x0f, 0xf3, 0x00, 0x00, 0x00, 0xaf, 0x90,
    0x00, 0x0f, 0xf3, 0x00, 0x00, 0x00, 0xaf, 0x90, 0x00, 0x0f, 0xf3, 0x00, 0x00, 0x00, 0xaf, 0x90,
    0x00, 0x0f, 0xf3, 0x00, 0x00, 0x00, 0xaf, 0x90, 0x00, 0x0f, 0xf3, 0x00, 0x00, 0x00, 0xaf, 0x90,
    0x00, 0x0f, 0xf3, 0x00, 0x00, 0x00, 0xaf, 0x90, 0x00, 0x0f, 0xf3, 0x00, 0x00, 0x00, 0xaf, 0x90,
    0x00, 0x0f, 0xf3, 0x00, 0x00, 0x00, 0x8d, 0x80, 0x00, 0x0d, 0xd3, 0x07, 0xec, 0x11, 0xff, 0xf8,
    0x1f, 0xff, 0x70, 0x7e, 0xc1, 0x00, 0x25, 0x10, 0x00, 0x0a, 0xd0, 0x00, 0x00, 0xef, 0xc3, 0x00,
    0x00, 0x2e, 0xe0, 0x11, 0x01, 0xdf, 0x28, 0xfd, 0xef, 0xd0, 0x5c, 0xee, 0xa2, 0x00, 0x7d, 0xdd,
    0xd6, 0x00, 0x08, 0xff, 0xff, 0x80, 0x00, 0x00, 0x07, 0xf8, 0x00, 0x00, 0x00, 0x7f, 0x80, 0x00,
    0x00, 0x07, 0xf8, 0x00, 0x00, 0x00, 0x7f, 0x80, 0x00, 0x00, 0x07, 0xf8, 0x00, 0x00, 0x00, 0x7f,
    0x80, 0x00, 0x00, 0x07, 0xf8, 0x00, 0x00, 0x00, 0x7f, 0x80, 0x00, 0x9d, 0xde, 0xfe, 0xdd, 0x5b,
    0xff, 0xff, 0xff, 0xf5, 0x00, 0x17, 0xce, 0xeb, 0x50, 0x00, 0x1d, 0xff, 0xee, 0xff, 0x90, 0x09,
    0xfb, 0x20, 0x04, 0xef, 0x50, 0xee, 0x10, 0x00, 0x05, 0xfa, 0x1f, 0xc0, 0x00, 0x00, 0x2f, 0xc0,
    0xee, 0x10, 0x00, 0x05, 0xfa, 0x09, 0xfb, 0x20, 0x04, 0xef, 0x40, 0x1c, 0xff, 0xee, 0xff, 0x90,
    0x00, 0x17, 0xce, 0xeb, 0x50, 0x00, 0xaf, 0xc0, 0x05, 0xff, 0x30, 0x00, 0x1e, 0xf8, 0x00, 0x9f,
    0xd1, 0x00, 0x04, 0xff, 0x40, 0x1d, 0xf9, 0x00, 0x00, 0x9f, 0xd1, 0x03, 0xff, 0x50, 0x00, 0x0c,
    0xfa, 0x00, 0x7f, 0xe2, 0x00, 0x04, 0xff, 0x40, 0x0d, 0xfa, 0x00, 0x0b, 0xfb, 0x00, 0x6f, 0xf3,
    0x00, 0x7f, 0xe2, 0x02, 0xef, 0x60, 0x04, 0xff, 0x40, 0x0c, 0xfa, 0x00, 0x1d, 0xf8, 0x00, 0x9f,
    0xd1, 0x00, 0xaf, 0xc0, 0x05, 0xff, 0x30, 0x00, 0x8f, 0xff, 0xf8, 0x00, 0x00, 0x00, 0x00, 0x00,
    0x04, 0xfd, 0x10, 0x00, 0x00, 0x07, 0xdd, 0xef, 0x80, 0x00, 0x00, 0x00, 0x00, 0x01, 0xdf, 0x40,
    0x00, 0x00, 0x00, 0x00, 0x07, 0xf8, 0x00, 0x00, 0x00, 0x00, 0x00, 0x8f, 0x80, 0x00, 0x00, 0x00,
    0x00, 0x00, 0x7f, 0x80, 0x00, 0x00, 0x00, 0x00, 0x4f, 0xd1, 0x00, 0x00, 0x00, 0x00, 0x00, 0x07,
    0xf8, 0x00, 0x00, 0x00, 0x00, 0x1d, 0xf4, 0x00, 0x00, 0x00, 0x00, 0x00, 0x00, 0x7f, 0x80, 0x00,
    0x00, 0x00, 0x09, 0xf8, 0x00, 0x00, 0x00, 0x00, 0x00, 0x00, 0x07, 0xf8, 0x00, 0x00, 0x00, 0x04,
    0xfd, 0x10, 0x00, 0x00, 0x00, 0x00, 0x00, 0x00, 0x7f, 0x80, 0x00, 0x00, 0x01, 0xdf, 0x30, 0x00,
    0x00, 0x00, 0x00, 0x00, 0x00, 0x07, 0xf8, 0x00, 0x00, 0x00, 0x9f, 0x80, 0x00, 0x00, 0x17, 0x71,
    0x00, 0x00, 0x00, 0x7f, 0x80, 0x00, 0x00, 0x4f, 0xd0, 0x00, 0x00, 0x09, 0xf8, 0x00, 0x00, 0x9d,
    0xde, 0xfe, 0xdd, 0x50, 0x1d, 0xf3, 0x00, 0x00, 0x06, 0xfb, 0x00, 0x00, 0x0b, 0xff, 0xff, 0xff,
    0xf5, 0x09, 0xf8, 0x00, 0x00, 0x03, 0xfd, 0x10, 0x00, 0x00, 0x00, 0x00, 0x00, 0x00, 0x04, 0xfd,
    0x00, 0x00, 0x01, 0xdf, 0x30, 0x00, 0x00, 0x00, 0x00, 0x00, 0x00, 0x01, 0xdf, 0x30, 0x00, 0x00,
    0xbf, 0x60, 0x06, 0x70, 0x00, 0x00, 0x00, 0x00, 0x00, 0x9f, 0x80, 0x00, 0x00, 0x8f, 0x90, 0x00,
    0xde, 0x00, 0x00, 0x00, 0x00, 0x00, 0x4f, 0xd0, 0x00, 0x00, 0x5f, 0xfa, 0x99, 0x9e, 0xf9, 0x92,
    0x00, 0x00, 0x00, 0x1d, 0xf3, 0x00, 0x00, 0x07, 0xff, 0xff, 0xff, 0xff, 0xff, 0x30, 0x00, 0x00,
    0x09, 0xf8, 0x00, 0x00, 0x00, 0x00, 0x00, 0x00, 0x0f, 0xe0, 0x00, 0x00, 0x00, 0x04, 0xfd, 0x00,
    0x00, 0x00, 0x00, 0x00, 0x00, 0x00, 0xfe, 0x00, 0x00, 0x00, 0x01, 0xdf, 0x30, 0x00, 0x00, 0x00,
    0x00, 0x00, 0x00, 0x0f, 0xe0, 0x00, 0x8f, 0xff, 0xf8, 0x00, 0x00, 0x00, 0x00, 0x00, 0x04, 0xfd,
    0x10, 0x00, 0x00, 0x7d, 0xde, 0xf8, 0x00, 0x00, 0x00, 0x00, 0x00, 0x1d, 0xf4, 0x00, 0x00, 0x00,
    0x00, 0x07, 0xf8, 0x00, 0x00, 0x00, 0x00, 0x00, 0x8f, 0x80, 0x00, 0x00, 0x00, 0x00, 0x07, 0xf8,
    0x00, 0x00, 0x00, 0x00, 0x04, 0xfd, 0x10, 0x00, 0x00, 0x00, 0x00, 0x07, 0xf8, 0x00, 0x00, 0x00,
    0x00, 0x1d, 0xf4, 0x00, 0x00, 0x00, 0x00, 0x00, 0x07, 0xf8, 0x00, 0x00, 0x00, 0x00, 0x9f, 0x80,
    0x00, 0x00, 0x00, 0x00, 0x00, 0x07, 0xf8, 0x00, 0x00, 0x00, 0x04, 0xfd, 0x10, 0x00, 0x00, 0x00,
    0x00, 0x00, 0x07, 0xf8, 0x00, 0x00, 0x00, 0x1d, 0xf3, 0x00, 0x00, 0x00, 0x00, 0x00, 0x00, 0x07,
    0xf8, 0x00, 0x00, 0x00, 0x9f, 0x80, 0x03, 0x9b, 0xcb, 0x82, 0x00, 0x00, 0x07, 0xf8, 0x00, 0x00,
    0x04, 0xfd, 0x00, 0x8f, 0xff, 0xff, 0xfe, 0x40, 0x9d, 0xde, 0xfe, 0xdd, 0x50, 0x1d, 0xf3, 0x01,
    0xdd, 0x51, 0x03, 0xaf, 0xd0, 0xbf, 0xff, 0xff, 0xff, 0x50, 0x9f, 0x80, 0x00, 0x11, 0x00, 0x00,
    0x1f, 0xf0, 0x00, 0x00, 0x00, 0x00, 0x04, 0xfd, 0x00, 0x00, 0x00, 0x00, 0x00, 0x3f, 0xc0, 0x00,
    0x00, 0x00, 0x00, 0x1d, 0xf3, 0x00, 0x00, 0x00, 0x00, 0x01, 0xdf, 0x40, 0x00, 0x00, 0x00, 0x00,
    0x9f, 0x80, 0x00, 0x00, 0x00, 0x00, 0x2d, 0xf5, 0x00, 0x00, 0x00, 0x00, 0x04, 0xfd, 0x00, 0x00,
    0x00, 0x00, 0x04, 0xee, 0x40, 0x00, 0x00, 0x00, 0x00, 0x1d, 0xf3, 0x00, 0x00, 0x00, 0x00, 0x6f,
    0xd3, 0x00, 0x00, 0x00, 0x00, 0x00, 0x9f, 0x80, 0x00, 0x00, 0x00, 0x08, 0xfc, 0x20, 0x00, 0x00,
    0x00, 0x00, 0x04, 0xfd, 0x00, 0x00, 0x00, 0x00, 0x9f, 0xfd, 0xdd, 0xdd, 0xd7, 0x00, 0x00, 0x1d,
    0xf3, 0x00, 0x00, 0x00, 0x00, 0xcf, 0xff, 0xff, 0xff, 0xf8, 0x0d, 0xff, 0xff, 0xff, 0xff, 0x20,
    0x00, 0x00, 0x00, 0x04, 0xfd, 0x10, 0x00, 0x00, 0x00, 0xbd, 0xdd, 0xdd, 0xef, 0xe1, 0x00, 0x00,
    0x00, 0x01, 0xdf, 0x40, 0x00, 0x00, 0x00, 0x00, 0x00, 0x00, 0x2e, 0xe3, 0x00, 0x00, 0x00, 0x00,
    0x8f, 0x80, 0x00, 0x00, 0x00, 0x00, 0x00, 0x00, 0x2d, 0xe3, 0x00, 0x00, 0x00, 0x00, 0x4f, 0xd1,
    0x00, 0x00, 0x00, 0x00, 0x00, 0x00, 0x1d, 0xf4, 0x00, 0x00, 0x00, 0x00, 0x1d, 0xf4, 0x00, 0x00,
    0x00, 0x00, 0x00, 0x00, 0x08, 0xff, 0xd9, 0x10, 0x00, 0x00, 0x09, 0xf8, 0x00, 0x00, 0x00, 0x00,
    0x00, 0x00, 0x00, 0x47, 0x8b, 0xfe, 0x10, 0x00, 0x04, 0xfd, 0x10, 0x00, 0x00, 0x00, 0x00, 0x00,
    0x00, 0x00, 0x00, 0x09, 0xf7, 0x00, 0x01, 0xdf, 0x30, 0x00, 0x00, 0x00, 0x00, 0x00, 0x00, 0x00,
    0x00, 0x00, 0x6f, 0xa0, 0x00, 0x9f, 0x80, 0x00, 0x00, 0x17, 0x71, 0x00, 0x00, 0xb8, 0x20, 0x00,
    0x3c, 0xf7, 0x00, 0x4f, 0xd0, 0x00, 0x00, 0x09, 0xf8, 0x00, 0x00, 0x1e, 0xff, 0xed, 0xef, 0xfc,
    0x00, 0x1d, 0xf3, 0x00, 0x00, 0x06, 0xfb, 0x00, 0x00, 0x00, 0x17, 0xbe, 0xfe, 0xc7, 0x00, 0x09,
    0xf8, 0x00, 0x00, 0x03, 0xfd, 0x10, 0x00, 0x00, 0x00, 0x00, 0x00, 0x00, 0x00, 0x04, 0xfd, 0x00,
    0x00, 0x01, 0xdf, 0x30, 0x00, 0x00, 0x00, 0x00, 0x00, 0x00, 0x00, 0x01, 0xdf, 0x30, 0x00, 0x00,
    0xbf, 0x60, 0x06, 0x70, 0x00, 0x00, 0x00, 0x00, 0x00, 0x00, 0x9f, 0x80, 0x00, 0x00, 0x8f, 0x90,
    0x00, 0xde, 0x00, 0x00, 0x00, 0x00, 0x00, 0x00, 0x4f, 0xd0, 0x00, 0x00, 0x5f, 0xfa, 0x99, 0x9e,
    0xf9, 0x92, 0x00, 0x00, 0x00, 0x00, 0x1d, 0xf3, 0x00, 0x00, 0x07, 0xff, 0xff, 0xff, 0xff, 0xff,
    0x30, 0x00, 0x00, 0x00, 0x09, 0xf8, 0x00, 0x00, 0x00, 0x00, 0x00, 0x00, 0x0f, 0xe0, 0x00, 0x00,
    0x00, 0x00, 0x04, 0xfd, 0x00, 0x00, 0x00, 0x00, 0x00, 0x00, 0x00, 0xfe, 0x00, 0x00, 0x00, 0x00,
    0x01, 0xdf, 0x30, 0x00, 0x00, 0x00, 0x00, 0x00, 0x00, 0x0f, 0xe0, 0x00, 0x00, 0x00, 0x01, 0xbe,
    0x60, 0x00, 0x00, 0x00, 0x00, 0x00, 0x7f, 0xfe, 0x00, 0x00, 0x00, 0x00, 0x00, 0x07, 0xff, 0xf0,
    0x00, 0x00, 0x00, 0x00, 0x00, 0x1c, 0xe6, 0x00, 0x00, 0x00, 0x00, 0x00, 0x00, 0x00, 0x00, 0x00,
    0x00, 0x00, 0x00, 0x00, 0x00, 0x00, 0x00, 0x00, 0x00, 0x00, 0x00, 0x01, 0x44, 0x20, 0x00, 0x00,
    0x00, 0x00, 0x00, 0x4f, 0xf9, 0x00, 0x00, 0x00, 0x00, 0x00, 0x0a, 0xff, 0x50, 0x00, 0x00, 0x00,
    0x00, 0x07, 0xff, 0xb0, 0x00, 0x00, 0x00, 0x00, 0x08, 0xff, 0xd1, 0x00, 0x00, 0x00, 0x00, 0x08,
    0xff, 0xc1, 0x00, 0x00, 0x00, 0x00, 0x05, 0xff, 0xc1, 0x00, 0x00, 0x00, 0x00, 0x00, 0xcf, 0xf2,
    0x00, 0x00, 0x00, 0x00, 0x00, 0x0f, 0xfc, 0x00, 0x00, 0x00, 0x00, 0x00, 0x00, 0xff, 0xd0, 0x00,
    0x00, 0x00, 0x04, 0x20, 0x0d, 0xff, 0x70, 0x00, 0x00, 0x07, 0xfe, 0x50, 0x6f, 0xff, 0xd8, 0x67,
    0x9d, 0xff, 0xe3, 0x00, 0x7f, 0xff, 0xff, 0xff, 0xff, 0xc3, 0x00, 0x00, 0x28, 0xce, 0xfe, 0xc9,
    0x40, 0x00, 0x00, 0x00, 0x04, 0x88, 0x60, 0x00, 0x00, 0x00, 0x00, 0x00, 0x00, 0x00, 0x00, 0x08,
    0xff, 0x90, 0x00, 0x00, 0x00, 0x00, 0x00, 0x00, 0x00, 0x00, 0x04, 0xef, 0xa0, 0x00, 0x00, 0x00,
    0x00, 0x00, 0x00, 0x00, 0x00, 0x01, 0xbf, 0xb1, 0x00, 0x00, 0x00, 0x00, 0x00, 0x00, 0x00, 0x00,
    0x00, 0x00, 0x00, 0x00, 0x00, 0x00, 0x00, 0x00, 0x00, 0x00, 0x06, 0xff, 0xd0, 0x00, 0x00, 0x00,
    0x00, 0x00, 0x00, 0x00, 0x00, 0xcf, 0xff, 0x40, 0x00, 0x00, 0x00, 0x00, 0x00, 0x00, 0x00, 0x4f,
    0xff, 0xfb, 0x00, 0x00, 0x00, 0x00, 0x00, 0x00, 0x00, 0x0b, 0xfe, 0x9f, 0xf3, 0x00, 0x00, 0x00,
    0x00, 0x00, 0x00, 0x02, 0xff, 0x82, 0xff, 0x90, 0x00, 0x00, 0x00, 0x00, 0x00, 0x00, 0x9f, 0xf2,
    0x0a, 0xff, 0x10, 0x00, 0x00, 0x00, 0x00, 0x00, 0x1e, 0xfa, 0x00, 0x4f, 0xf8, 0x00, 0x00, 0x00,
    0x00, 0x00, 0x07, 0xff, 0x40, 0x00, 0xcf, 0xe1, 0x00, 0x00, 0x00, 0x00, 0x00, 0xef, 0xc0, 0x00,
    0x06, 0xff, 0x60, 0x00, 0x00, 0x00, 0x00, 0x6f, 0xf6, 0x00, 0x00, 0x1e, 0xfd, 0x00, 0x00, 0x00,
    0x00, 0x0c, 0xfe, 0x10, 0x00, 0x00, 0x8f, 0xf4, 0x00, 0x00, 0x00, 0x04, 0xff, 0x80, 0x00, 0x00,
    0x02, 0xff, 0xb0, 0x00, 0x00, 0x00, 0xbf, 0xf5, 0x44, 0x44, 0x44, 0x4c, 0xff, 0x30, 0x00, 0x00,
    0x2f, 0xff, 0xff, 0xff, 0xff, 0xff, 0xff, 0xfa, 0x00, 0x00, 0x09, 0xff, 0xff, 0xff, 0xff, 0xff,
    0xff, 0xff, 0xf2, 0x00, 0x01, 0xef, 0xc0, 0x00, 0x00, 0x00, 0x00, 0x05, 0xff, 0x80, 0x00, 0x7f,
    0xf6, 0x00, 0x00, 0x00, 0x00, 0x00, 0x0e, 0xfe, 0x10, 0x0e, 0xfe, 0x00, 0x00, 0x00, 0x00, 0x00,
    0x00, 0x8f, 0xf6, 0x06, 0xff, 0x80, 0x00, 0x00, 0x00, 0x00, 0x00, 0x01, 0xff, 0xd0, 0xcf, 0xf1,
    0x00, 0x00, 0x00, 0x00, 0x00, 0x00, 0x0a, 0xff, 0x50, 0x00, 0x00, 0x00, 0x00, 0x00, 0x02, 0x88,
    0x71, 0x00, 0x00, 0x00, 0x00, 0x00, 0x00, 0x00, 0x03, 0xef, 0xd3, 0x00, 0x00, 0x00, 0x00, 0x00,
    0x00, 0x00, 0x04, 0xef, 0x91, 0x00, 0x00, 0x00, 0x00, 0x00, 0x00, 0x00, 0x05, 0xfe, 0x60, 0x00,
    0x00, 0x00, 0x00, 0x00, 0x00, 0x00, 0x00, 0x00, 0x00, 0x00, 0x00, 0x00, 0x00, 0x00, 0x00, 0x00,
    0x00, 0x06, 0xff, 0xd0, 0x00, 0x00, 0x00, 0x00, 0x00, 0x00, 0x00, 0x00, 0xcf, 0xff, 0x40, 0x00,
    0x00, 0x00, 0x00, 0x00, 0x00, 0x00, 0x4f, 0xff, 0xfb, 0x00, 0x00, 0x00, 0x00, 0x00, 0x00, 0x00,
    0x0b, 0xfe, 0x9f, 0xf3, 0x00, 0x00, 0x00, 0x00, 0x00, 0x00, 0x02, 0xff, 0x82, 0xff, 0x90, 0x00,
    0x00, 0x00, 0x00, 0x00, 0x00, 0x9f, 0xf2, 0x0a, 0xff, 0x10, 0x00, 0x00, 0x00, 0x00, 0x00, 0x1e,
    0xfa, 0x00, 0x4f, 0xf8, 0x00, 0x00, 0x00, 0x00, 0x00, 0x07, 0xff, 0x40, 0x00, 0xcf, 0xe1, 0x00,
    0x00, 0x00, 0x00, 0x00, 0xef, 0xc0, 0x00, 0x06, 0xff, 0x60, 0x00, 0x00, 0x00, 0x00, 0x6f, 0xf6,
    0x00, 0x00, 0x1e, 0xfd, 0x00, 0x00, 0x00, 0x00, 0x0c, 0xfe, 0x10, 0x00, 0x00, 0x8f, 0xf4, 0x00,
    0x00, 0x00, 0x04, 0xff, 0x80, 0x00, 0x00, 0x02, 0xff, 0xb0, 0x00, 0x00, 0x00, 0xbf, 0xf5, 0x44,
    0x44, 0x44, 0x4c, 0xff, 0x30, 0x00, 0x00, 0x2f, 0xff, 0xff, 0xff, 0xff, 0xff, 0xff, 0xfa, 0x00,
    0x00, 0x09, 0xff, 0xff, 0xff, 0xff, 0xff, 0xff, 0xff, 0xf2, 0x00, 0x01, 0xef, 0xc0, 0x00, 0x00,
    0x00, 0x00, 0x05, 0xff, 0x80, 0x00, 0x7f, 0xf6, 0x00, 0x00, 0x00, 0x00, 0x00, 0x0e, 0xfe, 0x10,
    0x0e, 0xfe, 0x00, 0x00, 0x00, 0x00, 0x00, 0x00, 0x8f, 0xf6, 0x06, 0xff, 0x80, 0x00, 0x00, 0x00,
    0x00, 0x00, 0x01, 0xff, 0xd0, 0xcf, 0xf1, 0x00, 0x00, 0x00, 0x00, 0x00, 0x00, 0x0a, 0xff, 0x50,
    0x00, 0x00, 0x00, 0x00, 0x28, 0x86, 0x00, 0x00, 0x00, 0x00, 0x00, 0x00, 0x00, 0x00, 0x3e, 0xff,
    0xf9, 0x00, 0x00, 0x00, 0x00, 0x00, 0x00, 0x00, 0x3e, 0xf8, 0x3d, 0xfa, 0x00, 0x00, 0x00, 0x00,
    0x00, 0x00, 0x4e, 0xe5, 0x00, 0x1b, 0xfa, 0x00, 0x00, 0x00, 0x00, 0x00, 0x00, 0x00, 0x00, 0x00,
    0x00, 0x00, 0x00, 0x00, 0x00, 0x00, 0x00, 0x00, 0x06, 0xff, 0xd0, 0x00, 0x00, 0x00, 0x00, 0x00,
    0x00, 0x00, 0x00, 0xcf, 0xff, 0x40, 0x00, 0x00, 0x00, 0x00, 0x00, 0x00, 0x00, 0x4f, 0xff, 0xfb,
    0x00, 0x00, 0x00, 0x00, 0x00, 0x00, 0x00, 0x0b, 0xfe, 0x9f, 0xf3, 0x00, 0x00, 0x00, 0x00, 0x00,
    0x00, 0x02, 0xff, 0x82, 0xff, 0x90, 0x00, 0x00, 0x00, 0x00, 0x00, 0x00, 0x9f, 0xf2, 0x0a, 0xff,
    0x10, 0x00, 0x00, 0x00, 0x00, 0x00, 0x1e, 0xfa, 0x00, 0x4f, 0xf8, 0x00, 0x00, 0x00, 0x00, 0x00,
    0x07, 0xff, 0x40, 0x00, 0xcf, 0xe1, 0x00, 0x00, 0x00, 0x00, 0x00, 0xef, 0xc0, 0x00, 0x06, 0xff,
    0x60, 0x00, 0x00, 0x00, 0x00, 0x6f, 0xf6, 0x00, 0x00, 0x1e, 0xfd, 0x00, 0x00, 0x00, 0x00, 0x0c,
    0xfe, 0x10, 0x00, 0x00, 0x8f, 0xf4, 0x00, 0x00, 0x00, 0x04, 0xff, 0x80, 0x00, 0x00, 0x02, 0xff,
    0xb0, 0x00, 0x00, 0x00, 0xbf, 0xf5, 0x44, 0x44, 0x44, 0x4c, 0xff, 0x30, 0x00, 0x00, 0x2f, 0xff,
    0xff, 0xff, 0xff, 0xff, 0xff, 0xfa, 0x00, 0x00, 0x09, 0xff, 0xff, 0xff, 0xff, 0xff, 0xff, 0xff,
    0xf2, 0x00, 0x01, 0xef, 0xc0, 0x00, 0x00, 0x00, 0x00, 0x05, 0xff, 0x80, 0x00, 0x7f, 0xf6, 0x00,
    0x00, 0x00, 0x00, 0x00, 0x0e, 0xfe, 0x10, 0x0e, 0xfe, 0x00, 0x00, 0x00, 0x00, 0x00, 0x00, 0x8f,
    0xf6, 0x06, 0xff, 0x80, 0x00, 0x00, 0x00, 0x00, 0x00, 0x01, 0xff, 0xd0, 0xcf, 0xf1, 0x00, 0x00,
    0x00, 0x00, 0x00, 0x00, 0x0a, 0xff, 0x50, 0x00, 0x00, 0x00, 0x2a, 0xc7, 0x00, 0x08, 0xb0, 0x00,
    0x00, 0x00, 0x00, 0x00, 0x0c, 0xff, 0xfb, 0x11, 0xdb, 0x00, 0x00, 0x00, 0x00, 0x00, 0x03, 0xf9,
    0x18, 0xfe, 0xef, 0x50, 0x00, 0x00, 0x00, 0x00, 0x00, 0x6f, 0x20, 0x05, 0xde, 0x80, 0x00, 0x00,
    0x00, 0x00, 0x00, 0x00, 0x00, 0x00, 0x00, 0x00, 0x00, 0x00, 0x00, 0x00, 0x00, 0x00, 0x00, 0x06,
    0xff, 0xd0, 0x00, 0x00, 0x00, 0x00, 0x00, 0x00, 0x00, 0x00, 0xcf, 0xff, 0x40, 0x00, 0x00, 0x00,
    0x00, 0x00, 0x00, 0x00, 0x4f, 0xff, 0xfb, 0x00, 0x00, 0x00, 0x00, 0x00, 0x00, 0x00, 0x0b, 0xfe,
    0x9f, 0xf3, 0x00, 0x00, 0x00, 0x00, 0x00, 0x00, 0x02, 0xff, 0x82, 0xff, 0x90, 0x00, 0x00, 0x00,
    0x00, 0x00, 0x00, 0x9f, 0xf2, 0x0a, 0xff, 0x10, 0x00, 0x00, 0x00, 0x00, 0x00, 0x1e, 0xfa, 0x00,
    0x4f, 0xf8, 0x00, 0x00, 0x00, 0x00, 0x00, 0x07, 0xff, 0x40, 0x00, 0xcf, 0xe1, 0x00, 0x00, 0x00,
    0x00, 0x00, 0xef, 0xc0, 0x00, 0x06, 0xff, 0x60, 0x00, 0x00, 0x00, 0x00, 0x6f, 0xf6, 0x00, 0x00,
    0x1e, 0xfd, 0x00, 0x00, 0x00, 0x00, 0x0c, 0xfe, 0x10, 0x00, 0x00, 0x8f, 0xf4, 0x00, 0x00, 0x00,
    0x04, 0xff, 0x80, 0x00, 0x00, 0x02, 0xff, 0xb0, 0x00, 0x00, 0x00, 0xbf, 0xf5, 0x44, 0x44, 0x44,
    0x4c, 0xff, 0x30, 0x00, 0x00, 0x2f, 0xff, 0xff, 0xff, 0xff, 0xff, 0xff, 0xfa, 0x00, 0x00, 0x09,
    0xff, 0xff, 0xff, 0xff, 0xff, 0xff, 0xff, 0xf2, 0x00, 0x01, 0xef, 0xc0, 0x00, 0x00, 0x00, 0x00,
    0x05, 0xff, 0x80, 0x00, 0x7f, 0xf6, 0x00, 0x00, 0x00, 0x00, 0x00, 0x0e, 0xfe, 0x10, 0x0e, 0xfe,
    0x00, 0x00, 0x00, 0x00, 0x00, 0x00, 0x8f, 0xf6, 0x06, 0xff, 0x80, 0x00, 0x00, 0x00, 0x00, 0x00,
    0x01, 0xff, 0xd0, 0xcf, 0xf1, 0x00, 0x00, 0x00, 0x00, 0x00, 0x00, 0x0a, 0xff, 0x50, 0x00, 0x00,
    0x00, 0x15, 0x20, 0x00, 0x43, 0x00, 0x00, 0x00, 0x00, 0x00, 0x00, 0x0a, 0xfe, 0x00, 0x7f, 0xf2,
    0x00, 0x00, 0x00, 0x00, 0x00, 0x00, 0x7e, 0xa0, 0x04, 0xec, 0x10, 0x00, 0x00, 0x00, 0x00, 0x00,
    0x00, 0x00, 0x00, 0x00, 0x00, 0x00, 0x00, 0x00, 0x00, 0x00, 0x00, 0x00, 0x00, 0x00, 0x00, 0x00,
    0x00, 0x00, 0x00, 0x00, 0x00, 0x00, 0x06, 0xff, 0xd0, 0x00, 0x00, 0x00, 0x00, 0x00, 0x00, 0x00,
    0x00, 0xcf, 0xff, 0x40, 0x00, 0x00, 0x00, 0x00, 0x00, 0x00, 0x00, 0x4f, 0xff, 0xfb, 0x00, 0x00,
    0x00, 0x00, 0x00, 0x00, 0x00, 0x0b, 0xfe, 0x9f, 0xf3, 0x00, 0x00, 0x00, 0x00, 0x00, 0x00, 0x02,
    0xff, 0x82, 0xff, 0x90, 0x00, 0x00, 0x00, 0x00, 0x00, 0x00, 0x9f, 0xf2, 0x0a, 0xff, 0x10, 0x00,
    0x00, 0x00, 0x00, 0x00, 0x1e, 0xfa, 0x00, 0x4f, 0xf8, 0x00, 0x00, 0x00, 0x00, 0x00, 0x07, 0xff,
    0x40, 0x00, 0xcf, 0xe1, 0x00, 0x00, 0x00, 0x00, 0x00, 0xef, 0xc0, 0x00, 0x06, 0xff, 0x60, 0x00,
    0x00, 0x00, 0x00, 0x6f, 0xf6, 0x00, 0x00, 0x1e, 0xfd, 0x00, 0x00, 0x00, 0x00, 0x0c, 0xfe, 0x10,
    0x00, 0x00, 0x8f, 0xf4, 0x00, 0x00, 0x00, 0x04, 0xff, 0x80, 0x00, 0x00, 0x02, 0xff, 0xb0, 0x00,
    0x00, 0x00, 0xbf, 0xf5, 0x44, 0x44, 0x44, 0x4c, 0xff, 0x30, 0x00, 0x00, 0x2f, 0xff, 0xff, 0xff,
    0xff, 0xff, 0xff, 0xfa, 0x00, 0x00, 0x09, 0xff, 0xff, 0xff, 0xff, 0xff, 0xff, 0xff, 0xf2, 0x00,
    0x01, 0xef, 0xc0, 0x00, 0x00, 0x00, 0x00, 0x05, 0xff, 0x80, 0x00, 0x7f, 0xf6, 0x00, 0x00, 0x00,
    0x00, 0x00, 0x0e, 0xfe, 0x10, 0x0e, 0xfe, 0x00, 0x00, 0x00, 0x00, 0x00, 0x00, 0x8f, 0xf6, 0x06,
    0xff, 0x80, 0x00, 0x00, 0x00, 0x00, 0x00, 0x01, 0xff, 0xd0, 0xcf, 0xf1, 0x00, 0x00, 0x00, 0x00,
    0x00, 0x00, 0x0a, 0xff, 0x50, 0x00, 0x00, 0x00, 0x00, 0x6d, 0xea, 0x20, 0x00, 0x00, 0x00, 0x00,
    0x00, 0x00, 0x00, 0x6e, 0x31, 0x9c, 0x00, 0x00, 0x00, 0x00, 0x00, 0x00, 0x00, 0x0c, 0x70, 0x01,
    0xf3, 0x00, 0x00, 0x00, 0x00, 0x00, 0x00, 0x00, 0xc7, 0x00, 0x1f, 0x30, 0x00, 0x00, 0x00, 0x00,
    0x00, 0x00, 0x06, 0xd3, 0x19, 0xd0, 0x00, 0x00, 0x00, 0x00, 0x00, 0x00, 0x00, 0x07, 0xde, 0xa2,
    0x00, 0x00, 0x00, 0x00, 0x00, 0x00, 0x00, 0x00, 0x00, 0x00, 0x00, 0x00, 0x00, 0x00, 0x00, 0x00,
    0x00, 0x00, 0x00, 0x00, 0x00, 0x00, 0x00, 0x00, 0x00, 0x00, 0x00, 0x00, 0x00, 0x6f, 0xfd, 0x00,
    0x00, 0x00, 0x00, 0x00, 0x00, 0x00, 0x00, 0x0c, 0xff, 0xf4, 0x00, 0x00, 0x00, 0x00, 0x00, 0x00,
    0x00, 0x04, 0xff, 0xff, 0xb0, 0x00, 0x00, 0x00, 0x00, 0x00, 0x00, 0x00, 0xbf, 0xe9, 0xff, 0x30,
    0x00, 0x00, 0x00, 0x00, 0x00, 0x00, 0x2f, 0xf8, 0x2f, 0xf9, 0x00, 0x00, 0x00, 0x00, 0x00, 0x00,
    0x09, 0xff, 0x20, 0xaf, 0xf1, 0x00, 0x00, 0x00, 0x00, 0x00, 0x01, 0xef, 0xa0, 0x04, 0xff, 0x80,
    0x00, 0x00, 0x00, 0x00, 0x00, 0x7f, 0xf4, 0x00, 0x0c, 0xfe, 0x10, 0x00, 0x00, 0x00, 0x00, 0x0e,
    0xfc, 0x00, 0x00, 0x6f, 0xf6, 0x00, 0x00, 0x00, 0x00, 0x06, 0xff, 0x60, 0x00, 0x01, 0xef, 0xd0,
    0x00, 0x00, 0x00, 0x00, 0xcf, 0xe1, 0x00, 0x00, 0x08, 0xff, 0x40, 0x00, 0x00, 0x00, 0x4f, 0xf8,
    0x00, 0x00, 0x00, 0x2f, 0xfb, 0x00, 0x00, 0x00, 0x0b, 0xff, 0x54, 0x44, 0x44, 0x44, 0xcf, 0xf3,
    0x00, 0x00, 0x02, 0xff, 0xff, 0xff, 0xff, 0xff, 0xff, 0xff, 0xa0, 0x00, 0x00, 0x9f, 0xff, 0xff,
    0xff, 0xff, 0xff, 0xff, 0xff, 0x20, 0x00, 0x1e, 0xfc, 0x00, 0x00, 0x00, 0x00, 0x00, 0x5f, 0xf8,
    0x00, 0x07, 0xff, 0x60, 0x00, 0x00, 0x00, 0x00, 0x00, 0xef, 0xe1, 0x00, 0xef, 0xe0, 0x00, 0x00,
    0x00, 0x00, 0x00, 0x08, 0xff, 0x60, 0x6f, 0xf8, 0x00, 0x00, 0x00, 0x00, 0x00, 0x00, 0x1f, 0xfd,
    0x0c, 0xff, 0x10, 0x00, 0x00, 0x00, 0x00, 0x00, 0x00, 0xaf, 0xf5, 0x00, 0x00, 0x00, 0x00, 0x00,
    0x0a, 0xff, 0xff, 0xff, 0xff, 0xff, 0xff, 0xff, 0xf5, 0x00, 0x00, 0x00, 0x00, 0x00, 0x4f, 0xff,
    0xff, 0xff, 0xff, 0xff, 0xff, 0xff, 0xf5, 0x00, 0x00, 0x00, 0x00, 0x00, 0xcf, 0xda, 0xff, 0x85,
    0x55, 0x55, 0x55, 0x55, 0x52, 0x00, 0x00, 0x00, 0x00, 0x06, 0xff, 0x57, 0xff, 0x40, 0x00, 0x00,
    0x00, 0x00, 0x00, 0x00, 0x00, 0x00, 0x00, 0x1e, 0xfb, 0x07, 0xff, 0x40, 0x00, 0x00, 0x00, 0x00,
    0x00, 0x00, 0x00, 0x00, 0x00, 0x9f, 0xf3, 0x07, 0xff, 0x40, 0x00, 0x00, 0x00, 0x00, 0x00, 0x00,
    0x00, 0x00, 0x03, 0xff, 0x90, 0x07, 0xff, 0x40, 0x00, 0x00, 0x00, 0x00, 0x00, 0x00, 0x00, 0x00,
    0x0b, 0xfe, 0x10, 0x07, 0xff, 0x40, 0x00, 0x00, 0x00, 0x00, 0x00, 0x00, 0x00, 0x00, 0x5f, 0xf7,
    0x00, 0x07, 0xff, 0x40, 0x00, 0x00, 0x00, 0x00, 0x00, 0x00, 0x00, 0x00, 0xdf, 0xd0, 0x00, 0x07,
    0xff, 0xff, 0xff, 0xff, 0xff, 0xff, 0x20, 0x00, 0x00, 0x07, 0xff, 0x40, 0x00, 0x07, 0xff, 0xff,
    0xff, 0xff, 0xff, 0xff, 0x20, 0x00, 0x00, 0x2e, 0xfb, 0x00, 0x00, 0x07, 0xff, 0x85, 0x55, 0x55,
    0x55, 0x55, 0x10, 0x00, 0x00, 0xaf, 0xf8, 0x55, 0x55, 0x5a, 0xff, 0x40, 0x00, 0x00, 0x00, 0x00,
    0x00, 0x00, 0x04, 0xff, 0xff, 0xff, 0xff, 0xff, 0xff, 0x40, 0x00, 0x00, 0x00, 0x00, 0x00, 0x00,
    0x0c, 0xff, 0xff, 0xff, 0xff, 0xff, 0xff, 0x40, 0x00, 0x00, 0x00, 0x00, 0x00, 0x00, 0x6f, 0xf7,
    0x00, 0x00, 0x00, 0x07, 0xff, 0x40, 0x00, 0x00, 0x00, 0x00, 0x00, 0x01, 0xef, 0xd0, 0x00, 0x00,
    0x00, 0x07, 0xff, 0x40, 0x00, 0x00, 0x00, 0x00, 0x00, 0x09, 0xff, 0x40, 0x00, 0x00, 0x00, 0x07,
    0xff, 0x85, 0x55, 0x55, 0x55, 0x55, 0x54, 0x3f, 0xfb, 0x00, 0x00, 0x00, 0x00, 0x07, 0xff, 0xff,
    0xff, 0xff, 0xff, 0xff, 0xfb, 0xbf, 0xf2, 0x00, 0x00, 0x00, 0x00, 0x07, 0xff, 0xff, 0xff, 0xff,
    0xff, 0xff, 0xfb, 0x00, 0x00, 0x00, 0x38, 0xce, 0xfe, 0xd9, 0x50, 0x00, 0x00, 0x00, 0x02, 0xbf,
    0xff, 0xff, 0xff, 0xff, 0xd5, 0x00, 0x00, 0x05, 0xef, 0xff, 0xb8, 0x66, 0x9d, 0xff, 0xf8, 0x00,
    0x05, 0xff, 0xfa, 0x20, 0x00, 0x00, 0x06, 0xef, 0xb0, 0x02, 0xef, 0xf6, 0x00, 0x00, 0x00, 0x00,
    0x02, 0x91, 0x00, 0x9f, 0xf9, 0x00, 0x00, 0x00, 0x00, 0x00, 0x00, 0x00, 0x1f, 0xfe, 0x00, 0x00,
    0x00, 0x00, 0x00, 0x00, 0x00, 0x05, 0xff, 0x80, 0x00, 0x00, 0x00, 0x00, 0x00, 0x00, 0x00, 0x8f,
    0xf5, 0x00, 0x00, 0x00, 0x00, 0x00, 0x00, 0x00, 0x09, 0xff, 0x30, 0x00, 0x00, 0x00, 0x00, 0x00,
    0x00, 0x00, 0x9f, 0xf3, 0x00, 0x00, 0x00, 0x00, 0x00, 0x00, 0x00, 0x08, 0xff, 0x50, 0x00, 0x00,
    0x00, 0x00, 0x00, 0x00, 0x00, 0x5f, 0xf8, 0x00, 0x00, 0x00, 0x00, 0x00, 0x00, 0x00, 0x01, 0xff,
    0xe0, 0x00, 0x00, 0x00, 0x00, 0x00, 0x00, 0x00, 0x09, 0xff, 0x90, 0x00, 0x00, 0x00, 0x00, 0x00,
    0x00, 0x00, 0x2e, 0xff, 0x60, 0x00, 0x00, 0x00, 0x00, 0x17, 0x00, 0x00, 0x5f, 0xff, 0xa2, 0x00,
    0x00, 0x00, 0x5d, 0xf9, 0x00, 0x00, 0x5f, 0xff, 0xfb, 0x86, 0x68, 0xdf, 0xff, 0xa0, 0x00, 0x00,
    0x2b, 0xff, 0xff, 0xff, 0xff, 0xfe, 0x60, 0x00, 0x00, 0x00, 0x03, 0x8c, 0xff, 0xed, 0xa6, 0x10,
    0x00, 0x00, 0x00, 0x00, 0x00, 0x0c, 0xb0, 0x00, 0x00, 0x00, 0x00, 0x00, 0x00, 0x00, 0x01, 0xff,
    0xb2, 0x00, 0x00, 0x00, 0x00, 0x00, 0x00, 0x00, 0x00, 0x3f, 0xc0, 0x00, 0x00, 0x00, 0x00, 0x00,
    0x00, 0x11, 0x01, 0xef, 0x00, 0x00, 0x00, 0x00, 0x00, 0x00, 0x0a, 0xfd, 0xff, 0xa0, 0x00, 0x00,
    0x00, 0x00, 0x00, 0x00, 0x7d, 0xfd, 0x91, 0x00, 0x00, 0x00, 0x00, 0x07, 0x88, 0x30, 0x00, 0x00,
    0x00, 0x00, 0x00, 0x02, 0xcf, 0xe4, 0x00, 0x00, 0x00, 0x00, 0x00, 0x00, 0x08, 0xff, 0x50, 0x00,
    0x00, 0x00, 0x00, 0x00, 0x00, 0x4e, 0xf7, 0x00, 0x00, 0x00, 0x00, 0x00, 0x00, 0x00, 0x00, 0x00,
    0x00, 0x00, 0x1f, 0xff, 0xff, 0xff, 0xff, 0xff, 0xff, 0xc0, 0x1f, 0xff, 0xff, 0xff, 0xff, 0xff,
    0xff, 0xc0, 0x1f, 0xfc, 0x55, 0x55, 0x55, 0x55, 0x55, 0x40, 0x1f, 0xfb, 0x00, 0x00, 0x00, 0x00,
    0x00, 0x00, 0x1f, 0xfb, 0x00, 0x00, 0x00, 0x00, 0x00, 0x00, 0x1f, 0xfb, 0x00, 0x00, 0x00, 0x00,
    0x00, 0x00, 0x1f, 0xfb, 0x00, 0x00, 0x00, 0x00, 0x00, 0x00, 0x1f, 0xfb, 0x00, 0x00, 0x00, 0x00,
    0x00, 0x00, 0x1f, 0xfb, 0x00, 0x00, 0x00, 0x00, 0x00, 0x00, 0x1f, 0xff, 0xff, 0xff, 0xff, 0xff,
    0xf8, 0x00, 0x1f, 0xff, 0xff, 0xff, 0xff, 0xff, 0xf8, 0x00, 0x1f, 0xfc, 0x55, 0x55, 0x55, 0x55,
    0x53, 0x00, 0x1f, 0xfb, 0x00, 0x00, 0x00, 0x00, 0x00, 0x00, 0x1f, 0xfb, 0x00, 0x00, 0x00, 0x00,
    0x00, 0x00, 0x1f, 0xfb, 0x00, 0x00, 0x00, 0x00, 0x00, 0x00, 0x1f, 0xfb, 0x00, 0x00, 0x00, 0x00,
    0x00, 0x00, 0x1f, 0xfb, 0x00, 0x00, 0x00, 0x00, 0x00, 0x00, 0x1f, 0xfc, 0x55, 0x55, 0x55, 0x55,
    0x55, 0x51, 0x1f, 0xff, 0xff, 0xff, 0xff, 0xff, 0xff, 0xf3, 0x1f, 0xff, 0xff, 0xff, 0xff, 0xff,
    0xff, 0xf3, 0x00, 0x00, 0x00, 0x00, 0x05, 0x88, 0x50, 0x00, 0x00, 0x00, 0x00, 0x00, 0x7f, 0xf9,
    0x10, 0x00, 0x00, 0x00, 0x00, 0x09, 0xfe, 0x50, 0x00, 0x00, 0x00, 0x00, 0x00, 0xaf, 0xc2, 0x00,
    0x00, 0x00, 0x00, 0x00, 0x00, 0x00, 0x00, 0x00, 0x00, 0x00, 0x1f, 0xff, 0xff, 0xff, 0xff, 0xff,
    0xff, 0xc0, 0x1f, 0xff, 0xff, 0xff, 0xff, 0xff, 0xff, 0xc0, 0x1f, 0xfc, 0x55, 0x55, 0x55, 0x55,
    0x55, 0x40, 0x1f, 0xfb, 0x00, 0x00, 0x00, 0x00, 0x00, 0x00, 0x1f, 0xfb, 0x00, 0x00, 0x00, 0x00,
    0x00, 0x00, 0x1f, 0xfb, 0x00, 0x00, 0x00, 0x00, 0x00, 0x00, 0x1f, 0xfb, 0x00, 0x00, 0x00, 0x00,
    0x00, 0x00, 0x1f, 0xfb, 0x00, 0x00, 0x00, 0x00, 0x00, 0x00, 0x1f, 0xfb, 0x00, 0x00, 0x00, 0x00,
    0x00, 0x00, 0x1f, 0xff, 0xff, 0xff, 0xff, 0xff, 0xf8, 0x00, 0x1f, 0xff, 0xff, 0xff, 0xff, 0xff,
    0xf8, 0x00, 0x1f, 0xfc, 0x55, 0x55, 0x55, 0x55, 0x53, 0x00, 0x1f, 0xfb, 0x00, 0x00, 0x00, 0x00,
    0x00, 0x00, 0x1f, 0xfb, 0x00, 0x00, 0x00, 0x00, 0x00, 0x00, 0x1f, 0xfb, 0x00, 0x00, 0x00, 0x00,
    0x00, 0x00, 0x1f, 0xfb, 0x00, 0x00, 0x00, 0x00, 0x00, 0x00, 0x1f, 0xfb, 0x00, 0x00, 0x00, 0x00,
    0x00, 0x00, 0x1f, 0xfc, 0x55, 0x55, 0x55, 0x55, 0x55, 0x51, 0x1f, 0xff, 0xff, 0xff, 0xff, 0xff,
    0xff, 0xf3, 0x1f, 0xff, 0xff, 0xff, 0xff, 0xff, 0xff, 0xf3, 0x00, 0x00, 0x00, 0x58, 0x83, 0x00,
    0x00, 0x00, 0x00, 0x00, 0x07, 0xff, 0xfe, 0x40, 0x00, 0x00, 0x00, 0x00, 0x8f, 0xe4, 0x7f, 0xf5,
    0x00, 0x00, 0x00, 0x09, 0xfc, 0x20, 0x04, 0xef, 0x60, 0x00, 0x00, 0x00, 0x00, 0x00, 0x00, 0x00,
    0x00, 0x00, 0x1f, 0xff, 0xff, 0xff, 0xff, 0xff, 0xff, 0xc0, 0x1f, 0xff, 0xff, 0xff, 0xff, 0xff,
    0xff, 0xc0, 0x1f, 0xfc, 0x55, 0x55, 0x55, 0x55, 0x55, 0x40, 0x1f, 0xfb, 0x00, 0x00, 0x00, 0x00,
    0x00, 0x00, 0x1f, 0xfb, 0x00, 0x00, 0x00, 0x00, 0x00, 0x00, 0x1f, 0xfb, 0x00, 0x00, 0x00, 0x00,
    0x00, 0x00, 0x1f, 0xfb, 0x00, 0x00, 0x00, 0x00, 0x00, 0x00, 0x1f, 0xfb, 0x00, 0x00, 0x00, 0x00,
    0x00, 0x00, 0x1f, 0xfb, 0x00, 0x00, 0x00, 0x00, 0x00, 0x00, 0x1f, 0xff, 0xff, 0xff, 0xff, 0xff,
    0xf8, 0x00, 0x1f, 0xff, 0xff, 0xff, 0xff, 0xff, 0xf8, 0x00, 0x1f, 0xfc, 0x55, 0x55, 0x55, 0x55,
    0x53, 0x00, 0x1f, 0xfb, 0x00, 0x00, 0x00, 0x00, 0x00, 0x00, 0x1f, 0xfb, 0x00, 0x00, 0x00, 0x00,
    0x00, 0x00, 0x1f, 0xfb, 0x00, 0x00, 0x00, 0x00, 0x00, 0x00, 0x1f, 0xfb, 0x00, 0x00, 0x00, 0x00,
    0x00, 0x00, 0x1f, 0xfb, 0x00, 0x00, 0x00, 0x00, 0x00, 0x00, 0x1f, 0xfc, 0x55, 0x55, 0x55, 0x55,
    0x55, 0x51, 0x1f, 0xff, 0xff, 0xff, 0xff, 0xff, 0xff, 0xf3, 0x1f, 0xff, 0xff, 0xff, 0xff, 0xff,
    0xff, 0xf3, 0x00, 0x00, 0x25, 0x00, 0x01, 0x51, 0x00, 0x00, 0x00, 0x01, 0xef, 0x90, 0x0c, 0xfc,
    0x00, 0x00, 0x00, 0x00, 0xbe, 0x60, 0x09, 0xe8, 0x00, 0x00, 0x00, 0x00, 0x00, 0x00, 0x00, 0x00,
    0x00, 0x00, 0x00, 0x00, 0x00, 0x00, 0x00, 0x00, 0x00, 0x00, 0x1f, 0xff, 0xff, 0xff, 0xff, 0xff,
    0xff, 0xc0, 0x1f, 0xff, 0xff, 0xff, 0xff, 0xff, 0xff, 0xc0, 0x1f, 0xfc, 0x55, 0x55, 0x55, 0x55,
    0x55, 0x40, 0x1f, 0xfb, 0x00, 0x00, 0x00, 0x00, 0x00, 0x00, 0x1f, 0xfb, 0x00, 0x00, 0x00, 0x00,
    0x00, 0x00, 0x1f, 0xfb, 0x00, 0x00, 0x00, 0x00, 0x00, 0x00, 0x1f, 0xfb, 0x00, 0x00, 0x00, 0x00,
    0x00, 0x00, 0x1f, 0xfb, 0x00, 0x00, 0x00, 0x00, 0x00, 0x00, 0x1f, 0xfb, 0x00, 0x00, 0x00, 0x00,
    0x00, 0x00, 0x1f, 0xff, 0xff, 0xff, 0xff, 0xff, 0xf8, 0x00, 0x1f, 0xff, 0xff, 0xff, 0xff, 0xff,
    0xf8, 0x00, 0x1f, 0xfc, 0x55, 0x55, 0x55, 0x55, 0x53, 0x00, 0x1f, 0xfb, 0x00, 0x00, 0x00, 0x00,
    0x00, 0x00, 0x1f, 0xfb, 0x00, 0x00, 0x00, 0x00, 0x00, 0x00, 0x1f, 0xfb, 0x00, 0x00, 0x00, 0x00,
    0x00, 0x00, 0x1f, 0xfb, 0x00, 0x00, 0x00, 0x00, 0x00, 0x00, 0x1f, 0xfb, 0x00, 0x00, 0x00, 0x00,
    0x00, 0x00, 0x1f, 0xfc, 0x55, 0x55, 0x55, 0x55, 0x55, 0x51, 0x1f, 0xff, 0xff, 0xff, 0xff, 0xff,
    0xff, 0xf3, 0x1f, 0xff, 0xff, 0xff, 0xff, 0xff, 0xff, 0xf3, 0x38, 0x87, 0x00, 0x00, 0x07, 0xff,
    0xa0, 0x00, 0x00, 0x3d, 0xfb, 0x10, 0x00, 0x01, 0xaf, 0xc1, 0x00, 0x00, 0x00, 0x00, 0x00, 0x01,
    0xff, 0xb0, 0x00, 0x01, 0xff, 0xb0, 0x00, 0x01, 0xff, 0xb0, 0x00, 0x01, 0xff, 0xb0, 0x00, 0x01,
    0xff, 0xb0, 0x00, 0x01, 0xff, 0xb0, 0x00, 0x01, 0xff, 0xb0, 0x00, 0x01, 0xff, 0xb0, 0x00, 0x01,
    0xff, 0xb0, 0x00, 0x01, 0xff, 0xb0, 0x00, 0x01, 0xff, 0xb0, 0x00, 0x01, 0xff, 0xb0, 0x00, 0x01,
    0xff, 0xb0, 0x00, 0x01, 0xff, 0xb0, 0x00, 0x01, 0xff, 0xb0, 0x00, 0x01, 0xff, 0xb0, 0x00, 0x01,
    0xff, 0xb0, 0x00, 0x01, 0xff, 0xb0, 0x00, 0x01, 0xff, 0xb0, 0x00, 0x01, 0xff, 0xb0, 0x00, 0x02,
    0x78, 0x71, 0x00, 0x2d, 0xfd, 0x30, 0x03, 0xef, 0xa1, 0x00, 0x4e, 0xf7, 0x00, 0x00, 0x00, 0x00,
    0x00, 0x00, 0x1f, 0xfb, 0x00, 0x00, 0x1f, 0xfb, 0x00, 0x00, 0x1f, 0xfb, 0x00, 0x00, 0x1f, 0xfb,
    0x00, 0x00, 0x1f, 0xfb, 0x00, 0x00, 0x1f, 0xfb, 0x00, 0x00, 0x1f, 0xfb, 0x00, 0x00, 0x1f, 0xfb,
    0x00, 0x00, 0x1f, 0xfb, 0x00, 0x00, 0x1f, 0xfb, 0x00, 0x00, 0x1f, 0xfb, 0x00, 0x00, 0x1f, 0xfb,
    0x00, 0x00, 0x1f, 0xfb, 0x00, 0x00, 0x1f, 0xfb, 0x00, 0x00, 0x1f, 0xfb, 0x00, 0x00, 0x1f, 0xfb,
    0x00, 0x00, 0x1f, 0xfb, 0x00, 0x00, 0x1f, 0xfb, 0x00, 0x00, 0x1f, 0xfb, 0x00, 0x00, 0x1f, 0xfb,
    0x00, 0x00, 0x00, 0x02, 0x78, 0x60, 0x00, 0x00, 0x02, 0xdf, 0xff, 0xa0, 0x00, 0x03, 0xef, 0x92,
    0xcf, 0xb1, 0x03, 0xef, 0x60, 0x01, 0xaf, 0xb1, 0x00, 0x00, 0x00, 0x00, 0x00, 0x00, 0x00, 0x1f,
    0xfb, 0x00, 0x00, 0x00, 0x01, 0xff, 0xb0, 0x00, 0x00, 0x00, 0x1f, 0xfb, 0x00, 0x00, 0x00, 0x01,
    0xff, 0xb0, 0x00, 0x00, 0x00, 0x1f, 0xfb, 0x00, 0x00, 0x00, 0x01, 0xff, 0xb0, 0x00, 0x00, 0x00,
    0x1f, 0xfb, 0x00, 0x00, 0x00, 0x01, 0xff, 0xb0, 0x00, 0x00, 0x00, 0x1f, 0xfb, 0x00, 0x00, 0x00,
    0x01, 0xff, 0xb0, 0x00, 0x00, 0x00, 0x1f, 0xfb, 0x00, 0x00, 0x00, 0x01, 0xff, 0xb0, 0x00, 0x00,
    0x00, 0x1f, 0xfb, 0x00, 0x00, 0x00, 0x01, 0xff, 0xb0, 0x00, 0x00, 0x00, 0x1f, 0xfb, 0x00, 0x00,
    0x00, 0x01, 0xff, 0xb0, 0x00, 0x00, 0x00, 0x1f, 0xfb, 0x00, 0x00, 0x00, 0x01, 0xff, 0xb0, 0x00,
    0x00, 0x00, 0x1f, 0xfb, 0x00, 0x00, 0x00, 0x01, 0xff, 0xb0, 0x00, 0x00, 0x05, 0x20, 0x00, 0x43,
    0x09, 0xfe, 0x10, 0x6f, 0xf4, 0x6e, 0xb0, 0x03, 0xed, 0x20, 0x00, 0x00, 0x00, 0x00, 0x00, 0x00,
    0x00, 0x00, 0x00, 0x01, 0xff, 0xb0, 0x00, 0x00, 0x1f, 0xfb, 0x00, 0x00, 0x01, 0xff, 0xb0, 0x00,
    0x00, 0x1f, 0xfb, 0x00, 0x00, 0x01, 0xff, 0xb0, 0x00, 0x00, 0x1f, 0xfb, 0x00, 0x00, 0x01, 0xff,
    0xb0, 0x00, 0x00, 0x1f, 0xfb, 0x00, 0x00, 0x01, 0xff, 0xb0, 0x00, 0x00, 0x1f, 0xfb, 0x00, 0x00,
    0x01, 0xff, 0xb0, 0x00, 0x00, 0x1f, 0xfb, 0x00, 0x00, 0x01, 0xff, 0xb0, 0x00, 0x00, 0x1f, 0xfb,
    0x00, 0x00, 0x01, 0xff, 0xb0, 0x00, 0x00, 0x1f, 0xfb, 0x00, 0x00, 0x01, 0xff, 0xb0, 0x00, 0x00,
    0x1f, 0xfb, 0x00, 0x00, 0x01, 0xff, 0xb0, 0x00, 0x00, 0x1f, 0xfb, 0x00, 0x00, 0x00, 0x0d, 0xff,
    0xff, 0xff, 0xff, 0xec, 0x95, 0x00, 0x00, 0x00, 0x00, 0x0d, 0xff, 0xff, 0xff, 0xff, 0xff, 0xff,
    0xe6, 0x00, 0x00, 0x00, 0x0d, 0xff, 0x55, 0x55, 0x56, 0x7a, 0xef, 0xff, 0xa1, 0x00, 0x00, 0x0d,
    0xfe, 0x00, 0x00, 0x00, 0x00, 0x16, 0xef, 0xfb, 0x00, 0x00, 0x0d, 0xfe, 0x00, 0x00, 0x00, 0x00,
    0x00, 0x2d, 0xff, 0x70, 0x00, 0x0d, 0xfe, 0x00, 0x00, 0x00, 0x00, 0x00, 0x03, 0xff, 0xe1, 0x00,
    0x0d, 0xfe, 0x00, 0x00, 0x00, 0x00, 0x00, 0x00, 0x9f, 0xf6, 0x00, 0x0d, 0xfe, 0x00, 0x00, 0x00,
    0x00, 0x00, 0x00, 0x3f, 0xfb, 0x45, 0x5f, 0xff, 0x55, 0x55, 0x53, 0x00, 0x00, 0x00, 0x0f, 0xfd,
    0xaf, 0xff, 0xff, 0xff, 0xff, 0xf8, 0x00, 0x00, 0x00, 0x0d, 0xff, 0xaf, 0xff, 0xff, 0xff, 0xff,
    0xf8, 0x00, 0x00, 0x00, 0x0d, 0xff, 0x00, 0x0d, 0xfe, 0x00, 0x00, 0x00, 0x00, 0x00, 0x00, 0x0f,
    0xfd, 0x00, 0x0d, 0xfe, 0x00, 0x00, 0x00, 0x00, 0x00, 0x00, 0x3f, 0xfb, 0x00, 0x0d, 0xfe, 0x00,
    0x00, 0x00, 0x00, 0x00, 0x00, 0x9f, 0xf6, 0x00, 0x0d, 0xfe, 0x00, 0x00, 0x00, 0x00, 0x00, 0x03,
    0xff, 0xe1, 0x00, 0x0d, 0xfe, 0x00, 0x00, 0x00, 0x00, 0x00, 0x2d, 0xff, 0x70, 0x00, 0x0d, 0xfe,
    0x00, 0x00, 0x00, 0x00, 0x06, 0xef, 0xfb, 0x00, 0x00, 0x0d, 0xff, 0x55, 0x55, 0x56, 0x79, 0xef,
    0xff, 0xa1, 0x00, 0x00, 0x0d, 0xff, 0xff, 0xff, 0xff, 0xff, 0xff, 0xe6, 0x00, 0x00, 0x00, 0x0d,
    0xff, 0xff, 0xff, 0xff, 0xec, 0xa5, 0x00, 0x00, 0x00, 0x00, 0x00, 0x01, 0xac, 0x81, 0x00, 0x7c,
    0x00, 0x00, 0x00, 0x00, 0x0b, 0xff, 0xfc, 0x21, 0xdc, 0x00, 0x00, 0x00, 0x00, 0x2f, 0xa1, 0x7f,
    0xfe, 0xf7, 0x00, 0x00, 0x00, 0x00, 0x5f, 0x30, 0x04, 0xdf, 0x90, 0x00, 0x00, 0x00, 0x00, 0x00,
    0x00, 0x00, 0x00, 0x00, 0x00, 0x00, 0x1f, 0xf9, 0x00, 0x00, 0x00, 0x00, 0x00, 0x0f, 0xfc, 0x1f,
    0xff, 0x60, 0x00, 0x00, 0x00, 0x00, 0x0f, 0xfc, 0x1f, 0xff, 0xf3, 0x00, 0x00, 0x00, 0x00, 0x0f,
    0xfc, 0x1f, 0xff, 0xfd, 0x10, 0x00, 0x00, 0x00, 0x0f, 0xfc, 0x1f, 0xff, 0xff, 0xb0, 0x00, 0x00,
    0x00, 0x0f, 0xfc, 0x1f, 0xfc, 0xdf, 0xf8, 0x00, 0x00, 0x00, 0x0f, 0xfc, 0x1f, 0xfb, 0x3f, 0xff,
    0x50, 0x00, 0x00, 0x0f, 0xfc, 0x1f, 0xfb, 0x06, 0xff, 0xe3, 0x00, 0x00, 0x0f, 0xfc, 0x1f, 0xfb,
    0x00, 0x9f, 0xfd, 0x10, 0x00, 0x0f, 0xfc, 0x1f, 0xfb, 0x00, 0x0c, 0xff, 0xb0, 0x00, 0x0f, 0xfc,
    0x1f, 0xfb, 0x00, 0x02, 0xef, 0xf8, 0x00, 0x0f, 0xfc, 0x1f, 0xfb, 0x00, 0x00, 0x4f, 0xff, 0x40,
    0x0f, 0xfc, 0x1f, 0xfb, 0x00, 0x00, 0x07, 0xff, 0xe2, 0x0f, 0xfc, 0x1f, 0xfb, 0x00, 0x00, 0x00,
    0xaf, 0xfc, 0x1f, 0xfc, 0x1f, 0xfb, 0x00, 0x00, 0x00, 0x1c, 0xff, 0xaf, 0xfc, 0x1f, 0xfb, 0x00,
    0x00, 0x00, 0x02, 0xef, 0xff, 0xfc, 0x1f, 0xfb, 0x00, 0x00, 0x00, 0x00, 0x4f, 0xff, 0xfc, 0x1f,
    0xfb, 0x00, 0x00, 0x00, 0x00, 0x07, 0xff, 0xfc, 0x1f, 0xfb, 0x00, 0x00, 0x00, 0x00, 0x00, 0xaf,
    0xfc, 0x1f, 0xfb, 0x00, 0x00, 0x00, 0x00, 0x00, 0x1d, 0xfc, 0x00, 0x00, 0x01, 0x78, 0x83, 0x00,
    0x00, 0x00, 0x00, 0x00, 0x00, 0x00, 0x00, 0x00, 0x3c, 0xfe, 0x30, 0x00, 0x00, 0x00, 0x00, 0x00,
    0x00, 0x00, 0x00, 0x01, 0x9f, 0xe4, 0x00, 0x00, 0x00, 0x00, 0x00, 0x00, 0x00, 0x00, 0x00, 0x05,
    0xef, 0x50, 0x00, 0x00, 0x00, 0x00, 0x00, 0x00, 0x00, 0x00, 0x00, 0x00, 0x00, 0x00, 0x00, 0x00,
    0x00, 0x00, 0x00, 0x00, 0x38, 0xce, 0xfe, 0xda, 0x61, 0x00, 0x00, 0x00, 0x00, 0x00, 0x2b, 0xff,
    0xff, 0xff, 0xff, 0xfe, 0x70, 0x00, 0x00, 0x00, 0x05, 0xef, 0xff, 0xb8, 0x67, 0x9d, 0xff, 0xfb,
    0x10, 0x00, 0x00, 0x4f, 0xff, 0xa2, 0x00, 0x00, 0x00, 0x5e, 0xff, 0xc1, 0x00, 0x01, 0xef, 0xf6,
    0x00, 0x00, 0x00, 0x00, 0x01, 0xcf, 0xf9, 0x00, 0x09, 0xff, 0x90, 0x00, 0x00, 0x00, 0x00, 0x00,
    0x2e, 0xff, 0x20, 0x1f, 0xfe, 0x00, 0x00, 0x00, 0x00, 0x00, 0x00, 0x07, 0xff, 0x80, 0x5f, 0xf8,
    0x00, 0x00, 0x00, 0x00, 0x00, 0x00, 0x01, 0xff, 0xd0, 0x8f, 0xf5, 0x00, 0x00, 0x00, 0x00, 0x00,
    0x00, 0x00, 0xcf, 0xf1, 0x9f, 0xf3, 0x00, 0x00, 0x00, 0x00, 0x00, 0x00, 0x00, 0xaf, 0xf2, 0x9f,
    0xf3, 0x00, 0x00, 0x00, 0x00, 0x00, 0x00, 0x00, 0xaf, 0xf2, 0x8f, 0xf5, 0x00, 0x00, 0x00, 0x00,
    0x00, 0x00, 0x00, 0xcf, 0xf1, 0x5f, 0xf8, 0x00, 0x00, 0x00, 0x00, 0x00, 0x00, 0x01, 0xff, 0xd0,
    0x1f, 0xfe, 0x00, 0x00, 0x00, 0x00, 0x00, 0x00, 0x07, 0xff, 0x80, 0x09, 0xff, 0x90, 0x00, 0x00,
    0x00, 0x00, 0x00, 0x2e, 0xff, 0x20, 0x02, 0xef, 0xf6, 0x00, 0x00, 0x00, 0x00, 0x01, 0xcf, 0xf9,
    0x00, 0x00, 0x4f, 0xff, 0x92, 0x00, 0x00, 0x00, 0x5e, 0xff, 0xc1, 0x00, 0x00, 0x05, 0xef, 0xff,
    0xb8, 0x67, 0x9d, 0xff, 0xfb, 0x10, 0x00, 0x00, 0x00, 0x2b, 0xff, 0xff, 0xff, 0xff, 0xfe, 0x70,
    0x00, 0x00, 0x00, 0x00, 0x00, 0x38, 0xce, 0xfe, 0xda, 0x61, 0x00, 0x00, 0x00, 0x00, 0x00, 0x00,
    0x00, 0x00, 0x00, 0x68, 0x84, 0x00, 0x00, 0x00, 0x00, 0x00, 0x00, 0x00, 0x00, 0x09, 0xff, 0x80,
    0x00, 0x00, 0x00, 0x00, 0x00, 0x00, 0x00, 0x00, 0xaf, 0xe4, 0x00, 0x00, 0x00, 0x00, 0x00, 0x00,
    0x00, 0x00, 0x1b, 0xfb, 0x20, 0x00, 0x00, 0x00, 0x00, 0x00, 0x00, 0x00, 0x00, 0x00, 0x00, 0x00,
    0x00, 0x00, 0x00, 0x00, 0x00, 0x00, 0x00, 0x38, 0xce, 0xfe, 0xda, 0x61, 0x00, 0x00, 0x00, 0x00,
    0x00, 0x2b, 0xff, 0xff, 0xff, 0xff, 0xfe, 0x70, 0x00, 0x00, 0x00, 0x05, 0xef, 0xff, 0xb8, 0x67,
    0x9d, 0xff, 0xfb, 0x10, 0x00, 0x00, 0x4f, 0xff, 0xa2, 0x00, 0x00, 0x00, 0x5e, 0xff, 0xc1, 0x00,
    0x01, 0xef, 0xf6, 0x00, 0x00, 0x00, 0x00, 0x01, 0xcf, 0xf9, 0x00, 0x09, 0xff, 0x90, 0x00, 0x00,
    0x00, 0x00, 0x00, 0x2e, 0xff, 0x20, 0x1f, 0xfe, 0x00, 0x00, 0x00, 0x00, 0x00, 0x00, 0x07, 0xff,
    0x80, 0x5f, 0xf8, 0x00, 0x00, 0x00, 0x00, 0x00, 0x00, 0x01, 0xff, 0xd0, 0x8f, 0xf5, 0x00, 0x00,
    0x00, 0x00, 0x00, 0x00, 0x00, 0xcf, 0xf1, 0x9f, 0xf3, 0x00, 0x00, 0x00, 0x00, 0x00, 0x00, 0x00,
    0xaf, 0xf2, 0x9f, 0xf3, 0x00, 0x00, 0x00, 0x00, 0x00, 0x00, 0x00, 0xaf, 0xf2, 0x8f, 0xf5, 0x00,
    0x00, 0x00, 0x00, 0x00, 0x00, 0x00, 0xcf, 0xf1, 0x5f, 0xf8, 0x00, 0x00, 0x00, 0x00, 0x00, 0x00,
    0x01, 0xff, 0xd0, 0x1f, 0xfe, 0x00, 0x00, 0x00, 0x00, 0x00, 0x00, 0x07, 0xff, 0x80, 0x09, 0xff,
    0x90, 0x00, 0x00, 0x00, 0x00, 0x00, 0x2e, 0xff, 0x20, 0x02, 0xef, 0xf6, 0x00, 0x00, 0x00, 0x00,
    0x01, 0xcf, 0xf9, 0x00, 0x00, 0x4f, 0xff, 0x92, 0x00, 0x00, 0x00, 0x5e, 0xff, 0xc1, 0x00, 0x00,
    0x05, 0xef, 0xff, 0xb8, 0x67, 0x9d, 0xff, 0xfb, 0x10, 0x00, 0x00, 0x00, 0x2b, 0xff, 0xff, 0xff,
    0xff, 0xfe, 0x70, 0x00, 0x00, 0x00, 0x00, 0x00, 0x38, 0xce, 0xfe, 0xda, 0x61, 0x00, 0x00, 0x00,
    0x00, 0x00, 0x00, 0x00, 0x06, 0x88, 0x30, 0x00, 0x00, 0x00, 0x00, 0x00, 0x00, 0x00, 0x00, 0x8f,
    0xff, 0xe3, 0x00, 0x00, 0x00, 0x00, 0x00, 0x00, 0x00, 0x09, 0xfd, 0x38, 0xfe, 0x40, 0x00, 0x00,
    0x00, 0x00, 0x00, 0x00, 0xaf, 0xb1, 0x00, 0x5e, 0xf4, 0x00, 0x00, 0x00, 0x00, 0x00, 0x00, 0x00,
    0x00, 0x00, 0x00, 0x00, 0x00, 0x00, 0x00, 0x00, 0x00, 0x00, 0x38, 0xce, 0xfe, 0xda, 0x61, 0x00,
    0x00, 0x00, 0x00, 0x00, 0x2b, 0xff, 0xff, 0xff, 0xff, 0xfe, 0x70, 0x00, 0x00, 0x00, 0x05, 0xef,
    0xff, 0xb8, 0x67, 0x9d, 0xff, 0xfb, 0x10, 0x00, 0x00, 0x4f, 0xff, 0xa2, 0x00, 0x00, 0x00, 0x5e,
    0xff, 0xc1, 0x00, 0x01, 0xef, 0xf6, 0x00, 0x00, 0x00, 0x00, 0x01, 0xcf, 0xf9, 0x00, 0x09, 0xff,
    0x90, 0x00, 0x00, 0x00, 0x00, 0x00, 0x2e, 0xff, 0x20, 0x1f, 0xfe, 0x00, 0x00, 0x00, 0x00, 0x00,
    0x00, 0x07, 0xff, 0x80, 0x5f, 0xf8, 0x00, 0x00, 0x00, 0x00, 0x00, 0x00, 0x01, 0xff, 0xd0, 0x8f,
    0xf5, 0x00, 0x00, 0x00, 0x00, 0x00, 0x00, 0x00, 0xcf, 0xf1, 0x9f, 0xf3, 0x00, 0x00, 0x00, 0x00,
    0x00, 0x00, 0x00, 0xaf, 0xf2, 0x9f, 0xf3, 0x00, 0x00, 0x00, 0x00, 0x00, 0x00, 0x00, 0xaf, 0xf2,
    0x8f, 0xf5, 0x00, 0x00, 0x00, 0x00, 0x00, 0x00, 0x00, 0xcf, 0xf1, 0x5f, 0xf8, 0x00, 0x00, 0x00,
    0x00, 0x00, 0x00, 0x01, 0xff, 0xd0, 0x1f, 0xfe, 0x00, 0x00, 0x00, 0x00, 0x00, 0x00, 0x07, 0xff,
    0x80, 0x09, 0xff, 0x90, 0x00, 0x00, 0x00, 0x00, 0x00, 0x2e, 0xff, 0x20, 0x02, 0xef, 0xf6, 0x00,
    0x00, 0x00, 0x00, 0x01, 0xcf, 0xf9, 0x00, 0x00, 0x4f, 0xff, 0x92, 0x00, 0x00, 0x00, 0x5e, 0xff,
    0xc1, 0x00, 0x00, 0x05, 0xef, 0xff, 0xb8, 0x67, 0x9d, 0xff, 0xfb, 0x10, 0x00, 0x00, 0x00, 0x2b,
    0xff, 0xff, 0xff, 0xff, 0xfe, 0x70, 0x00, 0x00, 0x00, 0x00, 0x00, 0x38, 0xce, 0xfe, 0xda, 0x61,
    0x00, 0x00, 0x00, 0x00, 0x00, 0x00, 0x06, 0xcb, 0x30, 0x01, 0xd5, 0x00, 0x00, 0x00, 0x00, 0x00,
    0x00, 0x4f, 0xff, 0xf6, 0x06, 0xf4, 0x00, 0x00, 0x00, 0x00, 0x00, 0x00, 0xae, 0x33, 0xdf, 0xef,
    0xd0, 0x00, 0x00, 0x00, 0x00, 0x00, 0x00, 0xda, 0x00, 0x19, 0xed, 0x30, 0x00, 0x00, 0x00, 0x00,
    0x00, 0x00, 0x00, 0x00, 0x00, 0x00, 0x00, 0x00, 0x00, 0x00, 0x00, 0x00, 0x00, 0x38, 0xce, 0xfe,
    0xda, 0x61, 0x00, 0x00, 0x00, 0x00, 0x00, 0x2b, 0xff, 0xff, 0xff, 0xff, 0xfe, 0x70, 0x00, 0x00,
    0x00, 0x05, 0xef, 0xff, 0xb8, 0x67, 0x9d, 0xff, 0xfb, 0x10, 0x00, 0x00, 0x4f, 0xff, 0xa2, 0x00,
    0x00, 0x00, 0x5e, 0xff, 0xc1, 0x00, 0x01, 0xef, 0xf6, 0x00, 0x00, 0x00, 0x00, 0x01, 0xcf, 0xf9,
    0x00, 0x09, 0xff, 0x90, 0x00, 0x00, 0x00, 0x00, 0x00, 0x2e, 0xff, 0x20, 0x1f, 0xfe, 0x00, 0x00,
    0x00, 0x00, 0x00, 0x00, 0x07, 0xff, 0x80, 0x5f, 0xf8, 0x00, 0x00, 0x00, 0x00, 0x00, 0x00, 0x01,
    0xff, 0xd0, 0x8f, 0xf5, 0x00, 0x00, 0x00, 0x00, 0x00, 0x00, 0x00, 0xcf, 0xf1, 0x9f, 0xf3, 0x00,
    0x00, 0x00, 0x00, 0x00, 0x00, 0x00, 0xaf, 0xf2, 0x9f, 0xf3, 0x00, 0x00, 0x00, 0x00, 0x00, 0x00,
    0x00, 0xaf, 0xf2, 0x8f, 0xf5, 0x00, 0x00, 0x00, 0x00, 0x00, 0x00, 0x00, 0xcf, 0xf1, 0x5f, 0xf8,
    0x00, 0x00, 0x00, 0x00, 0x00, 0x00, 0x01, 0xff, 0xd0, 0x1f, 0xfe, 0x00, 0x00, 0x00, 0x00, 0x00,
    0x00, 0x07, 0xff, 0x80, 0x09, 0xff, 0x90, 0x00, 0x00, 0x00, 0x00, 0x00, 0x2e, 0xff, 0x20, 0x02,
    0xef, 0xf6, 0x00, 0x00, 0x00, 0x00, 0x01, 0xcf, 0xf9, 0x00, 0x00, 0x4f, 0xff, 0x92, 0x00, 0x00,
    0x00, 0x5e, 0xff, 0xc1, 0x00, 0x00, 0x05, 0xef, 0xff, 0xb8, 0x67, 0x9d, 0xff, 0xfb, 0x10, 0x00,
    0x00, 0x00, 0x2b, 0xff, 0xff, 0xff, 0xff, 0xfe, 0x70, 0x00, 0x00, 0x00, 0x00, 0x00, 0x38, 0xce,
    0xfe, 0xda, 0x61, 0x00, 0x00, 0x00, 0x00, 0x00, 0x00, 0x03, 0x40, 0x00, 0x25, 0x10, 0x00, 0x00,
    0x00, 0x00, 0x00, 0x00, 0x2f, 0xf7, 0x00, 0xef, 0xa0, 0x00, 0x00, 0x00, 0x00, 0x00, 0x00, 0x1c,
    0xe4, 0x00, 0xae, 0x70, 0x00, 0x00, 0x00, 0x00, 0x00, 0x00, 0x00, 0x00, 0x00, 0x00, 0x00, 0x00,
    0x00, 0x00, 0x00, 0x00, 0x00, 0x00, 0x00, 0x00, 0x00, 0x00, 0x00, 0x00, 0x00, 0x00, 0x00, 0x00,
    0x38, 0xce, 0xfe, 0xda, 0x61, 0x00, 0x00, 0x00, 0x00, 0x00, 0x2b, 0xff, 0xff, 0xff, 0xff, 0xfe,
    0x70, 0x00, 0x00, 0x00, 0x05, 0xef, 0xff, 0xb8, 0x67, 0x9d, 0xff, 0xfb, 0x10, 0x00, 0x00, 0x4f,
    0xff, 0xa2, 0x00, 0x00, 0x00, 0x5e, 0xff, 0xc1, 0x00, 0x01, 0xef, 0xf6, 0x00, 0x00, 0x00, 0x00,
    0x01, 0xcf, 0xf9, 0x00, 0x09, 0xff, 0x90, 0x00, 0x00, 0x00, 0x00, 0x00, 0x2e, 0xff, 0x20, 0x1f,
    0xfe, 0x00, 0x00, 0x00, 0x00, 0x00, 0x00, 0x07, 0xff, 0x80, 0x5f, 0xf8, 0x00, 0x00, 0x00, 0x00,
    0x00, 0x00, 0x01, 0xff, 0xd0, 0x8f, 0xf5, 0x00, 0x00, 0x00, 0x00, 0x00, 0x00, 0x00, 0xcf, 0xf1,
    0x9f, 0xf3, 0x00, 0x00, 0x00, 0x00, 0x00, 0x00, 0x00, 0xaf, 0xf2, 0x9f, 0xf3, 0x00, 0x00, 0x00,
    0x00, 0x00, 0x00, 0x00, 0xaf, 0xf2, 0x8f, 0xf5, 0x00, 0x00, 0x00, 0x00, 0x00, 0x00, 0x00, 0xcf,
    0xf1, 0x5f, 0xf8, 0x00, 0x00, 0x00, 0x00, 0x00, 0x00, 0x01, 0xff, 0xd0, 0x1f, 0xfe, 0x00, 0x00,
    0x00, 0x00, 0x00, 0x00, 0x07, 0xff, 0x80, 0x09, 0xff, 0x90, 0x00, 0x00, 0x00, 0x00, 0x00, 0x2e,
    0xff, 0x20, 0x02, 0xef, 0xf6, 0x00, 0x00, 0x00, 0x00, 0x01, 0xcf, 0xf9, 0x00, 0x00, 0x4f, 0xff,
    0x92, 0x00, 0x00, 0x00, 0x5e, 0xff, 0xc1, 0x00, 0x00, 0x05, 0xef, 0xff, 0xb8, 0x67, 0x9d, 0xff,
    0xfb, 0x10, 0x00, 0x00, 0x00, 0x2b, 0xff, 0xff, 0xff, 0xff, 0xfe, 0x70, 0x00, 0x00, 0x00, 0x00,
    0x00, 0x38, 0xce, 0xfe, 0xda, 0x61, 0x00, 0x00, 0x00, 0x2c, 0x20, 0x00, 0x00, 0xb5, 0x0b, 0xfd,
    0x20, 0x00, 0xbf, 0xf2, 0x2e, 0xfd, 0x20, 0xbf, 0xf6, 0x00, 0x3e, 0xfd, 0xbf, 0xf6, 0x00, 0x00,
    0x3e, 0xff, 0xf6, 0x00, 0x00, 0x00, 0xbf, 0xfe, 0x20, 0x00, 0x00, 0xaf, 0xfe, 0xfd, 0x20, 0x00,
    0xaf, 0xf6, 0x3e, 0xfd, 0x20, 0xaf, 0xf6, 0x00, 0x3e, 0xfd, 0x16, 0xf7, 0x00, 0x00, 0x3e, 0xa0,
    0x03, 0x00, 0x00, 0x00, 0x30, 0x00, 0x00, 0x00, 0x00, 0x00, 0x00, 0x00, 0x00, 0x00, 0x01, 0x77,
    0x10, 0x00, 0x00, 0x00, 0x00, 0x00, 0x00, 0x00, 0x00, 0x09, 0xf9, 0x00, 0x00, 0x00, 0x00, 0x38,
    0xce, 0xfe, 0xda, 0x61, 0x5f, 0xd1, 0x00, 0x00, 0x00, 0x2b, 0xff, 0xff, 0xff, 0xff, 0xff, 0xff,
    0x30, 0x00, 0x00, 0x05, 0xef, 0xff, 0xb8, 0x67, 0x9d, 0xff, 0xff, 0x10, 0x00, 0x00, 0x4f, 0xff,
    0xa2, 0x00, 0x00, 0x00, 0xcf, 0xff, 0xc1, 0x00, 0x01, 0xef, 0xf6, 0x00, 0x00, 0x00, 0x03, 0xff,
    0xef, 0xf9, 0x00, 0x09, 0xff, 0x90, 0x00, 0x00, 0x00, 0x1d, 0xf4, 0x2e, 0xff, 0x20, 0x1f, 0xfe,
    0x00, 0x00, 0x00, 0x00, 0x9f, 0x90, 0x07, 0xff, 0x80, 0x5f, 0xf8, 0x00, 0x00, 0x00, 0x05, 0xfc,
    0x00, 0x01, 0xff, 0xd0, 0x8f, 0xf5, 0x00, 0x00, 0x00, 0x2e, 0xf3, 0x00, 0x00, 0xcf, 0xf1, 0x9f,
    0xf3, 0x00, 0x00, 0x00, 0xbf, 0x60, 0x00, 0x00, 0xaf, 0xf2, 0x9f, 0xf3, 0x00, 0x00, 0x07, 0xfb,
    0x00, 0x00, 0x00, 0xaf, 0xf2, 0x8f, 0xf5, 0x00, 0x00, 0x3f, 0xe1, 0x00, 0x00, 0x00, 0xcf, 0xf1,
    0x5f, 0xf8, 0x00, 0x01, 0xdf, 0x40, 0x00, 0x00, 0x01, 0xff, 0xd0, 0x1f, 0xfe, 0x00, 0x09, 0xf8,
    0x00, 0x00, 0x00, 0x07, 0xff, 0x80, 0x09, 0xff, 0x90, 0x5f, 0xc0, 0x00, 0x00, 0x00, 0x2e, 0xff,
    0x20, 0x02, 0xef, 0xf8, 0xee, 0x20, 0x00, 0x00, 0x01, 0xcf, 0xf9, 0x00, 0x00, 0x4f, 0xff, 0xf8,
    0x00, 0x00, 0x00, 0x5e, 0xff, 0xc1, 0x00, 0x00, 0x05, 0xff, 0xff, 0xb8, 0x67, 0x9d, 0xff, 0xfb,
    0x10, 0x00, 0x00, 0x03, 0xff, 0xff, 0xff, 0xff, 0xff, 0xfe, 0x70, 0x00, 0x00, 0x00, 0x1d, 0xf4,
    0x38, 0xce, 0xfe, 0xda, 0x61, 0x00, 0x00, 0x00, 0x00, 0xaf, 0x80, 0x00, 0x00, 0x00, 0x00, 0x00,
    0x00, 0x00, 0x00, 0x05, 0xfc, 0x00, 0x00, 0x00, 0x00, 0x00, 0x00, 0x00, 0x00, 0x00, 0x00, 0x00,
    0x58, 0x85, 0x00, 0x00, 0x00, 0x00, 0x00, 0x00, 0x00, 0x1a, 0xff, 0x70, 0x00, 0x00, 0x00, 0x00,
    0x00, 0x00, 0x00, 0x6e, 0xf8, 0x00, 0x00, 0x00, 0x00, 0x00, 0x00, 0x00, 0x03, 0xdf, 0x90, 0x00,
    0x00, 0x00, 0x00, 0x00, 0x00, 0x00, 0x00, 0x00, 0x00, 0x00, 0x00, 0x4f, 0xf9, 0x00, 0x00, 0x00,
    0x00, 0x00, 0x6f, 0xf5, 0x4f, 0xf9, 0x00, 0x00, 0x00, 0x00, 0x00, 0x6f, 0xf5, 0x4f, 0xf9, 0x00,
    0x00, 0x00, 0x00, 0x00, 0x6f, 0xf5, 0x4f, 0xf9, 0x00, 0x00, 0x00, 0x00, 0x00, 0x6f, 0xf5, 0x4f,
    0xf9, 0x00, 0x00, 0x00, 0x00, 0x00, 0x6f, 0xf5, 0x4f, 0xf9, 0x00, 0x00, 0x00, 0x00, 0x00, 0x6f,
    0xf5, 0x4f, 0xf9, 0x00, 0x00, 0x00, 0x00, 0x00, 0x6f, 0xf5, 0x4f, 0xf9, 0x00, 0x00, 0x00, 0x00,
    0x00, 0x6f, 0xf5, 0x4f, 0xf9, 0x00, 0x00, 0x00, 0x00, 0x00, 0x6f, 0xf5, 0x4f, 0xf9, 0x00, 0x00,
    0x00, 0x00, 0x00, 0x6f, 0xf5, 0x4f, 0xf9, 0x00, 0x00, 0x00, 0x00, 0x00, 0x6f, 0xf5, 0x3f, 0xf9,
    0x00, 0x00, 0x00, 0x00, 0x00, 0x6f, 0xf5, 0x2f, 0xfa, 0x00, 0x00, 0x00, 0x00, 0x00, 0x7f, 0xf4,
    0x1f, 0xfc, 0x00, 0x00, 0x00, 0x00, 0x00, 0x9f, 0xf2, 0x0c, 0xff, 0x20, 0x00, 0x00, 0x00, 0x00,
    0xdf, 0xe0, 0x07, 0xff, 0x90, 0x00, 0x00, 0x00, 0x06, 0xff, 0x90, 0x01, 0xef, 0xf7, 0x00, 0x00,
    0x00, 0x5f, 0xfe, 0x20, 0x00, 0x4f, 0xff, 0xd8, 0x66, 0x8c, 0xff, 0xf5, 0x00, 0x00, 0x03, 0xdf,
    0xff, 0xff, 0xff, 0xfe, 0x50, 0x00, 0x00, 0x00, 0x06, 0xad, 0xef, 0xdb, 0x61, 0x00, 0x00, 0x00,
    0x00, 0x00, 0x00, 0x00, 0x48, 0x86, 0x00, 0x00, 0x00, 0x00, 0x00, 0x00, 0x05, 0xff, 0xb2, 0x00,
    0x00, 0x00, 0x00, 0x00, 0x00, 0x6f, 0xf8, 0x00, 0x00, 0x00, 0x00, 0x00, 0x00, 0x07, 0xfe, 0x40,
    0x00, 0x00, 0x00, 0x00, 0x00, 0x00, 0x00, 0x00, 0x00, 0x00, 0x00, 0x00, 0x4f, 0xf9, 0x00, 0x00,
    0x00, 0x00, 0x00, 0x6f, 0xf5, 0x4f, 0xf9, 0x00, 0x00, 0x00, 0x00, 0x00, 0x6f, 0xf5, 0x4f, 0xf9,
    0x00, 0x00, 0x00, 0x00, 0x00, 0x6f, 0xf5, 0x4f, 0xf9, 0x00, 0x00, 0x00, 0x00, 0x00, 0x6f, 0xf5,
    0x4f, 0xf9, 0x00, 0x00, 0x00, 0x00, 0x00, 0x6f, 0xf5, 0x4f, 0xf9, 0x00, 0x00, 0x00, 0x00, 0x00,
    0x6f, 0xf5, 0x4f, 0xf9, 0x00, 0x00, 0x00, 0x00, 0x00, 0x6f, 0xf5, 0x4f, 0xf9, 0x00, 0x00, 0x00,
    0x00, 0x00, 0x6f, 0xf5, 0x4f, 0xf9, 0x00, 0x00, 0x00, 0x00, 0x00, 0x6f, 0xf5, 0x4f, 0xf9, 0x00,
    0x00, 0x00, 0x00, 0x00, 0x6f, 0xf5, 0x4f, 0xf9, 0x00, 0x00, 0x00, 0x00, 0x00, 0x6f, 0xf5, 0x3f,
    0xf9, 0x00, 0x00, 0x00, 0x00, 0x00, 0x6f, 0xf5, 0x2f, 0xfa, 0x00, 0x00, 0x00, 0x00, 0x00, 0x7f,
    0xf4, 0x1f, 0xfc, 0x00, 0x00, 0x00, 0x00, 0x00, 0x9f, 0xf2, 0x0c, 0xff, 0x20, 0x00, 0x00, 0x00,
    0x00, 0xdf, 0xe0, 0x07, 0xff, 0x90, 0x00, 0x00, 0x00, 0x06, 0xff, 0x90, 0x01, 0xef, 0xf7, 0x00,
    0x00, 0x00, 0x5f, 0xfe, 0x20, 0x00, 0x4f, 0xff, 0xd8, 0x66, 0x8c, 0xff, 0xf5, 0x00, 0x00, 0x03,
    0xdf, 0xff, 0xff, 0xff, 0xfe, 0x50, 0x00, 0x00, 0x00, 0x06, 0xad, 0xef, 0xdb, 0x61, 0x00, 0x00,
    0x00, 0x00, 0x00, 0x04, 0x88, 0x50, 0x00, 0x00, 0x00, 0x00, 0x00, 0x00, 0x4f, 0xff, 0xf7, 0x00,
    0x00, 0x00, 0x00, 0x00, 0x05, 0xff, 0x64, 0xef, 0x70, 0x00, 0x00, 0x00, 0x00, 0x6f, 0xe3, 0x00,
    0x2c, 0xf8, 0x00, 0x00, 0x00, 0x00, 0x00, 0x00, 0x00, 0x00, 0x00, 0x00, 0x00, 0x4f, 0xf9, 0x00,
    0x00, 0x00, 0x00, 0x00, 0x6f, 0xf5, 0x4f, 0xf9, 0x00, 0x00, 0x00, 0x00, 0x00, 0x6f, 0xf5, 0x4f,
    0xf9, 0x00, 0x00, 0x00, 0x00, 0x00, 0x6f, 0xf5, 0x4f, 0xf9, 0x00, 0x00, 0x00, 0x00, 0x00, 0x6f,
    0xf5, 0x4f, 0xf9, 0x00, 0x00, 0x00, 0x00, 0x00, 0x6f, 0xf5, 0x4f, 0xf9, 0x00, 0x00, 0x00, 0x00,
    0x00, 0x6f, 0xf5, 0x4f, 0xf9, 0x00, 0x00, 0x00, 0x00, 0x00, 0x6f, 0xf5, 0x4f, 0xf9, 0x00, 0x00,
    0x00, 0x00, 0x00, 0x6f, 0xf5, 0x4f, 0xf9, 0x00, 0x00, 0x00, 0x00, 0x00, 0x6f, 0xf5, 0x4f, 0xf9,
    0x00, 0x00, 0x00, 0x00, 0x00, 0x6f, 0xf5, 0x4f, 0xf9, 0x00, 0x00, 0x00, 0x00, 0x00, 0x6f, 0xf5,
    0x3f, 0xf9, 0x00, 0x00, 0x00, 0x00, 0x00, 0x6f, 0xf5, 0x2f, 0xfa, 0x00, 0x00, 0x00, 0x00, 0x00,
    0x7f, 0xf4, 0x1f, 0xfc, 0x00, 0x00, 0x00, 0x00, 0x00, 0x9f, 0xf2, 0x0c, 0xff, 0x20, 0x00, 0x00,
    0x00, 0x00, 0xdf, 0xe0, 0x07, 0xff, 0x90, 0x00, 0x00, 0x00, 0x06, 0xff, 0x90, 0x01, 0xef, 0xf7,
    0x00, 0x00, 0x00, 0x5f, 0xfe, 0x20, 0x00, 0x4f, 0xff, 0xd8, 0x66, 0x8c, 0xff, 0xf5, 0x00, 0x00,
    0x03, 0xdf, 0xff, 0xff, 0xff, 0xfe, 0x50, 0x00, 0x00, 0x00, 0x06, 0xad, 0xef, 0xdb, 0x61, 0x00,
    0x00, 0x00, 0x00, 0x01, 0x51, 0x00, 0x05, 0x20, 0x00, 0x00, 0x00, 0x00, 0x0c, 0xfc, 0x00, 0x9f,
    0xe1, 0x00, 0x00, 0x00, 0x00, 0x09, 0xe8, 0x00, 0x6e, 0xb0, 0x00, 0x00, 0x00, 0x00, 0x00, 0x00,
    0x00, 0x00, 0x00, 0x00, 0x00, 0x00, 0x00, 0x00, 0x00, 0x00, 0x00, 0x00, 0x00, 0x00, 0x4f, 0xf9,
    0x00, 0x00, 0x00, 0x00, 0x00, 0x6f, 0xf5, 0x4f, 0xf9, 0x00, 0x00, 0x00, 0x00, 0x00, 0x6f, 0xf5,
    0x4f, 0xf9, 0x00, 0x00, 0x00, 0x00, 0x00, 0x6f, 0xf5, 0x4f, 0xf9, 0x00, 0x00, 0x00, 0x00, 0x00,
    0x6f, 0xf5, 0x4f, 0xf9, 0x00, 0x00, 0x00, 0x00, 0x00, 0x6f, 0xf5, 0x4f, 0xf9, 0x00, 0x00, 0x00,
    0x00, 0x00, 0x6f, 0xf5, 0x4f, 0xf9, 0x00, 0x00, 0x00, 0x00, 0x00, 0x6f, 0xf5, 0x4f, 0xf9, 0x00,
    0x00, 0x00, 0x00, 0x00, 0x6f, 0xf5, 0x4f, 0xf9, 0x00, 0x00, 0x00, 0x00, 0x00, 0x6f, 0xf5, 0x4f,
    0xf9, 0x00, 0x00, 0x00, 0x00, 0x00, 0x6f, 0xf5, 0x4f, 0xf9, 0x00, 0x00, 0x00, 0x00, 0x00, 0x6f,
    0xf5, 0x3f, 0xf9, 0x00, 0x00, 0x00, 0x00, 0x00, 0x6f, 0xf5, 0x2f, 0xfa, 0x00, 0x00, 0x00, 0x00,
    0x00, 0x7f, 0xf4, 0x1f, 0xfc, 0x00, 0x00, 0x00, 0x00, 0x00, 0x9f, 0xf2, 0x0c, 0xff, 0x20, 0x00,
    0x00, 0x00, 0x00, 0xdf, 0xe0, 0x07, 0xff, 0x90, 0x00, 0x00, 0x00, 0x06, 0xff, 0x90, 0x01, 0xef,
    0xf7, 0x00, 0x00, 0x00, 0x5f, 0xfe, 0x20, 0x00, 0x4f, 0xff, 0xd8, 0x66, 0x8c, 0xff, 0xf5, 0x00,
    0x00, 0x03, 0xdf, 0xff, 0xff, 0xff, 0xfe, 0x50, 0x00, 0x00, 0x00, 0x06, 0xad, 0xef, 0xdb, 0x61,
    0x00, 0x00, 0x00, 0x00, 0x00, 0x00, 0x00, 0x04, 0x88, 0x60, 0x00, 0x00, 0x00, 0x00, 0x00, 0x00,
    0x00, 0x5f, 0xfb, 0x10, 0x00, 0x00, 0x00, 0x00, 0x00, 0x00, 0x06, 0xff, 0x80, 0x00, 0x00, 0x00,
    0x00, 0x00, 0x00, 0x00, 0x7f, 0xe4, 0x00, 0x00, 0x00, 0x00, 0x00, 0x00, 0x00, 0x00, 0x00, 0x00,
    0x00, 0x00, 0x00, 0x00, 0x0c, 0xff, 0x30, 0x00, 0x00, 0x00, 0x00, 0x00, 0xcf, 0xd1, 0x03, 0xff,
    0xc0, 0x00, 0x00, 0x00, 0x00, 0x07, 0xff, 0x50, 0x00, 0x9f, 0xf6, 0x00, 0x00, 0x00, 0x00, 0x1e,
    0xfb, 0x00, 0x00, 0x1e, 0xfe, 0x10, 0x00, 0x00, 0x00, 0x9f, 0xf3, 0x00, 0x00, 0x06, 0xff, 0x80,
    0x00, 0x00, 0x03, 0xff, 0x80, 0x00, 0x00, 0x00, 0xcf, 0xf2, 0x00, 0x00, 0x0c, 0xfe, 0x10, 0x00,
    0x00, 0x00, 0x4f, 0xfb, 0x00, 0x00, 0x6f, 0xf6, 0x00, 0x00, 0x00, 0x00, 0x0a, 0xff, 0x50, 0x01,
    0xef, 0xc0, 0x00, 0x00, 0x00, 0x00, 0x01, 0xef, 0xd1, 0x09, 0xff, 0x30, 0x00, 0x00, 0x00, 0x00,
    0x00, 0x7f, 0xf8, 0x3f, 0xf9, 0x00, 0x00, 0x00, 0x00, 0x00, 0x00, 0x0d, 0xff, 0xcf, 0xe1, 0x00,
    0x00, 0x00, 0x00, 0x00, 0x00, 0x04, 0xff, 0xff, 0x60, 0x00, 0x00, 0x00, 0x00, 0x00, 0x00, 0x00,
    0xaf, 0xfc, 0x00, 0x00, 0x00, 0x00, 0x00, 0x00, 0x00, 0x00, 0x5f, 0xf7, 0x00, 0x00, 0x00, 0x00,
    0x00, 0x00, 0x00, 0x00, 0x5f, 0xf7, 0x00, 0x00, 0x00, 0x00, 0x00, 0x00, 0x00, 0x00, 0x5f, 0xf7,
    0x00, 0x00, 0x00, 0x00, 0x00, 0x00, 0x00, 0x00, 0x5f, 0xf7, 0x00, 0x00, 0x00, 0x00, 0x00, 0x00,
    0x00, 0x00, 0x5f, 0xf7, 0x00, 0x00, 0x00, 0x00, 0x00, 0x00, 0x00, 0x00, 0x5f, 0xf7, 0x00, 0x00,
    0x00, 0x00, 0x00, 0x00, 0x00, 0x00, 0x5f, 0xf7, 0x00, 0x00, 0x00, 0x00, 0x1f, 0xfb, 0x00, 0x00,
    0x00, 0x00, 0x00, 0x00, 0x01, 0xff, 0xb0, 0x00, 0x00, 0x00, 0x00, 0x00, 0x00, 0x1f, 0xfb, 0x00,
    0x00, 0x00, 0x00, 0x00, 0x00, 0x01, 0xff, 0xff, 0xff, 0xff, 0xed, 0xa5, 0x00, 0x00, 0x1f, 0xff,
    0xff, 0xff, 0xff, 0xff, 0xfd, 0x40, 0x01, 0xff, 0xc5, 0x55, 0x56, 0x69, 0xdf, 0xff, 0x40, 0x1f,
    0xfb, 0x00, 0x00, 0x00, 0x00, 0x7f, 0xfe, 0x11, 0xff, 0xb0, 0x00, 0x00, 0x00, 0x00, 0x9f, 0xf6,
    0x1f, 0xfb, 0x00, 0x00, 0x00, 0x00, 0x03, 0xff, 0xa1, 0xff, 0xb0, 0x00, 0x00, 0x00, 0x00, 0x1f,
    0xfb, 0x1f, 0xfb, 0x00, 0x00, 0x00, 0x00, 0x02, 0xff, 0xa1, 0xff, 0xb0, 0x00, 0x00, 0x00, 0x00,
    0x6f, 0xf8, 0x1f, 0xfb, 0x00, 0x00, 0x00, 0x00, 0x3e, 0xff, 0x31, 0xff, 0xb0, 0x00, 0x00, 0x13,
    0x8e, 0xff, 0x90, 0x1f, 0xff, 0xff, 0xff, 0xff, 0xff, 0xff, 0x90, 0x01, 0xff, 0xff, 0xff, 0xff,
    0xff, 0xfb, 0x40, 0x00, 0x1f, 0xfc, 0x55, 0x55, 0x55, 0x31, 0x00, 0x00, 0x01, 0xff, 0xb0, 0x00,
    0x00, 0x00, 0x00, 0x00, 0x00, 0x1f, 0xfb, 0x00, 0x00, 0x00, 0x00, 0x00, 0x00, 0x01, 0xff, 0xb0,
    0x00, 0x00, 0x00, 0x00, 0x00, 0x00, 0x00, 0x01, 0x6b, 0xdf, 0xec, 0x71, 0x00, 0x00, 0x00, 0x3d,
    0xff, 0xff, 0xff, 0xfe, 0x40, 0x00, 0x01, 0xef, 0xfc, 0x76, 0x7b, 0xff, 0xe3, 0x00, 0x0a, 0xff,
    0x70, 0x00, 0x00, 0x5f, 0xfa, 0x00, 0x1f, 0xfb, 0x00, 0x00, 0x00, 0x0b, 0xfe, 0x00, 0x4f, 0xf6,
    0x00, 0x00, 0x00, 0x08, 0xff, 0x10, 0x6f, 0xf4, 0x00, 0x00, 0x00, 0x0b, 0xfe, 0x00, 0x7f, 0xf4,
    0x00, 0x00, 0x00, 0x4f, 0xf8, 0x00, 0x7f, 0xf4, 0x00, 0x01, 0x39, 0xff, 0xc1, 0x00, 0x7f, 0xf4,
    0x00, 0x1f, 0xff, 0xfd, 0x10, 0x00, 0x7f, 0xf4, 0x00, 0x1f, 0xff, 0xff, 0xe5, 0x00, 0x7f, 0xf4,
    0x00, 0x05, 0x67, 0xaf, 0xff, 0x70, 0x7f, 0xf4, 0x00, 0x00, 0x00, 0x03, 0xdf, 0xf2, 0x7f, 0xf4,
    0x00, 0x00, 0x00, 0x00, 0x4f, 0xf8, 0x7f, 0xf4, 0x00, 0x00, 0x00, 0x00, 0x0f, 0xfa, 0x7f, 0xf4,
    0x00, 0x00, 0x00, 0x00, 0x0f, 0xfa, 0x7f, 0xf4, 0x00, 0x00, 0x00, 0x00, 0x4f, 0xf8, 0x7f, 0xf4,
    0x00, 0x00, 0x00, 0x02, 0xdf, 0xf2, 0x7f, 0xf4, 0x00, 0x97, 0x67, 0x9f, 0xff, 0x90, 0x7f, 0xf4,
    0x01, 0xff, 0xff, 0xff, 0xf9, 0x00, 0x7f, 0xf4, 0x02, 0xbe, 0xfe, 0xd9, 0x30, 0x00, 0x00, 0x58,
    0x85, 0x00, 0x00, 0x00, 0x00, 0x00, 0x19, 0xff, 0x80, 0x00, 0x00, 0x00, 0x00, 0x00, 0x5e, 0xf9,
    0x00, 0x00, 0x00, 0x00, 0x00, 0x02, 0xcf, 0xa0, 0x00, 0x00, 0x00, 0x00, 0x00, 0x00, 0x00, 0x00,
    0x00, 0x00, 0x00, 0x00, 0x00, 0x00, 0x00, 0x00, 0x00, 0x17, 0xbd, 0xfe, 0xda, 0x40, 0x00, 0x08,
    0xff, 0xff, 0xff, 0xff, 0xf9, 0x00, 0x0c, 0xfe, 0xa7, 0x67, 0xaf, 0xff, 0x60, 0x04, 0x71, 0x00,
    0x00, 0x03, 0xef, 0xe0, 0x00, 0x00, 0x00, 0x00, 0x00, 0x8f, 0xf2, 0x00, 0x00, 0x00, 0x00, 0x00,
    0x6f, 0xf4, 0x00, 0x39, 0xde, 0xff, 0xff, 0xff, 0xf5, 0x06, 0xff, 0xff, 0xff, 0xff, 0xff, 0xf5,
    0x2f, 0xff, 0xa7, 0x65, 0x55, 0x9f, 0xf5, 0x7f, 0xf6, 0x00, 0x00, 0x00, 0x6f, 0xf5, 0x9f, 0xf2,
    0x00, 0x00, 0x00, 0x8f, 0xf5, 0x7f, 0xf7, 0x00, 0x00, 0x06, 0xff, 0xf5, 0x2f, 0xff, 0xa7, 0x67,
    0xcf, 0xef, 0xf5, 0x06, 0xff, 0xff, 0xff, 0xfd, 0x5f, 0xf5, 0x00, 0x39, 0xdf, 0xec, 0x81, 0x4f,
    0xf5, 0x00, 0x00, 0x00, 0x00, 0x38, 0x87, 0x00, 0x00, 0x00, 0x00, 0x04, 0xef, 0xc2, 0x00, 0x00,
    0x00, 0x00, 0x5f, 0xf8, 0x00, 0x00, 0x00, 0x00, 0x06, 0xfe, 0x50, 0x00, 0x00, 0x00, 0x00, 0x00,
    0x00, 0x00, 0x00, 0x00, 0x00, 0x00, 0x00, 0x00, 0x00, 0x00, 0x00, 0x00, 0x17, 0xbd, 0xfe, 0xda,
    0x40, 0x00, 0x08, 0xff, 0xff, 0xff, 0xff, 0xf9, 0x00, 0x0c, 0xfe, 0xa7, 0x67, 0xaf, 0xff, 0x60,
    0x04, 0x71, 0x00, 0x00, 0x03, 0xef, 0xe0, 0x00, 0x00, 0x00, 0x00, 0x00, 0x8f, 0xf2, 0x00, 0x00,
    0x00, 0x00, 0x00, 0x6f, 0xf4, 0x00, 0x39, 0xde, 0xff, 0xff, 0xff, 0xf5, 0x06, 0xff, 0xff, 0xff,
    0xff, 0xff, 0xf5, 0x2f, 0xff, 0xa7, 0x65, 0x55, 0x9f, 0xf5, 0x7f, 0xf6, 0x00, 0x00, 0x00, 0x6f,
    0xf5, 0x9f, 0xf2, 0x00, 0x00, 0x00, 0x8f, 0xf5, 0x7f, 0xf7, 0x00, 0x00, 0x06, 0xff, 0xf5, 0x2f,
    0xff, 0xa7, 0x67, 0xcf, 0xef, 0xf5, 0x06, 0xff, 0xff, 0xff, 0xfd, 0x5f, 0xf5, 0x00, 0x39, 0xdf,
    0xec, 0x81, 0x4f, 0xf5, 0x00, 0x00, 0x03, 0x88, 0x50, 0x00, 0x00, 0x00, 0x00, 0x4e, 0xff, 0xf7,
    0x00, 0x00, 0x00, 0x04, 0xff, 0x74, 0xef, 0x80, 0x00, 0x00, 0x5f, 0xe4, 0x00, 0x2c, 0xf9, 0x00,
    0x00, 0x00, 0x00, 0x00, 0x00, 0x00, 0x00, 0x00, 0x00, 0x00, 0x00, 0x00, 0x00, 0x00, 0x00, 0x17,
    0xbd, 0xfe, 0xda, 0x40, 0x00, 0x08, 0xff, 0xff, 0xff, 0xff, 0xf9, 0x00, 0x0c, 0xfe, 0xa7, 0x67,
    0xaf, 0xff, 0x60, 0x04, 0x71, 0x00, 0x00, 0x03, 0xef, 0xe0, 0x00, 0x00, 0x00, 0x00, 0x00, 0x8f,
    0xf2, 0x00, 0x00, 0x00, 0x00, 0x00, 0x6f, 0xf4, 0x00, 0x39, 0xde, 0xff, 0xff, 0xff, 0xf5, 0x06,
    0xff, 0xff, 0xff, 0xff, 0xff, 0xf5, 0x2f, 0xff, 0xa7, 0x65, 0x55, 0x9f, 0xf5, 0x7f, 0xf6, 0x00,
    0x00, 0x00, 0x6f, 0xf5, 0x9f, 0xf2, 0x00, 0x00, 0x00, 0x8f, 0xf5, 0x7f, 0xf7, 0x00, 0x00, 0x06,
    0xff, 0xf5, 0x2f, 0xff, 0xa7, 0x67, 0xcf, 0xef, 0xf5, 0x06, 0xff, 0xff, 0xff, 0xfd, 0x5f, 0xf5,
    0x00, 0x39, 0xdf, 0xec, 0x81, 0x4f, 0xf5, 0x00, 0x02, 0xbc, 0x60, 0x00, 0x9a, 0x00, 0x00, 0x0d,
    0xff, 0xfa, 0x12, 0xea, 0x00, 0x00, 0x5f, 0x71, 0x9f, 0xee, 0xf4, 0x00, 0x00, 0x7f, 0x10, 0x06,
    0xde, 0x70, 0x00, 0x00, 0x00, 0x00, 0x00, 0x00, 0x00, 0x00, 0x00, 0x00, 0x00, 0x00, 0x00, 0x00,
    0x00, 0x00, 0x17, 0xbd, 0xfe, 0xda, 0x40, 0x00, 0x08, 0xff, 0xff, 0xff, 0xff, 0xf9, 0x00, 0x0c,
    0xfe, 0xa7, 0x67, 0xaf, 0xff, 0x60, 0x04, 0x71, 0x00, 0x00, 0x03, 0xef, 0xe0, 0x00, 0x00, 0x00,
    0x00, 0x00, 0x8f, 0xf2, 0x00, 0x00, 0x00, 0x00, 0x00, 0x6f, 0xf4, 0x00, 0x39, 0xde, 0xff, 0xff,
    0xff, 0xf5, 0x06, 0xff, 0xff, 0xff, 0xff, 0xff, 0xf5, 0x2f, 0xff, 0xa7, 0x65, 0x55, 0x9f, 0xf5,
    0x7f, 0xf6, 0x00, 0x00, 0x00, 0x6f, 0xf5, 0x9f, 0xf2, 0x00, 0x00, 0x00, 0x8f, 0xf5, 0x7f, 0xf7,
    0x00, 0x00, 0x06, 0xff, 0xf5, 0x2f, 0xff, 0xa7, 0x67, 0xcf, 0xef, 0xf5, 0x06, 0xff, 0xff, 0xff,
    0xfd, 0x5f, 0xf5, 0x00, 0x39, 0xdf, 0xec, 0x81, 0x4f, 0xf5, 0x00, 0x01, 0x51, 0x00, 0x05, 0x20,
    0x00, 0x00, 0x0c, 0xfd, 0x00, 0x8f, 0xf1, 0x00, 0x00, 0x08, 0xe9, 0x00, 0x5e, 0xc0, 0x00, 0x00,
    0x00, 0x00, 0x00, 0x00, 0x00, 0x00, 0x00, 0x00, 0x00, 0x00, 0x00, 0x00, 0x00, 0x00, 0x17, 0xbd,
    0xfe, 0xda, 0x40, 0x00, 0x08, 0xff, 0xff, 0xff, 0xff, 0xf9, 0x00, 0x0c, 0xfe, 0xa7, 0x67, 0xaf,
    0xff, 0x60, 0x04, 0x71, 0x00, 0x00, 0x03, 0xef, 0xe0, 0x00, 0x00, 0x00, 0x00, 0x00, 0x8f, 0xf2,
    0x00, 0x00, 0x00, 0x00, 0x00, 0x6f, 0xf4, 0x00, 0x39, 0xde, 0xff, 0xff, 0xff, 0xf5, 0x06, 0xff,
    0xff, 0xff, 0xff, 0xff, 0xf5, 0x2f, 0xff, 0xa7, 0x65, 0x55, 0x9f, 0xf5, 0x7f, 0xf6, 0x00, 0x00,
    0x00, 0x6f, 0xf5, 0x9f, 0xf2, 0x00, 0x00, 0x00, 0x8f, 0xf5, 0x7f, 0xf7, 0x00, 0x00, 0x06, 0xff,
    0xf5, 0x2f, 0xff, 0xa7, 0x67, 0xcf, 0xef, 0xf5, 0x06, 0xff, 0xff, 0xff, 0xfd, 0x5f, 0xf5, 0x00,
    0x39, 0xdf, 0xec, 0x81, 0x4f, 0xf5, 0x00, 0x00, 0x07, 0xde, 0xa1, 0x00, 0x00, 0x00, 0x00, 0x7d,
    0x31, 0xab, 0x00, 0x00, 0x00, 0x00, 0xd6, 0x00, 0x2f, 0x20, 0x00, 0x00, 0x00, 0xd6, 0x00, 0x2f,
    0x20, 0x00, 0x00, 0x00, 0x8d, 0x21, 0xac, 0x00, 0x00, 0x00, 0x00, 0x08, 0xde, 0xa1, 0x00, 0x00,
    0x00, 0x00, 0x00, 0x00, 0x00, 0x00, 0x00, 0x00, 0x00, 0x00, 0x00, 0x00, 0x00, 0x00, 0x00, 0x17,
    0xbd, 0xfe, 0xda, 0x40, 0x00, 0x08, 0xff, 0xff, 0xff, 0xff, 0xf9, 0x00, 0x0c, 0xfe, 0xa7, 0x67,
    0xaf, 0xff, 0x60, 0x04, 0x71, 0x00, 0x00, 0x03, 0xef, 0xe0, 0x00, 0x00, 0x00, 0x00, 0x00, 0x8f,
    0xf2, 0x00, 0x00, 0x00, 0x00, 0x00, 0x6f, 0xf4, 0x00, 0x39, 0xde, 0xff, 0xff, 0xff, 0xf5, 0x06,
    0xff, 0xff, 0xff, 0xff, 0xff, 0xf5, 0x2f, 0xff, 0xa7, 0x65, 0x55, 0x9f, 0xf5, 0x7f, 0xf6, 0x00,
    0x00, 0x00, 0x6f, 0xf5, 0x9f, 0xf2, 0x00, 0x00, 0x00, 0x8f, 0xf5, 0x7f, 0xf7, 0x00, 0x00, 0x06,
    0xff, 0xf5, 0x2f, 0xff, 0xa7, 0x67, 0xcf, 0xef, 0xf5, 0x06, 0xff, 0xff, 0xff, 0xfd, 0x5f, 0xf5,
    0x00, 0x39, 0xdf, 0xec, 0x81, 0x4f, 0xf5, 0x00, 0x17, 0xbd, 0xfe, 0xd9, 0x30, 0x00, 0x28, 0xce,
    0xec, 0x93, 0x00, 0x00, 0x08, 0xff, 0xff, 0xff, 0xff, 0xf7, 0x06, 0xef, 0xff, 0xff, 0xff, 0x90,
    0x00, 0x0c, 0xfe, 0xa7, 0x67, 0xaf, 0xff, 0x9f, 0xfe, 0x97, 0x68, 0xef, 0xfb, 0x00, 0x03, 0x70,
    0x00, 0x00, 0x03, 0xef, 0xff, 0xb1, 0x00, 0x00, 0x18, 0xff, 0x70, 0x00, 0x00, 0x00, 0x00, 0x00,
    0x9f, 0xfd, 0x10, 0x00, 0x00, 0x00, 0xaf, 0xd0, 0x00, 0x00, 0x00, 0x00, 0x00, 0x6f, 0xf7, 0x00,
    0x00, 0x00, 0x00, 0x4f, 0xf4, 0x00, 0x39, 0xde, 0xff, 0xff, 0xff, 0xff, 0xff, 0xff, 0xff, 0xff,
    0xff, 0xf6, 0x06, 0xff, 0xff, 0xff, 0xff, 0xff, 0xff, 0xff, 0xff, 0xff, 0xff, 0xff, 0xf7, 0x2f,
    0xff, 0xa7, 0x65, 0x55, 0x9f, 0xf9, 0x55, 0x55, 0x55, 0x55, 0x55, 0x52, 0x7f, 0xf6, 0x00, 0x00,
    0x00, 0x6f, 0xf9, 0x00, 0x00, 0x00, 0x00, 0x00, 0x00, 0x9f, 0xf2, 0x00, 0x00, 0x00, 0xaf, 0xff,
    0x30, 0x00, 0x00, 0x00, 0x00, 0x00, 0x7f, 0xf7, 0x00, 0x00, 0x05, 0xff, 0xff, 0xd3, 0x00, 0x00,
    0x01, 0xa8, 0x00, 0x1e, 0xff, 0xb7, 0x68, 0xcf, 0xfb, 0x7f, 0xff, 0xb7, 0x66, 0x9e, 0xff, 0x40,
    0x04, 0xef, 0xff, 0xff, 0xff, 0xb1, 0x06, 0xef, 0xff, 0xff, 0xff, 0xf7, 0x00, 0x00, 0x29, 0xde,
    0xfd, 0xa5, 0x00, 0x00, 0x17, 0xbe, 0xfe, 0xc8, 0x20, 0x00, 0x00, 0x00, 0x49, 0xce, 0xed, 0x93,
    0x00, 0x00, 0x1b, 0xff, 0xff, 0xff, 0xff, 0x80, 0x01, 0xdf, 0xfe, 0x96, 0x69, 0xef, 0xf8, 0x0b,
    0xff, 0xa1, 0x00, 0x00, 0x2c, 0xf8, 0x3f, 0xfb, 0x00, 0x00, 0x00, 0x01, 0x30, 0x8f, 0xf4, 0x00,
    0x00, 0x00, 0x00, 0x00, 0xbf, 0xf0, 0x00, 0x00, 0x00, 0x00, 0x00, 0xcf, 0xe0, 0x00, 0x00, 0x00,
    0x00, 0x00, 0xbf, 0xf0, 0x00, 0x00, 0x00, 0x00, 0x00, 0x8f, 0xf4, 0x00, 0x00, 0x00, 0x00, 0x00,
    0x3f, 0xfb, 0x00, 0x00, 0x00, 0x01, 0x30, 0x0a, 0xff, 0xa1, 0x00, 0x00, 0x1c, 0xf8, 0x01, 0xdf,
    0xfe, 0x96, 0x69, 0xef, 0xf8, 0x00, 0x1a, 0xff, 0xff, 0xff, 0xff, 0x80, 0x00, 0x00, 0x49, 0xff,
    0xfd, 0x93, 0x00, 0x00, 0x00, 0x00, 0xad, 0x00, 0x00, 0x00, 0x00, 0x00, 0x00, 0xef, 0xc3, 0x00,
    0x00, 0x00, 0x00, 0x00, 0x02, 0xee, 0x00, 0x00, 0x00, 0x00, 0x11, 0x01, 0xdf, 0x20, 0x00, 0x00,
    0x00, 0x8f, 0xde, 0xfd, 0x00, 0x00, 0x00, 0x00, 0x5c, 0xee, 0xa2, 0x00, 0x00, 0x00, 0x27, 0x87,
    0x10, 0x00, 0x00, 0x00, 0x00, 0x00, 0x4e, 0xfd, 0x20, 0x00, 0x00, 0x00, 0x00, 0x00, 0x1b, 0xfd,
    0x30, 0x00, 0x00, 0x00, 0x00, 0x00, 0x07, 0xfe, 0x30, 0x00, 0x00, 0x00, 0x00, 0x00, 0x00, 0x00,
    0x00, 0x00, 0x00, 0x00, 0x00, 0x00, 0x00, 0x00, 0x00, 0x00, 0x00, 0x00, 0x5a, 0xdf, 0xdb, 0x61,
    0x00, 0x00, 0x02, 0xcf, 0xff, 0xff, 0xff, 0xd3, 0x00, 0x01, 0xef, 0xfb, 0x76, 0x7a, 0xff, 0xf3,
    0x00, 0xbf, 0xe5, 0x00, 0x00, 0x03, 0xdf, 0xd0, 0x3f, 0xf6, 0x00, 0x00, 0x00, 0x03, 0xff, 0x58,
    0xfe, 0x00, 0x00, 0x00, 0x00, 0x0b, 0xfa, 0xbf, 0xff, 0xff, 0xff, 0xff, 0xff, 0xff, 0xdc, 0xff,
    0xff, 0xff, 0xff, 0xff, 0xff, 0xfe, 0xbf, 0xe5, 0x55, 0x55, 0x55, 0x55, 0x55, 0x58, 0xff, 0x20,
    0x00, 0x00, 0x00, 0x00, 0x00, 0x3f, 0xfa, 0x00, 0x00, 0x00, 0x00, 0x00, 0x00, 0xbf, 0xf9, 0x10,
    0x00, 0x00, 0x4d, 0x20, 0x01, 0xdf, 0xfe, 0x96, 0x67, 0xcf, 0xfc, 0x00, 0x01, 0xbf, 0xff, 0xff,
    0xff, 0xfc, 0x20, 0x00, 0x00, 0x49, 0xce, 0xfd, 0xa5, 0x00, 0x00, 0x00, 0x00, 0x00, 0x00, 0x07,
    0x88, 0x30, 0x00, 0x00, 0x00, 0x00, 0x1b, 0xff, 0x60, 0x00, 0x00, 0x00, 0x00, 0x1c, 0xfd, 0x30,
    0x00, 0x00, 0x00, 0x00, 0x2d, 0xfa, 0x10, 0x00, 0x00, 0x00, 0x00, 0x00, 0x00, 0x00, 0x00, 0x00,
    0x00, 0x00, 0x00, 0x00, 0x00, 0x00, 0x00, 0x00, 0x00, 0x00, 0x5a, 0xdf, 0xdb, 0x61, 0x00, 0x00,
    0x02, 0xcf, 0xff, 0xff, 0xff, 0xd3, 0x00, 0x01, 0xef, 0xfb, 0x76, 0x7a, 0xff, 0xf3, 0x00, 0xbf,
    0xe5, 0x00, 0x00, 0x03, 0xdf, 0xd0, 0x3f, 0xf6, 0x00, 0x00, 0x00, 0x03, 0xff, 0x58, 0xfe, 0x00,
    0x00, 0x00, 0x00, 0x0b, 0xfa, 0xbf, 0xff, 0xff, 0xff, 0xff, 0xff, 0xff, 0xdc, 0xff, 0xff, 0xff,
    0xff, 0xff, 0xff, 0xfe, 0xbf, 0xe5, 0x55, 0x55, 0x55, 0x55, 0x55, 0x58, 0xff, 0x20, 0x00, 0x00,
    0x00, 0x00, 0x00, 0x3f, 0xfa, 0x00, 0x00, 0x00, 0x00, 0x00, 0x00, 0xbf, 0xf9, 0x10, 0x00, 0x00,
    0x4d, 0x20, 0x01, 0xdf, 0xfe, 0x96, 0x67, 0xcf, 0xfc, 0x00, 0x01, 0xbf, 0xff, 0xff, 0xff, 0xfc,
    0x20, 0x00, 0x00, 0x49, 0xce, 0xfd, 0xa5, 0x00, 0x00, 0x00, 0x00, 0x00, 0x78, 0x71, 0x00, 0x00,
    0x00, 0x00, 0x01, 0xbf, 0xff, 0xd2, 0x00, 0x00, 0x00, 0x01, 0xbf, 0xc2, 0xaf, 0xd2, 0x00, 0x00,
    0x01, 0xcf, 0x90, 0x00, 0x7f, 0xe3, 0x00, 0x00, 0x00, 0x00, 0x00, 0x00, 0x00, 0x00, 0x00, 0x00,
    0x00, 0x00, 0x00, 0x00, 0x00, 0x00, 0x00, 0x00, 0x5a, 0xdf, 0xdb, 0x61, 0x00, 0x00, 0x02, 0xcf,
    0xff, 0xff, 0xff, 0xd3, 0x00, 0x01, 0xef, 0xfb, 0x76, 0x7a, 0xff, 0xf3, 0x00, 0xbf, 0xe5, 0x00,
    0x00, 0x03, 0xdf, 0xd0, 0x3f, 0xf6, 0x00, 0x00, 0x00, 0x03, 0xff, 0x58, 0xfe, 0x00, 0x00, 0x00,
    0x00, 0x0b, 0xfa, 0xbf, 0xff, 0xff, 0xff, 0xff, 0xff, 0xff, 0xdc, 0xff, 0xff, 0xff, 0xff, 0xff,
    0xff, 0xfe, 0xbf, 0xe5, 0x55, 0x55, 0x55, 0x55, 0x55, 0x58, 0xff, 0x20, 0x00, 0x00, 0x00, 0x00,
    0x00, 0x3f, 0xfa, 0x00, 0x00, 0x00, 0x00, 0x00, 0x00, 0xbf, 0xf9, 0x10, 0x00, 0x00, 0x4d, 0x20,
    0x01, 0xdf, 0xfe, 0x96, 0x67, 0xcf, 0xfc, 0x00, 0x01, 0xbf, 0xff, 0xff, 0xff, 0xfc, 0x20, 0x00,
    0x00, 0x49, 0xce, 0xfd, 0xa5, 0x00, 0x00, 0x00, 0x00, 0x44, 0x00, 0x03, 0x40, 0x00, 0x00, 0x00,
    0x5f, 0xf4, 0x02, 0xff, 0x80, 0x00, 0x00, 0x03, 0xdd, 0x20, 0x1c, 0xe5, 0x00, 0x00, 0x00, 0x00,
    0x00, 0x00, 0x00, 0x00, 0x00, 0x00, 0x00, 0x00, 0x00, 0x00, 0x00, 0x00, 0x00, 0x00, 0x05, 0xad,
    0xfd, 0xb6, 0x10, 0x00, 0x00, 0x2c, 0xff, 0xff, 0xff, 0xfd, 0x30, 0x00, 0x1e, 0xff, 0xb7, 0x67,
    0xaf, 0xff, 0x30, 0x0b, 0xfe, 0x50, 0x00, 0x00, 0x3d, 0xfd, 0x03, 0xff, 0x60, 0x00, 0x00, 0x00,
    0x3f, 0xf5, 0x8f, 0xe0, 0x00, 0x00, 0x00, 0x00, 0xbf, 0xab, 0xff, 0xff, 0xff, 0xff, 0xff, 0xff,
    0xfd, 0xcf, 0xff, 0xff, 0xff, 0xff, 0xff, 0xff, 0xeb, 0xfe, 0x55, 0x55, 0x55, 0x55, 0x55, 0x55,
    0x8f, 0xf2, 0x00, 0x00, 0x00, 0x00, 0x00, 0x03, 0xff, 0xa0, 0x00, 0x00, 0x00, 0x00, 0x00, 0x0b,
    0xff, 0x91, 0x00, 0x00, 0x04, 0xd2, 0x00, 0x1d, 0xff, 0xe9, 0x66, 0x7c, 0xff, 0xc0, 0x00, 0x1b,
    0xff, 0xff, 0xff, 0xff, 0xc2, 0x00, 0x00, 0x04, 0x9c, 0xef, 0xda, 0x50, 0x00, 0x06, 0x88, 0x30,
    0x00, 0x02, 0xcf, 0xf5, 0x00, 0x00, 0x08, 0xff, 0x60, 0x00, 0x00, 0x4e, 0xf7, 0x00, 0x00, 0x00,
    0x00, 0x00, 0x00, 0x00, 0x00, 0x00, 0x00, 0x7f, 0xf4, 0x00, 0x00, 0x7f, 0xf4, 0x00, 0x00, 0x7f,
    0xf4, 0x00, 0x00, 0x7f, 0xf4, 0x00, 0x00, 0x7f, 0xf4, 0x00, 0x00, 0x7f, 0xf4, 0x00, 0x00, 0x7f,
    0xf4, 0x00, 0x00, 0x7f, 0xf4, 0x00, 0x00, 0x7f, 0xf4, 0x00, 0x00, 0x7f, 0xf4, 0x00, 0x00, 0x7f,
    0xf4, 0x00, 0x00, 0x7f, 0xf4, 0x00, 0x00, 0x7f, 0xf4, 0x00, 0x00, 0x7f, 0xf4, 0x00, 0x00, 0x7f,
    0xf4, 0x00, 0x00, 0x58, 0x85, 0x00, 0x07, 0xff, 0x91, 0x00, 0x8f, 0xe6, 0x00, 0x0a, 0xfc, 0x20,
    0x00, 0x00, 0x00, 0x00, 0x00, 0x00, 0x00, 0x00, 0x00, 0x07, 0xff, 0x40, 0x00, 0x07, 0xff, 0x40,
    0x00, 0x07, 0xff, 0x40, 0x00, 0x07, 0xff, 0x40, 0x00, 0x07, 0xff, 0x40, 0x00, 0x07, 0xff, 0x40,
    0x00, 0x07, 0xff, 0x40, 0x00, 0x07, 0xff, 0x40, 0x00, 0x07, 0xff, 0x40, 0x00, 0x07, 0xff, 0x40,
    0x00, 0x07, 0xff, 0x40, 0x00, 0x07, 0xff, 0x40, 0x00, 0x07, 0xff, 0x40, 0x00, 0x07, 0xff, 0x40,
    0x00, 0x07, 0xff, 0x40, 0x00, 0x00, 0x0c, 0xff, 0x90, 0x00, 0x00, 0xaf, 0xde, 0xf7, 0x00, 0x08,
    0xfc, 0x13, 0xef, 0x50, 0x17, 0x71, 0x00, 0x27, 0x70, 0x00, 0x00, 0x00, 0x00, 0x00, 0x00, 0x00,
    0x00, 0x00, 0x00, 0x00, 0x07, 0xff, 0x40, 0x00, 0x00, 0x07, 0xff, 0x40, 0x00, 0x00, 0x07, 0xff,
    0x40, 0x00, 0x00, 0x07, 0xff, 0x40, 0x00, 0x00, 0x07, 0xff, 0x40, 0x00, 0x00, 0x07, 0xff, 0x40,
    0x00, 0x00, 0x07, 0xff, 0x40, 0x00, 0x00, 0x07, 0xff, 0x40, 0x00, 0x00, 0x07, 0xff, 0x40, 0x00,
    0x00, 0x07, 0xff, 0x40, 0x00, 0x00, 0x07, 0xff, 0x40, 0x00, 0x00, 0x07, 0xff, 0x40, 0x00, 0x00,
    0x07, 0xff, 0x40, 0x00, 0x00, 0x07, 0xff, 0x40, 0x00, 0x00, 0x07, 0xff, 0x40, 0x00, 0x3e, 0xd1,
    0x3e, 0xd1, 0x6f, 0xf3, 0x6f, 0xf3, 0x04, 0x30, 0x04, 0x30, 0x00, 0x00, 0x00, 0x00, 0x00, 0x00,
    0x00, 0x00, 0x00, 0x00, 0x00, 0x00, 0x00, 0x7f, 0xf4, 0x00, 0x00, 0x7f, 0xf4, 0x00, 0x00, 0x7f,
    0xf4, 0x00, 0x00, 0x7f, 0xf4, 0x00, 0x00, 0x7f, 0xf4, 0x00, 0x00, 0x7f, 0xf4, 0x00, 0x00, 0x7f,
    0xf4, 0x00, 0x00, 0x7f, 0xf4, 0x00, 0x00, 0x7f, 0xf4, 0x00, 0x00, 0x7f, 0xf4, 0x00, 0x00, 0x7f,
    0xf4, 0x00, 0x00, 0x7f, 0xf4, 0x00, 0x00, 0x7f, 0xf4, 0x00, 0x00, 0x7f, 0xf4, 0x00, 0x00, 0x7f,
    0xf4, 0x00, 0x03, 0x9c, 0xde, 0xfd, 0xb7, 0x10, 0x04, 0x10, 0x05, 0xff, 0xff, 0xff, 0xff, 0xe9,
    0xcf, 0x70, 0x02, 0xea, 0x76, 0x68, 0xdf, 0xff, 0xfe, 0x60, 0x00, 0x00, 0x00, 0x3a, 0xff, 0xff,
    0xf8, 0x00, 0x00, 0x00, 0x5c, 0xff, 0xfb, 0x5d, 0xff, 0x40, 0x00, 0x3d, 0xff, 0xe9, 0x20, 0x03,
    0xff, 0xb0, 0x00, 0x1f, 0xd7, 0x10, 0x00, 0x00, 0xbf, 0xf2, 0x00, 0x03, 0x00, 0x00, 0x00, 0x00,
    0x6f, 0xf5, 0x00, 0x00, 0x02, 0x45, 0x31, 0x00, 0x2f, 0xf8, 0x00, 0x07, 0xdf, 0xff, 0xfe, 0x91,
    0x1f, 0xfa, 0x01, 0xdf, 0xff, 0xff, 0xff, 0xfd, 0x2f, 0xfb, 0x0c, 0xff, 0xc5, 0x10, 0x15, 0xcf,
    0xcf, 0xfb, 0x5f, 0xfb, 0x00, 0x00, 0x00, 0x0a, 0xff, 0xf9, 0xaf, 0xf2, 0x00, 0x00, 0x00, 0x01,
    0xff, 0xf8, 0xcf, 0xe0, 0x00, 0x00, 0x00, 0x00, 0xcf, 0xf4, 0xbf, 0xe0, 0x00, 0x00, 0x00, 0x00,
    0xdf, 0xe1, 0x9f, 0xf5, 0x00, 0x00, 0x00, 0x04, 0xff, 0xa0, 0x3f, 0xfe, 0x30, 0x00, 0x00, 0x3e,
    0xfe, 0x20, 0x08, 0xff, 0xfa, 0x76, 0x7b, 0xff, 0xf5, 0x00, 0x00, 0x8f, 0xff, 0xff, 0xff, 0xfe,
    0x40, 0x00, 0x00, 0x02, 0x8c, 0xef, 0xeb, 0x61, 0x00, 0x00, 0x00, 0x00, 0x8c, 0xa2, 0x00, 0x3d,
    0x30, 0x00, 0x00, 0x7f, 0xff, 0xe4, 0x09, 0xf1, 0x00, 0x00, 0x0d, 0xd2, 0x4e, 0xfe, 0xfb, 0x00,
    0x00, 0x01, 0xf7, 0x00, 0x2b, 0xfc, 0x20, 0x00, 0x00, 0x00, 0x00, 0x00, 0x00, 0x00, 0x00, 0x00,
    0x00, 0x00, 0x00, 0x00, 0x00, 0x00, 0x00, 0x7f, 0xf2, 0x07, 0xbe, 0xfe, 0xb5, 0x00, 0x07, 0xff,
    0x4d, 0xff, 0xff, 0xff, 0xfb, 0x10, 0x7f, 0xfe, 0xfd, 0x86, 0x69, 0xff, 0xf9, 0x07, 0xff, 0xfa,
    0x00, 0x00, 0x03, 0xef, 0xf2, 0x7f, 0xfd, 0x00, 0x00, 0x00, 0x07, 0xff, 0x67, 0xff, 0x70, 0x00,
    0x00, 0x00, 0x3f, 0xf8, 0x7f, 0xf4, 0x00, 0x00, 0x00, 0x01, 0xff, 0x97, 0xff, 0x40, 0x00, 0x00,
    0x00, 0x1f, 0xf9, 0x7f, 0xf4, 0x00, 0x00, 0x00, 0x01, 0xff, 0x97, 0xff, 0x40, 0x00, 0x00, 0x00,
    0x1f, 0xf9, 0x7f, 0xf4, 0x00, 0x00, 0x00, 0x01, 0xff, 0x97, 0xff, 0x40, 0x00, 0x00, 0x00, 0x1f,
    0xf9, 0x7f, 0xf4, 0x00, 0x00, 0x00, 0x01, 0xff, 0x97, 0xff, 0x40, 0x00, 0x00, 0x00, 0x1f, 0xf9,
    0x7f, 0xf4, 0x00, 0x00, 0x00, 0x01, 0xff, 0x90, 0x00, 0x07, 0x88, 0x30, 0x00, 0x00, 0x00, 0x00,
    0x00, 0x02, 0xcf, 0xe4, 0x00, 0x00, 0x00, 0x00, 0x00, 0x00, 0x08, 0xff, 0x50, 0x00, 0x00, 0x00,
    0x00, 0x00, 0x00, 0x4e, 0xf7, 0x00, 0x00, 0x00, 0x00, 0x00, 0x00, 0x00, 0x00, 0x00, 0x00, 0x00,
    0x00, 0x00, 0x00, 0x00, 0x00, 0x00, 0x00, 0x00, 0x00, 0x00, 0x4a, 0xde, 0xec, 0x93, 0x00, 0x00,
    0x00, 0x1b, 0xff, 0xff, 0xff, 0xff, 0x90, 0x00, 0x01, 0xdf, 0xfe, 0x86, 0x69, 0xef, 0xfb, 0x00,
    0x0b, 0xff, 0xa1, 0x00, 0x00, 0x2c, 0xff, 0x70, 0x3f, 0xfb, 0x00, 0x00, 0x00, 0x01, 0xef, 0xe1,
    0x8f, 0xf4, 0x00, 0x00, 0x00, 0x00, 0x7f, 0xf5, 0xbf, 0xf0, 0x00, 0x00, 0x00, 0x00, 0x3f, 0xf7,
    0xcf, 0xe0, 0x00, 0x00, 0x00, 0x00, 0x2f, 0xf9, 0xbf, 0xf0, 0x00, 0x00, 0x00, 0x00, 0x3f, 0xf7,
    0x8f, 0xf4, 0x00, 0x00, 0x00, 0x00, 0x8f, 0xf5, 0x3f, 0xfc, 0x00, 0x00, 0x00, 0x01, 0xef, 0xe0,
    0x0b, 0xff, 0xa1, 0x00, 0x00, 0x2c, 0xff, 0x70, 0x01, 0xdf, 0xfe, 0x86, 0x69, 0xef, 0xfb, 0x00,
    0x00, 0x1b, 0xff, 0xff, 0xff, 0xff, 0x80, 0x00, 0x00, 0x00, 0x4a, 0xde, 0xec, 0x83, 0x00, 0x00,
    0x00, 0x00, 0x00, 0x00, 0x05, 0x88, 0x50, 0x00, 0x00, 0x00, 0x00, 0x00, 0x7f, 0xf9, 0x10, 0x00,
    0x00, 0x00, 0x00, 0x09, 0xfe, 0x50, 0x00, 0x00, 0x00, 0x00, 0x00, 0xaf, 0xc2, 0x00, 0x00, 0x00,
    0x00, 0x00, 0x00, 0x00, 0x00, 0x00, 0x00, 0x00, 0x00, 0x00, 0x00, 0x00, 0x00, 0x00, 0x00, 0x00,
    0x00, 0x00, 0x4a, 0xde, 0xec, 0x93, 0x00, 0x00, 0x00, 0x1b, 0xff, 0xff, 0xff, 0xff, 0x90, 0x00,
    0x01, 0xdf, 0xfe, 0x86, 0x69, 0xef, 0xfb, 0x00, 0x0b, 0xff, 0xa1, 0x00, 0x00, 0x2c, 0xff, 0x70,
    0x3f, 0xfb, 0x00, 0x00, 0x00, 0x01, 0xef, 0xe1, 0x8f, 0xf4, 0x00, 0x00, 0x00, 0x00, 0x7f, 0xf5,
    0xbf, 0xf0, 0x00, 0x00, 0x00, 0x00, 0x3f, 0xf7, 0xcf, 0xe0, 0x00, 0x00, 0x00, 0x00, 0x2f, 0xf9,
    0xbf, 0xf0, 0x00, 0x00, 0x00, 0x00, 0x3f, 0xf7, 0x8f, 0xf4, 0x00, 0x00, 0x00, 0x00, 0x8f, 0xf5,
    0x3f, 0xfc, 0x00, 0x00, 0x00, 0x01, 0xef, 0xe0, 0x0b, 0xff, 0xa1, 0x00, 0x00, 0x2c, 0xff, 0x70,
    0x01, 0xdf, 0xfe, 0x86, 0x69, 0xef, 0xfb, 0x00, 0x00, 0x1b, 0xff, 0xff, 0xff, 0xff, 0x80, 0x00,
    0x00, 0x00, 0x4a, 0xde, 0xec, 0x83, 0x00, 0x00, 0x00, 0x00, 0x00, 0x58, 0x83, 0x00, 0x00, 0x00,
    0x00, 0x00, 0x07, 0xff, 0xfe, 0x40, 0x00, 0x00, 0x00, 0x00, 0x8f, 0xe4, 0x7f, 0xf5, 0x00, 0x00,
    0x00, 0x09, 0xfc, 0x20, 0x04, 0xef, 0x60, 0x00, 0x00, 0x00, 0x00, 0x00, 0x00, 0x00, 0x00, 0x00,
    0x00, 0x00, 0x00, 0x00, 0x00, 0x00, 0x00, 0x00, 0x00, 0x00, 0x4a, 0xde, 0xec, 0x93, 0x00, 0x00,
    0x00, 0x1b, 0xff, 0xff, 0xff, 0xff, 0x90, 0x00, 0x01, 0xdf, 0xfe, 0x86, 0x69, 0xef, 0xfb, 0x00,
    0x0b, 0xff, 0xa1, 0x00, 0x00, 0x2c, 0xff, 0x70, 0x3f, 0xfb, 0x00, 0x00, 0x00, 0x01, 0xef, 0xe1,
    0x8f, 0xf4, 0x00, 0x00, 0x00, 0x00, 0x7f, 0xf5, 0xbf, 0xf0, 0x00, 0x00, 0x00, 0x00, 0x3f, 0xf7,
    0xcf, 0xe0, 0x00, 0x00, 0x00, 0x00, 0x2f, 0xf9, 0xbf, 0xf0, 0x00, 0x00, 0x00, 0x00, 0x3f, 0xf7,
    0x8f, 0xf4, 0x00, 0x00, 0x00, 0x00, 0x8f, 0xf5, 0x3f, 0xfc, 0x00, 0x00, 0x00, 0x01, 0xef, 0xe0,
    0x0b, 0xff, 0xa1, 0x00, 0x00, 0x2c, 0xff, 0x70, 0x01, 0xdf, 0xfe, 0x86, 0x69, 0xef, 0xfb, 0x00,
    0x00, 0x1b, 0xff, 0xff, 0xff, 0xff, 0x80, 0x00, 0x00, 0x00, 0x4a, 0xde, 0xec, 0x83, 0x00, 0x00,
    0x00, 0x00, 0x5c, 0xb4, 0x00, 0x0c, 0x70, 0x00, 0x00, 0x03, 0xff, 0xff, 0x70, 0x5f, 0x60, 0x00,
    0x00, 0x09, 0xf4, 0x2c, 0xfe, 0xfe, 0x10, 0x00, 0x00, 0x0b, 0xb0, 0x00, 0x9e, 0xd4, 0x00, 0x00,
    0x00, 0x00, 0x00, 0x00, 0x00, 0x00, 0x00, 0x00, 0x00, 0x00, 0x00, 0x00, 0x00, 0x00, 0x00, 0x00,
    0x00, 0x00, 0x4a, 0xde, 0xec, 0x93, 0x00, 0x00, 0x00, 0x1b, 0xff, 0xff, 0xff, 0xff, 0x90, 0x00,
    0x01, 0xdf, 0xfe, 0x86, 0x69, 0xef, 0xfb, 0x00, 0x0b, 0xff, 0xa1, 0x00, 0x00, 0x2c, 0xff, 0x70,
    0x3f, 0xfb, 0x00, 0x00, 0x00, 0x01, 0xef, 0xe1, 0x8f, 0xf4, 0x00, 0x00, 0x00, 0x00, 0x7f, 0xf5,
    0xbf, 0xf0, 0x00, 0x00, 0x00, 0x00, 0x3f, 0xf7, 0xcf, 0xe0, 0x00, 0x00, 0x00, 0x00, 0x2f, 0xf9,
    0xbf, 0xf0, 0x00, 0x00, 0x00, 0x00, 0x3f, 0xf7, 0x8f, 0xf4, 0x00, 0x00, 0x00, 0x00, 0x8f, 0xf5,
    0x3f, 0xfc, 0x00, 0x00, 0x00, 0x01, 0xef, 0xe0, 0x0b, 0xff, 0xa1, 0x00, 0x00, 0x2c, 0xff, 0x70,
    0x01, 0xdf, 0xfe, 0x86, 0x69, 0xef, 0xfb, 0x00, 0x00, 0x1b, 0xff, 0xff, 0xff, 0xff, 0x80, 0x00,
    0x00, 0x00, 0x4a, 0xde, 0xec, 0x83, 0x00, 0x00, 0x00, 0x00, 0x25, 0x00, 0x01, 0x51, 0x00, 0x00,
    0x00, 0x01, 0xef, 0x90, 0x0c, 0xfc, 0x00, 0x00, 0x00, 0x00, 0xbe, 0x60, 0x09, 0xe8, 0x00, 0x00,
    0x00, 0x00, 0x00, 0x00, 0x00, 0x00, 0x00, 0x00, 0x00, 0x00, 0x00, 0x00, 0x00, 0x00, 0x00, 0x00,
    0x00, 0x00, 0x4a, 0xde, 0xec, 0x93, 0x00, 0x00, 0x00, 0x1b, 0xff, 0xff, 0xff, 0xff, 0x90, 0x00,
    0x01, 0xdf, 0xfe, 0x86, 0x69, 0xef, 0xfb, 0x00, 0x0b, 0xff, 0xa1, 0x00, 0x00, 0x2c, 0xff, 0x70,
    0x3f, 0xfb, 0x00, 0x00, 0x00, 0x01, 0xef, 0xe1, 0x8f, 0xf4, 0x00, 0x00, 0x00, 0x00, 0x7f, 0xf5,
    0xbf, 0xf0, 0x00, 0x00, 0x00, 0x00, 0x3f, 0xf7, 0xcf, 0xe0, 0x00, 0x00, 0x00, 0x00, 0x2f, 0xf9,
    0xbf, 0xf0, 0x00, 0x00, 0x00, 0x00, 0x3f, 0xf7, 0x8f, 0xf4, 0x00, 0x00, 0x00, 0x00, 0x8f, 0xf5,
    0x3f, 0xfc, 0x00, 0x00, 0x00, 0x01, 0xef, 0xe0, 0x0b, 0xff, 0xa1, 0x00, 0x00, 0x2c, 0xff, 0x70,
    0x01, 0xdf, 0xfe, 0x86, 0x69, 0xef, 0xfb, 0x00, 0x00, 0x1b, 0xff, 0xff, 0xff, 0xff, 0x80, 0x00,
    0x00, 0x00, 0x4a, 0xde, 0xec, 0x83, 0x00, 0x00, 0x00, 0x00, 0x02, 0xce, 0x50, 0x00, 0x00, 0x00,
    0x00, 0x06, 0xff, 0xb0, 0x00, 0x00, 0x00, 0x00, 0x02, 0xce, 0x50, 0x00, 0x00, 0x00, 0x00, 0x00,
    0x00, 0x00, 0x00, 0x00, 0x00, 0x00, 0x00, 0x00, 0x00, 0x00, 0x00, 0x15, 0x55, 0x55, 0x55, 0x55,
    0x55, 0x52, 0x2f, 0xff, 0xff, 0xff, 0xff, 0xff, 0xf6, 0x2f, 0xff, 0xff, 0xff, 0xff, 0xff, 0xf6,
    0x00, 0x00, 0x00, 0x00, 0x00, 0x00, 0x00, 0x00, 0x00, 0x00, 0x00, 0x00, 0x00, 0x00, 0x00, 0x00,
    0x00, 0x00, 0x00, 0x00, 0x00, 0x00, 0x00, 0x02, 0xce, 0x50, 0x00, 0x00, 0x00, 0x00, 0x06, 0xff,
    0xb0, 0x00, 0x00, 0x00, 0x00, 0x02, 0xce, 0x50, 0x00, 0x00, 0x00, 0x00, 0x00, 0x00, 0x00, 0x00,
    0x07, 0x50, 0x00, 0x00, 0x00, 0x00, 0x00, 0x00, 0x7f, 0x30, 0x00, 0x00, 0x4a, 0xde, 0xec, 0x95,
    0xe8, 0x00, 0x00, 0x1b, 0xff, 0xff, 0xff, 0xff, 0xf1, 0x00, 0x01, 0xdf, 0xfe, 0x86, 0x69, 0xff,
    0xfb, 0x00, 0x0b, 0xff, 0xa1, 0x00, 0x02, 0xff, 0xff, 0x70, 0x3f, 0xfb, 0x00, 0x00, 0x0b, 0xd2,
    0xef, 0xe1, 0x8f, 0xf4, 0x00, 0x00, 0x7f, 0x30, 0x7f, 0xf5, 0xbf, 0xf0, 0x00, 0x02, 0xe8, 0x00,
    0x3f, 0xf7, 0xcf, 0xe0, 0x00, 0x0c, 0xd1, 0x00, 0x2f, 0xf9, 0xbf, 0xf0, 0x00, 0x7f, 0x30, 0x00,
    0x3f, 0xf7, 0x8f, 0xf4, 0x02, 0xe8, 0x00, 0x00, 0x8f, 0xf5, 0x3f, 0xfc, 0x0c, 0xd1, 0x00, 0x01,
    0xef, 0xe0, 0x0b, 0xff, 0xff, 0x30, 0x00, 0x2c, 0xff, 0x70, 0x01, 0xdf, 0xff, 0x86, 0x69, 0xef,
    0xfb, 0x00, 0x00, 0x1f, 0xff, 0xff, 0xff, 0xff, 0x80, 0x00, 0x00, 0x7f, 0x7a, 0xde, 0xec, 0x83,
    0x00, 0x00, 0x02, 0xf8, 0x00, 0x00, 0x00, 0x00, 0x00, 0x00, 0x0c, 0xd1, 0x00, 0x00, 0x00, 0x00,
    0x00, 0x00, 0x00, 0x38, 0x87, 0x00, 0x00, 0x00, 0x00, 0x00, 0x00, 0x6f, 0xfb, 0x10, 0x00, 0x00,
    0x00, 0x00, 0x00, 0x3d, 0xfc, 0x10, 0x00, 0x00, 0x00, 0x00, 0x00, 0x19, 0xfd, 0x20, 0x00, 0x00,
    0x00, 0x00, 0x00, 0x00, 0x00, 0x00, 0x00, 0x00, 0x00, 0x00, 0x00, 0x00, 0x00, 0x00, 0x00, 0x9f,
    0xf1, 0x00, 0x00, 0x00, 0x05, 0xff, 0x69, 0xff, 0x10, 0x00, 0x00, 0x00, 0x5f, 0xf6, 0x9f, 0xf1,
    0x00, 0x00, 0x00, 0x05, 0xff, 0x69, 0xff, 0x10, 0x00, 0x00, 0x00, 0x5f, 0xf6, 0x9f, 0xf1, 0x00,
    0x00, 0x00, 0x05, 0xff, 0x69, 0xff, 0x10, 0x00, 0x00, 0x00, 0x5f, 0xf6, 0x9f, 0xf1, 0x00, 0x00,
    0x00, 0x05, 0xff, 0x69, 0xff, 0x10, 0x00, 0x00, 0x00, 0x5f, 0xf6, 0x9f, 0xf2, 0x00, 0x00, 0x00,
    0x06, 0xff, 0x68, 0xff, 0x30, 0x00, 0x00, 0x00, 0x8f, 0xf6, 0x6f, 0xf7, 0x00, 0x00, 0x00, 0x1e,
    0xff, 0x61, 0xff, 0xe3, 0x00, 0x00, 0x1b, 0xff, 0xf6, 0x08, 0xff, 0xf9, 0x66, 0x8e, 0xfe, 0xff,
    0x60, 0x0a, 0xff, 0xff, 0xff, 0xfd, 0x4f, 0xf6, 0x00, 0x04, 0xad, 0xfe, 0xc7, 0x03, 0xff, 0x60,
    0x00, 0x00, 0x00, 0x00, 0x17, 0x87, 0x20, 0x00, 0x00, 0x00, 0x00, 0x2d, 0xfe, 0x40, 0x00, 0x00,
    0x00, 0x00, 0x2d, 0xfb, 0x10, 0x00, 0x00, 0x00, 0x00, 0x3e, 0xf8, 0x00, 0x00, 0x00, 0x00, 0x00,
    0x00, 0x00, 0x00, 0x00, 0x00, 0x00, 0x00, 0x00, 0x00, 0x00, 0x00, 0x00, 0x00, 0x9f, 0xf1, 0x00,
    0x00, 0x00, 0x05, 0xff, 0x69, 0xff, 0x10, 0x00, 0x00, 0x00, 0x5f, 0xf6, 0x9f, 0xf1, 0x00, 0x00,
    0x00, 0x05, 0xff, 0x69, 0xff, 0x10, 0x00, 0x00, 0x00, 0x5f, 0xf6, 0x9f, 0xf1, 0x00, 0x00, 0x00,
    0x05, 0xff, 0x69, 0xff, 0x10, 0x00, 0x00, 0x00, 0x5f, 0xf6, 0x9f, 0xf1, 0x00, 0x00, 0x00, 0x05,
    0xff, 0x69, 0xff, 0x10, 0x00, 0x00, 0x00, 0x5f, 0xf6, 0x9f, 0xf2, 0x00, 0x00, 0x00, 0x06, 0xff,
    0x68, 0xff, 0x30, 0x00, 0x00, 0x00, 0x8f, 0xf6, 0x6f, 0xf7, 0x00, 0x00, 0x00, 0x1e, 0xff, 0x61,
    0xff, 0xe3, 0x00, 0x00, 0x1b, 0xff, 0xf6, 0x08, 0xff, 0xf9, 0x66, 0x8e, 0xfe, 0xff, 0x60, 0x0a,
    0xff, 0xff, 0xff, 0xfd, 0x4f, 0xf6, 0x00, 0x04, 0xad, 0xfe, 0xc7, 0x03, 0xff, 0x60, 0x00, 0x00,
    0x01, 0x78, 0x70, 0x00, 0x00, 0x00, 0x00, 0x02, 0xdf, 0xff, 0xb1, 0x00, 0x00, 0x00, 0x02, 0xdf,
    0xa2, 0xcf, 0xb1, 0x00, 0x00, 0x02, 0xdf, 0x70, 0x00, 0x9f, 0xc1, 0x00, 0x00, 0x00, 0x00, 0x00,
    0x00, 0x00, 0x00, 0x00, 0x00, 0x00, 0x00, 0x00, 0x00, 0x00, 0x00, 0x9f, 0xf1, 0x00, 0x00, 0x00,
    0x05, 0xff, 0x69, 0xff, 0x10, 0x00, 0x00, 0x00, 0x5f, 0xf6, 0x9f, 0xf1, 0x00, 0x00, 0x00, 0x05,
    0xff, 0x69, 0xff, 0x10, 0x00, 0x00, 0x00, 0x5f, 0xf6, 0x9f, 0xf1, 0x00, 0x00, 0x00, 0x05, 0xff,
    0x69, 0xff, 0x10, 0x00, 0x00, 0x00, 0x5f, 0xf6, 0x9f, 0xf1, 0x00, 0x00, 0x00, 0x05, 0xff, 0x69,
    0xff, 0x10, 0x00, 0x00, 0x00, 0x5f, 0xf6, 0x9f, 0xf2, 0x00, 0x00, 0x00, 0x06, 0xff, 0x68, 0xff,
    0x30, 0x00, 0x00, 0x00, 0x8f, 0xf6, 0x6f, 0xf7, 0x00, 0x00, 0x00, 0x1e, 0xff, 0x61, 0xff, 0xe3,
    0x00, 0x00, 0x1b, 0xff, 0xf6, 0x08, 0xff, 0xf9, 0x66, 0x8e, 0xfe, 0xff, 0x60, 0x0a, 0xff, 0xff,
    0xff, 0xfd, 0x4f, 0xf6, 0x00, 0x04, 0xad, 0xfe, 0xc7, 0x03, 0xff, 0x60, 0x00, 0x00, 0x43, 0x00,
    0x04, 0x40, 0x00, 0x00, 0x00, 0x8f, 0xf2, 0x04, 0xff, 0x50, 0x00, 0x00, 0x05, 0xec, 0x10, 0x2d,
    0xd3, 0x00, 0x00, 0x00, 0x00, 0x00, 0x00, 0x00, 0x00, 0x00, 0x00, 0x00, 0x00, 0x00, 0x00, 0x00,
    0x00, 0x09, 0xff, 0x10, 0x00, 0x00, 0x00, 0x5f, 0xf6, 0x9f, 0xf1, 0x00, 0x00, 0x00, 0x05, 0xff,
    0x69, 0xff, 0x10, 0x00, 0x00, 0x00, 0x5f, 0xf6, 0x9f, 0xf1, 0x00, 0x00, 0x00, 0x05, 0xff, 0x69,
    0xff, 0x10, 0x00, 0x00, 0x00, 0x5f, 0xf6, 0x9f, 0xf1, 0x00, 0x00, 0x00, 0x05, 0xff, 0x69, 0xff,
    0x10, 0x00, 0x00, 0x00, 0x5f, 0xf6, 0x9f, 0xf1, 0x00, 0x00, 0x00, 0x05, 0xff, 0x69, 0xff, 0x20,
    0x00, 0x00, 0x00, 0x6f, 0xf6, 0x8f, 0xf3, 0x00, 0x00, 0x00, 0x08, 0xff, 0x66, 0xff, 0x70, 0x00,
    0x00, 0x01, 0xef, 0xf6, 0x1f, 0xfe, 0x30, 0x00, 0x01, 0xbf, 0xff, 0x60, 0x8f, 0xff, 0x96, 0x68,
    0xef, 0xef, 0xf6, 0x00, 0xaf, 0xff, 0xff, 0xff, 0xd4, 0xff, 0x60, 0x00, 0x4a, 0xdf, 0xec, 0x70,
    0x3f, 0xf6, 0x00, 0x00, 0x00, 0x00, 0x01, 0x78, 0x72, 0x00, 0x00, 0x00, 0x00, 0x00, 0x02, 0xcf,
    0xe4, 0x00, 0x00, 0x00, 0x00, 0x00, 0x02, 0xdf, 0xb2, 0x00, 0x00, 0x00, 0x00, 0x00, 0x03, 0xef,
    0x80, 0x00, 0x00, 0x00, 0x00, 0x00, 0x00, 0x00, 0x00, 0x00, 0x00, 0x00, 0x00, 0x00, 0x00, 0x00,
    0x00, 0x00, 0x00, 0x00, 0x00, 0x0d, 0xfe, 0x10, 0x00, 0x00, 0x00, 0x03, 0xff, 0x70, 0x6f, 0xf6,
    0x00, 0x00, 0x00, 0x00, 0x9f, 0xe1, 0x00, 0xef, 0xd0, 0x00, 0x00, 0x00, 0x1f, 0xf8, 0x00, 0x07,
    0xff, 0x50, 0x00, 0x00, 0x07, 0xff, 0x20, 0x00, 0x1e, 0xfb, 0x00, 0x00, 0x00, 0xef, 0xa0, 0x00,
    0x00, 0x9f, 0xf3, 0x00, 0x00, 0x6f, 0xf3, 0x00, 0x00, 0x02, 0xff, 0xa0, 0x00, 0x0c, 0xfb, 0x00,
    0x00, 0x00, 0x0a, 0xff, 0x20, 0x04, 0xff, 0x50, 0x00, 0x00, 0x00, 0x3f, 0xf8, 0x00, 0xaf, 0xd0,
    0x00, 0x00, 0x00, 0x00, 0xcf, 0xe1, 0x2f, 0xf6, 0x00, 0x00, 0x00, 0x00, 0x05, 0xff, 0x69, 0xfe,
    0x00, 0x00, 0x00, 0x00, 0x00, 0x0d, 0xfd, 0xef, 0x70, 0x00, 0x00, 0x00, 0x00, 0x00, 0x6f, 0xff,
    0xf1, 0x00, 0x00, 0x00, 0x00, 0x00, 0x01, 0xef, 0xf9, 0x00, 0x00, 0x00, 0x00, 0x00, 0x00, 0x09,
    0xff, 0x20, 0x00, 0x00, 0x00, 0x00, 0x00, 0x01, 0xef, 0xa0, 0x00, 0x00, 0x00, 0x02, 0x00, 0x00,
    0x9f, 0xf3, 0x00, 0x00, 0x00, 0x01, 0xda, 0x65, 0xaf, 0xfa, 0x00, 0x00, 0x00, 0x00, 0x6f, 0xff,
    0xff, 0xfc, 0x10, 0x00, 0x00, 0x00, 0x00, 0x6b, 0xee, 0xc7, 0x10, 0x00, 0x00, 0x00, 0x00, 0x7f,
    0xf4, 0x00, 0x00, 0x00, 0x00, 0x00, 0x00, 0x7f, 0xf4, 0x00, 0x00, 0x00, 0x00, 0x00, 0x00, 0x7f,
    0xf4, 0x00, 0x00, 0x00, 0x00, 0x00, 0x00, 0x7f, 0xf4, 0x00, 0x00, 0x00, 0x00, 0x00, 0x00, 0x7f,
    0xf4, 0x00, 0x00, 0x00, 0x00, 0x00, 0x00, 0x7f, 0xf4, 0x00, 0x00, 0x00, 0x00, 0x00, 0x00, 0x7f,
    0xf4, 0x06, 0xbe, 0xfd, 0xb5, 0x00, 0x00, 0x7f, 0xf5, 0xcf, 0xff, 0xff, 0xff, 0xd3, 0x00, 0x7f,
    0xfe, 0xff, 0xa7, 0x68, 0xdf, 0xfe, 0x20, 0x7f, 0xff, 0xd3, 0x00, 0x00, 0x09, 0xff, 0xd0, 0x7f,
    0xfe, 0x20, 0x00, 0x00, 0x00, 0xaf, 0xf5, 0x7f, 0xf9, 0x00, 0x00, 0x00, 0x00, 0x3f, 0xfa, 0x7f,
    0xf5, 0x00, 0x00, 0x00, 0x00, 0x0e, 0xfc, 0x7f, 0xf3, 0x00, 0x00, 0x00, 0x00, 0x0c, 0xfd, 0x7f,
    0xf5, 0x00, 0x00, 0x00, 0x00, 0x0e, 0xfc, 0x7f, 0xf9, 0x00, 0x00, 0x00, 0x00, 0x3f, 0xfa, 0x7f,
    0xfe, 0x20, 0x00, 0x00, 0x00, 0xbf, 0xf5, 0x7f, 0xff, 0xd2, 0x00, 0x00, 0x09, 0xff, 0xd0, 0x7f,
    0xfe, 0xff, 0xa7, 0x68, 0xdf, 0xfe, 0x20, 0x7f, 0xf5, 0xbf, 0xff, 0xff, 0xff, 0xd3, 0x00, 0x7f,
    0xf4, 0x05, 0xbe, 0xfd, 0xb5, 0x10, 0x00, 0x7f, 0xf4, 0x00, 0x00, 0x00, 0x00, 0x00, 0x00, 0x7f,
    0xf4, 0x00, 0x00, 0x00, 0x00, 0x00, 0x00, 0x7f, 0xf4, 0x00, 0x00, 0x00, 0x00, 0x00, 0x00, 0x7f,
    0xf4, 0x00, 0x00, 0x00, 0x00, 0x00, 0x00, 0x7f, 0xf4, 0x00, 0x00, 0x00, 0x00, 0x00, 0x00, 0x00,
    0x00, 0x04, 0x30, 0x00, 0x34, 0x00, 0x00, 0x00, 0x00, 0x07, 0xff, 0x20, 0x4f, 0xf5, 0x00, 0x00,
    0x00, 0x00, 0x4e, 0xc1, 0x02, 0xde, 0x30, 0x00, 0x00, 0x00, 0x00, 0x00, 0x00, 0x00, 0x00, 0x00,
    0x00, 0x00, 0x00, 0x00, 0x00, 0x00, 0x00, 0x00, 0x00, 0x00, 0xdf, 0xe1, 0x00, 0x00, 0x00, 0x00,
    0x3f, 0xf7, 0x06, 0xff, 0x60, 0x00, 0x00, 0x00, 0x09, 0xfe, 0x10, 0x0e, 0xfd, 0x00, 0x00, 0x00,
    0x01, 0xff, 0x80, 0x00, 0x7f, 0xf5, 0x00, 0x00, 0x00, 0x7f, 0xf2, 0x00, 0x01, 0xef, 0xb0, 0x00,
    0x00, 0x0e, 0xfa, 0x00, 0x00, 0x09, 0xff, 0x30, 0x00, 0x06, 0xff, 0x30, 0x00, 0x00, 0x2f, 0xfa,
    0x00, 0x00, 0xcf, 0xb0, 0x00, 0x00, 0x00, 0xaf, 0xf2, 0x00, 0x4f, 0xf5, 0x00, 0x00, 0x00, 0x03,
    0xff, 0x80, 0x0a, 0xfd, 0x00, 0x00, 0x00, 0x00, 0x0c, 0xfe, 0x12, 0xff, 0x60, 0x00, 0x00, 0x00,
    0x00, 0x5f, 0xf6, 0x9f, 0xe0, 0x00, 0x00, 0x00, 0x00, 0x00, 0xdf, 0xde, 0xf7, 0x00, 0x00, 0x00,
    0x00, 0x00, 0x06, 0xff, 0xff, 0x10, 0x00, 0x00, 0x00, 0x00, 0x00, 0x1e, 0xff, 0x90, 0x00, 0x00,
    0x00, 0x00, 0x00, 0x00, 0x9f, 0xf2, 0x00, 0x00, 0x00, 0x00, 0x00, 0x00, 0x1e, 0xfa, 0x00, 0x00,
    0x00, 0x00, 0x20, 0x00, 0x09, 0xff, 0x30, 0x00, 0x00, 0x00, 0x1d, 0xa6, 0x5a, 0xff, 0xa0, 0x00,
    0x00, 0x00, 0x06, 0xff, 0xff, 0xff, 0xc1, 0x00, 0x00, 0x00, 0x00, 0x06, 0xbe, 0xec, 0x71, 0x00,
    0x00, 0x00, 0x00, 0x00, 0x00, 0x00, 0x04, 0xdd, 0xdd, 0xdd, 0xdd, 0xa0, 0x00, 0x00, 0x00, 0x00,
    0x00, 0x5f, 0xff, 0xff, 0xff, 0xfc, 0x00, 0x00, 0x00, 0x00, 0x00, 0x00, 0x00, 0x00, 0x00, 0x00,
    0x00, 0x00, 0x00, 0x00, 0x00, 0x00, 0x00, 0x00, 0x00, 0x00, 0x00, 0x00, 0x00, 0x00, 0x00, 0x00,
    0x00, 0x00, 0x6f, 0xfd, 0x00, 0x00, 0x00, 0x00, 0x00, 0x00, 0x00, 0x00, 0x0c, 0xff, 0xf4, 0x00,
    0x00, 0x00, 0x00, 0x00, 0x00, 0x00, 0x04, 0xff, 0xff, 0xb0, 0x00, 0x00, 0x00, 0x00, 0x00, 0x00,
    0x00, 0xbf, 0xe9, 0xff, 0x30, 0x00, 0x00, 0x00, 0x00, 0x00, 0x00, 0x2f, 0xf8, 0x2f, 0xf9, 0x00,
    0x00, 0x00, 0x00, 0x00, 0x00, 0x09, 0xff, 0x20, 0xaf, 0xf1, 0x00, 0x00, 0x00, 0x00, 0x00, 0x01,
    0xef, 0xa0, 0x04, 0xff, 0x80, 0x00, 0x00, 0x00, 0x00, 0x00, 0x7f, 0xf4, 0x00, 0x0c, 0xfe, 0x10,
    0x00, 0x00, 0x00, 0x00, 0x0e, 0xfc, 0x00, 0x00, 0x6f, 0xf6, 0x00, 0x00, 0x00, 0x00, 0x06, 0xff,
    0x60, 0x00, 0x01, 0xef, 0xd0, 0x00, 0x00, 0x00, 0x00, 0xcf, 0xe1, 0x00, 0x00, 0x08, 0xff, 0x40,
    0x00, 0x00, 0x00, 0x4f, 0xf8, 0x00, 0x00, 0x00, 0x2f, 0xfb, 0x00, 0x00, 0x00, 0x0b, 0xff, 0x54,
    0x44, 0x44, 0x44, 0xcf, 0xf3, 0x00, 0x00, 0x02, 0xff, 0xff, 0xff, 0xff, 0xff, 0xff, 0xff, 0xa0,
    0x00, 0x00, 0x9f, 0xff, 0xff, 0xff, 0xff, 0xff, 0xff, 0xff, 0x20, 0x00, 0x1e, 0xfc, 0x00, 0x00,
    0x00, 0x00, 0x00, 0x5f, 0xf8, 0x00, 0x07, 0xff, 0x60, 0x00, 0x00, 0x00, 0x00, 0x00, 0xef, 0xe1,
    0x00, 0xef, 0xe0, 0x00, 0x00, 0x00, 0x00, 0x00, 0x08, 0xff, 0x60, 0x6f, 0xf8, 0x00, 0x00, 0x00,
    0x00, 0x00, 0x00, 0x1f, 0xfd, 0x0c, 0xff, 0x10, 0x00, 0x00, 0x00, 0x00, 0x00, 0x00, 0xaf, 0xf5,
    0x00, 0x5d, 0xdd, 0xdd, 0xdd, 0xd9, 0x00, 0x00, 0x6f, 0xff, 0xff, 0xff, 0xfb, 0x00, 0x00, 0x00,
    0x00, 0x00, 0x00, 0x00, 0x00, 0x00, 0x00, 0x00, 0x00, 0x00, 0x00, 0x00, 0x00, 0x00, 0x00, 0x00,
    0x00, 0x00, 0x00, 0x00, 0x17, 0xbd, 0xfe, 0xda, 0x40, 0x00, 0x08, 0xff, 0xff, 0xff, 0xff, 0xf9,
    0x00, 0x0c, 0xfe, 0xa7, 0x67, 0xaf, 0xff, 0x60, 0x04, 0x71, 0x00, 0x00, 0x03, 0xef, 0xe0, 0x00,
    0x00, 0x00, 0x00, 0x00, 0x8f, 0xf2, 0x00, 0x00, 0x00, 0x00, 0x00, 0x6f, 0xf4, 0x00, 0x39, 0xde,
    0xff, 0xff, 0xff, 0xf5, 0x06, 0xff, 0xff, 0xff, 0xff, 0xff, 0xf5, 0x2f, 0xff, 0xa7, 0x65, 0x55,
    0x9f, 0xf5, 0x7f, 0xf6, 0x00, 0x00, 0x00, 0x6f, 0xf5, 0x9f, 0xf2, 0x00, 0x00, 0x00, 0x8f, 0xf5,
    0x7f, 0xf7, 0x00, 0x00, 0x06, 0xff, 0xf5, 0x2f, 0xff, 0xa7, 0x67, 0xcf, 0xef, 0xf5, 0x06, 0xff,
    0xff, 0xff, 0xfd, 0x5f, 0xf5, 0x00, 0x39, 0xdf, 0xec, 0x81, 0x4f, 0xf5, 0x00, 0x00, 0x04, 0xfa,
    0x00, 0x00, 0x3f, 0xb0, 0x00, 0x00, 0x00, 0x00, 0x00, 0x0e, 0xf6, 0x00, 0x2c, 0xf7, 0x00, 0x00,
    0x00, 0x00, 0x00, 0x00, 0x5f, 0xfe, 0xdf, 0xfc, 0x00, 0x00, 0x00, 0x00, 0x00, 0x00, 0x00, 0x4b,
    0xef, 0xd8, 0x10, 0x00, 0x00, 0x00, 0x00, 0x00, 0x00, 0x00, 0x00, 0x00, 0x00, 0x00, 0x00, 0x00,
    0x00, 0x00, 0x00, 0x00, 0x06, 0xff, 0xd0, 0x00, 0x00, 0x00, 0x00, 0x00, 0x00, 0x00, 0x00, 0xcf,
    0xff, 0x40, 0x00, 0x00, 0x00, 0x00, 0x00, 0x00, 0x00, 0x4f, 0xff, 0xfb, 0x00, 0x00, 0x00, 0x00,
    0x00, 0x00, 0x00, 0x0b, 0xfe, 0x9f, 0xf3, 0x00, 0x00, 0x00, 0x00, 0x00, 0x00, 0x02, 0xff, 0x82,
    0xff, 0x90, 0x00, 0x00, 0x00, 0x00, 0x00, 0x00, 0x9f, 0xf2, 0x0a, 0xff, 0x10, 0x00, 0x00, 0x00,
    0x00, 0x00, 0x1e, 0xfa, 0x00, 0x4f, 0xf8, 0x00, 0x00, 0x00, 0x00, 0x00, 0x07, 0xff, 0x40, 0x00,
    0xcf, 0xe1, 0x00, 0x00, 0x00, 0x00, 0x00, 0xef, 0xc0, 0x00, 0x06, 0xff, 0x60, 0x00, 0x00, 0x00,
    0x00, 0x6f, 0xf6, 0x00, 0x00, 0x1e, 0xfd, 0x00, 0x00, 0x00, 0x00, 0x0c, 0xfe, 0x10, 0x00, 0x00,
    0x8f, 0xf4, 0x00, 0x00, 0x00, 0x04, 0xff, 0x80, 0x00, 0x00, 0x02, 0xff, 0xb0, 0x00, 0x00, 0x00,
    0xbf, 0xf5, 0x44, 0x44, 0x44, 0x4c, 0xff, 0x30, 0x00, 0x00, 0x2f, 0xff, 0xff, 0xff, 0xff, 0xff,
    0xff, 0xfa, 0x00, 0x00, 0x09, 0xff, 0xff, 0xff, 0xff, 0xff, 0xff, 0xff, 0xf2, 0x00, 0x01, 0xef,
    0xc0, 0x00, 0x00, 0x00, 0x00, 0x05, 0xff, 0x80, 0x00, 0x7f, 0xf6, 0x00, 0x00, 0x00, 0x00, 0x00,
    0x0e, 0xfe, 0x10, 0x0e, 0xfe, 0x00, 0x00, 0x00, 0x00, 0x00, 0x00, 0x8f, 0xf6, 0x06, 0xff, 0x80,
    0x00, 0x00, 0x00, 0x00, 0x00, 0x01, 0xff, 0xd0, 0xcf, 0xf1, 0x00, 0x00, 0x00, 0x00, 0x00, 0x00,
    0x0a, 0xff, 0x50, 0x00, 0x5f, 0x80, 0x00, 0x04, 0xf9, 0x00, 0x00, 0x1f, 0xe5, 0x00, 0x2c, 0xf5,
    0x00, 0x00, 0x07, 0xff, 0xed, 0xff, 0xb0, 0x00, 0x00, 0x00, 0x4b, 0xef, 0xc7, 0x00, 0x00, 0x00,
    0x00, 0x00, 0x00, 0x00, 0x00, 0x00, 0x00, 0x00, 0x00, 0x00, 0x00, 0x00, 0x00, 0x00, 0x17, 0xbd,
    0xfe, 0xda, 0x40, 0x00, 0x08, 0xff, 0xff, 0xff, 0xff, 0xf9, 0x00, 0x0c, 0xfe, 0xa7, 0x67, 0xaf,
    0xff, 0x60, 0x04, 0x71, 0x00, 0x00, 0x03, 0xef, 0xe0, 0x00, 0x00, 0x00, 0x00, 0x00, 0x8f, 0xf2,
    0x00, 0x00, 0x00, 0x00, 0x00, 0x6f, 0xf4, 0x00, 0x39, 0xde, 0xff, 0xff, 0xff, 0xf5, 0x06, 0xff,
    0xff, 0xff, 0xff, 0xff, 0xf5, 0x2f, 0xff, 0xa7, 0x65, 0x55, 0x9f, 0xf5, 0x7f, 0xf6, 0x00, 0x00,
    0x00, 0x6f, 0xf5, 0x9f, 0xf2, 0x00, 0x00, 0x00, 0x8f, 0xf5, 0x7f, 0xf7, 0x00, 0x00, 0x06, 0xff,
    0xf5, 0x2f, 0xff, 0xa7, 0x67, 0xcf, 0xef, 0xf5, 0x06, 0xff, 0xff, 0xff, 0xfd, 0x5f, 0xf5, 0x00,
    0x39, 0xdf, 0xec, 0x81, 0x4f, 0xf5, 0x00, 0x00, 0x00, 0x00, 0x6f, 0xfd, 0x00, 0x00, 0x00, 0x00,
    0x00, 0x00, 0x00, 0x00, 0x00, 0xcf, 0xff, 0x40, 0x00, 0x00, 0x00, 0x00, 0x00, 0x00, 0x00, 0x04,
    0xff, 0xff, 0xb0, 0x00, 0x00, 0x00, 0x00, 0x00, 0x00, 0x00, 0x0b, 0xfe, 0x9f, 0xf3, 0x00, 0x00,
    0x00, 0x00, 0x00, 0x00, 0x00, 0x2f, 0xf8, 0x2f, 0xf9, 0x00, 0x00, 0x00, 0x00, 0x00, 0x00, 0x00,
    0x9f, 0xf2, 0x0a, 0xff, 0x10, 0x00, 0x00, 0x00, 0x00, 0x00, 0x01, 0xef, 0xa0, 0x04, 0xff, 0x80,
    0x00, 0x00, 0x00, 0x00, 0x00, 0x07, 0xff, 0x40, 0x00, 0xcf, 0xe1, 0x00, 0x00, 0x00, 0x00, 0x00,
    0x0e, 0xfc, 0x00, 0x00, 0x6f, 0xf6, 0x00, 0x00, 0x00, 0x00, 0x00, 0x6f, 0xf6, 0x00, 0x00, 0x1e,
    0xfd, 0x00, 0x00, 0x00, 0x00, 0x00, 0xcf, 0xe1, 0x00, 0x00, 0x08, 0xff, 0x40, 0x00, 0x00, 0x00,
    0x04, 0xff, 0x80, 0x00, 0x00, 0x02, 0xff, 0xb0, 0x00, 0x00, 0x00, 0x0b, 0xff, 0x54, 0x44, 0x44,
    0x44, 0xcf, 0xf3, 0x00, 0x00, 0x00, 0x2f, 0xff, 0xff, 0xff, 0xff, 0xff, 0xff, 0xfa, 0x00, 0x00,
    0x00, 0x9f, 0xff, 0xff, 0xff, 0xff, 0xff, 0xff, 0xff, 0x20, 0x00, 0x01, 0xef, 0xc0, 0x00, 0x00,
    0x00, 0x00, 0x05, 0xff, 0x80, 0x00, 0x07, 0xff, 0x60, 0x00, 0x00, 0x00, 0x00, 0x00, 0xef, 0xe1,
    0x00, 0x0e, 0xfe, 0x00, 0x00, 0x00, 0x00, 0x00, 0x00, 0x8f, 0xf6, 0x00, 0x6f, 0xf8, 0x00, 0x00,
    0x00, 0x00, 0x00, 0x00, 0x1f, 0xff, 0x00, 0xcf, 0xf1, 0x00, 0x00, 0x00, 0x00, 0x00, 0x00, 0x0f,
    0xff, 0x70, 0x00, 0x00, 0x00, 0x00, 0x00, 0x00, 0x00, 0x00, 0xaf, 0x91, 0x00, 0x00, 0x00, 0x00,
    0x00, 0x00, 0x00, 0x00, 0x05, 0xfa, 0x00, 0x00, 0x00, 0x00, 0x00, 0x00, 0x00, 0x00, 0x00, 0x0a,
    0xf4, 0x00, 0x00, 0x00, 0x00, 0x00, 0x00, 0x00, 0x00, 0x00, 0x0a, 0xf8, 0x00, 0x20, 0x00, 0x00,
    0x00, 0x00, 0x00, 0x00, 0x00, 0x05, 0xff, 0xee, 0xd0, 0x00, 0x00, 0x00, 0x00, 0x00, 0x00, 0x00,
    0x00, 0x6d, 0xed, 0x80, 0x00, 0x17, 0xbd, 0xfe, 0xda, 0x40, 0x00, 0x08, 0xff, 0xff, 0xff, 0xff,
    0xf9, 0x00, 0x0c, 0xfe, 0xa7, 0x67, 0xaf, 0xff, 0x60, 0x04, 0x71, 0x00, 0x00, 0x03, 0xef, 0xe0,
    0x00, 0x00, 0x00, 0x00, 0x00, 0x8f, 0xf2, 0x00, 0x00, 0x00, 0x00, 0x00, 0x6f, 0xf4, 0x00, 0x39,
    0xde, 0xff, 0xff, 0xff, 0xf5, 0x06, 0xff, 0xff, 0xff, 0xff, 0xff, 0xf5, 0x2f, 0xff, 0xa7, 0x65,
    0x55, 0x9f, 0xf5, 0x7f, 0xf6, 0x00, 0x00, 0x00, 0x6f, 0xf5, 0x9f, 0xf2, 0x00, 0x00, 0x00, 0x8f,
    0xf5, 0x7f, 0xf7, 0x00, 0x00, 0x06, 0xff, 0xf5, 0x2f, 0xff, 0xa7, 0x67, 0xcf, 0xef, 0xf5, 0x06,
    0xff, 0xff, 0xff, 0xfd, 0x5f, 0xf5, 0x00, 0x39, 0xdf, 0xec, 0x82, 0xdf, 0xf6, 0x00, 0x00, 0x00,
    0x00, 0x1c, 0xf7, 0x00, 0x00, 0x00, 0x00, 0x00, 0x8f, 0x70, 0x00, 0x00, 0x00, 0x00, 0x00, 0xdf,
    0x10, 0x00, 0x00, 0x00, 0x00, 0x00, 0xdf, 0x50, 0x01, 0x00, 0x00, 0x00, 0x00, 0x8f, 0xfd, 0xea,
    0x00, 0x00, 0x00, 0x00, 0x08, 0xde, 0xd6, 0x00, 0x00, 0x00, 0x00, 0x00, 0x01, 0x78, 0x72, 0x00,
    0x00, 0x00, 0x00, 0x00, 0x00, 0x01, 0xcf, 0xe5, 0x00, 0x00, 0x00, 0x00, 0x00, 0x00, 0x02, 0xdf,
    0xc2, 0x00, 0x00, 0x00, 0x00, 0x00, 0x00, 0x02, 0xdf, 0x90, 0x00, 0x00, 0x00, 0x00, 0x00, 0x00,
    0x00, 0x00, 0x00, 0x00, 0x00, 0x00, 0x00, 0x00, 0x00, 0x03, 0x8c, 0xef, 0xed, 0x95, 0x00, 0x00,
    0x00, 0x00, 0x2b, 0xff, 0xff, 0xff, 0xff, 0xfd, 0x50, 0x00, 0x00, 0x5e, 0xff, 0xfb, 0x86, 0x69,
    0xdf, 0xff, 0x80, 0x00, 0x5f, 0xff, 0xa2, 0x00, 0x00, 0x00, 0x6e, 0xfb, 0x00, 0x2e, 0xff, 0x60,
    0x00, 0x00, 0x00, 0x00, 0x29, 0x10, 0x09, 0xff, 0x90, 0x00, 0x00, 0x00, 0x00, 0x00, 0x00, 0x01,
    0xff, 0xe0, 0x00, 0x00, 0x00, 0x00, 0x00, 0x00, 0x00, 0x5f, 0xf8, 0x00, 0x00, 0x00, 0x00, 0x00,
    0x00, 0x00, 0x08, 0xff, 0x50, 0x00, 0x00, 0x00, 0x00, 0x00, 0x00, 0x00, 0x9f, 0xf3, 0x00, 0x00,
    0x00, 0x00, 0x00, 0x00, 0x00, 0x09, 0xff, 0x30, 0x00, 0x00, 0x00, 0x00, 0x00, 0x00, 0x00, 0x8f,
    0xf5, 0x00, 0x00, 0x00, 0x00, 0x00, 0x00, 0x00, 0x05, 0xff, 0x80, 0x00, 0x00, 0x00, 0x00, 0x00,
    0x00, 0x00, 0x1f, 0xfe, 0x00, 0x00, 0x00, 0x00, 0x00, 0x00, 0x00, 0x00, 0x9f, 0xf9, 0x00, 0x00,
    0x00, 0x00, 0x00, 0x00, 0x00, 0x02, 0xef, 0xf6, 0x00, 0x00, 0x00, 0x00, 0x01, 0x70, 0x00, 0x05,
    0xff, 0xfa, 0x20, 0x00, 0x00, 0x05, 0xdf, 0x90, 0x00, 0x05, 0xff, 0xff, 0xb8, 0x66, 0x8d, 0xff,
    0xfa, 0x00, 0x00, 0x02, 0xbf, 0xff, 0xff, 0xff, 0xff, 0xe6, 0x00, 0x00, 0x00, 0x00, 0x38, 0xce,
    0xfe, 0xda, 0x61, 0x00, 0x00, 0x00, 0x00, 0x00, 0x00, 0x17, 0x87, 0x20, 0x00, 0x00, 0x00, 0x01,
    0xcf, 0xe5, 0x00, 0x00, 0x00, 0x00, 0x2d, 0xfc, 0x20, 0x00, 0x00, 0x00, 0x03, 0xdf, 0x80, 0x00,
    0x00, 0x00, 0x00, 0x00, 0x00, 0x00, 0x00, 0x00, 0x00, 0x00, 0x00, 0x00, 0x00, 0x00, 0x00, 0x00,
    0x00, 0x49, 0xce, 0xed, 0x93, 0x00, 0x00, 0x1b, 0xff, 0xff, 0xff, 0xff, 0x80, 0x01, 0xdf, 0xfe,
    0x96, 0x69, 0xef, 0xf8, 0x0b, 0xff, 0xa1, 0x00, 0x00, 0x2c, 0xf8, 0x3f, 0xfb, 0x00, 0x00, 0x00,
    0x01, 0x30, 0x8f, 0xf4, 0x00, 0x00, 0x00, 0x00, 0x00, 0xbf, 0xf0, 0x00, 0x00, 0x00, 0x00, 0x00,
    0xcf, 0xe0, 0x00, 0x00, 0x00, 0x00, 0x00, 0xbf, 0xf0, 0x00, 0x00, 0x00, 0x00, 0x00, 0x8f, 0xf4,
    0x00, 0x00, 0x00, 0x00, 0x00, 0x3f, 0xfb, 0x00, 0x00, 0x00, 0x01, 0x30, 0x0a, 0xff, 0xa1, 0x00,
    0x00, 0x1c, 0xf8, 0x01, 0xdf, 0xfe, 0x96, 0x69, 0xef, 0xf8, 0x00, 0x1a, 0xff, 0xff, 0xff, 0xff,
    0x80, 0x00, 0x00, 0x49, 0xce, 0xed, 0x93, 0x00, 0x00, 0x00, 0x00, 0x00, 0x17, 0x87, 0x10, 0x00,
    0x00, 0x00, 0x00, 0x00, 0x00, 0x1c, 0xff, 0xfc, 0x10, 0x00, 0x00, 0x00, 0x00, 0x00, 0x1c, 0xfb,
    0x2b, 0xfc, 0x10, 0x00, 0x00, 0x00, 0x00, 0x2d, 0xf8, 0x00, 0x08, 0xfd, 0x20, 0x00, 0x00, 0x00,
    0x00, 0x00, 0x00, 0x00, 0x00, 0x00, 0x00, 0x00, 0x00, 0x00, 0x03, 0x8c, 0xef, 0xed, 0x95, 0x00,
    0x00, 0x00, 0x00, 0x2b, 0xff, 0xff, 0xff, 0xff, 0xfd, 0x50, 0x00, 0x00, 0x5e, 0xff, 0xfb, 0x86,
    0x69, 0xdf, 0xff, 0x80, 0x00, 0x5f, 0xff, 0xa2, 0x00, 0x00, 0x00, 0x6e, 0xfb, 0x00, 0x2e, 0xff,
    0x60, 0x00, 0x00, 0x00, 0x00, 0x29, 0x10, 0x09, 0xff, 0x90, 0x00, 0x00, 0x00, 0x00, 0x00, 0x00,
    0x01, 0xff, 0xe0, 0x00, 0x00, 0x00, 0x00, 0x00, 0x00, 0x00, 0x5f, 0xf8, 0x00, 0x00, 0x00, 0x00,
    0x00, 0x00, 0x00, 0x08, 0xff, 0x50, 0x00, 0x00, 0x00, 0x00, 0x00, 0x00, 0x00, 0x9f, 0xf3, 0x00,
    0x00, 0x00, 0x00, 0x00, 0x00, 0x00, 0x09, 0xff, 0x30, 0x00, 0x00, 0x00, 0x00, 0x00, 0x00, 0x00,
    0x8f, 0xf5, 0x00, 0x00, 0x00, 0x00, 0x00, 0x00, 0x00, 0x05, 0xff, 0x80, 0x00, 0x00, 0x00, 0x00,
    0x00, 0x00, 0x00, 0x1f, 0xfe, 0x00, 0x00, 0x00, 0x00, 0x00, 0x00, 0x00, 0x00, 0x9f, 0xf9, 0x00,
    0x00, 0x00, 0x00, 0x00, 0x00, 0x00, 0x02, 0xef, 0xf6, 0x00, 0x00, 0x00, 0x00, 0x01, 0x70, 0x00,
    0x05, 0xff, 0xfa, 0x20, 0x00, 0x00, 0x05, 0xdf, 0x90, 0x00, 0x05, 0xff, 0xff, 0xb8, 0x66, 0x8d,
    0xff, 0xfa, 0x00, 0x00, 0x02, 0xbf, 0xff, 0xff, 0xff, 0xff, 0xe6, 0x00, 0x00, 0x00, 0x00, 0x38,
    0xce, 0xfe, 0xda, 0x61, 0x00, 0x00, 0x00, 0x00, 0x01, 0x78, 0x71, 0x00, 0x00, 0x00, 0x00, 0x1c,
    0xff, 0xfc, 0x10, 0x00, 0x00, 0x01, 0xcf, 0xb2, 0xbf, 0xc1, 0x00, 0x00, 0x2d, 0xf8, 0x00, 0x08,
    0xfd, 0x20, 0x00, 0x00, 0x00, 0x00, 0x00, 0x00, 0x00, 0x00, 0x00, 0x00, 0x00, 0x00, 0x00, 0x00,
    0x00, 0x00, 0x49, 0xce, 0xed, 0x93, 0x00, 0x00, 0x1b, 0xff, 0xff, 0xff, 0xff, 0x80, 0x01, 0xdf,
    0xfe, 0x96, 0x69, 0xef, 0xf8, 0x0b, 0xff, 0xa1, 0x00, 0x00, 0x2c, 0xf8, 0x3f, 0xfb, 0x00, 0x00,
    0x00, 0x01, 0x30, 0x8f, 0xf4, 0x00, 0x00, 0x00, 0x00, 0x00, 0xbf, 0xf0, 0x00, 0x00, 0x00, 0x00,
    0x00, 0xcf, 0xe0, 0x00, 0x00, 0x00, 0x00, 0x00, 0xbf, 0xf0, 0x00, 0x00, 0x00, 0x00, 0x00, 0x8f,
    0xf4, 0x00, 0x00, 0x00, 0x00, 0x00, 0x3f, 0xfb, 0x00, 0x00, 0x00, 0x01, 0x30, 0x0a, 0xff, 0xa1,
    0x00, 0x00, 0x1c, 0xf8, 0x01, 0xdf, 0xfe, 0x96, 0x69, 0xef, 0xf8, 0x00, 0x1a, 0xff, 0xff, 0xff,
    0xff, 0x80, 0x00, 0x00, 0x49, 0xce, 0xed, 0x93, 0x00, 0x00, 0x00, 0x00, 0x00, 0x09, 0xe9, 0x00,
    0x00, 0x00, 0x00, 0x00, 0x00, 0x00, 0x01, 0xff, 0xf2, 0x00, 0x00, 0x00, 0x00, 0x00, 0x00, 0x00,
    0x0a, 0xea, 0x00, 0x00, 0x00, 0x00, 0x00, 0x00, 0x00, 0x00, 0x00, 0x00, 0x00, 0x00, 0x00, 0x00,
    0x00, 0x00, 0x00, 0x00, 0x00, 0x00, 0x00, 0x00, 0x00, 0x00, 0x00, 0x03, 0x8c, 0xef, 0xed, 0x95,
    0x00, 0x00, 0x00, 0x00, 0x2b, 0xff, 0xff, 0xff, 0xff, 0xfd, 0x50, 0x00, 0x00, 0x5e, 0xff, 0xfb,
    0x86, 0x69, 0xdf, 0xff, 0x80, 0x00, 0x5f, 0xff, 0xa2, 0x00, 0x00, 0x00, 0x6e, 0xfb, 0x00, 0x2e,
    0xff, 0x60, 0x00, 0x00, 0x00, 0x00, 0x29, 0x10, 0x09, 0xff, 0x90, 0x00, 0x00, 0x00, 0x00, 0x00,
    0x00, 0x01, 0xff, 0xe0, 0x00, 0x00, 0x00, 0x00, 0x00, 0x00, 0x00, 0x5f, 0xf8, 0x00, 0x00, 0x00,
    0x00, 0x00, 0x00, 0x00, 0x08, 0xff, 0x50, 0x00, 0x00, 0x00, 0x00, 0x00, 0x00, 0x00, 0x9f, 0xf3,
    0x00, 0x00, 0x00, 0x00, 0x00, 0x00, 0x00, 0x09, 0xff, 0x30, 0x00, 0x00, 0x00, 0x00, 0x00, 0x00,
    0x00, 0x8f, 0xf5, 0x00, 0x00, 0x00, 0x00, 0x00, 0x00, 0x00, 0x05, 0xff, 0x80, 0x00, 0x00, 0x00,
    0x00, 0x00, 0x00, 0x00, 0x1f, 0xfe, 0x00, 0x00, 0x00, 0x00, 0x00, 0x00, 0x00, 0x00, 0x9f, 0xf9,
    0x00, 0x00, 0x00, 0x00, 0x00, 0x00, 0x00, 0x02, 0xef, 0xf6, 0x00, 0x00, 0x00, 0x00, 0x01, 0x70,
    0x00, 0x05, 0xff, 0xfa, 0x20, 0x00, 0x00, 0x05, 0xdf, 0x90, 0x00, 0x05, 0xff, 0xff, 0xb8, 0x66,
    0x8d, 0xff, 0xfa, 0x00, 0x00, 0x02, 0xbf, 0xff, 0xff, 0xff, 0xff, 0xe6, 0x00, 0x00, 0x00, 0x00,
    0x38, 0xce, 0xfe, 0xda, 0x61, 0x00, 0x00, 0x00, 0x00, 0x00, 0xae, 0x90, 0x00, 0x00, 0x00, 0x00,
    0x02, 0xff, 0xf1, 0x00, 0x00, 0x00, 0x00, 0x00, 0xae, 0x90, 0x00, 0x00, 0x00, 0x00, 0x00, 0x00,
    0x00, 0x00, 0x00, 0x00, 0x00, 0x00, 0x00, 0x00, 0x00, 0x00, 0x00, 0x00, 0x00, 0x00, 0x00, 0x00,
    0x00, 0x00, 0x00, 0x49, 0xce, 0xed, 0x93, 0x00, 0x00, 0x1b, 0xff, 0xff, 0xff, 0xff, 0x80, 0x01,
    0xdf, 0xfe, 0x96, 0x69, 0xef, 0xf8, 0x0b, 0xff, 0xa1, 0x00, 0x00, 0x2c, 0xf8, 0x3f, 0xfb, 0x00,
    0x00, 0x00, 0x01, 0x30, 0x8f, 0xf4, 0x00, 0x00, 0x00, 0x00, 0x00, 0xbf, 0xf0, 0x00, 0x00, 0x00,
    0x00, 0x00, 0xcf, 0xe0, 0x00, 0x00, 0x00, 0x00, 0x00, 0xbf, 0xf0, 0x00, 0x00, 0x00, 0x00, 0x00,
    0x8f, 0xf4, 0x00, 0x00, 0x00, 0x00, 0x00, 0x3f, 0xfb, 0x00, 0x00, 0x00, 0x01, 0x30, 0x0a, 0xff,
    0xa1, 0x00, 0x00, 0x1c, 0xf8, 0x01, 0xdf, 0xfe, 0x96, 0x69, 0xef, 0xf8, 0x00, 0x1a, 0xff, 0xff,
    0xff, 0xff, 0x80, 0x00, 0x00, 0x49, 0xce, 0xed, 0x93, 0x00, 0x00, 0x00, 0x02, 0x77, 0x20, 0x00,
    0x27, 0x72, 0x00, 0x00, 0x00, 0x00, 0x07, 0xfe, 0x40, 0x4e, 0xf7, 0x00, 0x00, 0x00, 0x00, 0x00,
    0x06, 0xff, 0xaf, 0xf6, 0x00, 0x00, 0x00, 0x00, 0x00, 0x00, 0x05, 0xff, 0xf5, 0x00, 0x00, 0x00,
    0x00, 0x00, 0x00, 0x00, 0x00, 0x00, 0x00, 0x00, 0x00, 0x00, 0x00, 0x00, 0x03, 0x8c, 0xef, 0xed,
    0x95, 0x00, 0x00, 0x00, 0x00, 0x2b, 0xff, 0xff, 0xff, 0xff, 0xfd, 0x50, 0x00, 0x00, 0x5e, 0xff,
    0xfb, 0x86, 0x69, 0xdf, 0xff, 0x80, 0x00, 0x5f, 0xff, 0xa2, 0x00, 0x00, 0x00, 0x6e, 0xfb, 0x00,
    0x2e, 0xff, 0x60, 0x00, 0x00, 0x00, 0x00, 0x29, 0x10, 0x09, 0xff, 0x90, 0x00, 0x00, 0x00, 0x00,
    0x00, 0x00, 0x01, 0xff, 0xe0, 0x00, 0x00, 0x00, 0x00, 0x00, 0x00, 0x00, 0x5f, 0xf8, 0x00, 0x00,
    0x00, 0x00, 0x00, 0x00, 0x00, 0x08, 0xff, 0x50, 0x00, 0x00, 0x00, 0x00, 0x00, 0x00, 0x00, 0x9f,
    0xf3, 0x00, 0x00, 0x00, 0x00, 0x00, 0x00, 0x00, 0x09, 0xff, 0x30, 0x00, 0x00, 0x00, 0x00, 0x00,
    0x00, 0x00, 0x8f, 0xf5, 0x00, 0x00, 0x00, 0x00, 0x00, 0x00, 0x00, 0x05, 0xff, 0x80, 0x00, 0x00,
    0x00, 0x00, 0x00, 0x00, 0x00, 0x1f, 0xfe, 0x00, 0x00, 0x00, 0x00, 0x00, 0x00, 0x00, 0x00, 0x9f,
    0xf9, 0x00, 0x00, 0x00, 0x00, 0x00, 0x00, 0x00, 0x02, 0xef, 0xf6, 0x00, 0x00, 0x00, 0x00, 0x01,
    0x70, 0x00, 0x05, 0xff, 0xfa, 0x20, 0x00, 0x00, 0x05, 0xdf, 0x90, 0x00, 0x05, 0xff, 0xff, 0xb8,
    0x66, 0x8d, 0xff, 0xfa, 0x00, 0x00, 0x02, 0xbf, 0xff, 0xff, 0xff, 0xff, 0xe6, 0x00, 0x00, 0x00,
    0x00, 0x38, 0xce, 0xfe, 0xda, 0x61, 0x00, 0x00, 0x00, 0x27, 0x72, 0x00, 0x02, 0x77, 0x20, 0x00,
    0x07, 0xfe, 0x40, 0x4e, 0xf7, 0x00, 0x00, 0x00, 0x6f, 0xfa, 0xff, 0x60, 0x00, 0x00, 0x00, 0x05,
    0xff, 0xf5, 0x00, 0x00, 0x00, 0x00, 0x00, 0x00, 0x00, 0x00, 0x00, 0x00, 0x00, 0x00, 0x00, 0x00,
    0x00, 0x00, 0x00, 0x00, 0x49, 0xce, 0xed, 0x93, 0x00, 0x00, 0x1b, 0xff, 0xff, 0xff, 0xff, 0x80,
    0x01, 0xdf, 0xfe, 0x96, 0x69, 0xef, 0xf8, 0x0b, 0xff, 0xa1, 0x00, 0x00, 0x2c, 0xf8, 0x3f, 0xfb,
    0x00, 0x00, 0x00, 0x01, 0x30, 0x8f, 0xf4, 0x00, 0x00, 0x00, 0x00, 0x00, 0xbf, 0xf0, 0x00, 0x00,
    0x00, 0x00, 0x00, 0xcf, 0xe0, 0x00, 0x00, 0x00, 0x00, 0x00, 0xbf, 0xf0, 0x00, 0x00, 0x00, 0x00,
    0x00, 0x8f, 0xf4, 0x00, 0x00, 0x00, 0x00, 0x00, 0x3f, 0xfb, 0x00, 0x00, 0x00, 0x01, 0x30, 0x0a,
    0xff, 0xa1, 0x00, 0x00, 0x1c, 0xf8, 0x01, 0xdf, 0xfe, 0x96, 0x69, 0xef, 0xf8, 0x00, 0x1a, 0xff,
    0xff, 0xff, 0xff, 0x80, 0x00, 0x00, 0x49, 0xce, 0xed, 0x93, 0x00, 0x00, 0x01, 0x78, 0x30, 0x00,
    0x17, 0x83, 0x00, 0x00, 0x00, 0x00, 0x00, 0x5f, 0xe5, 0x03, 0xdf, 0x80, 0x00, 0x00, 0x00, 0x00,
    0x00, 0x05, 0xff, 0xae, 0xf8, 0x00, 0x00, 0x00, 0x00, 0x00, 0x00, 0x00, 0x4e, 0xff, 0x70, 0x00,
    0x00, 0x00, 0x00, 0x00, 0x00, 0x00, 0x00, 0x00, 0x00, 0x00, 0x00, 0x00, 0x00, 0x1f, 0xff, 0xff,
    0xff, 0xff, 0xec, 0x94, 0x00, 0x00, 0x00, 0x1f, 0xff, 0xff, 0xff, 0xff, 0xff, 0xff, 0xc4, 0x00,
    0x00, 0x1f, 0xfc, 0x55, 0x55, 0x56, 0x8a, 0xff, 0xff, 0x80, 0x00, 0x1f, 0xfb, 0x00, 0x00, 0x00,
    0x00, 0x18, 0xff, 0xf8, 0x00, 0x1f, 0xfb, 0x00, 0x00, 0x00, 0x00, 0x00, 0x4f, 0xff, 0x40, 0x1f,
    0xfb, 0x00, 0x00, 0x00, 0x00, 0x00, 0x06, 0xff, 0xc0, 0x1f, 0xfb, 0x00, 0x00, 0x00, 0x00, 0x00,
    0x00, 0xcf, 0xf3, 0x1f, 0xfb, 0x00, 0x00, 0x00, 0x00, 0x00, 0x00, 0x6f, 0xf7, 0x1f, 0xfb, 0x00,
    0x00, 0x00, 0x00, 0x00, 0x00, 0x3f, 0xfa, 0x1f, 0xfb, 0x00, 0x00, 0x00, 0x00, 0x00, 0x00, 0x1f,
    0xfb, 0x1f, 0xfb, 0x00, 0x00, 0x00, 0x00, 0x00, 0x00, 0x1f, 0xfb, 0x1f, 0xfb, 0x00, 0x00, 0x00,
    0x00, 0x00, 0x00, 0x3f, 0xfa, 0x1f, 0xfb, 0x00, 0x00, 0x00, 0x00, 0x00, 0x00, 0x6f, 0xf7, 0x1f,
    0xfb, 0x00, 0x00, 0x00, 0x00, 0x00, 0x00, 0xcf, 0xf3, 0x1f, 0xfb, 0x00, 0x00, 0x00, 0x00, 0x00,
    0x06, 0xff, 0xc0, 0x1f, 0xfb, 0x00, 0x00, 0x00, 0x00, 0x00, 0x4f, 0xff, 0x40, 0x1f, 0xfb, 0x00,
    0x00, 0x00, 0x00, 0x18, 0xff, 0xf8, 0x00, 0x1f, 0xfc, 0x55, 0x55, 0x56, 0x8a, 0xff, 0xff, 0x80,
    0x00, 0x1f, 0xff, 0xff, 0xff, 0xff, 0xff, 0xff, 0xd4, 0x00, 0x00, 0x1f, 0xff, 0xff, 0xff, 0xff,
    0xec, 0x94, 0x00, 0x00, 0x00, 0x00, 0x00, 0x00, 0x00, 0x00, 0x00, 0x00, 0x00, 0x00, 0xff, 0x30,
    0x00, 0x00, 0x00, 0x00, 0x00, 0x02, 0xff, 0x80, 0x0f, 0xf2, 0x00, 0x00, 0x00, 0x00, 0x00, 0x00,
    0x2f, 0xf8, 0x00, 0xff, 0x10, 0x00, 0x00, 0x00, 0x00, 0x00, 0x02, 0xff, 0x80, 0x0f, 0xf0, 0x00,
    0x00, 0x00, 0x00, 0x00, 0x00, 0x2f, 0xf8, 0x00, 0xfe, 0x00, 0x00, 0x00, 0x00, 0x00, 0x00, 0x02,
    0xff, 0x80, 0x00, 0x00, 0x00, 0x00, 0x00, 0x00, 0x00, 0x00, 0x2f, 0xf8, 0x00, 0x00, 0x00, 0x00,
    0x05, 0xad, 0xfe, 0xb6, 0x02, 0xff, 0x80, 0x00, 0x00, 0x00, 0x2c, 0xff, 0xff, 0xff, 0xfd, 0x4f,
    0xf8, 0x00, 0x00, 0x00, 0x2e, 0xff, 0xe8, 0x66, 0xae, 0xfe, 0xff, 0x80, 0x00, 0x00, 0x0c, 0xff,
    0xa1, 0x00, 0x00, 0x2c, 0xff, 0xf8, 0x00, 0x00, 0x03, 0xff, 0xb0, 0x00, 0x00, 0x00, 0x1e, 0xff,
    0x80, 0x00, 0x00, 0x9f, 0xf4, 0x00, 0x00, 0x00, 0x00, 0x7f, 0xf8, 0x00, 0x00, 0x0b, 0xff, 0x00,
    0x00, 0x00, 0x00, 0x03, 0xff, 0x80, 0x00, 0x00, 0xcf, 0xe0, 0x00, 0x00, 0x00, 0x00, 0x2f, 0xf8,
    0x00, 0x00, 0x0b, 0xff, 0x00, 0x00, 0x00, 0x00, 0x03, 0xff, 0x80, 0x00, 0x00, 0x9f, 0xf4, 0x00,
    0x00, 0x00, 0x00, 0x8f, 0xf8, 0x00, 0x00, 0x03, 0xff, 0xc0, 0x00, 0x00, 0x00, 0x1e, 0xff, 0x80,
    0x00, 0x00, 0x0b, 0xff, 0xa1, 0x00, 0x00, 0x2c, 0xff, 0xf8, 0x00, 0x00, 0x00, 0x2e, 0xff, 0xe8,
    0x66, 0x9e, 0xfd, 0xff, 0x80, 0x00, 0x00, 0x00, 0x2c, 0xff, 0xff, 0xff, 0xfc, 0x2f, 0xf8, 0x00,
    0x00, 0x00, 0x00, 0x05, 0xad, 0xfe, 0xb6, 0x00, 0xff, 0x80, 0x00, 0x00, 0x00, 0x0d, 0xff, 0xff,
    0xff, 0xff, 0xec, 0x95, 0x00, 0x00, 0x00, 0x00, 0x0d, 0xff, 0xff, 0xff, 0xff, 0xff, 0xff, 0xe6,
    0x00, 0x00, 0x00, 0x0d, 0xff, 0x55, 0x55, 0x56, 0x7a, 0xef, 0xff, 0xa1, 0x00, 0x00, 0x0d, 0xfe,
    0x00, 0x00, 0x00, 0x00, 0x16, 0xef, 0xfb, 0x00, 0x00, 0x0d, 0xfe, 0x00, 0x00, 0x00, 0x00, 0x00,
    0x2d, 0xff, 0x70, 0x00, 0x0d, 0xfe, 0x00, 0x00, 0x00, 0x00, 0x00, 0x03, 0xff, 0xe1, 0x00, 0x0d,
    0xfe, 0x00, 0x00, 0x00, 0x00, 0x00, 0x00, 0x9f, 0xf6, 0x00, 0x0d, 0xfe, 0x00, 0x00, 0x00, 0x00,
    0x00, 0x00, 0x3f, 0xfb, 0x45, 0x5f, 0xff, 0x55, 0x55, 0x53, 0x00, 0x00, 0x00, 0x0f, 0xfd, 0xaf,
    0xff, 0xff, 0xff, 0xff, 0xf8, 0x00, 0x00, 0x00, 0x0d, 0xff, 0xaf, 0xff, 0xff, 0xff, 0xff, 0xf8,
    0x00, 0x00, 0x00, 0x0d, 0xff, 0x00, 0x0d, 0xfe, 0x00, 0x00, 0x00, 0x00, 0x00, 0x00, 0x0f, 0xfd,
    0x00, 0x0d, 0xfe, 0x00, 0x00, 0x00, 0x00, 0x00, 0x00, 0x3f, 0xfb, 0x00, 0x0d, 0xfe, 0x00, 0x00,
    0x00, 0x00, 0x00, 0x00, 0x9f, 0xf6, 0x00, 0x0d, 0xfe, 0x00, 0x00, 0x00, 0x00, 0x00, 0x03, 0xff,
    0xe1, 0x00, 0x0d, 0xfe, 0x00, 0x00, 0x00, 0x00, 0x00, 0x2d, 0xff, 0x70, 0x00, 0x0d, 0xfe, 0x00,
    0x00, 0x00, 0x00, 0x06, 0xef, 0xfb, 0x00, 0x00, 0x0d, 0xff, 0x55, 0x55, 0x56, 0x79, 0xef, 0xff,
    0xa1, 0x00, 0x00, 0x0d, 0xff, 0xff, 0xff, 0xff, 0xff, 0xff, 0xe6, 0x00, 0x00, 0x00, 0x0d, 0xff,
    0xff, 0xff, 0xff, 0xec, 0xa5, 0x00, 0x00, 0x00, 0x00, 0x00, 0x00, 0x00, 0x00, 0x00, 0x2f, 0xf8,
    0x00, 0x00, 0x00, 0x00, 0x00, 0x00, 0x00, 0x02, 0xff, 0x80, 0x00, 0x00, 0x00, 0x00, 0x05, 0x55,
    0x55, 0x8f, 0xfe, 0x55, 0x00, 0x00, 0x00, 0x00, 0xff, 0xff, 0xff, 0xff, 0xff, 0xf1, 0x00, 0x00,
    0x00, 0x0f, 0xff, 0xff, 0xff, 0xff, 0xff, 0x10, 0x00, 0x00, 0x00, 0x00, 0x00, 0x02, 0xff, 0x80,
    0x00, 0x00, 0x00, 0x5a, 0xdf, 0xeb, 0x60, 0x2f, 0xf8, 0x00, 0x00, 0x02, 0xcf, 0xff, 0xff, 0xff,
    0xd4, 0xff, 0x80, 0x00, 0x02, 0xef, 0xfe, 0x86, 0x6a, 0xef, 0xef, 0xf8, 0x00, 0x00, 0xcf, 0xfa,
    0x10, 0x00, 0x02, 0xcf, 0xff, 0x80, 0x00, 0x3f, 0xfb, 0x00, 0x00, 0x00, 0x01, 0xef, 0xf8, 0x00,
    0x09, 0xff, 0x40, 0x00, 0x00, 0x00, 0x07, 0xff, 0x80, 0x00, 0xbf, 0xf0, 0x00, 0x00, 0x00, 0x00,
    0x3f, 0xf8, 0x00, 0x0c, 0xfe, 0x00, 0x00, 0x00, 0x00, 0x02, 0xff, 0x80, 0x00, 0xbf, 0xf0, 0x00,
    0x00, 0x00, 0x00, 0x3f, 0xf8, 0x00, 0x09, 0xff, 0x40, 0x00, 0x00, 0x00, 0x08, 0xff, 0x80, 0x00,
    0x3f, 0xfc, 0x00, 0x00, 0x00, 0x01, 0xef, 0xf8, 0x00, 0x00, 0xbf, 0xfa, 0x10, 0x00, 0x02, 0xcf,
    0xff, 0x80, 0x00, 0x02, 0xef, 0xfe, 0x86, 0x69, 0xef, 0xdf, 0xf8, 0x00, 0x00, 0x02, 0xcf, 0xff,
    0xff, 0xff, 0xc2, 0xff, 0x80, 0x00, 0x00, 0x00, 0x5a, 0xdf, 0xeb, 0x60, 0x0f, 0xf8, 0x00, 0x00,
    0x00, 0x09, 0xdd, 0xdd, 0xdd, 0xdd, 0x60, 0x00, 0x00, 0x0a, 0xff, 0xff, 0xff, 0xff, 0x70, 0x00,
    0x00, 0x00, 0x00, 0x00, 0x00, 0x00, 0x00, 0x00, 0x00, 0x00, 0x00, 0x00, 0x00, 0x00, 0x00, 0x00,
    0x1f, 0xff, 0xff, 0xff, 0xff, 0xff, 0xff, 0xc0, 0x1f, 0xff, 0xff, 0xff, 0xff, 0xff, 0xff, 0xc0,
    0x1f, 0xfc, 0x55, 0x55, 0x55, 0x55, 0x55, 0x40, 0x1f, 0xfb, 0x00, 0x00, 0x00, 0x00, 0x00, 0x00,
    0x1f, 0xfb, 0x00, 0x00, 0x00, 0x00, 0x00, 0x00, 0x1f, 0xfb, 0x00, 0x00, 0x00, 0x00, 0x00, 0x00,
    0x1f, 0xfb, 0x00, 0x00, 0x00, 0x00, 0x00, 0x00, 0x1f, 0xfb, 0x00, 0x00, 0x00, 0x00, 0x00, 0x00,
    0x1f, 0xfb, 0x00, 0x00, 0x00, 0x00, 0x00, 0x00, 0x1f, 0xff, 0xff, 0xff, 0xff, 0xff, 0xf8, 0x00,
    0x1f, 0xff, 0xff, 0xff, 0xff, 0xff, 0xf8, 0x00, 0x1f, 0xfc, 0x55, 0x55, 0x55, 0x55, 0x53, 0x00,
    0x1f, 0xfb, 0x00, 0x00, 0x00, 0x00, 0x00, 0x00, 0x1f, 0xfb, 0x00, 0x00, 0x00, 0x00, 0x00, 0x00,
    0x1f, 0xfb, 0x00, 0x00, 0x00, 0x00, 0x00, 0x00, 0x1f, 0xfb, 0x00, 0x00, 0x00, 0x00, 0x00, 0x00,
    0x1f, 0xfb, 0x00, 0x00, 0x00, 0x00, 0x00, 0x00, 0x1f, 0xfc, 0x55, 0x55, 0x55, 0x55, 0x55, 0x51,
    0x1f, 0xff, 0xff, 0xff, 0xff, 0xff, 0xff, 0xf3, 0x1f, 0xff, 0xff, 0xff, 0xff, 0xff, 0xff, 0xf3,
    0x00, 0x0c, 0xdd, 0xdd, 0xdd, 0xdd, 0x20, 0x00, 0x00, 0xff, 0xff, 0xff, 0xff, 0xf2, 0x00, 0x00,
    0x00, 0x00, 0x00, 0x00, 0x00, 0x00, 0x00, 0x00, 0x00, 0x00, 0x00, 0x00, 0x00, 0x00, 0x00, 0x00,
    0x00, 0x00, 0x00, 0x00, 0x00, 0x00, 0x00, 0x05, 0xad, 0xfd, 0xb6, 0x10, 0x00, 0x00, 0x2c, 0xff,
    0xff, 0xff, 0xfd, 0x30, 0x00, 0x1e, 0xff, 0xb7, 0x67, 0xaf, 0xff, 0x30, 0x0b, 0xfe, 0x50, 0x00,
    0x00, 0x3d, 0xfd, 0x03, 0xff, 0x60, 0x00, 0x00, 0x00, 0x3f, 0xf5, 0x8f, 0xe0, 0x00, 0x00, 0x00,
    0x00, 0xbf, 0xab, 0xff, 0xff, 0xff, 0xff, 0xff, 0xff, 0xfd, 0xcf, 0xff, 0xff, 0xff, 0xff, 0xff,
    0xff, 0xeb, 0xfe, 0x55, 0x55, 0x55, 0x55, 0x55, 0x55, 0x8f, 0xf2, 0x00, 0x00, 0x00, 0x00, 0x00,
    0x03, 0xff, 0xa0, 0x00, 0x00, 0x00, 0x00, 0x00, 0x0b, 0xff, 0x91, 0x00, 0x00, 0x04, 0xd2, 0x00,
    0x1d, 0xff, 0xe9, 0x66, 0x7c, 0xff, 0xc0, 0x00, 0x1b, 0xff, 0xff, 0xff, 0xff, 0xc2, 0x00, 0x00,
    0x04, 0x9c, 0xef, 0xda, 0x50, 0x00, 0x00, 0x09, 0xf4, 0x00, 0x00, 0x8f, 0x50, 0x00, 0x00, 0x05,
    0xfd, 0x20, 0x04, 0xef, 0x20, 0x00, 0x00, 0x00, 0xbf, 0xfd, 0xef, 0xf7, 0x00, 0x00, 0x00, 0x00,
    0x07, 0xcf, 0xeb, 0x50, 0x00, 0x00, 0x00, 0x00, 0x00, 0x00, 0x00, 0x00, 0x00, 0x00, 0x1f, 0xff,
    0xff, 0xff, 0xff, 0xff, 0xff, 0xc0, 0x1f, 0xff, 0xff, 0xff, 0xff, 0xff, 0xff, 0xc0, 0x1f, 0xfc,
    0x55, 0x55, 0x55, 0x55, 0x55, 0x40, 0x1f, 0xfb, 0x00, 0x00, 0x00, 0x00, 0x00, 0x00, 0x1f, 0xfb,
    0x00, 0x00, 0x00, 0x00, 0x00, 0x00, 0x1f, 0xfb, 0x00, 0x00, 0x00, 0x00, 0x00, 0x00, 0x1f, 0xfb,
    0x00, 0x00, 0x00, 0x00, 0x00, 0x00, 0x1f, 0xfb, 0x00, 0x00, 0x00, 0x00, 0x00, 0x00, 0x1f, 0xfb,
    0x00, 0x00, 0x00, 0x00, 0x00, 0x00, 0x1f, 0xff, 0xff, 0xff, 0xff, 0xff, 0xf8, 0x00, 0x1f, 0xff,
    0xff, 0xff, 0xff, 0xff, 0xf8, 0x00, 0x1f, 0xfc, 0x55, 0x55, 0x55, 0x55, 0x53, 0x00, 0x1f, 0xfb,
    0x00, 0x00, 0x00, 0x00, 0x00, 0x00, 0x1f, 0xfb, 0x00, 0x00, 0x00, 0x00, 0x00, 0x00, 0x1f, 0xfb,
    0x00, 0x00, 0x00, 0x00, 0x00, 0x00, 0x1f, 0xfb, 0x00, 0x00, 0x00, 0x00, 0x00, 0x00, 0x1f, 0xfb,
    0x00, 0x00, 0x00, 0x00, 0x00, 0x00, 0x1f, 0xfc, 0x55, 0x55, 0x55, 0x55, 0x55, 0x51, 0x1f, 0xff,
    0xff, 0xff, 0xff, 0xff, 0xff, 0xf3, 0x1f, 0xff, 0xff, 0xff, 0xff, 0xff, 0xff, 0xf3, 0x00, 0x0d,
    0xf1, 0x00, 0x00, 0xcf, 0x10, 0x00, 0x00, 0x9f, 0xa1, 0x00, 0x8f, 0xc0, 0x00, 0x00, 0x02, 0xdf,
    0xfd, 0xef, 0xe3, 0x00, 0x00, 0x00, 0x01, 0x9d, 0xfe, 0xa2, 0x00, 0x00, 0x00, 0x00, 0x00, 0x00,
    0x00, 0x00, 0x00, 0x00, 0x00, 0x00, 0x00, 0x00, 0x00, 0x00, 0x00, 0x00, 0x00, 0x5a, 0xdf, 0xdb,
    0x61, 0x00, 0x00, 0x02, 0xcf, 0xff, 0xff, 0xff, 0xd3, 0x00, 0x01, 0xef, 0xfb, 0x76, 0x7a, 0xff,
    0xf3, 0x00, 0xbf, 0xe5, 0x00, 0x00, 0x03, 0xdf, 0xd0, 0x3f, 0xf6, 0x00, 0x00, 0x00, 0x03, 0xff,
    0x58, 0xfe, 0x00, 0x00, 0x00, 0x00, 0x0b, 0xfa, 0xbf, 0xff, 0xff, 0xff, 0xff, 0xff, 0xff, 0xdc,
    0xff, 0xff, 0xff, 0xff, 0xff, 0xff, 0xfe, 0xbf, 0xe5, 0x55, 0x55, 0x55, 0x55, 0x55, 0x58, 0xff,
    0x20, 0x00, 0x00, 0x00, 0x00, 0x00, 0x3f, 0xfa, 0x00, 0x00, 0x00, 0x00, 0x00, 0x00, 0xbf, 0xf9,
    0x10, 0x00, 0x00, 0x4d, 0x20, 0x01, 0xdf, 0xfe, 0x96, 0x67, 0xcf, 0xfc, 0x00, 0x01, 0xbf, 0xff,
    0xff, 0xff, 0xfc, 0x20, 0x00, 0x00, 0x49, 0xce, 0xfd, 0xa5, 0x00, 0x00, 0x00, 0x00, 0x00, 0x5e,
    0xd2, 0x00, 0x00, 0x00, 0x00, 0x00, 0x00, 0xbf, 0xf7, 0x00, 0x00, 0x00, 0x00, 0x00, 0x00, 0x5e,
    0xd2, 0x00, 0x00, 0x00, 0x00, 0x00, 0x00, 0x00, 0x00, 0x00, 0x00, 0x00, 0x00, 0x00, 0x00, 0x00,
    0x00, 0x00, 0x00, 0x00, 0x1f, 0xff, 0xff, 0xff, 0xff, 0xff, 0xff, 0xc0, 0x1f, 0xff, 0xff, 0xff,
    0xff, 0xff, 0xff, 0xc0, 0x1f, 0xfc, 0x55, 0x55, 0x55, 0x55, 0x55, 0x40, 0x1f, 0xfb, 0x00, 0x00,
    0x00, 0x00, 0x00, 0x00, 0x1f, 0xfb, 0x00, 0x00, 0x00, 0x00, 0x00, 0x00, 0x1f, 0xfb, 0x00, 0x00,
    0x00, 0x00, 0x00, 0x00, 0x1f, 0xfb, 0x00, 0x00, 0x00, 0x00, 0x00, 0x00, 0x1f, 0xfb, 0x00, 0x00,
    0x00, 0x00, 0x00, 0x00, 0x1f, 0xfb, 0x00, 0x00, 0x00, 0x00, 0x00, 0x00, 0x1f, 0xff, 0xff, 0xff,
    0xff, 0xff, 0xf8, 0x00, 0x1f, 0xff, 0xff, 0xff, 0xff, 0xff, 0xf8, 0x00, 0x1f, 0xfc, 0x55, 0x55,
    0x55, 0x55, 0x53, 0x00, 0x1f, 0xfb, 0x00, 0x00, 0x00, 0x00, 0x00, 0x00, 0x1f, 0xfb, 0x00, 0x00,
    0x00, 0x00, 0x00, 0x00, 0x1f, 0xfb, 0x00, 0x00, 0x00, 0x00, 0x00, 0x00, 0x1f, 0xfb, 0x00, 0x00,
    0x00, 0x00, 0x00, 0x00, 0x1f, 0xfb, 0x00, 0x00, 0x00, 0x00, 0x00, 0x00, 0x1f, 0xfc, 0x55, 0x55,
    0x55, 0x55, 0x55, 0x51, 0x1f, 0xff, 0xff, 0xff, 0xff, 0xff, 0xff, 0xf3, 0x1f, 0xff, 0xff, 0xff,
    0xff, 0xff, 0xff, 0xf3, 0x00, 0x00, 0x00, 0x8e, 0xa0, 0x00, 0x00, 0x00, 0x00, 0x00, 0x0f, 0xff,
    0x30, 0x00, 0x00, 0x00, 0x00, 0x00, 0x8e, 0xb0, 0x00, 0x00, 0x00, 0x00, 0x00, 0x00, 0x00, 0x00,
    0x00, 0x00, 0x00, 0x00, 0x00, 0x00, 0x00, 0x00, 0x00, 0x00, 0x00, 0x00, 0x00, 0x00, 0x00, 0x00,
    0x00, 0x00, 0x00, 0x5a, 0xdf, 0xdb, 0x61, 0x00, 0x00, 0x02, 0xcf, 0xff, 0xff, 0xff, 0xd3, 0x00,
    0x01, 0xef, 0xfb, 0x76, 0x7a, 0xff, 0xf3, 0x00, 0xbf, 0xe5, 0x00, 0x00, 0x03, 0xdf, 0xd0, 0x3f,
    0xf6, 0x00, 0x00, 0x00, 0x03, 0xff, 0x58, 0xfe, 0x00, 0x00, 0x00, 0x00, 0x0b, 0xfa, 0xbf, 0xff,
    0xff, 0xff, 0xff, 0xff, 0xff, 0xdc, 0xff, 0xff, 0xff, 0xff, 0xff, 0xff, 0xfe, 0xbf, 0xe5, 0x55,
    0x55, 0x55, 0x55, 0x55, 0x58, 0xff, 0x20, 0x00, 0x00, 0x00, 0x00, 0x00, 0x3f, 0xfa, 0x00, 0x00,
    0x00, 0x00, 0x00, 0x00, 0xbf, 0xf9, 0x10, 0x00, 0x00, 0x4d, 0x20, 0x01, 0xdf, 0xfe, 0x96, 0x67,
    0xcf, 0xfc, 0x00, 0x01, 0xbf, 0xff, 0xff, 0xff, 0xfc, 0x20, 0x00, 0x00, 0x49, 0xce, 0xfd, 0xa5,
    0x00, 0x00, 0x1f, 0xff, 0xff, 0xff, 0xff, 0xff, 0xff, 0xc0, 0x1f, 0xff, 0xff, 0xff, 0xff, 0xff,
    0xff, 0xc0, 0x1f, 0xfc, 0x55, 0x55, 0x55, 0x55, 0x55, 0x40, 0x1f, 0xfb, 0x00, 0x00, 0x00, 0x00,
    0x00, 0x00, 0x1f, 0xfb, 0x00, 0x00, 0x00, 0x00, 0x00, 0x00, 0x1f, 0xfb, 0x00, 0x00, 0x00, 0x00,
    0x00, 0x00, 0x1f, 0xfb, 0x00, 0x00, 0x00, 0x00, 0x00, 0x00, 0x1f, 0xfb, 0x00, 0x00, 0x00, 0x00,
    0x00, 0x00, 0x1f, 0xfb, 0x00, 0x00, 0x00, 0x00, 0x00, 0x00, 0x1f, 0xff, 0xff, 0xff, 0xff, 0xff,
    0xf8, 0x00, 0x1f, 0xff, 0xff, 0xff, 0xff, 0xff, 0xf8, 0x00, 0x1f, 0xfc, 0x55, 0x55, 0x55, 0x55,
    0x53, 0x00, 0x1f, 0xfb, 0x00, 0x00, 0x00, 0x00, 0x00, 0x00, 0x1f, 0xfb, 0x00, 0x00, 0x00, 0x00,
    0x00, 0x00, 0x1f, 0xfb, 0x00, 0x00, 0x00, 0x00, 0x00, 0x00, 0x1f, 0xfb, 0x00, 0x00, 0x00, 0x00,
    0x00, 0x00, 0x1f, 0xfb, 0x00, 0x00, 0x00, 0x00, 0x00, 0x00, 0x1f, 0xfc, 0x55, 0x55, 0x55, 0x55,
    0x55, 0x51, 0x1f, 0xff, 0xff, 0xff, 0xff, 0xff, 0xff, 0xf3, 0x1f, 0xff, 0xff, 0xff, 0xff, 0xff,
    0xff, 0xf3, 0x00, 0x00, 0x00, 0x00, 0x00, 0x2d, 0xe6, 0x00, 0x00, 0x00, 0x00, 0x00, 0x00, 0xaf,
    0x40, 0x00, 0x00, 0x00, 0x00, 0x00, 0x00, 0xfd, 0x00, 0x00, 0x00, 0x00, 0x00, 0x00, 0x01, 0xff,
    0x30, 0x11, 0x00, 0x00, 0x00, 0x00, 0x00, 0xbf, 0xfd, 0xe8, 0x00, 0x00, 0x00, 0x00, 0x00, 0x19,
    0xde, 0xc5, 0x00, 0x00, 0x5a, 0xdf, 0xdb, 0x61, 0x00, 0x00, 0x02, 0xcf, 0xff, 0xff, 0xff, 0xd3,
    0x00, 0x01, 0xef, 0xfb, 0x76, 0x7a, 0xff, 0xf3, 0x00, 0xbf, 0xe5, 0x00, 0x00, 0x03, 0xdf, 0xd0,
    0x3f, 0xf6, 0x00, 0x00, 0x00, 0x03, 0xff, 0x58, 0xfe, 0x00, 0x00, 0x00, 0x00, 0x0b, 0xfa, 0xbf,
    0xff, 0xff, 0xff, 0xff, 0xff, 0xff, 0xdc, 0xff, 0xff, 0xff, 0xff, 0xff, 0xff, 0xfe, 0xbf, 0xe5,
    0x55, 0x55, 0x55, 0x55, 0x55, 0x58, 0xff, 0x20, 0x00, 0x00, 0x00, 0x00, 0x00, 0x3f, 0xfa, 0x00,
    0x00, 0x00, 0x00, 0x00, 0x00, 0xbf, 0xf9, 0x10, 0x00, 0x00, 0x4d, 0x20, 0x01, 0xdf, 0xfe, 0x96,
    0x67, 0xcf, 0xfc, 0x00, 0x01, 0xbf, 0xff, 0xff, 0xff, 0xfd, 0x20, 0x00, 0x00, 0x49, 0xce, 0xff,
    0xfb, 0x10, 0x00, 0x00, 0x00, 0x00, 0x03, 0xfc, 0x10, 0x00, 0x00, 0x00, 0x00, 0x00, 0xcf, 0x20,
    0x00, 0x00, 0x00, 0x00, 0x00, 0x1f, 0xc0, 0x00, 0x00, 0x00, 0x00, 0x00, 0x01, 0xfe, 0x20, 0x11,
    0x00, 0x00, 0x00, 0x00, 0x0b, 0xff, 0xdf, 0x70, 0x00, 0x00, 0x00, 0x00, 0x19, 0xee, 0xc4, 0x00,
    0x00, 0x06, 0x85, 0x00, 0x00, 0x68, 0x50, 0x00, 0x00, 0x03, 0xdf, 0x80, 0x1b, 0xfc, 0x10, 0x00,
    0x00, 0x00, 0x2d, 0xfb, 0xdf, 0xb1, 0x00, 0x00, 0x00, 0x00, 0x02, 0xdf, 0xfa, 0x00, 0x00, 0x00,
    0x00, 0x00, 0x00, 0x00, 0x00, 0x00, 0x00, 0x00, 0x1f, 0xff, 0xff, 0xff, 0xff, 0xff, 0xff, 0xc0,
    0x1f, 0xff, 0xff, 0xff, 0xff, 0xff, 0xff, 0xc0, 0x1f, 0xfc, 0x55, 0x55, 0x55, 0x55, 0x55, 0x40,
    0x1f, 0xfb, 0x00, 0x00, 0x00, 0x00, 0x00, 0x00, 0x1f, 0xfb, 0x00, 0x00, 0x00, 0x00, 0x00, 0x00,
    0x1f, 0xfb, 0x00, 0x00, 0x00, 0x00, 0x00, 0x00, 0x1f, 0xfb, 0x00, 0x00, 0x00, 0x00, 0x00, 0x00,
    0x1f, 0xfb, 0x00, 0x00, 0x00, 0x00, 0x00, 0x00, 0x1f, 0xfb, 0x00, 0x00, 0x00, 0x00, 0x00, 0x00,
    0x1f, 0xff, 0xff, 0xff, 0xff, 0xff, 0xf8, 0x00, 0x1f, 0xff, 0xff, 0xff, 0xff, 0xff, 0xf8, 0x00,
    0x1f, 0xfc, 0x55, 0x55, 0x55, 0x55, 0x53, 0x00, 0x1f, 0xfb, 0x00, 0x00, 0x00, 0x00, 0x00, 0x00,
    0x1f, 0xfb, 0x00, 0x00, 0x00, 0x00, 0x00, 0x00, 0x1f, 0xfb, 0x00, 0x00, 0x00, 0x00, 0x00, 0x00,
    0x1f, 0xfb, 0x00, 0x00, 0x00, 0x00, 0x00, 0x00, 0x1f, 0xfb, 0x00, 0x00, 0x00, 0x00, 0x00, 0x00,
    0x1f, 0xfc, 0x55, 0x55, 0x55, 0x55, 0x55, 0x51, 0x1f, 0xff, 0xff, 0xff, 0xff, 0xff, 0xff, 0xf3,
    0x1f, 0xff, 0xff, 0xff, 0xff, 0xff, 0xff, 0xf3, 0x00, 0x17, 0x83, 0x00, 0x01, 0x78, 0x30, 0x00,
    0x00, 0x5f, 0xe5, 0x03, 0xdf, 0x80, 0x00, 0x00, 0x00, 0x5f, 0xfa, 0xff, 0x70, 0x00, 0x00, 0x00,
    0x00, 0x4e, 0xff, 0x60, 0x00, 0x00, 0x00, 0x00, 0x00, 0x00, 0x00, 0x00, 0x00, 0x00, 0x00, 0x00,
    0x00, 0x00, 0x00, 0x00, 0x00, 0x00, 0x00, 0x5a, 0xdf, 0xdb, 0x61, 0x00, 0x00, 0x02, 0xcf, 0xff,
    0xff, 0xff, 0xd3, 0x00, 0x01, 0xef, 0xfb, 0x76, 0x7a, 0xff, 0xf3, 0x00, 0xbf, 0xe5, 0x00, 0x00,
    0x03, 0xdf, 0xd0, 0x3f, 0xf6, 0x00, 0x00, 0x00, 0x03, 0xff, 0x58, 0xfe, 0x00, 0x00, 0x00, 0x00,
    0x0b, 0xfa, 0xbf, 0xff, 0xff, 0xff, 0xff, 0xff, 0xff, 0xdc, 0xff, 0xff, 0xff, 0xff, 0xff, 0xff,
    0xfe, 0xbf, 0xe5, 0x55, 0x55, 0x55, 0x55, 0x55, 0x58, 0xff, 0x20, 0x00, 0x00, 0x00, 0x00, 0x00,
    0x3f, 0xfa, 0x00, 0x00, 0x00, 0x00, 0x00, 0x00, 0xbf, 0xf9, 0x10, 0x00, 0x00, 0x4d, 0x20, 0x01,
    0xdf, 0xfe, 0x96, 0x67, 0xcf, 0xfc, 0x00, 0x01, 0xbf, 0xff, 0xff, 0xff, 0xfc, 0x20, 0x00, 0x00,
    0x49, 0xce, 0xfd, 0xa5, 0x00, 0x00, 0x00, 0x00, 0x00, 0x00, 0x17, 0x87, 0x10, 0x00, 0x00, 0x00,
    0x00, 0x00, 0x00, 0x1c, 0xff, 0xfb, 0x10, 0x00, 0x00, 0x00, 0x00, 0x00, 0x2d, 0xfb, 0x2b, 0xfc,
    0x10, 0x00, 0x00, 0x00, 0x00, 0x2d, 0xf8, 0x00, 0x08, 0xfd, 0x20, 0x00, 0x00, 0x00, 0x00, 0x00,
    0x00, 0x00, 0x00, 0x00, 0x00, 0x00, 0x00, 0x00, 0x03, 0x8c, 0xef, 0xed, 0xa6, 0x10, 0x00, 0x00,
    0x00, 0x2b, 0xff, 0xff, 0xff, 0xff, 0xfe, 0x70, 0x00, 0x00, 0x5e, 0xff, 0xfb, 0x86, 0x68, 0xcf,
    0xff, 0xb1, 0x00, 0x5f, 0xff, 0xa2, 0x00, 0x00, 0x00, 0x3c, 0xfc, 0x10, 0x2e, 0xff, 0x60, 0x00,
    0x00, 0x00, 0x00, 0x07, 0x10, 0x09, 0xff, 0x90, 0x00, 0x00, 0x00, 0x00, 0x00, 0x00, 0x01, 0xff,
    0xe0, 0x00, 0x00, 0x00, 0x00, 0x00, 0x00, 0x00, 0x5f, 0xf8, 0x00, 0x00, 0x00, 0x00, 0x00, 0x00,
    0x00, 0x08, 0xff, 0x50, 0x00, 0x00, 0x00, 0x00, 0x00, 0x00, 0x00, 0x9f, 0xf3, 0x00, 0x00, 0x00,
    0x00, 0x00, 0x01, 0x11, 0x09, 0xff, 0x30, 0x00, 0x00, 0x00, 0x00, 0x00, 0x7f, 0xf3, 0x8f, 0xf5,
    0x00, 0x00, 0x00, 0x00, 0x00, 0x07, 0xff, 0x35, 0xff, 0x90, 0x00, 0x00, 0x00, 0x00, 0x00, 0x7f,
    0xf3, 0x1f, 0xfe, 0x10, 0x00, 0x00, 0x00, 0x00, 0x07, 0xff, 0x30, 0x9f, 0xf9, 0x00, 0x00, 0x00,
    0x00, 0x00, 0x7f, 0xf3, 0x02, 0xef, 0xf7, 0x00, 0x00, 0x00, 0x00, 0x07, 0xff, 0x30, 0x04, 0xff,
    0xfa, 0x20, 0x00, 0x00, 0x02, 0xbf, 0xf3, 0x00, 0x05, 0xef, 0xff, 0xb8, 0x66, 0x7b, 0xff, 0xfe,
    0x20, 0x00, 0x02, 0xbf, 0xff, 0xff, 0xff, 0xff, 0xfa, 0x20, 0x00, 0x00, 0x00, 0x38, 0xce, 0xfe,
    0xda, 0x72, 0x00, 0x00, 0x00, 0x00, 0x00, 0x38, 0x86, 0x00, 0x00, 0x00, 0x00, 0x00, 0x03, 0xef,
    0xff, 0x80, 0x00, 0x00, 0x00, 0x00, 0x4e, 0xf8, 0x3d, 0xf9, 0x00, 0x00, 0x00, 0x04, 0xfe, 0x50,
    0x01, 0xbf, 0xa0, 0x00, 0x00, 0x00, 0x00, 0x00, 0x00, 0x00, 0x00, 0x00, 0x00, 0x00, 0x00, 0x00,
    0x00, 0x00, 0x00, 0x00, 0x00, 0x00, 0x5b, 0xdf, 0xec, 0x71, 0x0c, 0xfb, 0x00, 0x3d, 0xff, 0xff,
    0xff, 0xfe, 0x4c, 0xfb, 0x03, 0xef, 0xfd, 0x86, 0x68, 0xdf, 0xee, 0xfb, 0x0d, 0xff, 0x80, 0x00,
    0x00, 0x08, 0xff, 0xfb, 0x5f, 0xf9, 0x00, 0x00, 0x00, 0x00, 0x9f, 0xfb, 0xaf, 0xf2, 0x00, 0x00,
    0x00, 0x00, 0x2f, 0xfb, 0xcf, 0xe0, 0x00, 0x00, 0x00, 0x00, 0x0e, 0xfb, 0xbf, 0xe0, 0x00, 0x00,
    0x00, 0x00, 0x0e, 0xfb, 0xaf, 0xf3, 0x00, 0x00, 0x00, 0x00, 0x3f, 0xfb, 0x5f, 0xfa, 0x00, 0x00,
    0x00, 0x00, 0xaf, 0xfb, 0x0d, 0xff, 0x90, 0x00, 0x00, 0x09, 0xff, 0xfb, 0x03, 0xef, 0xfd, 0x86,
    0x68, 0xdf, 0xff, 0xfb, 0x00, 0x3c, 0xff, 0xff, 0xff, 0xfe, 0x4e, 0xfb, 0x00, 0x00, 0x5b, 0xdf,
    0xec, 0x71, 0x0f, 0xfa, 0x00, 0x00, 0x00, 0x00, 0x00, 0x00, 0x2f, 0xf9, 0x00, 0x00, 0x00, 0x00,
    0x00, 0x00, 0x8f, 0xf5, 0x03, 0xe6, 0x10, 0x00, 0x00, 0x05, 0xff, 0xe1, 0x0c, 0xff, 0xea, 0x76,
    0x68, 0xcf, 0xff, 0x60, 0x03, 0xcf, 0xff, 0xff, 0xff, 0xff, 0xf6, 0x00, 0x00, 0x03, 0x8b, 0xdf,
    0xfe, 0xb7, 0x10, 0x00, 0x00, 0x00, 0x00, 0xfd, 0x00, 0x00, 0x0e, 0xe0, 0x00, 0x00, 0x00, 0x00,
    0x0b, 0xf8, 0x10, 0x19, 0xfa, 0x00, 0x00, 0x00, 0x00, 0x00, 0x3e, 0xff, 0xdf, 0xfe, 0x20, 0x00,
    0x00, 0x00, 0x00, 0x00, 0x29, 0xef, 0xd9, 0x20, 0x00, 0x00, 0x00, 0x00, 0x00, 0x00, 0x00, 0x00,
    0x00, 0x00, 0x00, 0x00, 0x00, 0x00, 0x03, 0x8c, 0xef, 0xed, 0xa6, 0x10, 0x00, 0x00, 0x00, 0x2b,
    0xff, 0xff, 0xff, 0xff, 0xfe, 0x70, 0x00, 0x00, 0x5e, 0xff, 0xfb, 0x86, 0x68, 0xcf, 0xff, 0xb1,
    0x00, 0x5f, 0xff, 0xa2, 0x00, 0x00, 0x00, 0x3c, 0xfc, 0x10, 0x2e, 0xff, 0x60, 0x00, 0x00, 0x00,
    0x00, 0x07, 0x10, 0x09, 0xff, 0x90, 0x00, 0x00, 0x00, 0x00, 0x00, 0x00, 0x01, 0xff, 0xe0, 0x00,
    0x00, 0x00, 0x00, 0x00, 0x00, 0x00, 0x5f, 0xf8, 0x00, 0x00, 0x00, 0x00, 0x00, 0x00, 0x00, 0x08,
    0xff, 0x50, 0x00, 0x00, 0x00, 0x00, 0x00, 0x00, 0x00, 0x9f, 0xf3, 0x00, 0x00, 0x00, 0x00, 0x00,
    0x01, 0x11, 0x09, 0xff, 0x30, 0x00, 0x00, 0x00, 0x00, 0x00, 0x7f, 0xf3, 0x8f, 0xf5, 0x00, 0x00,
    0x00, 0x00, 0x00, 0x07, 0xff, 0x35, 0xff, 0x90, 0x00, 0x00, 0x00, 0x00, 0x00, 0x7f, 0xf3, 0x1f,
    0xfe, 0x10, 0x00, 0x00, 0x00, 0x00, 0x07, 0xff, 0x30, 0x9f, 0xf9, 0x00, 0x00, 0x00, 0x00, 0x00,
    0x7f, 0xf3, 0x02, 0xef, 0xf7, 0x00, 0x00, 0x00, 0x00, 0x07, 0xff, 0x30, 0x04, 0xff, 0xfa, 0x20,
    0x00, 0x00, 0x02, 0xbf, 0xf3, 0x00, 0x05, 0xef, 0xff, 0xb8, 0x66, 0x7b, 0xff, 0xfe, 0x20, 0x00,
    0x02, 0xbf, 0xff, 0xff, 0xff, 0xff, 0xfa, 0x20, 0x00, 0x00, 0x00, 0x38, 0xce, 0xfe, 0xda, 0x72,
    0x00, 0x00, 0x00, 0x04, 0xf9, 0x00, 0x00, 0x3f, 0xa0, 0x00, 0x00, 0x01, 0xef, 0x50, 0x02, 0xcf,
    0x60, 0x00, 0x00, 0x00, 0x6f, 0xfe, 0xdf, 0xfb, 0x00, 0x00, 0x00, 0x00, 0x04, 0xbe, 0xfd, 0x70,
    0x00, 0x00, 0x00, 0x00, 0x00, 0x00, 0x00, 0x00, 0x00, 0x00, 0x00, 0x00, 0x00, 0x00, 0x00, 0x00,
    0x00, 0x00, 0x00, 0x00, 0x5b, 0xdf, 0xec, 0x71, 0x0c, 0xfb, 0x00, 0x3d, 0xff, 0xff, 0xff, 0xfe,
    0x4c, 0xfb, 0x03, 0xef, 0xfd, 0x86, 0x68, 0xdf, 0xee, 0xfb, 0x0d, 0xff, 0x80, 0x00, 0x00, 0x08,
    0xff, 0xfb, 0x5f, 0xf9, 0x00, 0x00, 0x00, 0x00, 0x9f, 0xfb, 0xaf, 0xf2, 0x00, 0x00, 0x00, 0x00,
    0x2f, 0xfb, 0xcf, 0xe0, 0x00, 0x00, 0x00, 0x00, 0x0e, 0xfb, 0xbf, 0xe0, 0x00, 0x00, 0x00, 0x00,
    0x0e, 0xfb, 0xaf, 0xf3, 0x00, 0x00, 0x00, 0x00, 0x3f, 0xfb, 0x5f, 0xfa, 0x00, 0x00, 0x00, 0x00,
    0xaf, 0xfb, 0x0d, 0xff, 0x90, 0x00, 0x00, 0x09, 0xff, 0xfb, 0x03, 0xef, 0xfd, 0x86, 0x68, 0xdf,
    0xff, 0xfb, 0x00, 0x3c, 0xff, 0xff, 0xff, 0xfe, 0x4e, 0xfb, 0x00, 0x00, 0x5b, 0xdf, 0xec, 0x71,
    0x0f, 0xfa, 0x00, 0x00, 0x00, 0x00, 0x00, 0x00, 0x2f, 0xf9, 0x00, 0x00, 0x00, 0x00, 0x00, 0x00,
    0x8f, 0xf5, 0x03, 0xe6, 0x10, 0x00, 0x00, 0x05, 0xff, 0xe1, 0x0c, 0xff, 0xea, 0x76, 0x68, 0xcf,
    0xff, 0x60, 0x03, 0xcf, 0xff, 0xff, 0xff, 0xff, 0xf6, 0x00, 0x00, 0x03, 0x8b, 0xdf, 0xfe, 0xb7,
    0x10, 0x00, 0x00, 0x00, 0x00, 0x00, 0x0a, 0xe9, 0x00, 0x00, 0x00, 0x00, 0x00, 0x00, 0x00, 0x02,
    0xff, 0xf1, 0x00, 0x00, 0x00, 0x00, 0x00, 0x00, 0x00, 0x0a, 0xe9, 0x00, 0x00, 0x00, 0x00, 0x00,
    0x00, 0x00, 0x00, 0x00, 0x00, 0x00, 0x00, 0x00, 0x00, 0x00, 0x00, 0x00, 0x00, 0x00, 0x00, 0x00,
    0x00, 0x00, 0x00, 0x00, 0x03, 0x8c, 0xef, 0xed, 0xa6, 0x10, 0x00, 0x00, 0x00, 0x2b, 0xff, 0xff,
    0xff, 0xff, 0xfe, 0x70, 0x00, 0x00, 0x5e, 0xff, 0xfb, 0x86, 0x68, 0xcf, 0xff, 0xb1, 0x00, 0x5f,
    0xff, 0xa2, 0x00, 0x00, 0x00, 0x3c, 0xfc, 0x10, 0x2e, 0xff, 0x60, 0x00, 0x00, 0x00, 0x00, 0x07,
    0x10, 0x09, 0xff, 0x90, 0x00, 0x00, 0x00, 0x00, 0x00, 0x00, 0x01, 0xff, 0xe0, 0x00, 0x00, 0x00,
    0x00, 0x00, 0x00, 0x00, 0x5f, 0xf8, 0x00, 0x00, 0x00, 0x00, 0x00, 0x00, 0x00, 0x08, 0xff, 0x50,
    0x00, 0x00, 0x00, 0x00, 0x00, 0x00, 0x00, 0x9f, 0xf3, 0x00, 0x00, 0x00, 0x00, 0x00, 0x01, 0x11,
    0x09, 0xff, 0x30, 0x00, 0x00, 0x00, 0x00, 0x00, 0x7f, 0xf3, 0x8f, 0xf5, 0x00, 0x00, 0x00, 0x00,
    0x00, 0x07, 0xff, 0x35, 0xff, 0x90, 0x00, 0x00, 0x00, 0x00, 0x00, 0x7f, 0xf3, 0x1f, 0xfe, 0x10,
    0x00, 0x00, 0x00, 0x00, 0x07, 0xff, 0x30, 0x9f, 0xf9, 0x00, 0x00, 0x00, 0x00, 0x00, 0x7f, 0xf3,
    0x02, 0xef, 0xf7, 0x00, 0x00, 0x00, 0x00, 0x07, 0xff, 0x30, 0x04, 0xff, 0xfa, 0x20, 0x00, 0x00,
    0x02, 0xbf, 0xf3, 0x00, 0x05, 0xef, 0xff, 0xb8, 0x66, 0x7b, 0xff, 0xfe, 0x20, 0x00, 0x02, 0xbf,
    0xff, 0xff, 0xff, 0xff, 0xfa, 0x20, 0x00, 0x00, 0x00, 0x38, 0xce, 0xfe, 0xda, 0x72, 0x00, 0x00,
    0x00, 0x00, 0x00, 0x1c, 0xe6, 0x00, 0x00, 0x00, 0x00, 0x00, 0x00, 0x6f, 0xfc, 0x00, 0x00, 0x00,
    0x00, 0x00, 0x00, 0x1c, 0xe6, 0x00, 0x00, 0x00, 0x00, 0x00, 0x00, 0x00, 0x00, 0x00, 0x00, 0x00,
    0x00, 0x00, 0x00, 0x00, 0x00, 0x00, 0x00, 0x00, 0x00, 0x00, 0x00, 0x00, 0x00, 0x00, 0x00, 0x00,
    0x00, 0x00, 0x5b, 0xdf, 0xec, 0x71, 0x0c, 0xfb, 0x00, 0x3d, 0xff, 0xff, 0xff, 0xfe, 0x4c, 0xfb,
    0x03, 0xef, 0xfd, 0x86, 0x68, 0xdf, 0xee, 0xfb, 0x0d, 0xff, 0x80, 0x00, 0x00, 0x08, 0xff, 0xfb,
    0x5f, 0xf9, 0x00, 0x00, 0x00, 0x00, 0x9f, 0xfb, 0xaf, 0xf2, 0x00, 0x00, 0x00, 0x00, 0x2f, 0xfb,
    0xcf, 0xe0, 0x00, 0x00, 0x00, 0x00, 0x0e, 0xfb, 0xbf, 0xe0, 0x00, 0x00, 0x00, 0x00, 0x0e, 0xfb,
    0xaf, 0xf3, 0x00, 0x00, 0x00, 0x00, 0x3f, 0xfb, 0x5f, 0xfa, 0x00, 0x00, 0x00, 0x00, 0xaf, 0xfb,
    0x0d, 0xff, 0x90, 0x00, 0x00, 0x09, 0xff, 0xfb, 0x03, 0xef, 0xfd, 0x86, 0x68, 0xdf, 0xff, 0xfb,
    0x00, 0x3c, 0xff, 0xff, 0xff, 0xfe, 0x4e, 0xfb, 0x00, 0x00, 0x5b, 0xdf, 0xec, 0x71, 0x0f, 0xfa,
    0x00, 0x00, 0x00, 0x00, 0x00, 0x00, 0x2f, 0xf9, 0x00, 0x00, 0x00, 0x00, 0x00, 0x00, 0x8f, 0xf5,
    0x03, 0xe6, 0x10, 0x00, 0x00, 0x05, 0xff, 0xe1, 0x0c, 0xff, 0xea, 0x76, 0x68, 0xcf, 0xff, 0x60,
    0x03, 0xcf, 0xff, 0xff, 0xff, 0xff, 0xf6, 0x00, 0x00, 0x03, 0x8b, 0xdf, 0xfe, 0xb7, 0x10, 0x00,
    0x00, 0x00, 0x00, 0x38, 0xce, 0xfe, 0xda, 0x61, 0x00, 0x00, 0x00, 0x02, 0xbf, 0xff, 0xff, 0xff,
    0xff, 0xe7, 0x00, 0x00, 0x05, 0xef, 0xff, 0xb8, 0x66, 0x8c, 0xff, 0xfb, 0x10, 0x05, 0xff, 0xfa,
    0x20, 0x00, 0x00, 0x03, 0xcf, 0xc1, 0x02, 0xef, 0xf6, 0x00, 0x00, 0x00, 0x00, 0x00, 0x71, 0x00,
    0x9f, 0xf9, 0x00, 0x00, 0x00, 0x00, 0x00, 0x00, 0x00, 0x1f, 0xfe, 0x00, 0x00, 0x00, 0x00, 0x00,
    0x00, 0x00, 0x05, 0xff, 0x80, 0x00, 0x00, 0x00, 0x00, 0x00, 0x00, 0x00, 0x8f, 0xf5, 0x00, 0x00,
    0x00, 0x00, 0x00, 0x00, 0x00, 0x09, 0xff, 0x30, 0x00, 0x00, 0x00, 0x00, 0x00, 0x11, 0x10, 0x9f,
    0xf3, 0x00, 0x00, 0x00, 0x00, 0x00, 0x07, 0xff, 0x38, 0xff, 0x50, 0x00, 0x00, 0x00, 0x00, 0x00,
    0x7f, 0xf3, 0x5f, 0xf9, 0x00, 0x00, 0x00, 0x00, 0x00, 0x07, 0xff, 0x31, 0xff, 0xe1, 0x00, 0x00,
    0x00, 0x00, 0x00, 0x7f, 0xf3, 0x09, 0xff, 0x90, 0x00, 0x00, 0x00, 0x00, 0x07, 0xff, 0x30, 0x2e,
    0xff, 0x70, 0x00, 0x00, 0x00, 0x00, 0x7f, 0xf3, 0x00, 0x4f, 0xff, 0xa2, 0x00, 0x00, 0x00, 0x2b,
    0xff, 0x30, 0x00, 0x5e, 0xff, 0xfb, 0x86, 0x67, 0xbf, 0xff, 0xe2, 0x00, 0x00, 0x2b, 0xff, 0xff,
    0xff, 0xff, 0xff, 0xa2, 0x00, 0x00, 0x00, 0x03, 0x8c, 0xef, 0xed, 0xa7, 0x20, 0x00, 0x00, 0x00,
    0x00, 0x00, 0x00, 0x00, 0x00, 0x00, 0x00, 0x00, 0x00, 0x00, 0x00, 0x00, 0x00, 0x00, 0x00, 0x00,
    0x00, 0x00, 0x00, 0x00, 0x00, 0x0a, 0xe6, 0x00, 0x00, 0x00, 0x00, 0x00, 0x00, 0x00, 0x01, 0xff,
    0xb0, 0x00, 0x00, 0x00, 0x00, 0x00, 0x00, 0x00, 0x08, 0xf8, 0x00, 0x00, 0x00, 0x00, 0x00, 0x00,
    0x00, 0x00, 0x7f, 0x20, 0x00, 0x00, 0x00, 0x00, 0x00, 0x00, 0x00, 0x0b, 0xb0, 0x00, 0x00, 0x00,
    0x00, 0x00, 0x00, 0x00, 0x02, 0xf7, 0x00, 0x00, 0x00, 0x00, 0x00, 0x00, 0x08, 0xf3, 0x00, 0x00,
    0x00, 0x00, 0x00, 0x00, 0x0e, 0xe1, 0x00, 0x00, 0x00, 0x00, 0x00, 0x00, 0x4f, 0xfa, 0x00, 0x00,
    0x00, 0x00, 0x00, 0x00, 0x2d, 0xe7, 0x00, 0x00, 0x00, 0x00, 0x00, 0x00, 0x00, 0x00, 0x00, 0x00,
    0x00, 0x00, 0x00, 0x00, 0x00, 0x00, 0x00, 0x00, 0x00, 0x00, 0x00, 0x5b, 0xdf, 0xec, 0x71, 0x0c,
    0xfb, 0x00, 0x3d, 0xff, 0xff, 0xff, 0xfe, 0x4c, 0xfb, 0x03, 0xef, 0xfd, 0x86, 0x68, 0xdf, 0xee,
    0xfb, 0x0d, 0xff, 0x80, 0x00, 0x00, 0x08, 0xff, 0xfb, 0x5f, 0xf9, 0x00, 0x00, 0x00, 0x00, 0x9f,
    0xfb, 0xaf, 0xf2, 0x00, 0x00, 0x00, 0x00, 0x2f, 0xfb, 0xcf, 0xe0, 0x00, 0x00, 0x00, 0x00, 0x0e,
    0xfb, 0xbf, 0xe0, 0x00, 0x00, 0x00, 0x00, 0x0e, 0xfb, 0xaf, 0xf3, 0x00, 0x00, 0x00, 0x00, 0x3f,
    0xfb, 0x5f, 0xfa, 0x00, 0x00, 0x00, 0x00, 0xaf, 0xfb, 0x0d, 0xff, 0x90, 0x00, 0x00, 0x09, 0xff,
    0xfb, 0x03, 0xef, 0xfd, 0x86, 0x68, 0xdf, 0xff, 0xfb, 0x00, 0x3c, 0xff, 0xff, 0xff, 0xfe, 0x4e,
    0xfb, 0x00, 0x00, 0x5b, 0xdf, 0xec, 0x71, 0x0f, 0xfa, 0x00, 0x00, 0x00, 0x00, 0x00, 0x00, 0x2f,
    0xf9, 0x00, 0x00, 0x00, 0x00, 0x00, 0x00, 0x8f, 0xf5, 0x03, 0xe6, 0x10, 0x00, 0x00, 0x05, 0xff,
    0xe1, 0x0c, 0xff, 0xea, 0x76, 0x68, 0xcf, 0xff, 0x60, 0x03, 0xcf, 0xff, 0xff, 0xff, 0xff, 0xf6,
    0x00, 0x00, 0x03, 0x8b, 0xdf, 0xfe, 0xb7, 0x10, 0x00, 0x00, 0x00, 0x00, 0x02, 0x78, 0x60, 0x00,
    0x00, 0x00, 0x00, 0x00, 0x00, 0x2d, 0xff, 0xfa, 0x00, 0x00, 0x00, 0x00, 0x00, 0x03, 0xef, 0x92,
    0xcf, 0xb1, 0x00, 0x00, 0x00, 0x00, 0x3e, 0xf6, 0x00, 0x1a, 0xfb, 0x10, 0x00, 0x00, 0x00, 0x00,
    0x00, 0x00, 0x00, 0x00, 0x00, 0x00, 0x1f, 0xfb, 0x00, 0x00, 0x00, 0x00, 0x00, 0x0f, 0xfc, 0x1f,
    0xfb, 0x00, 0x00, 0x00, 0x00, 0x00, 0x0f, 0xfc, 0x1f, 0xfb, 0x00, 0x00, 0x00, 0x00, 0x00, 0x0f,
    0xfc, 0x1f, 0xfb, 0x00, 0x00, 0x00, 0x00, 0x00, 0x0f, 0xfc, 0x1f, 0xfb, 0x00, 0x00, 0x00, 0x00,
    0x00, 0x0f, 0xfc, 0x1f, 0xfb, 0x00, 0x00, 0x00, 0x00, 0x00, 0x0f, 0xfc, 0x1f, 0xfb, 0x00, 0x00,
    0x00, 0x00, 0x00, 0x0f, 0xfc, 0x1f, 0xfb, 0x00, 0x00, 0x00, 0x00, 0x00, 0x0f, 0xfc, 0x1f, 0xfb,
    0x00, 0x00, 0x00, 0x00, 0x00, 0x0f, 0xfc, 0x1f, 0xff, 0xff, 0xff, 0xff, 0xff, 0xff, 0xff, 0xfc,
    0x1f, 0xff, 0xff, 0xff, 0xff, 0xff, 0xff, 0xff, 0xfc, 0x1f, 0xfc, 0x55, 0x55, 0x55, 0x55, 0x55,
    0x5f, 0xfc, 0x1f, 0xfb, 0x00, 0x00, 0x00, 0x00, 0x00, 0x0f, 0xfc, 0x1f, 0xfb, 0x00, 0x00, 0x00,
    0x00, 0x00, 0x0f, 0xfc, 0x1f, 0xfb, 0x00, 0x00, 0x00, 0x00, 0x00, 0x0f, 0xfc, 0x1f, 0xfb, 0x00,
    0x00, 0x00, 0x00, 0x00, 0x0f, 0xfc, 0x1f, 0xfb, 0x00, 0x00, 0x00, 0x00, 0x00, 0x0f, 0xfc, 0x1f,
    0xfb, 0x00, 0x00, 0x00, 0x00, 0x00, 0x0f, 0xfc, 0x1f, 0xfb, 0x00, 0x00, 0x00, 0x00, 0x00, 0x0f,
    0xfc, 0x1f, 0xfb, 0x00, 0x00, 0x00, 0x00, 0x00, 0x0f, 0xfc, 0x00, 0x00, 0x58, 0x83, 0x00, 0x00,
    0x00, 0x00, 0x00, 0x00, 0x00, 0x7f, 0xff, 0xe4, 0x00, 0x00, 0x00, 0x00, 0x00, 0x00, 0x8f, 0xe4,
    0x6f, 0xf5, 0x00, 0x00, 0x00, 0x00, 0x00, 0x9f, 0xc2, 0x00, 0x4e, 0xf6, 0x00, 0x00, 0x00, 0x00,
    0x00, 0x00, 0x00, 0x00, 0x00, 0x00, 0x00, 0x00, 0x00, 0x00, 0x00, 0x07, 0xff, 0x40, 0x00, 0x00,
    0x00, 0x00, 0x00, 0x00, 0x00, 0x7f, 0xf4, 0x00, 0x00, 0x00, 0x00, 0x00, 0x00, 0x00, 0x07, 0xff,
    0x40, 0x00, 0x00, 0x00, 0x00, 0x00, 0x00, 0x00, 0x7f, 0xf4, 0x00, 0x00, 0x00, 0x00, 0x00, 0x00,
    0x00, 0x07, 0xff, 0x40, 0x00, 0x00, 0x00, 0x00, 0x00, 0x00, 0x00, 0x7f, 0xf4, 0x00, 0x00, 0x00,
    0x00, 0x00, 0x00, 0x00, 0x07, 0xff, 0x40, 0x6b, 0xef, 0xeb, 0x50, 0x00, 0x00, 0x00, 0x7f, 0xf6,
    0xdf, 0xff, 0xff, 0xff, 0xb1, 0x00, 0x00, 0x07, 0xff, 0xff, 0xd8, 0x66, 0x9f, 0xff, 0x90, 0x00,
    0x00, 0x7f, 0xff, 0xa0, 0x00, 0x00, 0x3e, 0xff, 0x20, 0x00, 0x07, 0xff, 0xd0, 0x00, 0x00, 0x00,
    0x7f, 0xf6, 0x00, 0x00, 0x7f, 0xf7, 0x00, 0x00, 0x00, 0x03, 0xff, 0x80, 0x00, 0x07, 0xff, 0x40,
    0x00, 0x00, 0x00, 0x1f, 0xf9, 0x00, 0x00, 0x7f, 0xf4, 0x00, 0x00, 0x00, 0x01, 0xff, 0x90, 0x00,
    0x07, 0xff, 0x40, 0x00, 0x00, 0x00, 0x1f, 0xf9, 0x00, 0x00, 0x7f, 0xf4, 0x00, 0x00, 0x00, 0x01,
    0xff, 0x90, 0x00, 0x07, 0xff, 0x40, 0x00, 0x00, 0x00, 0x1f, 0xf9, 0x00, 0x00, 0x7f, 0xf4, 0x00,
    0x00, 0x00, 0x01, 0xff, 0x90, 0x00, 0x07, 0xff, 0x40, 0x00, 0x00, 0x00, 0x1f, 0xf9, 0x00, 0x00,
    0x7f, 0xf4, 0x00, 0x00, 0x00, 0x01, 0xff, 0x90, 0x00, 0x07, 0xff, 0x40, 0x00, 0x00, 0x00, 0x1f,
    0xf9, 0x00, 0x0d, 0xfe, 0x00, 0x00, 0x00, 0x00, 0x00, 0x0c, 0xff, 0x00, 0x00, 0x00, 0xdf, 0xe0,
    0x00, 0x00, 0x00, 0x00, 0x00, 0xcf, 0xf0, 0x00, 0x00, 0x0d, 0xfe, 0x00, 0x00, 0x00, 0x00, 0x00,
    0x0c, 0xff, 0x00, 0x04, 0x55, 0xff, 0xf5, 0x55, 0x55, 0x55, 0x55, 0x55, 0xff, 0xf6, 0x55, 0xbf,
    0xff, 0xff, 0xff, 0xff, 0xff, 0xff, 0xff, 0xff, 0xff, 0xff, 0xdb, 0xff, 0xff, 0xff, 0xff, 0xff,
    0xff, 0xff, 0xff, 0xff, 0xff, 0xfd, 0x00, 0x0d, 0xfe, 0x00, 0x00, 0x00, 0x00, 0x00, 0x0c, 0xff,
    0x00, 0x00, 0x00, 0xdf, 0xe0, 0x00, 0x00, 0x00, 0x00, 0x00, 0xcf, 0xf0, 0x00, 0x00, 0x0d, 0xfe,
    0x00, 0x00, 0x00, 0x00, 0x00, 0x0c, 0xff, 0x00, 0x00, 0x00, 0xdf, 0xff, 0xff, 0xff, 0xff, 0xff,
    0xff, 0xff, 0xf0, 0x00, 0x00, 0x0d, 0xff, 0xff, 0xff, 0xff, 0xff, 0xff, 0xff, 0xff, 0x00, 0x00,
    0x00, 0xdf, 0xf5, 0x55, 0x55, 0x55, 0x55, 0x55, 0xdf, 0xf0, 0x00, 0x00, 0x0d, 0xfe, 0x00, 0x00,
    0x00, 0x00, 0x00, 0x0c, 0xff, 0x00, 0x00, 0x00, 0xdf, 0xe0, 0x00, 0x00, 0x00, 0x00, 0x00, 0xcf,
    0xf0, 0x00, 0x00, 0x0d, 0xfe, 0x00, 0x00, 0x00, 0x00, 0x00, 0x0c, 0xff, 0x00, 0x00, 0x00, 0xdf,
    0xe0, 0x00, 0x00, 0x00, 0x00, 0x00, 0xcf, 0xf0, 0x00, 0x00, 0x0d, 0xfe, 0x00, 0x00, 0x00, 0x00,
    0x00, 0x0c, 0xff, 0x00, 0x00, 0x00, 0xdf, 0xe0, 0x00, 0x00, 0x00, 0x00, 0x00, 0xcf, 0xf0, 0x00,
    0x00, 0x0d, 0xfe, 0x00, 0x00, 0x00, 0x00, 0x00, 0x0c, 0xff, 0x00, 0x00, 0x00, 0xdf, 0xe0, 0x00,
    0x00, 0x00, 0x00, 0x00, 0xcf, 0xf0, 0x00, 0x00, 0x7f, 0xf4, 0x00, 0x00, 0x00, 0x00, 0x00, 0x00,
    0x07, 0xff, 0x40, 0x00, 0x00, 0x00, 0x00, 0x00, 0x55, 0xcf, 0xf9, 0x55, 0x55, 0x50, 0x00, 0x00,
    0x0f, 0xff, 0xff, 0xff, 0xff, 0xff, 0x10, 0x00, 0x00, 0xff, 0xff, 0xff, 0xff, 0xff, 0xf1, 0x00,
    0x00, 0x00, 0x07, 0xff, 0x40, 0x00, 0x00, 0x00, 0x00, 0x00, 0x00, 0x7f, 0xf4, 0x06, 0xbe, 0xfe,
    0xb5, 0x00, 0x00, 0x07, 0xff, 0x6d, 0xff, 0xff, 0xff, 0xfb, 0x10, 0x00, 0x7f, 0xff, 0xfd, 0x86,
    0x69, 0xff, 0xf9, 0x00, 0x07, 0xff, 0xfa, 0x00, 0x00, 0x03, 0xef, 0xf2, 0x00, 0x7f, 0xfd, 0x00,
    0x00, 0x00, 0x07, 0xff, 0x60, 0x07, 0xff, 0x70, 0x00, 0x00, 0x00, 0x3f, 0xf8, 0x00, 0x7f, 0xf4,
    0x00, 0x00, 0x00, 0x01, 0xff, 0x90, 0x07, 0xff, 0x40, 0x00, 0x00, 0x00, 0x1f, 0xf9, 0x00, 0x7f,
    0xf4, 0x00, 0x00, 0x00, 0x01, 0xff, 0x90, 0x07, 0xff, 0x40, 0x00, 0x00, 0x00, 0x1f, 0xf9, 0x00,
    0x7f, 0xf4, 0x00, 0x00, 0x00, 0x01, 0xff, 0x90, 0x07, 0xff, 0x40, 0x00, 0x00, 0x00, 0x1f, 0xf9,
    0x00, 0x7f, 0xf4, 0x00, 0x00, 0x00, 0x01, 0xff, 0x90, 0x07, 0xff, 0x40, 0x00, 0x00, 0x00, 0x1f,
    0xf9, 0x00, 0x7f, 0xf4, 0x00, 0x00, 0x00, 0x01, 0xff, 0x90, 0x01, 0xac, 0x81, 0x00, 0x7c, 0x0b,
    0xff, 0xfc, 0x21, 0xdc, 0x2f, 0xa1, 0x7f, 0xfe, 0xf7, 0x5f, 0x30, 0x04, 0xdf, 0x90, 0x00, 0x00,
    0x00, 0x00, 0x00, 0x00, 0x01, 0xff, 0xb0, 0x00, 0x00, 0x01, 0xff, 0xb0, 0x00, 0x00, 0x01, 0xff,
    0xb0, 0x00, 0x00, 0x01, 0xff, 0xb0, 0x00, 0x00, 0x01, 0xff, 0xb0, 0x00, 0x00, 0x01, 0xff, 0xb0,
    0x00, 0x00, 0x01, 0xff, 0xb0, 0x00, 0x00, 0x01, 0xff, 0xb0, 0x00, 0x00, 0x01, 0xff, 0xb0, 0x00,
    0x00, 0x01, 0xff, 0xb0, 0x00, 0x00, 0x01, 0xff, 0xb0, 0x00, 0x00, 0x01, 0xff, 0xb0, 0x00, 0x00,
    0x01, 0xff, 0xb0, 0x00, 0x00, 0x01, 0xff, 0xb0, 0x00, 0x00, 0x01, 0xff, 0xb0, 0x00, 0x00, 0x01,
    0xff, 0xb0, 0x00, 0x00, 0x01, 0xff, 0xb0, 0x00, 0x00, 0x01, 0xff, 0xb0, 0x00, 0x00, 0x01, 0xff,
    0xb0, 0x00, 0x00, 0x01, 0xff, 0xb0, 0x00, 0x02, 0xce, 0x80, 0x0a, 0xd0, 0xbf, 0xef, 0x91, 0xdb,
    0x0f, 0x90, 0x8f, 0xff, 0x41, 0x84, 0x00, 0x48, 0x40, 0x00, 0x00, 0x00, 0x00, 0x00, 0x00, 0x00,
    0x00, 0x00, 0x00, 0x07, 0xff, 0x40, 0x00, 0x00, 0x7f, 0xf4, 0x00, 0x00, 0x07, 0xff, 0x40, 0x00,
    0x00, 0x7f, 0xf4, 0x00, 0x00, 0x07, 0xff, 0x40, 0x00, 0x00, 0x7f, 0xf4, 0x00, 0x00, 0x07, 0xff,
    0x40, 0x00, 0x00, 0x7f, 0xf4, 0x00, 0x00, 0x07, 0xff, 0x40, 0x00, 0x00, 0x7f, 0xf4, 0x00, 0x00,
    0x07, 0xff, 0x40, 0x00, 0x00, 0x7f, 0xf4, 0x00, 0x00, 0x07, 0xff, 0x40, 0x00, 0x00, 0x7f, 0xf4,
    0x00, 0x00, 0x07, 0xff, 0x40, 0x00, 0x5d, 0xdd, 0xdd, 0xdd, 0x16, 0xff, 0xff, 0xff, 0xf1, 0x00,
    0x00, 0x00, 0x00, 0x00, 0x00, 0x00, 0x00, 0x00, 0x00, 0x1f, 0xfb, 0x00, 0x00, 0x01, 0xff, 0xb0,
    0x00, 0x00, 0x1f, 0xfb, 0x00, 0x00, 0x01, 0xff, 0xb0, 0x00, 0x00, 0x1f, 0xfb, 0x00, 0x00, 0x01,
    0xff, 0xb0, 0x00, 0x00, 0x1f, 0xfb, 0x00, 0x00, 0x01, 0xff, 0xb0, 0x00, 0x00, 0x1f, 0xfb, 0x00,
    0x00, 0x01, 0xff, 0xb0, 0x00, 0x00, 0x1f, 0xfb, 0x00, 0x00, 0x01, 0xff, 0xb0, 0x00, 0x00, 0x1f,
    0xfb, 0x00, 0x00, 0x01, 0xff, 0xb0, 0x00, 0x00, 0x1f, 0xfb, 0x00, 0x00, 0x01, 0xff, 0xb0, 0x00,
    0x00, 0x1f, 0xfb, 0x00, 0x00, 0x01, 0xff, 0xb0, 0x00, 0x00, 0x1f, 0xfb, 0x00, 0x00, 0x01, 0xff,
    0xb0, 0x00, 0xcf, 0xff, 0xff, 0xf9, 0xad, 0xdd, 0xdd, 0xd8, 0x00, 0x00, 0x00, 0x00, 0x00, 0x00,
    0x00, 0x00, 0x00, 0x00, 0x00, 0x00, 0x00, 0x7f, 0xf4, 0x00, 0x00, 0x7f, 0xf4, 0x00, 0x00, 0x7f,
    0xf4, 0x00, 0x00, 0x7f, 0xf4, 0x00, 0x00, 0x7f, 0xf4, 0x00, 0x00, 0x7f, 0xf4, 0x00, 0x00, 0x7f,
    0xf4, 0x00, 0x00, 0x7f, 0xf4, 0x00, 0x00, 0x7f, 0xf4, 0x00, 0x00, 0x7f, 0xf4, 0x00, 0x00, 0x7f,
    0xf4, 0x00, 0x00, 0x7f, 0xf4, 0x00, 0x00, 0x7f, 0xf4, 0x00, 0x00, 0x7f, 0xf4, 0x00, 0x00, 0x7f,
    0xf4, 0x00, 0x2f, 0xb0, 0x00, 0x01, 0xfc, 0x0d, 0xf7, 0x00, 0x1b, 0xf8, 0x04, 0xff, 0xed, 0xff,
    0xd1, 0x00, 0x3a, 0xef, 0xd8, 0x10, 0x00, 0x00, 0x00, 0x00, 0x00, 0x00, 0x01, 0xff, 0xb0, 0x00,
    0x00, 0x01, 0xff, 0xb0, 0x00, 0x00, 0x01, 0xff, 0xb0, 0x00, 0x00, 0x01, 0xff, 0xb0, 0x00, 0x00,
    0x01, 0xff, 0xb0, 0x00, 0x00, 0x01, 0xff, 0xb0, 0x00, 0x00, 0x01, 0xff, 0xb0, 0x00, 0x00, 0x01,
    0xff, 0xb0, 0x00, 0x00, 0x01, 0xff, 0xb0, 0x00, 0x00, 0x01, 0xff, 0xb0, 0x00, 0x00, 0x01, 0xff,
    0xb0, 0x00, 0x00, 0x01, 0xff, 0xb0, 0x00, 0x00, 0x01, 0xff, 0xb0, 0x00, 0x00, 0x01, 0xff, 0xb0,
    0x00, 0x00, 0x01, 0xff, 0xb0, 0x00, 0x00, 0x01, 0xff, 0xb0, 0x00, 0x00, 0x01, 0xff, 0xb0, 0x00,
    0x00, 0x01, 0xff, 0xb0, 0x00, 0x00, 0x01, 0xff, 0xb0, 0x00, 0x00, 0x01, 0xff, 0xb0, 0x00, 0xed,
    0x00, 0x01, 0xfa, 0xaf, 0x60, 0x09, 0xf7, 0x3f, 0xfe, 0xef, 0xd1, 0x03, 0xbf, 0xea, 0x20, 0x00,
    0x00, 0x00, 0x00, 0x00, 0x00, 0x00, 0x00, 0x00, 0x7f, 0xf4, 0x00, 0x00, 0x7f, 0xf4, 0x00, 0x00,
    0x7f, 0xf4, 0x00, 0x00, 0x7f, 0xf4, 0x00, 0x00, 0x7f, 0xf4, 0x00, 0x00, 0x7f, 0xf4, 0x00, 0x00,
    0x7f, 0xf4, 0x00, 0x00, 0x7f, 0xf4, 0x00, 0x00, 0x7f, 0xf4, 0x00, 0x00, 0x7f, 0xf4, 0x00, 0x00,
    0x7f, 0xf4, 0x00, 0x00, 0x7f, 0xf4, 0x00, 0x00, 0x7f, 0xf4, 0x00, 0x00, 0x7f, 0xf4, 0x00, 0x00,
    0x7f, 0xf4, 0x00, 0x1f, 0xfb, 0x01, 0xff, 0xb0, 0x1f, 0xfb, 0x01, 0xff, 0xb0, 0x1f, 0xfb, 0x01,
    0xff, 0xb0, 0x1f, 0xfb, 0x01, 0xff, 0xb0, 0x1f, 0xfb, 0x01, 0xff, 0xb0, 0x1f, 0xfb, 0x01, 0xff,
    0xb0, 0x1f, 0xfb, 0x01, 0xff, 0xb0, 0x1f, 0xfb, 0x01, 0xff, 0xb0, 0x1f, 0xfb, 0x01, 0xff, 0xb0,
    0x1f, 0xfb, 0x01, 0xff, 0xf0, 0x1e, 0xc0, 0x07, 0xf5, 0x00, 0xbf, 0x20, 0x0b, 0xf5, 0x00, 0x7f,
    0xfd, 0x70, 0x9e, 0xe6, 0x06, 0xed, 0x40, 0x0d, 0xff, 0xa0, 0x06, 0xed, 0x40, 0x00, 0x00, 0x00,
    0x00, 0x00, 0x00, 0x00, 0x00, 0x00, 0x07, 0xff, 0x40, 0x07, 0xff, 0x40, 0x07, 0xff, 0x40, 0x07,
    0xff, 0x40, 0x07, 0xff, 0x40, 0x07, 0xff, 0x40, 0x07, 0xff, 0x40, 0x07, 0xff, 0x40, 0x07, 0xff,
    0x40, 0x07, 0xff, 0x40, 0x07, 0xff, 0x40, 0x07, 0xff, 0x40, 0x07, 0xff, 0x40, 0x07, 0xff, 0x40,
    0x07, 0xff, 0x40, 0x07, 0xf5, 0x00, 0x1e, 0xc0, 0x00, 0x3f, 0x90, 0x00, 0x4f, 0xc0, 0x00, 0x1e,
    0xfe, 0xe0, 0x04, 0xce, 0xc1, 0x1b, 0xe7, 0x4f, 0xfe, 0x1b, 0xe7, 0x00, 0x00, 0x00, 0x00, 0x1f,
    0xfb, 0x1f, 0xfb, 0x1f, 0xfb, 0x1f, 0xfb, 0x1f, 0xfb, 0x1f, 0xfb, 0x1f, 0xfb, 0x1f, 0xfb, 0x1f,
    0xfb, 0x1f, 0xfb, 0x1f, 0xfb, 0x1f, 0xfb, 0x1f, 0xfb, 0x1f, 0xfb, 0x1f, 0xfb, 0x1f, 0xfb, 0x1f,
    0xfb, 0x1f, 0xfb, 0x1f, 0xfb, 0x1f, 0xfb, 0x7f, 0xf4, 0x7f, 0xf4, 0x7f, 0xf4, 0x7f, 0xf4, 0x7f,
    0xf4, 0x7f, 0xf4, 0x7f, 0xf4, 0x7f, 0xf4, 0x7f, 0xf4, 0x7f, 0xf4, 0x7f, 0xf4, 0x7f, 0xf4, 0x7f,
    0xf4, 0x7f, 0xf4, 0x7f, 0xf4, 0x4f, 0xf9, 0x00, 0x00, 0x00, 0x00, 0x6f, 0xf6, 0x4f, 0xf9, 0x00,
    0x00, 0x00, 0x00, 0x6f, 0xf6, 0x4f, 0xf9, 0x00, 0x00, 0x00, 0x00, 0x6f, 0xf6, 0x4f, 0xf9, 0x00,
    0x00, 0x00, 0x00, 0x6f, 0xf6, 0x4f, 0xf9, 0x00, 0x00, 0x00, 0x00, 0x6f, 0xf6, 0x4f, 0xf9, 0x00,
    0x00, 0x00, 0x00, 0x6f, 0xf6, 0x4f, 0xf9, 0x00, 0x00, 0x00, 0x00, 0x6f, 0xf6, 0x4f, 0xf9, 0x00,
    0x00, 0x00, 0x00, 0x6f, 0xf6, 0x4f, 0xf9, 0x00, 0x00, 0x00, 0x00, 0x6f, 0xf6, 0x4f, 0xf9, 0x00,
    0x00, 0x00, 0x00, 0x6f, 0xf6, 0x4f, 0xf9, 0x00, 0x00, 0x00, 0x00, 0x6f, 0xf6, 0x00, 0x00, 0x00,
    0x00, 0x00, 0x00, 0x6f, 0xf5, 0x00, 0x00, 0x00, 0x00, 0x00, 0x00, 0x7f, 0xf4, 0x00, 0x00, 0x00,
    0x00, 0x00, 0x00, 0x9f, 0xf2, 0x00, 0x00, 0x00, 0x00, 0x00, 0x00, 0xdf, 0xe0, 0x00, 0x00, 0x00,
    0x00, 0x00, 0x06, 0xff, 0x90, 0x0b, 0x92, 0x00, 0x00, 0x00, 0x5e, 0xfe, 0x20, 0x4f, 0xff, 0xb8,
    0x66, 0x7c, 0xff, 0xf5, 0x00, 0x2b, 0xff, 0xff, 0xff, 0xff, 0xfe, 0x40, 0x00, 0x00, 0x27, 0xbd,
    0xef, 0xdb, 0x61, 0x00, 0x00, 0x6e, 0xd4, 0x00, 0x00, 0x6e, 0xd3, 0xdf, 0xfa, 0x00, 0x00, 0xef,
    0xf9, 0x6e, 0xd4, 0x00, 0x00, 0x7e, 0xd3, 0x00, 0x00, 0x00, 0x00, 0x00, 0x00, 0x00, 0x00, 0x00,
    0x00, 0x00, 0x00, 0x00, 0x00, 0x00, 0x00, 0x00, 0x00, 0x7f, 0xf4, 0x00, 0x00, 0x8f, 0xf3, 0x7f,
    0xf4, 0x00, 0x00, 0x8f, 0xf3, 0x7f, 0xf4, 0x00, 0x00, 0x8f, 0xf3, 0x7f, 0xf4, 0x00, 0x00, 0x8f,
    0xf3, 0x7f, 0xf4, 0x00, 0x00, 0x8f, 0xf3, 0x7f, 0xf4, 0x00, 0x00, 0x8f, 0xf3, 0x7f, 0xf4, 0x00,
    0x00, 0x8f, 0xf3, 0x7f, 0xf4, 0x00, 0x00, 0x8f, 0xf3, 0x7f, 0xf4, 0x00, 0x00, 0x8f, 0xf3, 0x7f,
    0xf4, 0x00, 0x00, 0x8f, 0xf3, 0x7f, 0xf4, 0x00, 0x00, 0x8f, 0xf3, 0x7f, 0xf4, 0x00, 0x00, 0x8f,
    0xf3, 0x7f, 0xf4, 0x00, 0x00, 0x8f, 0xf3, 0x7f, 0xf4, 0x00, 0x00, 0x8f, 0xf3, 0x7f, 0xf4, 0x00,
    0x00, 0x8f, 0xf3, 0x00, 0x00, 0x00, 0x00, 0x8f, 0xf2, 0x00, 0x00, 0x00, 0x00, 0xcf, 0xf1, 0x00,
    0x01, 0xb6, 0x59, 0xff, 0xb0, 0x00, 0x08, 0xff, 0xff, 0xfe, 0x20, 0x00, 0x04, 0xbd, 0xfe, 0xa2,
    0x00, 0x00, 0x00, 0x00, 0x68, 0x72, 0x00, 0x00, 0x00, 0x00, 0xaf, 0xff, 0xd2, 0x00, 0x00, 0x00,
    0xaf, 0xd3, 0x9f, 0xe3, 0x00, 0x01, 0xbf, 0xa1, 0x00, 0x6f, 0xe3, 0x00, 0x00, 0x00, 0x00, 0x00,
    0x00, 0x00, 0x04, 0xff, 0xff, 0xff, 0xff, 0xf9, 0x00, 0x4f, 0xff, 0xff, 0xff, 0xff, 0x90, 0x01,
    0x55, 0x55, 0x55, 0x7f, 0xf9, 0x00, 0x00, 0x00, 0x00, 0x03, 0xff, 0x90, 0x00, 0x00, 0x00, 0x00,
    0x3f, 0xf9, 0x00, 0x00, 0x00, 0x00, 0x03, 0xff, 0x90, 0x00, 0x00, 0x00, 0x00, 0x3f, 0xf9, 0x00,
    0x00, 0x00, 0x00, 0x03, 0xff, 0x90, 0x00, 0x00, 0x00, 0x00, 0x3f, 0xf9, 0x00, 0x00, 0x00, 0x00,
    0x03, 0xff, 0x90, 0x00, 0x00, 0x00, 0x00, 0x3f, 0xf9, 0x00, 0x00, 0x00, 0x00, 0x03, 0xff, 0x90,
    0x00, 0x00, 0x00, 0x00, 0x3f, 0xf9, 0x00, 0x00, 0x00, 0x00, 0x03, 0xff, 0x90, 0x00, 0x00, 0x00,
    0x00, 0x5f, 0xf8, 0x00, 0x60, 0x00, 0x00, 0x08, 0xff, 0x60, 0xaf, 0x70, 0x00, 0x01, 0xef, 0xf2,
    0x1d, 0xff, 0xc7, 0x68, 0xef, 0xf9, 0x00, 0x2c, 0xff, 0xff, 0xff, 0xfb, 0x10, 0x00, 0x06, 0xbe,
    0xfe, 0xb6, 0x00, 0x00, 0x00, 0x00, 0x0a, 0xff, 0xb0, 0x00, 0x00, 0x00, 0x8f, 0xdd, 0xf9, 0x00,
    0x00, 0x06, 0xfd, 0x22, 0xdf, 0x70, 0x00, 0x17, 0x72, 0x00, 0x17, 0x71, 0x00, 0x00, 0x00, 0x00,
    0x00, 0x00, 0x00, 0x00, 0x00, 0x00, 0x00, 0x00, 0x00, 0x00, 0x05, 0xff, 0x60, 0x00, 0x00, 0x00,
    0x05, 0xff, 0x60, 0x00, 0x00, 0x00, 0x05, 0xff, 0x60, 0x00, 0x00, 0x00, 0x05, 0xff, 0x60, 0x00,
    0x00, 0x00, 0x05, 0xff, 0x60, 0x00, 0x00, 0x00, 0x05, 0xff, 0x60, 0x00, 0x00, 0x00, 0x05, 0xff,
    0x60, 0x00, 0x00, 0x00, 0x05, 0xff, 0x60, 0x00, 0x00, 0x00, 0x05, 0xff, 0x60, 0x00, 0x00, 0x00,
    0x05, 0xff, 0x60, 0x00, 0x00, 0x00, 0x05, 0xff, 0x60, 0x00, 0x00, 0x00, 0x05, 0xff, 0x60, 0x00,
    0x00, 0x00, 0x05, 0xff, 0x60, 0x00, 0x00, 0x00, 0x05, 0xff, 0x60, 0x00, 0x00, 0x00, 0x05, 0xff,
    0x60, 0x00, 0x00, 0x00, 0x05, 0xff, 0x50, 0x00, 0x00, 0x00, 0x09, 0xff, 0x30, 0x00, 0x0b, 0x65,
    0x8f, 0xfd, 0x00, 0x00, 0x5f, 0xff, 0xff, 0xf5, 0x00, 0x00, 0x3a, 0xdf, 0xeb, 0x30, 0x00, 0x00,
    0x1f, 0xfb, 0x00, 0x00, 0x00, 0x00, 0x03, 0xef, 0xe3, 0x01, 0xff, 0xb0, 0x00, 0x00, 0x00, 0x02,
    0xef, 0xe3, 0x00, 0x1f, 0xfb, 0x00, 0x00, 0x00, 0x02, 0xdf, 0xf4, 0x00, 0x01, 0xff, 0xb0, 0x00,
    0x00, 0x01, 0xdf, 0xf5, 0x00, 0x00, 0x1f, 0xfb, 0x00, 0x00, 0x01, 0xcf, 0xf6, 0x00, 0x00, 0x01,
    0xff, 0xb0, 0x00, 0x01, 0xcf, 0xf7, 0x00, 0x00, 0x00, 0x1f, 0xfb, 0x00, 0x01, 0xbf, 0xf8, 0x00,
    0x00, 0x00, 0x01, 0xff, 0xb0, 0x00, 0xbf, 0xf9, 0x00, 0x00, 0x00, 0x00, 0x1f, 0xfb, 0x00, 0xaf,
    0xfa, 0x00, 0x00, 0x00, 0x00, 0x01, 0xff, 0xb0, 0xaf, 0xff, 0x90, 0x00, 0x00, 0x00, 0x00, 0x1f,
    0xfb, 0x9f, 0xff, 0xff, 0x60, 0x00, 0x00, 0x00, 0x01, 0xff, 0xff, 0xfe, 0x8f, 0xff, 0x30, 0x00,
    0x00, 0x00, 0x1f, 0xff, 0xfe, 0x20, 0x9f, 0xfe, 0x20, 0x00, 0x00, 0x01, 0xff, 0xfe, 0x20, 0x00,
    0xbf, 0xfc, 0x00, 0x00, 0x00, 0x1f, 0xfe, 0x30, 0x00, 0x01, 0xcf, 0xfa, 0x00, 0x00, 0x01, 0xff,
    0xb0, 0x00, 0x00, 0x02, 0xef, 0xf7, 0x00, 0x00, 0x1f, 0xfb, 0x00, 0x00, 0x00, 0x03, 0xef, 0xf4,
    0x00, 0x01, 0xff, 0xb0, 0x00, 0x00, 0x00, 0x05, 0xff, 0xe2, 0x00, 0x1f, 0xfb, 0x00, 0x00, 0x00,
    0x00, 0x07, 0xff, 0xd1, 0x01, 0xff, 0xb0, 0x00, 0x00, 0x00, 0x00, 0x09, 0xff, 0xa0, 0x00, 0x00,
    0x00, 0x00, 0x00, 0x00, 0x00, 0x00, 0x00, 0x00, 0x00, 0x00, 0x00, 0x00, 0x00, 0x00, 0x00, 0x00,
    0x00, 0x00, 0x00, 0x00, 0x08, 0xe8, 0x00, 0x00, 0x00, 0x00, 0x00, 0x00, 0x00, 0x00, 0xdf, 0xe0,
    0x00, 0x00, 0x00, 0x00, 0x00, 0x00, 0x00, 0x05, 0xfa, 0x00, 0x00, 0x00, 0x00, 0x00, 0x00, 0x00,
    0x00, 0x4f, 0x50, 0x00, 0x00, 0x00, 0x00, 0x00, 0x00, 0x00, 0x08, 0xe0, 0x00, 0x00, 0x00, 0x00,
    0x00, 0x7f, 0xf4, 0x00, 0x00, 0x00, 0x00, 0x00, 0x00, 0x7f, 0xf4, 0x00, 0x00, 0x00, 0x00, 0x00,
    0x00, 0x7f, 0xf4, 0x00, 0x00, 0x00, 0x00, 0x00, 0x00, 0x7f, 0xf4, 0x00, 0x00, 0x00, 0x00, 0x00,
    0x00, 0x7f, 0xf4, 0x00, 0x00, 0x00, 0x00, 0x00, 0x00, 0x7f, 0xf4, 0x00, 0x00, 0x00, 0x00, 0x00,
    0x00, 0x7f, 0xf4, 0x00, 0x00, 0x00, 0x4e, 0xfe, 0x30, 0x7f, 0xf4, 0x00, 0x00, 0x05, 0xff, 0xe3,
    0x00, 0x7f, 0xf4, 0x00, 0x00, 0x6f, 0xfe, 0x30, 0x00, 0x7f, 0xf4, 0x00, 0x06, 0xff, 0xe3, 0x00,
    0x00, 0x7f, 0xf4, 0x00, 0x7f, 0xfe, 0x30, 0x00, 0x00, 0x7f, 0xf4, 0x08, 0xff, 0xe3, 0x00, 0x00,
    0x00, 0x7f, 0xf4, 0x9f, 0xff, 0x80, 0x00, 0x00, 0x00, 0x7f, 0xfd, 0xff, 0xff, 0xf4, 0x00, 0x00,
    0x00, 0x7f, 0xff, 0xfc, 0x6f, 0xfe, 0x20, 0x00, 0x00, 0x7f, 0xff, 0xb1, 0x08, 0xff, 0xc1, 0x00,
    0x00, 0x7f, 0xfa, 0x00, 0x00, 0xbf, 0xfa, 0x00, 0x00, 0x7f, 0xf4, 0x00, 0x00, 0x1d, 0xff, 0x60,
    0x00, 0x7f, 0xf4, 0x00, 0x00, 0x03, 0xef, 0xf4, 0x00, 0x7f, 0xf4, 0x00, 0x00, 0x00, 0x5f, 0xfe,
    0x10, 0x7f, 0xf4, 0x00, 0x00, 0x00, 0x08, 0xff, 0xc0, 0x00, 0x00, 0x00, 0x00, 0x00, 0x00, 0x00,
    0x00, 0x00, 0x00, 0x00, 0x00, 0x00, 0x00, 0x00, 0x00, 0x00, 0x00, 0x04, 0xeb, 0x00, 0x00, 0x00,
    0x00, 0x00, 0x00, 0x09, 0xff, 0x20, 0x00, 0x00, 0x00, 0x00, 0x00, 0x02, 0xee, 0x00, 0x00, 0x00,
    0x00, 0x00, 0x00, 0x00, 0xe9, 0x00, 0x00, 0x00, 0x00, 0x00, 0x00, 0x04, 0xf3, 0x00, 0x00, 0x00,
    0x00, 0x7f, 0xf4, 0x00, 0x00, 0x00, 0x4e, 0xfe, 0x30, 0x7f, 0xf4, 0x00, 0x00, 0x05, 0xff, 0xe3,
    0x00, 0x7f, 0xf4, 0x00, 0x00, 0x6f, 0xfe, 0x30, 0x00, 0x7f, 0xf4, 0x00, 0x06, 0xff, 0xe3, 0x00,
    0x00, 0x7f, 0xf4, 0x00, 0x7f, 0xfe, 0x30, 0x00, 0x00, 0x7f, 0xf4, 0x08, 0xff, 0xe3, 0x00, 0x00,
    0x00, 0x7f, 0xf4, 0x9f, 0xff, 0x80, 0x00, 0x00, 0x00, 0x7f, 0xfd, 0xff, 0xff, 0xf4, 0x00, 0x00,
    0x00, 0x7f, 0xff, 0xfc, 0x6f, 0xfe, 0x20, 0x00, 0x00, 0x7f, 0xff, 0xb1, 0x08, 0xff, 0xc1, 0x00,
    0x00, 0x7f, 0xfa, 0x00, 0x00, 0xbf, 0xfa, 0x00, 0x00, 0x7f, 0xf4, 0x00, 0x00, 0x1d, 0xff, 0x60,
    0x00, 0x7f, 0xf4, 0x00, 0x00, 0x03, 0xef, 0xf4, 0x00, 0x7f, 0xf4, 0x00, 0x00, 0x00, 0x5f, 0xfe,
    0x10, 0x7f, 0xf4, 0x00, 0x00, 0x00, 0x08, 0xff, 0xc0, 0x00, 0x02, 0x78, 0x71, 0x00, 0x00, 0x00,
    0x00, 0x02, 0xdf, 0xd3, 0x00, 0x00, 0x00, 0x00, 0x03, 0xef, 0xa1, 0x00, 0x00, 0x00, 0x00, 0x04,
    0xef, 0x70, 0x00, 0x00, 0x00, 0x00, 0x00, 0x00, 0x00, 0x00, 0x00, 0x00, 0x00, 0x00, 0x01, 0xff,
    0xb0, 0x00, 0x00, 0x00, 0x00, 0x00, 0x1f, 0xfb, 0x00, 0x00, 0x00, 0x00, 0x00, 0x01, 0xff, 0xb0,
    0x00, 0x00, 0x00, 0x00, 0x00, 0x1f, 0xfb, 0x00, 0x00, 0x00, 0x00, 0x00, 0x01, 0xff, 0xb0, 0x00,
    0x00, 0x00, 0x00, 0x00, 0x1f, 0xfb, 0x00, 0x00, 0x00, 0x00, 0x00, 0x01, 0xff, 0xb0, 0x00, 0x00,
    0x00, 0x00, 0x00, 0x1f, 0xfb, 0x00, 0x00, 0x00, 0x00, 0x00, 0x01, 0xff, 0xb0, 0x00, 0x00, 0x00,
    0x00, 0x00, 0x1f, 0xfb, 0x00, 0x00, 0x00, 0x00, 0x00, 0x01, 0xff, 0xb0, 0x00, 0x00, 0x00, 0x00,
    0x00, 0x1f, 0xfb, 0x00, 0x00, 0x00, 0x00, 0x00, 0x01, 0xff, 0xb0, 0x00, 0x00, 0x00, 0x00, 0x00,
    0x1f, 0xfb, 0x00, 0x00, 0x00, 0x00, 0x00, 0x01, 0xff, 0xb0, 0x00, 0x00, 0x00, 0x00, 0x00, 0x1f,
    0xfb, 0x00, 0x00, 0x00, 0x00, 0x00, 0x01, 0xff, 0xb0, 0x00, 0x00, 0x00, 0x00, 0x00, 0x1f, 0xfd,
    0x77, 0x77, 0x77, 0x77, 0x77, 0x21, 0xff, 0xff, 0xff, 0xff, 0xff, 0xff, 0xf5, 0x1f, 0xff, 0xff,
    0xff, 0xff, 0xff, 0xff, 0x50, 0x00, 0x00, 0x58, 0x85, 0x00, 0x07, 0xff, 0x91, 0x00, 0x8f, 0xe6,
    0x00, 0x0a, 0xfc, 0x20, 0x00, 0x00, 0x00, 0x00, 0x00, 0x00, 0x00, 0x00, 0x00, 0x07, 0xff, 0x40,
    0x00, 0x07, 0xff, 0x40, 0x00, 0x07, 0xff, 0x40, 0x00, 0x07, 0xff, 0x40, 0x00, 0x07, 0xff, 0x40,
    0x00, 0x07, 0xff, 0x40, 0x00, 0x07, 0xff, 0x40, 0x00, 0x07, 0xff, 0x40, 0x00, 0x07, 0xff, 0x40,
    0x00, 0x07, 0xff, 0x40, 0x00, 0x07, 0xff, 0x40, 0x00, 0x07, 0xff, 0x40, 0x00, 0x07, 0xff, 0x40,
    0x00, 0x07, 0xff, 0x40, 0x00, 0x07, 0xff, 0x40, 0x00, 0x07, 0xff, 0x40, 0x00, 0x07, 0xff, 0x40,
    0x00, 0x07, 0xff, 0x40, 0x00, 0x07, 0xff, 0x40, 0x00, 0x07, 0xff, 0x40, 0x00, 0x07, 0xff, 0x40,
    0x00, 0x1f, 0xfb, 0x00, 0x00, 0x00, 0x00, 0x00, 0x01, 0xff, 0xb0, 0x00, 0x00, 0x00, 0x00, 0x00,
    0x1f, 0xfb, 0x00, 0x00, 0x00, 0x00, 0x00, 0x01, 0xff, 0xb0, 0x00, 0x00, 0x00, 0x00, 0x00, 0x1f,
    0xfb, 0x00, 0x00, 0x00, 0x00, 0x00, 0x01, 0xff, 0xb0, 0x00, 0x00, 0x00, 0x00, 0x00, 0x1f, 0xfb,
    0x00, 0x00, 0x00, 0x00, 0x00, 0x01, 0xff, 0xb0, 0x00, 0x00, 0x00, 0x00, 0x00, 0x1f, 0xfb, 0x00,
    0x00, 0x00, 0x00, 0x00, 0x01, 0xff, 0xb0, 0x00, 0x00, 0x00, 0x00, 0x00, 0x1f, 0xfb, 0x00, 0x00,
    0x00, 0x00, 0x00, 0x01, 0xff, 0xb0, 0x00, 0x00, 0x00, 0x00, 0x00, 0x1f, 0xfb, 0x00, 0x00, 0x00,
    0x00, 0x00, 0x01, 0xff, 0xb0, 0x00, 0x00, 0x00, 0x00, 0x00, 0x1f, 0xfb, 0x00, 0x00, 0x00, 0x00,
    0x00, 0x01, 0xff, 0xb0, 0x00, 0x00, 0x00, 0x00, 0x00, 0x1f, 0xfb, 0x00, 0x00, 0x00, 0x00, 0x00,
    0x01, 0xff, 0xd7, 0x77, 0x77, 0x77, 0x77, 0x72, 0x1f, 0xff, 0xff, 0xff, 0xff, 0xff, 0xff, 0x51,
    0xff, 0xff, 0xff, 0xff, 0xff, 0xff, 0xf5, 0x00, 0x00, 0x00, 0x00, 0x00, 0x00, 0x00, 0x00, 0x00,
    0x00, 0x00, 0x00, 0x00, 0x00, 0x00, 0x00, 0x00, 0x00, 0x2d, 0xd2, 0x00, 0x00, 0x00, 0x00, 0x00,
    0x06, 0xff, 0x60, 0x00, 0x00, 0x00, 0x00, 0x00, 0x1c, 0xf2, 0x00, 0x00, 0x00, 0x00, 0x00, 0x00,
    0xcc, 0x00, 0x00, 0x00, 0x00, 0x00, 0x00, 0x1f, 0x60, 0x00, 0x00, 0x00, 0x7f, 0xf4, 0x7f, 0xf4,
    0x7f, 0xf4, 0x7f, 0xf4, 0x7f, 0xf4, 0x7f, 0xf4, 0x7f, 0xf4, 0x7f, 0xf4, 0x7f, 0xf4, 0x7f, 0xf4,
    0x7f, 0xf4, 0x7f, 0xf4, 0x7f, 0xf4, 0x7f, 0xf4, 0x7f, 0xf4, 0x7f, 0xf4, 0x7f, 0xf4, 0x7f, 0xf4,
    0x7f, 0xf4, 0x7f, 0xf4, 0x7f, 0xf4, 0x00, 0x00, 0x00, 0x00, 0x3e, 0xd1, 0x7f, 0xf4, 0x1d, 0xf1,
    0x0d, 0xb0, 0x2f, 0x50, 0x00, 0x00, 0x00, 0x00, 0x00, 0xbf, 0x70, 0x01, 0xff, 0xb0, 0x00, 0x00,
    0x0b, 0xf6, 0x00, 0x1f, 0xfb, 0x00, 0x00, 0x00, 0xbf, 0x50, 0x01, 0xff, 0xb0, 0x00, 0x00, 0x0b,
    0xf4, 0x00, 0x1f, 0xfb, 0x00, 0x00, 0x00, 0xbf, 0x30, 0x01, 0xff, 0xb0, 0x00, 0x00, 0x00, 0x00,
    0x00, 0x1f, 0xfb, 0x00, 0x00, 0x00, 0x00, 0x00, 0x01, 0xff, 0xb0, 0x00, 0x00, 0x00, 0x00, 0x00,
    0x1f, 0xfb, 0x00, 0x00, 0x00, 0x00, 0x00, 0x01, 0xff, 0xb0, 0x00, 0x00, 0x00, 0x00, 0x00, 0x1f,
    0xfb, 0x00, 0x00, 0x00, 0x00, 0x00, 0x01, 0xff, 0xb0, 0x00, 0x00, 0x00, 0x00, 0x00, 0x1f, 0xfb,
    0x00, 0x00, 0x00, 0x00, 0x00, 0x01, 0xff, 0xb0, 0x00, 0x00, 0x00, 0x00, 0x00, 0x1f, 0xfb, 0x00,
    0x00, 0x00, 0x00, 0x00, 0x01, 0xff, 0xb0, 0x00, 0x00, 0x00, 0x00, 0x00, 0x1f, 0xfb, 0x00, 0x00,
    0x00, 0x00, 0x00, 0x01, 0xff, 0xb0, 0x00, 0x00, 0x00, 0x00, 0x00, 0x1f, 0xfd, 0x77, 0x77, 0x77,
    0x77, 0x77, 0x21, 0xff, 0xff, 0xff, 0xff, 0xff, 0xff, 0xf5, 0x1f, 0xff, 0xff, 0xff, 0xff, 0xff,
    0xff, 0x50, 0x00, 0x00, 0x04, 0xfe, 0x7f, 0xf4, 0x04, 0xfd, 0x7f, 0xf4, 0x04, 0xfb, 0x7f, 0xf4,
    0x04, 0xfa, 0x7f, 0xf4, 0x04, 0xf9, 0x7f, 0xf4, 0x00, 0x00, 0x7f, 0xf4, 0x00, 0x00, 0x7f, 0xf4,
    0x00, 0x00, 0x7f, 0xf4, 0x00, 0x00, 0x7f, 0xf4, 0x00, 0x00, 0x7f, 0xf4, 0x00, 0x00, 0x7f, 0xf4,
    0x00, 0x00, 0x7f, 0xf4, 0x00, 0x00, 0x7f, 0xf4, 0x00, 0x00, 0x7f, 0xf4, 0x00, 0x00, 0x7f, 0xf4,
    0x00, 0x00, 0x7f, 0xf4, 0x00, 0x00, 0x7f, 0xf4, 0x00, 0x00, 0x7f, 0xf4, 0x00, 0x00, 0x7f, 0xf4,
    0x00, 0x00, 0x7f, 0xf4, 0x00, 0x00, 0x7f, 0xf4, 0x00, 0x00, 0x1f, 0xfb, 0x00, 0x00, 0x00, 0x00,
    0x00, 0x01, 0xff, 0xb0, 0x00, 0x00, 0x00, 0x00, 0x00, 0x1f, 0xfb, 0x00, 0x00, 0x00, 0x00, 0x00,
    0x01, 0xff, 0xb0, 0x00, 0x00, 0x00, 0x00, 0x00, 0x1f, 0xfb, 0x00, 0x00, 0x00, 0x00, 0x00, 0x01,
    0xff, 0xb0, 0x00, 0x00, 0x00, 0x00, 0x00, 0x1f, 0xfb, 0x00, 0x00, 0x00, 0x00, 0x00, 0x01, 0xff,
    0xb0, 0x00, 0x00, 0x00, 0x00, 0x00, 0x1f, 0xfb, 0x00, 0x00, 0x08, 0xeb, 0x10, 0x01, 0xff, 0xb0,
    0x00, 0x00, 0xff, 0xf4, 0x00, 0x1f, 0xfb, 0x00, 0x00, 0x08, 0xeb, 0x10, 0x01, 0xff, 0xb0, 0x00,
    0x00, 0x00, 0x00, 0x00, 0x1f, 0xfb, 0x00, 0x00, 0x00, 0x00, 0x00, 0x01, 0xff, 0xb0, 0x00, 0x00,
    0x00, 0x00, 0x00, 0x1f, 0xfb, 0x00, 0x00, 0x00, 0x00, 0x00, 0x01, 0xff, 0xb0, 0x00, 0x00, 0x00,
    0x00, 0x00, 0x1f, 0xfb, 0x00, 0x00, 0x00, 0x00, 0x00, 0x01, 0xff, 0xd7, 0x77, 0x77, 0x77, 0x77,
    0x72, 0x1f, 0xff, 0xff, 0xff, 0xff, 0xff, 0xff, 0x51, 0xff, 0xff, 0xff, 0xff, 0xff, 0xff, 0xf5,
    0x7f, 0xf4, 0x00, 0x00, 0x07, 0xff, 0x40, 0x00, 0x00, 0x7f, 0xf4, 0x00, 0x00, 0x07, 0xff, 0x40,
    0x00, 0x00, 0x7f, 0xf4, 0x00, 0x00, 0x07, 0xff, 0x40, 0x00, 0x00, 0x7f, 0xf4, 0x00, 0x00, 0x07,
    0xff, 0x40, 0x00, 0x00, 0x7f, 0xf4, 0x00, 0x00, 0x07, 0xff, 0x40, 0x00, 0x00, 0x7f, 0xf4, 0x06,
    0xec, 0x17, 0xff, 0x40, 0xcf, 0xf4, 0x7f, 0xf4, 0x06, 0xec, 0x17, 0xff, 0x40, 0x00, 0x00, 0x7f,
    0xf4, 0x00, 0x00, 0x07, 0xff, 0x40, 0x00, 0x00, 0x7f, 0xf4, 0x00, 0x00, 0x07, 0xff, 0x40, 0x00,
    0x00, 0x7f, 0xf4, 0x00, 0x00, 0x07, 0xff, 0x40, 0x00, 0x00, 0x7f, 0xf4, 0x00, 0x00, 0x00, 0x00,
    0x0d, 0xfe, 0x00, 0x00, 0x00, 0x00, 0x00, 0x00, 0x00, 0xdf, 0xe0, 0x00, 0x00, 0x00, 0x00, 0x00,
    0x00, 0x0d, 0xfe, 0x00, 0x00, 0x00, 0x00, 0x00, 0x00, 0x00, 0xdf, 0xe0, 0x00, 0x00, 0x00, 0x00,
    0x00, 0x00, 0x0d, 0xfe, 0x00, 0x22, 0x00, 0x00, 0x00, 0x00, 0x00, 0xdf, 0xe0, 0x4e, 0xc1, 0x00,
    0x00, 0x00, 0x00, 0x0d, 0xff, 0x8f, 0xfb, 0x10, 0x00, 0x00, 0x00, 0x00, 0xdf, 0xff, 0xf7, 0x00,
    0x00, 0x00, 0x00, 0x00, 0x0f, 0xff, 0xe4, 0x00, 0x00, 0x00, 0x00, 0x00, 0x07, 0xff, 0xf1, 0x00,
    0x00, 0x00, 0x00, 0x00, 0x1b, 0xff, 0xfe, 0x00, 0x00, 0x00, 0x00, 0x00, 0x07, 0xfe, 0xff, 0xe0,
    0x00, 0x00, 0x00, 0x00, 0x00, 0x08, 0x2d, 0xfe, 0x00, 0x00, 0x00, 0x00, 0x00, 0x00, 0x00, 0xdf,
    0xe0, 0x00, 0x00, 0x00, 0x00, 0x00, 0x00, 0x0d, 0xfe, 0x00, 0x00, 0x00, 0x00, 0x00, 0x00, 0x00,
    0xdf, 0xe0, 0x00, 0x00, 0x00, 0x00, 0x00, 0x00, 0x0d, 0xfe, 0x00, 0x00, 0x00, 0x00, 0x00, 0x00,
    0x00, 0xdf, 0xf7, 0x77, 0x77, 0x77, 0x77, 0x74, 0x00, 0x0d, 0xff, 0xff, 0xff, 0xff, 0xff, 0xff,
    0x90, 0x00, 0xdf, 0xff, 0xff, 0xff, 0xff, 0xff, 0xf9, 0x00, 0x04, 0xff, 0x70, 0x00, 0x00, 0x04,
    0xff, 0x70, 0x00, 0x00, 0x04, 0xff, 0x70, 0x00, 0x00, 0x04, 0xff, 0x70, 0x00, 0x00, 0x04, 0xff,
    0x70, 0x00, 0x00, 0x04, 0xff, 0x70, 0x00, 0x00, 0x04, 0xff, 0x70, 0x00, 0x00, 0x04, 0xff, 0x71,
    0x20, 0x00, 0x04, 0xff, 0xad, 0xd1, 0x00, 0x04, 0xff, 0xff, 0xc2, 0x00, 0x04, 0xff, 0xf9, 0x10,
    0x00, 0x2f, 0xff, 0xd0, 0x00, 0x05, 0xef, 0xff, 0x70, 0x00, 0x1d, 0xfd, 0xff, 0x70, 0x00, 0x04,
    0x64, 0xff, 0x70, 0x00, 0x00, 0x04, 0xff, 0x70, 0x00, 0x00, 0x04, 0xff, 0x70, 0x00, 0x00, 0x04,
    0xff, 0x70, 0x00, 0x00, 0x04, 0xff, 0x70, 0x00, 0x00, 0x04, 0xff, 0x70, 0x00, 0x00, 0x04, 0xff,
    0x70, 0x00, 0x00, 0x00, 0x00, 0x00, 0x00, 0x27, 0x87, 0x10, 0x00, 0x00, 0x00, 0x00, 0x00, 0x02,
    0xdf, 0xd3, 0x00, 0x00, 0x00, 0x00, 0x00, 0x00, 0x3e, 0xfa, 0x10, 0x00, 0x00, 0x00, 0x00, 0x00,
    0x04, 0xef, 0x70, 0x00, 0x00, 0x00, 0x00, 0x00, 0x00, 0x00, 0x00, 0x00, 0x00, 0x00, 0x00, 0x1f,
    0xf9, 0x00, 0x00, 0x00, 0x00, 0x00, 0x0f, 0xfc, 0x1f, 0xff, 0x60, 0x00, 0x00, 0x00, 0x00, 0x0f,
    0xfc, 0x1f, 0xff, 0xf3, 0x00, 0x00, 0x00, 0x00, 0x0f, 0xfc, 0x1f, 0xff, 0xfd, 0x10, 0x00, 0x00,
    0x00, 0x0f, 0xfc, 0x1f, 0xff, 0xff, 0xb0, 0x00, 0x00, 0x00, 0x0f, 0xfc, 0x1f, 0xfc, 0xdf, 0xf8,
    0x00, 0x00, 0x00, 0x0f, 0xfc, 0x1f, 0xfb, 0x3f, 0xff, 0x50, 0x00, 0x00, 0x0f, 0xfc, 0x1f, 0xfb,
    0x06, 0xff, 0xe3, 0x00, 0x00, 0x0f, 0xfc, 0x1f, 0xfb, 0x00, 0x9f, 0xfd, 0x10, 0x00, 0x0f, 0xfc,
    0x1f, 0xfb, 0x00, 0x0c, 0xff, 0xb0, 0x00, 0x0f, 0xfc, 0x1f, 0xfb, 0x00, 0x02, 0xef, 0xf8, 0x00,
    0x0f, 0xfc, 0x1f, 0xfb, 0x00, 0x00, 0x4f, 0xff, 0x40, 0x0f, 0xfc, 0x1f, 0xfb, 0x00, 0x00, 0x07,
    0xff, 0xe2, 0x0f, 0xfc, 0x1f, 0xfb, 0x00, 0x00, 0x00, 0xaf, 0xfc, 0x1f, 0xfc, 0x1f, 0xfb, 0x00,
    0x00, 0x00, 0x1c, 0xff, 0xaf, 0xfc, 0x1f, 0xfb, 0x00, 0x00, 0x00, 0x02, 0xef, 0xff, 0xfc, 0x1f,
    0xfb, 0x00, 0x00, 0x00, 0x00, 0x4f, 0xff, 0xfc, 0x1f, 0xfb, 0x00, 0x00, 0x00, 0x00, 0x07, 0xff,
    0xfc, 0x1f, 0xfb, 0x00, 0x00, 0x00, 0x00, 0x00, 0xaf, 0xfc, 0x1f, 0xfb, 0x00, 0x00, 0x00, 0x00,
    0x00, 0x1d, 0xfc, 0x00, 0x00, 0x00, 0x00, 0x07, 0x88, 0x30, 0x00, 0x00, 0x00, 0x00, 0x1b, 0xff,
    0x60, 0x00, 0x00, 0x00, 0x00, 0x1c, 0xfd, 0x30, 0x00, 0x00, 0x00, 0x00, 0x2d, 0xfa, 0x10, 0x00,
    0x00, 0x00, 0x00, 0x00, 0x00, 0x00, 0x00, 0x00, 0x00, 0x00, 0x00, 0x00, 0x00, 0x00, 0x00, 0x00,
    0x7f, 0xf2, 0x07, 0xbe, 0xfe, 0xb5, 0x00, 0x07, 0xff, 0x4d, 0xff, 0xff, 0xff, 0xfb, 0x10, 0x7f,
    0xfe, 0xfd, 0x86, 0x69, 0xff, 0xf9, 0x07, 0xff, 0xfa, 0x00, 0x00, 0x03, 0xef, 0xf2, 0x7f, 0xfd,
    0x00, 0x00, 0x00, 0x07, 0xff, 0x67, 0xff, 0x70, 0x00, 0x00, 0x00, 0x3f, 0xf8, 0x7f, 0xf4, 0x00,
    0x00, 0x00, 0x01, 0xff, 0x97, 0xff, 0x40, 0x00, 0x00, 0x00, 0x1f, 0xf9, 0x7f, 0xf4, 0x00, 0x00,
    0x00, 0x01, 0xff, 0x97, 0xff, 0x40, 0x00, 0x00, 0x00, 0x1f, 0xf9, 0x7f, 0xf4, 0x00, 0x00, 0x00,
    0x01, 0xff, 0x97, 0xff, 0x40, 0x00, 0x00, 0x00, 0x1f, 0xf9, 0x7f, 0xf4, 0x00, 0x00, 0x00, 0x01,
    0xff, 0x97, 0xff, 0x40, 0x00, 0x00, 0x00, 0x1f, 0xf9, 0x7f, 0xf4, 0x00, 0x00, 0x00, 0x01, 0xff,
    0x90, 0x1f, 0xf9, 0x00, 0x00, 0x00, 0x00, 0x00, 0x0f, 0xfc, 0x1f, 0xff, 0x60, 0x00, 0x00, 0x00,
    0x00, 0x0f, 0xfc, 0x1f, 0xff, 0xf3, 0x00, 0x00, 0x00, 0x00, 0x0f, 0xfc, 0x1f, 0xff, 0xfd, 0x10,
    0x00, 0x00, 0x00, 0x0f, 0xfc, 0x1f, 0xff, 0xff, 0xb0, 0x00, 0x00, 0x00, 0x0f, 0xfc, 0x1f, 0xfc,
    0xdf, 0xf8, 0x00, 0x00, 0x00, 0x0f, 0xfc, 0x1f, 0xfb, 0x3f, 0xff, 0x50, 0x00, 0x00, 0x0f, 0xfc,
    0x1f, 0xfb, 0x06, 0xff, 0xe3, 0x00, 0x00, 0x0f, 0xfc, 0x1f, 0xfb, 0x00, 0x9f, 0xfd, 0x10, 0x00,
    0x0f, 0xfc, 0x1f, 0xfb, 0x00, 0x0c, 0xff, 0xb0, 0x00, 0x0f, 0xfc, 0x1f, 0xfb, 0x00, 0x02, 0xef,
    0xf8, 0x00, 0x0f, 0xfc, 0x1f, 0xfb, 0x00, 0x00, 0x4f, 0xff, 0x40, 0x0f, 0xfc, 0x1f, 0xfb, 0x00,
    0x00, 0x07, 0xff, 0xe2, 0x0f, 0xfc, 0x1f, 0xfb, 0x00, 0x00, 0x00, 0xaf, 0xfc, 0x1f, 0xfc, 0x1f,
    0xfb, 0x00, 0x00, 0x00, 0x1c, 0xff, 0xaf, 0xfc, 0x1f, 0xfb, 0x00, 0x00, 0x00, 0x02, 0xef, 0xff,
    0xfc, 0x1f, 0xfb, 0x00, 0x00, 0x00, 0x00, 0x4f, 0xff, 0xfc, 0x1f, 0xfb, 0x00, 0x00, 0x00, 0x00,
    0x07, 0xff, 0xfc, 0x1f, 0xfb, 0x00, 0x00, 0x00, 0x00, 0x00, 0xaf, 0xfc, 0x1f, 0xfb, 0x00, 0x00,
    0x00, 0x00, 0x00, 0x1d, 0xfc, 0x00, 0x00, 0x00, 0x00, 0x00, 0x00, 0x00, 0x00, 0x00, 0x00, 0x00,
    0x00, 0x00, 0x00, 0x00, 0x00, 0x00, 0x00, 0x00, 0x00, 0x00, 0x00, 0xae, 0x60, 0x00, 0x00, 0x00,
    0x00, 0x00, 0x00, 0x01, 0xff, 0xb0, 0x00, 0x00, 0x00, 0x00, 0x00, 0x00, 0x00, 0x8f, 0x80, 0x00,
    0x00, 0x00, 0x00, 0x00, 0x00, 0x00, 0x7f, 0x20, 0x00, 0x00, 0x00, 0x00, 0x00, 0x00, 0x00, 0xbb,
    0x00, 0x00, 0x00, 0x00, 0x7f, 0xf2, 0x07, 0xbe, 0xfe, 0xb5, 0x00, 0x07, 0xff, 0x4d, 0xff, 0xff,
    0xff, 0xfb, 0x10, 0x7f, 0xfe, 0xfd, 0x86, 0x69, 0xff, 0xf9, 0x07, 0xff, 0xfa, 0x00, 0x00, 0x03,
    0xef, 0xf2, 0x7f, 0xfd, 0x00, 0x00, 0x00, 0x07, 0xff, 0x67, 0xff, 0x70, 0x00, 0x00, 0x00, 0x3f,
    0xf8, 0x7f, 0xf4, 0x00, 0x00, 0x00, 0x01, 0xff, 0x97, 0xff, 0x40, 0x00, 0x00, 0x00, 0x1f, 0xf9,
    0x7f, 0xf4, 0x00, 0x00, 0x00, 0x01, 0xff, 0x97, 0xff, 0x40, 0x00, 0x00, 0x00, 0x1f, 0xf9, 0x7f,
    0xf4, 0x00, 0x00, 0x00, 0x01, 0xff, 0x97, 0xff, 0x40, 0x00, 0x00, 0x00, 0x1f, 0xf9, 0x7f, 0xf4,
    0x00, 0x00, 0x00, 0x01, 0xff, 0x97, 0xff, 0x40, 0x00, 0x00, 0x00, 0x1f, 0xf9, 0x7f, 0xf4, 0x00,
    0x00, 0x00, 0x01, 0xff, 0x90, 0x00, 0x00, 0x00, 0x00, 0x00, 0x00, 0x00, 0x00, 0x00, 0x00, 0x00,
    0x00, 0x00, 0x00, 0x00, 0x00, 0x00, 0x07, 0xe9, 0x00, 0x00, 0x00, 0x00, 0x00, 0x00, 0xbf, 0xf0,
    0x00, 0x00, 0x00, 0x00, 0x00, 0x04, 0xfc, 0x00, 0x00, 0x00, 0x00, 0x00, 0x00, 0x3f, 0x60, 0x00,
    0x00, 0x00, 0x00, 0x00, 0x07, 0xe1, 0x00, 0x00, 0x00, 0x00, 0x00, 0x38, 0x71, 0x00, 0x03, 0x87,
    0x10, 0x00, 0x00, 0x00, 0x09, 0xfd, 0x20, 0x6f, 0xf5, 0x00, 0x00, 0x00, 0x00, 0x00, 0x8f, 0xea,
    0xfe, 0x40, 0x00, 0x00, 0x00, 0x00, 0x00, 0x07, 0xff, 0xe3, 0x00, 0x00, 0x00, 0x00, 0x00, 0x00,
    0x00, 0x00, 0x00, 0x00, 0x00, 0x00, 0x1f, 0xf9, 0x00, 0x00, 0x00, 0x00, 0x00, 0x0f, 0xfc, 0x1f,
    0xff, 0x60, 0x00, 0x00, 0x00, 0x00, 0x0f, 0xfc, 0x1f, 0xff, 0xf3, 0x00, 0x00, 0x00, 0x00, 0x0f,
    0xfc, 0x1f, 0xff, 0xfd, 0x10, 0x00, 0x00, 0x00, 0x0f, 0xfc, 0x1f, 0xff, 0xff, 0xb0, 0x00, 0x00,
    0x00, 0x0f, 0xfc, 0x1f, 0xfc, 0xdf, 0xf8, 0x00, 0x00, 0x00, 0x0f, 0xfc, 0x1f, 0xfb, 0x3f, 0xff,
    0x50, 0x00, 0x00, 0x0f, 0xfc, 0x1f, 0xfb, 0x06, 0xff, 0xe3, 0x00, 0x00, 0x0f, 0xfc, 0x1f, 0xfb,
    0x00, 0x9f, 0xfd, 0x10, 0x00, 0x0f, 0xfc, 0x1f, 0xfb, 0x00, 0x0c, 0xff, 0xb0, 0x00, 0x0f, 0xfc,
    0x1f, 0xfb, 0x00, 0x02, 0xef, 0xf8, 0x00, 0x0f, 0xfc, 0x1f, 0xfb, 0x00, 0x00, 0x4f, 0xff, 0x40,
    0x0f, 0xfc, 0x1f, 0xfb, 0x00, 0x00, 0x07, 0xff, 0xe2, 0x0f, 0xfc, 0x1f, 0xfb, 0x00, 0x00, 0x00,
    0xaf, 0xfc, 0x1f, 0xfc, 0x1f, 0xfb, 0x00, 0x00, 0x00, 0x1c, 0xff, 0xaf, 0xfc, 0x1f, 0xfb, 0x00,
    0x00, 0x00, 0x02, 0xef, 0xff, 0xfc, 0x1f, 0xfb, 0x00, 0x00, 0x00, 0x00, 0x4f, 0xff, 0xfc, 0x1f,
    0xfb, 0x00, 0x00, 0x00, 0x00, 0x07, 0xff, 0xfc, 0x1f, 0xfb, 0x00, 0x00, 0x00, 0x00, 0x00, 0xaf,
    0xfc, 0x1f, 0xfb, 0x00, 0x00, 0x00, 0x00, 0x00, 0x1d, 0xfc, 0x00, 0x17, 0x83, 0x00, 0x01, 0x78,
    0x30, 0x00, 0x00, 0x5f, 0xe5, 0x03, 0xdf, 0x80, 0x00, 0x00, 0x00, 0x5f, 0xfa, 0xff, 0x70, 0x00,
    0x00, 0x00, 0x00, 0x4e, 0xff, 0x60, 0x00, 0x00, 0x00, 0x00, 0x00, 0x00, 0x00, 0x00, 0x00, 0x00,
    0x00, 0x00, 0x00, 0x00, 0x00, 0x00, 0x00, 0x7f, 0xf2, 0x07, 0xbe, 0xfe, 0xb5, 0x00, 0x07, 0xff,
    0x4d, 0xff, 0xff, 0xff, 0xfb, 0x10, 0x7f, 0xfe, 0xfd, 0x86, 0x69, 0xff, 0xf9, 0x07, 0xff, 0xfa,
    0x00, 0x00, 0x03, 0xef, 0xf2, 0x7f, 0xfd, 0x00, 0x00, 0x00, 0x07, 0xff, 0x67, 0xff, 0x70, 0x00,
    0x00, 0x00, 0x3f, 0xf8, 0x7f, 0xf4, 0x00, 0x00, 0x00, 0x01, 0xff, 0x97, 0xff, 0x40, 0x00, 0x00,
    0x00, 0x1f, 0xf9, 0x7f, 0xf4, 0x00, 0x00, 0x00, 0x01, 0xff, 0x97, 0xff, 0x40, 0x00, 0x00, 0x00,
    0x1f, 0xf9, 0x7f, 0xf4, 0x00, 0x00, 0x00, 0x01, 0xff, 0x97, 0xff, 0x40, 0x00, 0x00, 0x00, 0x1f,
    0xf9, 0x7f, 0xf4, 0x00, 0x00, 0x00, 0x01, 0xff, 0x97, 0xff, 0x40, 0x00, 0x00, 0x00, 0x1f, 0xf9,
    0x7f, 0xf4, 0x00, 0x00, 0x00, 0x01, 0xff, 0x90, 0x7f, 0x60, 0x00, 0x00, 0x00, 0x00, 0x00, 0x00,
    0x00, 0x07, 0xf5, 0x00, 0x00, 0x00, 0x00, 0x00, 0x00, 0x00, 0x00, 0x7f, 0x40, 0x00, 0x00, 0x00,
    0x00, 0x00, 0x00, 0x00, 0x07, 0xf3, 0x00, 0x00, 0x00, 0x00, 0x00, 0x00, 0x00, 0x00, 0x7f, 0x20,
    0xef, 0xa0, 0x39, 0xde, 0xed, 0x82, 0x00, 0x08, 0xf1, 0x0e, 0xfa, 0x8f, 0xff, 0xff, 0xff, 0xe5,
    0x00, 0x8f, 0x00, 0xef, 0xef, 0xfb, 0x76, 0x7c, 0xff, 0xe2, 0x00, 0x00, 0x0e, 0xff, 0xe4, 0x00,
    0x00, 0x09, 0xff, 0x90, 0x00, 0x00, 0xef, 0xf6, 0x00, 0x00, 0x00, 0x0e, 0xfe, 0x00, 0x00, 0x0e,
    0xff, 0x00, 0x00, 0x00, 0x00, 0xaf, 0xf1, 0x00, 0x00, 0xef, 0xc0, 0x00, 0x00, 0x00, 0x08, 0xff,
    0x20, 0x00, 0x0e, 0xfb, 0x00, 0x00, 0x00, 0x00, 0x8f, 0xf2, 0x00, 0x00, 0xef, 0xb0, 0x00, 0x00,
    0x00, 0x08, 0xff, 0x20, 0x00, 0x0e, 0xfb, 0x00, 0x00, 0x00, 0x00, 0x8f, 0xf2, 0x00, 0x00, 0xef,
    0xb0, 0x00, 0x00, 0x00, 0x08, 0xff, 0x20, 0x00, 0x0e, 0xfb, 0x00, 0x00, 0x00, 0x00, 0x8f, 0xf2,
    0x00, 0x00, 0xef, 0xb0, 0x00, 0x00, 0x00, 0x08, 0xff, 0x20, 0x00, 0x0e, 0xfb, 0x00, 0x00, 0x00,
    0x00, 0x8f, 0xf2, 0x00, 0x00, 0xef, 0xb0, 0x00, 0x00, 0x00, 0x08, 0xff, 0x20, 0x1f, 0xf9, 0x00,
    0x00, 0x00, 0x00, 0x00, 0x0f, 0xfc, 0x1f, 0xff, 0x60, 0x00, 0x00, 0x00, 0x00, 0x0f, 0xfc, 0x1f,
    0xff, 0xf3, 0x00, 0x00, 0x00, 0x00, 0x0f, 0xfc, 0x1f, 0xff, 0xfd, 0x10, 0x00, 0x00, 0x00, 0x0f,
    0xfc, 0x1f, 0xff, 0xff, 0xb0, 0x00, 0x00, 0x00, 0x0f, 0xfc, 0x1f, 0xfc, 0xdf, 0xf8, 0x00, 0x00,
    0x00, 0x0f, 0xfc, 0x1f, 0xfb, 0x3f, 0xff, 0x50, 0x00, 0x00, 0x0f, 0xfc, 0x1f, 0xfb, 0x06, 0xff,
    0xe3, 0x00, 0x00, 0x0f, 0xfc, 0x1f, 0xfb, 0x00, 0x9f, 0xfd, 0x10, 0x00, 0x0f, 0xfc, 0x1f, 0xfb,
    0x00, 0x0c, 0xff, 0xb0, 0x00, 0x0f, 0xfc, 0x1f, 0xfb, 0x00, 0x02, 0xef, 0xf8, 0x00, 0x0f, 0xfc,
    0x1f, 0xfb, 0x00, 0x00, 0x4f, 0xff, 0x40, 0x0f, 0xfc, 0x1f, 0xfb, 0x00, 0x00, 0x07, 0xff, 0xe2,
    0x0f, 0xfc, 0x1f, 0xfb, 0x00, 0x00, 0x00, 0xaf, 0xfc, 0x1f, 0xfc, 0x1f, 0xfb, 0x00, 0x00, 0x00,
    0x1c, 0xff, 0xaf, 0xfc, 0x1f, 0xfb, 0x00, 0x00, 0x00, 0x02, 0xef, 0xff, 0xfc, 0x1f, 0xfb, 0x00,
    0x00, 0x00, 0x00, 0x4f, 0xff, 0xfc, 0x1f, 0xfb, 0x00, 0x00, 0x00, 0x00, 0x07, 0xff, 0xfc, 0x1f,
    0xfb, 0x00, 0x00, 0x00, 0x00, 0x00, 0xaf, 0xfc, 0x1f, 0xfb, 0x00, 0x00, 0x00, 0x00, 0x00, 0x1f,
    0xfb, 0x00, 0x00, 0x00, 0x00, 0x00, 0x00, 0x00, 0x3f, 0xf9, 0x00, 0x00, 0x00, 0x04, 0x70, 0x00,
    0x00, 0xaf, 0xf5, 0x00, 0x00, 0x00, 0x1e, 0xfd, 0x86, 0x7c, 0xff, 0xc0, 0x00, 0x00, 0x00, 0x09,
    0xff, 0xff, 0xff, 0xfd, 0x20, 0x00, 0x00, 0x00, 0x00, 0x39, 0xdf, 0xec, 0x81, 0x00, 0x7f, 0xf2,
    0x07, 0xbe, 0xfe, 0xb5, 0x00, 0x07, 0xff, 0x4d, 0xff, 0xff, 0xff, 0xfb, 0x10, 0x7f, 0xfe, 0xfd,
    0x86, 0x69, 0xef, 0xfa, 0x07, 0xff, 0xfa, 0x00, 0x00, 0x02, 0xef, 0xf2, 0x7f, 0xfd, 0x00, 0x00,
    0x00, 0x06, 0xff, 0x77, 0xff, 0x70, 0x00, 0x00, 0x00, 0x2f, 0xf9, 0x7f, 0xf4, 0x00, 0x00, 0x00,
    0x01, 0xff, 0x97, 0xff, 0x40, 0x00, 0x00, 0x00, 0x1f, 0xf9, 0x7f, 0xf4, 0x00, 0x00, 0x00, 0x01,
    0xff, 0x97, 0xff, 0x40, 0x00, 0x00, 0x00, 0x1f, 0xf9, 0x7f, 0xf4, 0x00, 0x00, 0x00, 0x01, 0xff,
    0x97, 0xff, 0x40, 0x00, 0x00, 0x00, 0x1f, 0xf9, 0x7f, 0xf4, 0x00, 0x00, 0x00, 0x01, 0xff, 0x97,
    0xff, 0x40, 0x00, 0x00, 0x00, 0x1f, 0xf9, 0x7f, 0xf4, 0x00, 0x00, 0x00, 0x01, 0xff, 0x90, 0x00,
    0x00, 0x00, 0x00, 0x00, 0x2f, 0xf9, 0x00, 0x00, 0x00, 0x00, 0x00, 0x06, 0xff, 0x70, 0x00, 0x00,
    0x00, 0x88, 0x68, 0xef, 0xf3, 0x00, 0x00, 0x00, 0x1f, 0xff, 0xff, 0xf8, 0x00, 0x00, 0x00, 0x01,
    0x8c, 0xee, 0xc6, 0x00, 0x00, 0x00, 0x00, 0xad, 0xdd, 0xdd, 0xdd, 0xd4, 0x00, 0x00, 0x00, 0x00,
    0x00, 0x00, 0xcf, 0xff, 0xff, 0xff, 0xf5, 0x00, 0x00, 0x00, 0x00, 0x00, 0x00, 0x00, 0x00, 0x00,
    0x00, 0x00, 0x00, 0x00, 0x00, 0x00, 0x00, 0x00, 0x00, 0x00, 0x00, 0x00, 0x00, 0x00, 0x00, 0x00,
    0x00, 0x00, 0x00, 0x38, 0xce, 0xfe, 0xda, 0x61, 0x00, 0x00, 0x00, 0x00, 0x00, 0x2b, 0xff, 0xff,
    0xff, 0xff, 0xfe, 0x70, 0x00, 0x00, 0x00, 0x05, 0xef, 0xff, 0xb8, 0x67, 0x9d, 0xff, 0xfb, 0x10,
    0x00, 0x00, 0x4f, 0xff, 0xa2, 0x00, 0x00, 0x00, 0x5e, 0xff, 0xc1, 0x00, 0x01, 0xef, 0xf6, 0x00,
    0x00, 0x00, 0x00, 0x01, 0xcf, 0xf9, 0x00, 0x09, 0xff, 0x90, 0x00, 0x00, 0x00, 0x00, 0x00, 0x2e,
    0xff, 0x20, 0x1f, 0xfe, 0x00, 0x00, 0x00, 0x00, 0x00, 0x00, 0x07, 0xff, 0x80, 0x5f, 0xf8, 0x00,
    0x00, 0x00, 0x00, 0x00, 0x00, 0x01, 0xff, 0xd0, 0x8f, 0xf5, 0x00, 0x00, 0x00, 0x00, 0x00, 0x00,
    0x00, 0xcf, 0xf1, 0x9f, 0xf3, 0x00, 0x00, 0x00, 0x00, 0x00, 0x00, 0x00, 0xaf, 0xf2, 0x9f, 0xf3,
    0x00, 0x00, 0x00, 0x00, 0x00, 0x00, 0x00, 0xaf, 0xf2, 0x8f, 0xf5, 0x00, 0x00, 0x00, 0x00, 0x00,
    0x00, 0x00, 0xcf, 0xf1, 0x5f, 0xf8, 0x00, 0x00, 0x00, 0x00, 0x00, 0x00, 0x01, 0xff, 0xd0, 0x1f,
    0xfe, 0x00, 0x00, 0x00, 0x00, 0x00, 0x00, 0x07, 0xff, 0x80, 0x09, 0xff, 0x90, 0x00, 0x00, 0x00,
    0x00, 0x00, 0x2e, 0xff, 0x20, 0x02, 0xef, 0xf6, 0x00, 0x00, 0x00, 0x00, 0x01, 0xcf, 0xf9, 0x00,
    0x00, 0x4f, 0xff, 0x92, 0x00, 0x00, 0x00, 0x5e, 0xff, 0xc1, 0x00, 0x00, 0x05, 0xef, 0xff, 0xb8,
    0x67, 0x9d, 0xff, 0xfb, 0x10, 0x00, 0x00, 0x00, 0x2b, 0xff, 0xff, 0xff, 0xff, 0xfe, 0x70, 0x00,
    0x00, 0x00, 0x00, 0x00, 0x38, 0xce, 0xfe, 0xda, 0x61, 0x00, 0x00, 0x00, 0x00, 0x09, 0xdd, 0xdd,
    0xdd, 0xdd, 0x60, 0x00, 0x00, 0x0a, 0xff, 0xff, 0xff, 0xff, 0x70, 0x00, 0x00, 0x00, 0x00, 0x00,
    0x00, 0x00, 0x00, 0x00, 0x00, 0x00, 0x00, 0x00, 0x00, 0x00, 0x00, 0x00, 0x00, 0x00, 0x00, 0x00,
    0x00, 0x00, 0x00, 0x00, 0x00, 0x00, 0x4a, 0xde, 0xec, 0x93, 0x00, 0x00, 0x00, 0x1b, 0xff, 0xff,
    0xff, 0xff, 0x90, 0x00, 0x01, 0xdf, 0xfe, 0x86, 0x69, 0xef, 0xfb, 0x00, 0x0b, 0xff, 0xa1, 0x00,
    0x00, 0x2c, 0xff, 0x70, 0x3f, 0xfb, 0x00, 0x00, 0x00, 0x01, 0xef, 0xe1, 0x8f, 0xf4, 0x00, 0x00,
    0x00, 0x00, 0x7f, 0xf5, 0xbf, 0xf0, 0x00, 0x00, 0x00, 0x00, 0x3f, 0xf7, 0xcf, 0xe0, 0x00, 0x00,
    0x00, 0x00, 0x2f, 0xf9, 0xbf, 0xf0, 0x00, 0x00, 0x00, 0x00, 0x3f, 0xf7, 0x8f, 0xf4, 0x00, 0x00,
    0x00, 0x00, 0x8f, 0xf5, 0x3f, 0xfc, 0x00, 0x00, 0x00, 0x01, 0xef, 0xe0, 0x0b, 0xff, 0xa1, 0x00,
    0x00, 0x2c, 0xff, 0x70, 0x01, 0xdf, 0xfe, 0x86, 0x69, 0xef, 0xfb, 0x00, 0x00, 0x1b, 0xff, 0xff,
    0xff, 0xff, 0x80, 0x00, 0x00, 0x00, 0x4a, 0xde, 0xec, 0x83, 0x00, 0x00, 0x00, 0x00, 0x00, 0xaf,
    0x30, 0x00, 0x09, 0xf4, 0x00, 0x00, 0x00, 0x00, 0x00, 0x00, 0x6f, 0xc2, 0x00, 0x5f, 0xe1, 0x00,
    0x00, 0x00, 0x00, 0x00, 0x00, 0x0c, 0xff, 0xde, 0xff, 0x60, 0x00, 0x00, 0x00, 0x00, 0x00, 0x00,
    0x00, 0x7d, 0xfe, 0xb4, 0x00, 0x00, 0x00, 0x00, 0x00, 0x00, 0x00, 0x00, 0x00, 0x00, 0x00, 0x00,
    0x00, 0x00, 0x00, 0x00, 0x00, 0x00, 0x38, 0xce, 0xfe, 0xda, 0x61, 0x00, 0x00, 0x00, 0x00, 0x00,
    0x2b, 0xff, 0xff, 0xff, 0xff, 0xfe, 0x70, 0x00, 0x00, 0x00, 0x05, 0xef, 0xff, 0xb8, 0x67, 0x9d,
    0xff, 0xfb, 0x10, 0x00, 0x00, 0x4f, 0xff, 0xa2, 0x00, 0x00, 0x00, 0x5e, 0xff, 0xc1, 0x00, 0x01,
    0xef, 0xf6, 0x00, 0x00, 0x00, 0x00, 0x01, 0xcf, 0xf9, 0x00, 0x09, 0xff, 0x90, 0x00, 0x00, 0x00,
    0x00, 0x00, 0x2e, 0xff, 0x20, 0x1f, 0xfe, 0x00, 0x00, 0x00, 0x00, 0x00, 0x00, 0x07, 0xff, 0x80,
    0x5f, 0xf8, 0x00, 0x00, 0x00, 0x00, 0x00, 0x00, 0x01, 0xff, 0xd0, 0x8f, 0xf5, 0x00, 0x00, 0x00,
    0x00, 0x00, 0x00, 0x00, 0xcf, 0xf1, 0x9f, 0xf3, 0x00, 0x00, 0x00, 0x00, 0x00, 0x00, 0x00, 0xaf,
    0xf2, 0x9f, 0xf3, 0x00, 0x00, 0x00, 0x00, 0x00, 0x00, 0x00, 0xaf, 0xf2, 0x8f, 0xf5, 0x00, 0x00,
    0x00, 0x00, 0x00, 0x00, 0x00, 0xcf, 0xf1, 0x5f, 0xf8, 0x00, 0x00, 0x00, 0x00, 0x00, 0x00, 0x01,
    0xff, 0xd0, 0x1f, 0xfe, 0x00, 0x00, 0x00, 0x00, 0x00, 0x00, 0x07, 0xff, 0x80, 0x09, 0xff, 0x90,
    0x00, 0x00, 0x00, 0x00, 0x00, 0x2e, 0xff, 0x20, 0x02, 0xef, 0xf6, 0x00, 0x00, 0x00, 0x00, 0x01,
    0xcf, 0xf9, 0x00, 0x00, 0x4f, 0xff, 0x92, 0x00, 0x00, 0x00, 0x5e, 0xff, 0xc1, 0x00, 0x00, 0x05,
    0xef, 0xff, 0xb8, 0x67, 0x9d, 0xff, 0xfb, 0x10, 0x00, 0x00, 0x00, 0x2b, 0xff, 0xff, 0xff, 0xff,
    0xfe, 0x70, 0x00, 0x00, 0x00, 0x00, 0x00, 0x38, 0xce, 0xfe, 0xda, 0x61, 0x00, 0x00, 0x00, 0x00,
    0x09, 0xf4, 0x00, 0x00, 0x8f, 0x50, 0x00, 0x00, 0x05, 0xfd, 0x20, 0x04, 0xef, 0x20, 0x00, 0x00,
    0x00, 0xbf, 0xfd, 0xef, 0xf7, 0x00, 0x00, 0x00, 0x00, 0x07, 0xcf, 0xeb, 0x50, 0x00, 0x00, 0x00,
    0x00, 0x00, 0x00, 0x00, 0x00, 0x00, 0x00, 0x00, 0x00, 0x00, 0x00, 0x00, 0x00, 0x00, 0x00, 0x00,
    0x00, 0x4a, 0xde, 0xec, 0x93, 0x00, 0x00, 0x00, 0x1b, 0xff, 0xff, 0xff, 0xff, 0x90, 0x00, 0x01,
    0xdf, 0xfe, 0x86, 0x69, 0xef, 0xfb, 0x00, 0x0b, 0xff, 0xa1, 0x00, 0x00, 0x2c, 0xff, 0x70, 0x3f,
    0xfb, 0x00, 0x00, 0x00, 0x01, 0xef, 0xe1, 0x8f, 0xf4, 0x00, 0x00, 0x00, 0x00, 0x7f, 0xf5, 0xbf,
    0xf0, 0x00, 0x00, 0x00, 0x00, 0x3f, 0xf7, 0xcf, 0xe0, 0x00, 0x00, 0x00, 0x00, 0x2f, 0xf9, 0xbf,
    0xf0, 0x00, 0x00, 0x00, 0x00, 0x3f, 0xf7, 0x8f, 0xf4, 0x00, 0x00, 0x00, 0x00, 0x8f, 0xf5, 0x3f,
    0xfc, 0x00, 0x00, 0x00, 0x01, 0xef, 0xe0, 0x0b, 0xff, 0xa1, 0x00, 0x00, 0x2c, 0xff, 0x70, 0x01,
    0xdf, 0xfe, 0x86, 0x69, 0xef, 0xfb, 0x00, 0x00, 0x1b, 0xff, 0xff, 0xff, 0xff, 0x80, 0x00, 0x00,
    0x00, 0x4a, 0xde, 0xec, 0x83, 0x00, 0x00, 0x00, 0x00, 0x00, 0x00, 0x09, 0xff, 0x30, 0xbf, 0xe2,
    0x00, 0x00, 0x00, 0x00, 0x00, 0x00, 0x3f, 0xf6, 0x05, 0xff, 0x40, 0x00, 0x00, 0x00, 0x00, 0x00,
    0x00, 0xdf, 0xa0, 0x1e, 0xf8, 0x00, 0x00, 0x00, 0x00, 0x00, 0x00, 0x07, 0xfc, 0x10, 0x9f, 0xb0,
    0x00, 0x00, 0x00, 0x00, 0x00, 0x00, 0x00, 0x00, 0x00, 0x00, 0x00, 0x00, 0x00, 0x00, 0x00, 0x00,
    0x00, 0x38, 0xce, 0xfe, 0xda, 0x61, 0x00, 0x00, 0x00, 0x00, 0x00, 0x2b, 0xff, 0xff, 0xff, 0xff,
    0xfe, 0x70, 0x00, 0x00, 0x00, 0x05, 0xef, 0xff, 0xb8, 0x67, 0x9d, 0xff, 0xfb, 0x10, 0x00, 0x00,
    0x4f, 0xff, 0xa2, 0x00, 0x00, 0x00, 0x5e, 0xff, 0xc1, 0x00, 0x01, 0xef, 0xf6, 0x00, 0x00, 0x00,
    0x00, 0x01, 0xcf, 0xf9, 0x00, 0x09, 0xff, 0x90, 0x00, 0x00, 0x00, 0x00, 0x00, 0x2e, 0xff, 0x20,
    0x1f, 0xfe, 0x00, 0x00, 0x00, 0x00, 0x00, 0x00, 0x07, 0xff, 0x80, 0x5f, 0xf8, 0x00, 0x00, 0x00,
    0x00, 0x00, 0x00, 0x01, 0xff, 0xd0, 0x8f, 0xf5, 0x00, 0x00, 0x00, 0x00, 0x00, 0x00, 0x00, 0xcf,
    0xf1, 0x9f, 0xf3, 0x00, 0x00, 0x00, 0x00, 0x00, 0x00, 0x00, 0xaf, 0xf2, 0x9f, 0xf3, 0x00, 0x00,
    0x00, 0x00, 0x00, 0x00, 0x00, 0xaf, 0xf2, 0x8f, 0xf5, 0x00, 0x00, 0x00, 0x00, 0x00, 0x00, 0x00,
    0xcf, 0xf1, 0x5f, 0xf8, 0x00, 0x00, 0x00, 0x00, 0x00, 0x00, 0x01, 0xff, 0xd0, 0x1f, 0xfe, 0x00,
    0x00, 0x00, 0x00, 0x00, 0x00, 0x07, 0xff, 0x80, 0x09, 0xff, 0x90, 0x00, 0x00, 0x00, 0x00, 0x00,
    0x2e, 0xff, 0x20, 0x02, 0xef, 0xf6, 0x00, 0x00, 0x00, 0x00, 0x01, 0xcf, 0xf9, 0x00, 0x00, 0x4f,
    0xff, 0x92, 0x00, 0x00, 0x00, 0x5e, 0xff, 0xc1, 0x00, 0x00, 0x05, 0xef, 0xff, 0xb8, 0x67, 0x9d,
    0xff, 0xfb, 0x10, 0x00, 0x00, 0x00, 0x2b, 0xff, 0xff, 0xff, 0xff, 0xfe, 0x70, 0x00, 0x00, 0x00,
    0x00, 0x00, 0x38, 0xce, 0xfe, 0xda, 0x61, 0x00, 0x00, 0x00, 0x00, 0x00, 0x00, 0x8f, 0xf4, 0x09,
    0xfe, 0x30, 0x00, 0x00, 0x02, 0xff, 0x80, 0x4f, 0xf6, 0x00, 0x00, 0x00, 0x0b, 0xfb, 0x00, 0xdf,
    0x90, 0x00, 0x00, 0x00, 0x6f, 0xd1, 0x07, 0xfc, 0x00, 0x00, 0x00, 0x00, 0x00, 0x00, 0x00, 0x00,
    0x00, 0x00, 0x00, 0x00, 0x00, 0x00, 0x00, 0x00, 0x00, 0x00, 0x00, 0x00, 0x4a, 0xde, 0xec, 0x93,
    0x00, 0x00, 0x00, 0x1b, 0xff, 0xff, 0xff, 0xff, 0x90, 0x00, 0x01, 0xdf, 0xfe, 0x86, 0x69, 0xef,
    0xfb, 0x00, 0x0b, 0xff, 0xa1, 0x00, 0x00, 0x2c, 0xff, 0x70, 0x3f, 0xfb, 0x00, 0x00, 0x00, 0x01,
    0xef, 0xe1, 0x8f, 0xf4, 0x00, 0x00, 0x00, 0x00, 0x7f, 0xf5, 0xbf, 0xf0, 0x00, 0x00, 0x00, 0x00,
    0x3f, 0xf7, 0xcf, 0xe0, 0x00, 0x00, 0x00, 0x00, 0x2f, 0xf9, 0xbf, 0xf0, 0x00, 0x00, 0x00, 0x00,
    0x3f, 0xf7, 0x8f, 0xf4, 0x00, 0x00, 0x00, 0x00, 0x8f, 0xf5, 0x3f, 0xfc, 0x00, 0x00, 0x00, 0x01,
    0xef, 0xe0, 0x0b, 0xff, 0xa1, 0x00, 0x00, 0x2c, 0xff, 0x70, 0x01, 0xdf, 0xfe, 0x86, 0x69, 0xef,
    0xfb, 0x00, 0x00, 0x1b, 0xff, 0xff, 0xff, 0xff, 0x80, 0x00, 0x00, 0x00, 0x4a, 0xde, 0xec, 0x83,
    0x00, 0x00, 0x00, 0x00, 0x00, 0x38, 0xce, 0xff, 0xff, 0xff, 0xff, 0xff, 0xff, 0xff, 0xff, 0xff,
    0x80, 0x00, 0x03, 0xbf, 0xff, 0xff, 0xff, 0xff, 0xff, 0xff, 0xff, 0xff, 0xff, 0xff, 0xf8, 0x00,
    0x06, 0xff, 0xff, 0xb8, 0x65, 0x55, 0x8f, 0xfa, 0x55, 0x55, 0x55, 0x55, 0x55, 0x30, 0x06, 0xff,
    0xf9, 0x20, 0x00, 0x00, 0x04, 0xff, 0x70, 0x00, 0x00, 0x00, 0x00, 0x00, 0x02, 0xff, 0xf6, 0x00,
    0x00, 0x00, 0x00, 0x4f, 0xf7, 0x00, 0x00, 0x00, 0x00, 0x00, 0x00, 0xaf, 0xf8, 0x00, 0x00, 0x00,
    0x00, 0x04, 0xff, 0x70, 0x00, 0x00, 0x00, 0x00, 0x00, 0x1f, 0xfe, 0x00, 0x00, 0x00, 0x00, 0x00,
    0x4f, 0xf7, 0x00, 0x00, 0x00, 0x00, 0x00, 0x06, 0xff, 0x80, 0x00, 0x00, 0x00, 0x00, 0x04, 0xff,
    0x70, 0x00, 0x00, 0x00, 0x00, 0x00, 0x8f, 0xf5, 0x00, 0x00, 0x00, 0x00, 0x00, 0x4f, 0xf7, 0x00,
    0x00, 0x00, 0x00, 0x00, 0x09, 0xff, 0x30, 0x00, 0x00, 0x00, 0x00, 0x04, 0xff, 0xff, 0xff, 0xff,
    0xff, 0xff, 0x50, 0x9f, 0xf3, 0x00, 0x00, 0x00, 0x00, 0x00, 0x4f, 0xff, 0xff, 0xff, 0xff, 0xff,
    0xf5, 0x08, 0xff, 0x50, 0x00, 0x00, 0x00, 0x00, 0x04, 0xff, 0xa5, 0x55, 0x55, 0x55, 0x55, 0x20,
    0x6f, 0xf8, 0x00, 0x00, 0x00, 0x00, 0x00, 0x4f, 0xf7, 0x00, 0x00, 0x00, 0x00, 0x00, 0x01, 0xff,
    0xe0, 0x00, 0x00, 0x00, 0x00, 0x04, 0xff, 0x70, 0x00, 0x00, 0x00, 0x00, 0x00, 0x0a, 0xff, 0x80,
    0x00, 0x00, 0x00, 0x00, 0x4f, 0xf7, 0x00, 0x00, 0x00, 0x00, 0x00, 0x00, 0x2f, 0xff, 0x50, 0x00,
    0x00, 0x00, 0x04, 0xff, 0x70, 0x00, 0x00, 0x00, 0x00, 0x00, 0x00, 0x6f, 0xff, 0x91, 0x00, 0x00,
    0x00, 0x4f, 0xf7, 0x00, 0x00, 0x00, 0x00, 0x00, 0x00, 0x00, 0x6f, 0xff, 0xfb, 0x86, 0x55, 0x58,
    0xff, 0xa5, 0x55, 0x55, 0x55, 0x55, 0x55, 0x00, 0x00, 0x3c, 0xff, 0xff, 0xff, 0xff, 0xff, 0xff,
    0xff, 0xff, 0xff, 0xff, 0xff, 0xe0, 0x00, 0x00, 0x03, 0x8c, 0xef, 0xff, 0xff, 0xff, 0xff, 0xff,
    0xff, 0xff, 0xff, 0xfe, 0x00, 0x00, 0x4a, 0xde, 0xec, 0x83, 0x00, 0x00, 0x16, 0xce, 0xfd, 0xa4,
    0x00, 0x00, 0x00, 0x1b, 0xff, 0xff, 0xff, 0xff, 0x80, 0x04, 0xdf, 0xff, 0xff, 0xff, 0xb1, 0x00,
    0x01, 0xdf, 0xfe, 0x86, 0x69, 0xef, 0xf9, 0x3f, 0xff, 0xa7, 0x67, 0xcf, 0xfd, 0x10, 0x0b, 0xff,
    0xa1, 0x00, 0x00, 0x2c, 0xff, 0xef, 0xd2, 0x00, 0x00, 0x05, 0xff, 0x90, 0x3f, 0xfb, 0x00, 0x00,
    0x00, 0x01, 0xef, 0xff, 0x20, 0x00, 0x00, 0x00, 0x6f, 0xf1, 0x8f, 0xf4, 0x00, 0x00, 0x00, 0x00,
    0x7f, 0xfb, 0x00, 0x00, 0x00, 0x00, 0x0f, 0xf6, 0xbf, 0xf0, 0x00, 0x00, 0x00, 0x00, 0x3f, 0xff,
    0xff, 0xff, 0xff, 0xff, 0xff, 0xf8, 0xcf, 0xe0, 0x00, 0x00, 0x00, 0x00, 0x2f, 0xff, 0xff, 0xff,
    0xff, 0xff, 0xff, 0xfa, 0xbf, 0xf0, 0x00, 0x00, 0x00, 0x00, 0x3f, 0xfc, 0x55, 0x55, 0x55, 0x55,
    0x55, 0x54, 0x8f, 0xf4, 0x00, 0x00, 0x00, 0x00, 0x8f, 0xfd, 0x00, 0x00, 0x00, 0x00, 0x00, 0x00,
    0x3f, 0xfc, 0x00, 0x00, 0x00, 0x01, 0xef, 0xff, 0x70, 0x00, 0x00, 0x00, 0x00, 0x00, 0x0b, 0xff,
    0xa1, 0x00, 0x00, 0x2c, 0xff, 0xef, 0xf6, 0x00, 0x00, 0x00, 0x7b, 0x00, 0x01, 0xdf, 0xfe, 0x86,
    0x69, 0xef, 0xf9, 0x2e, 0xff, 0xd8, 0x66, 0x8d, 0xff, 0x70, 0x00, 0x1b, 0xff, 0xff, 0xff, 0xff,
    0x80, 0x03, 0xcf, 0xff, 0xff, 0xff, 0xfa, 0x10, 0x00, 0x00, 0x4a, 0xde, 0xec, 0x82, 0x00, 0x00,
    0x05, 0xad, 0xee, 0xd9, 0x30, 0x00, 0x00, 0x00, 0x00, 0x00, 0x01, 0x78, 0x71, 0x00, 0x00, 0x00,
    0x00, 0x00, 0x00, 0x2d, 0xfe, 0x40, 0x00, 0x00, 0x00, 0x00, 0x00, 0x03, 0xef, 0xb1, 0x00, 0x00,
    0x00, 0x00, 0x00, 0x00, 0x4e, 0xf7, 0x00, 0x00, 0x00, 0x00, 0x00, 0x00, 0x00, 0x00, 0x00, 0x00,
    0x00, 0x00, 0x00, 0x1f, 0xff, 0xff, 0xff, 0xfe, 0xda, 0x50, 0x00, 0x00, 0x1f, 0xff, 0xff, 0xff,
    0xff, 0xff, 0xfc, 0x30, 0x00, 0x1f, 0xfc, 0x55, 0x55, 0x66, 0x9e, 0xff, 0xe3, 0x00, 0x1f, 0xfb,
    0x00, 0x00, 0x00, 0x00, 0x9f, 0xfd, 0x00, 0x1f, 0xfb, 0x00, 0x00, 0x00, 0x00, 0x0a, 0xff, 0x50,
    0x1f, 0xfb, 0x00, 0x00, 0x00, 0x00, 0x04, 0xff, 0x90, 0x1f, 0xfb, 0x00, 0x00, 0x00, 0x00, 0x01,
    0xff, 0xb0, 0x1f, 0xfb, 0x00, 0x00, 0x00, 0x00, 0x01, 0xff, 0xb0, 0x1f, 0xfb, 0x00, 0x00, 0x00,
    0x00, 0x04, 0xff, 0x90, 0x1f, 0xfb, 0x00, 0x00, 0x00, 0x00, 0x0b, 0xff, 0x60, 0x1f, 0xfb, 0x00,
    0x00, 0x00, 0x00, 0x9f, 0xfd, 0x10, 0x1f, 0xfc, 0x55, 0x55, 0x56, 0x9e, 0xff, 0xe3, 0x00, 0x1f,
    0xff, 0xff, 0xff, 0xff, 0xff, 0xfd, 0x30, 0x00, 0x1f, 0xff, 0xff, 0xff, 0xff, 0xff, 0xb0, 0x00,
    0x00, 0x1f, 0xfb, 0x00, 0x00, 0x00, 0xcf, 0xf4, 0x00, 0x00, 0x1f, 0xfb, 0x00, 0x00, 0x00, 0x2e,
    0xfd, 0x10, 0x00, 0x1f, 0xfb, 0x00, 0x00, 0x00, 0x06, 0xff, 0x90, 0x00, 0x1f, 0xfb, 0x00, 0x00,
    0x00, 0x00, 0xbf, 0xf5, 0x00, 0x1f, 0xfb, 0x00, 0x00, 0x00, 0x00, 0x1e, 0xfe, 0x20, 0x1f, 0xfb,
    0x00, 0x00, 0x00, 0x00, 0x05, 0xff, 0xb0, 0x00, 0x00, 0x01, 0x78, 0x83, 0x00, 0x00, 0x1b, 0xfe,
    0x60, 0x00, 0x01, 0xcf, 0xc2, 0x00, 0x00, 0x2d, 0xf9, 0x10, 0x00, 0x00, 0x00, 0x00, 0x00, 0x00,
    0x00, 0x00, 0x00, 0x00, 0x00, 0x7f, 0xf2, 0x17, 0xbe, 0x80, 0x7f, 0xf4, 0xdf, 0xff, 0x80, 0x7f,
    0xfe, 0xfd, 0x86, 0x30, 0x7f, 0xff, 0xa1, 0x00, 0x00, 0x7f, 0xfd, 0x10, 0x00, 0x00, 0x7f, 0xf8,
    0x00, 0x00, 0x00, 0x7f, 0xf5, 0x00, 0x00, 0x00, 0x7f, 0xf4, 0x00, 0x00, 0x00, 0x7f, 0xf4, 0x00,
    0x00, 0x00, 0x7f, 0xf4, 0x00, 0x00, 0x00, 0x7f, 0xf4, 0x00, 0x00, 0x00, 0x7f, 0xf4, 0x00, 0x00,
    0x00, 0x7f, 0xf4, 0x00, 0x00, 0x00, 0x7f, 0xf4, 0x00, 0x00, 0x00, 0x7f, 0xf4, 0x00, 0x00, 0x00,
    0x1f, 0xff, 0xff, 0xff, 0xfe, 0xda, 0x50, 0x00, 0x00, 0x1f, 0xff, 0xff, 0xff, 0xff, 0xff, 0xfc,
    0x30, 0x00, 0x1f, 0xfc, 0x55, 0x55, 0x66, 0x9e, 0xff, 0xe3, 0x00, 0x1f, 0xfb, 0x00, 0x00, 0x00,
    0x00, 0x9f, 0xfd, 0x00, 0x1f, 0xfb, 0x00, 0x00, 0x00, 0x00, 0x0a, 0xff, 0x50, 0x1f, 0xfb, 0x00,
    0x00, 0x00, 0x00, 0x04, 0xff, 0x90, 0x1f, 0xfb, 0x00, 0x00, 0x00, 0x00, 0x01, 0xff, 0xb0, 0x1f,
    0xfb, 0x00, 0x00, 0x00, 0x00, 0x01, 0xff, 0xb0, 0x1f, 0xfb, 0x00, 0x00, 0x00, 0x00, 0x04, 0xff,
    0x90, 0x1f, 0xfb, 0x00, 0x00, 0x00, 0x00, 0x0b, 0xff, 0x60, 0x1f, 0xfb, 0x00, 0x00, 0x00, 0x00,
    0x9f, 0xfd, 0x10, 0x1f, 0xfc, 0x55, 0x55, 0x56, 0x9e, 0xff, 0xe3, 0x00, 0x1f, 0xff, 0xff, 0xff,
    0xff, 0xff, 0xfd, 0x30, 0x00, 0x1f, 0xff, 0xff, 0xff, 0xff, 0xff, 0xb0, 0x00, 0x00, 0x1f, 0xfb,
    0x00, 0x00, 0x00, 0xcf, 0xf4, 0x00, 0x00, 0x1f, 0xfb, 0x00, 0x00, 0x00, 0x2e, 0xfd, 0x10, 0x00,
    0x1f, 0xfb, 0x00, 0x00, 0x00, 0x06, 0xff, 0x90, 0x00, 0x1f, 0xfb, 0x00, 0x00, 0x00, 0x00, 0xbf,
    0xf5, 0x00, 0x1f, 0xfb, 0x00, 0x00, 0x00, 0x00, 0x1e, 0xfe, 0x20, 0x1f, 0xfb, 0x00, 0x00, 0x00,
    0x00, 0x05, 0xff, 0xb0, 0x00, 0x00, 0x00, 0x00, 0x00, 0x00, 0x00, 0x00, 0x00, 0x00, 0x00, 0x00,
    0x00, 0x00, 0x00, 0x00, 0x00, 0x00, 0x00, 0x00, 0x00, 0x0a, 0xe6, 0x00, 0x00, 0x00, 0x00, 0x00,
    0x00, 0x00, 0x0f, 0xfc, 0x00, 0x00, 0x00, 0x00, 0x00, 0x00, 0x00, 0x07, 0xf9, 0x00, 0x00, 0x00,
    0x00, 0x00, 0x00, 0x00, 0x06, 0xf3, 0x00, 0x00, 0x00, 0x00, 0x00, 0x00, 0x00, 0x0a, 0xc0, 0x00,
    0x00, 0x00, 0x00, 0x7f, 0xf2, 0x17, 0xbe, 0x87, 0xff, 0x4d, 0xff, 0xf8, 0x7f, 0xfe, 0xfd, 0x86,
    0x37, 0xff, 0xfa, 0x10, 0x00, 0x7f, 0xfd, 0x10, 0x00, 0x07, 0xff, 0x80, 0x00, 0x00, 0x7f, 0xf5,
    0x00, 0x00, 0x07, 0xff, 0x40, 0x00, 0x00, 0x7f, 0xf4, 0x00, 0x00, 0x07, 0xff, 0x40, 0x00, 0x00,
    0x7f, 0xf4, 0x00, 0x00, 0x07, 0xff, 0x40, 0x00, 0x00, 0x7f, 0xf4, 0x00, 0x00, 0x07, 0xff, 0x40,
    0x00, 0x00, 0x7f, 0xf4, 0x00, 0x00, 0x00, 0x00, 0x00, 0x00, 0x00, 0x00, 0x00, 0x00, 0x00, 0x03,
    0xed, 0x10, 0x00, 0x00, 0x7f, 0xf4, 0x00, 0x00, 0x01, 0xdf, 0x10, 0x00, 0x00, 0x0d, 0xb0, 0x00,
    0x00, 0x02, 0xf5, 0x00, 0x00, 0x00, 0x00, 0x03, 0x87, 0x10, 0x00, 0x38, 0x71, 0x00, 0x00, 0x00,
    0x00, 0x8f, 0xd3, 0x05, 0xef, 0x50, 0x00, 0x00, 0x00, 0x00, 0x08, 0xfe, 0xaf, 0xf4, 0x00, 0x00,
    0x00, 0x00, 0x00, 0x00, 0x7f, 0xfe, 0x40, 0x00, 0x00, 0x00, 0x00, 0x00, 0x00, 0x00, 0x00, 0x00,
    0x00, 0x00, 0x00, 0x1f, 0xff, 0xff, 0xff, 0xfe, 0xda, 0x50, 0x00, 0x00, 0x1f, 0xff, 0xff, 0xff,
    0xff, 0xff, 0xfc, 0x30, 0x00, 0x1f, 0xfc, 0x55, 0x55, 0x66, 0x9e, 0xff, 0xe3, 0x00, 0x1f, 0xfb,
    0x00, 0x00, 0x00, 0x00, 0x9f, 0xfd, 0x00, 0x1f, 0xfb, 0x00, 0x00, 0x00, 0x00, 0x0a, 0xff, 0x50,
    0x1f, 0xfb, 0x00, 0x00, 0x00, 0x00, 0x04, 0xff, 0x90, 0x1f, 0xfb, 0x00, 0x00, 0x00, 0x00, 0x01,
    0xff, 0xb0, 0x1f, 0xfb, 0x00, 0x00, 0x00, 0x00, 0x01, 0xff, 0xb0, 0x1f, 0xfb, 0x00, 0x00, 0x00,
    0x00, 0x04, 0xff, 0x90, 0x1f, 0xfb, 0x00, 0x00, 0x00, 0x00, 0x0b, 0xff, 0x60, 0x1f, 0xfb, 0x00,
    0x00, 0x00, 0x00, 0x9f, 0xfd, 0x10, 0x1f, 0xfc, 0x55, 0x55, 0x56, 0x9e, 0xff, 0xe3, 0x00, 0x1f,
    0xff, 0xff, 0xff, 0xff, 0xff, 0xfd, 0x30, 0x00, 0x1f, 0xff, 0xff, 0xff, 0xff, 0xff, 0xb0, 0x00,
    0x00, 0x1f, 0xfb, 0x00, 0x00, 0x00, 0xcf, 0xf4, 0x00, 0x00, 0x1f, 0xfb, 0x00, 0x00, 0x00, 0x2e,
    0xfd, 0x10, 0x00, 0x1f, 0xfb, 0x00, 0x00, 0x00, 0x06, 0xff, 0x90, 0x00, 0x1f, 0xfb, 0x00, 0x00,
    0x00, 0x00, 0xbf, 0xf5, 0x00, 0x1f, 0xfb, 0x00, 0x00, 0x00, 0x00, 0x1e, 0xfe, 0x20, 0x1f, 0xfb,
    0x00, 0x00, 0x00, 0x00, 0x05, 0xff, 0xb0, 0x17, 0x72, 0x00, 0x01, 0x78, 0x20, 0x6f, 0xe4, 0x03,
    0xef, 0x80, 0x00, 0x5f, 0xfa, 0xff, 0x70, 0x00, 0x00, 0x5f, 0xff, 0x60, 0x00, 0x00, 0x00, 0x00,
    0x00, 0x00, 0x00, 0x00, 0x00, 0x00, 0x00, 0x00, 0x07, 0xff, 0x21, 0x7b, 0xe8, 0x00, 0x7f, 0xf4,
    0xdf, 0xff, 0x80, 0x07, 0xff, 0xef, 0xd8, 0x63, 0x00, 0x7f, 0xff, 0xa1, 0x00, 0x00, 0x07, 0xff,
    0xd1, 0x00, 0x00, 0x00, 0x7f, 0xf8, 0x00, 0x00, 0x00, 0x07, 0xff, 0x50, 0x00, 0x00, 0x00, 0x7f,
    0xf4, 0x00, 0x00, 0x00, 0x07, 0xff, 0x40, 0x00, 0x00, 0x00, 0x7f, 0xf4, 0x00, 0x00, 0x00, 0x07,
    0xff, 0x40, 0x00, 0x00, 0x00, 0x7f, 0xf4, 0x00, 0x00, 0x00, 0x07, 0xff, 0x40, 0x00, 0x00, 0x00,
    0x7f, 0xf4, 0x00, 0x00, 0x00, 0x07, 0xff, 0x40, 0x00, 0x00, 0x00, 0x00, 0x00, 0x00, 0x00, 0x04,
    0x88, 0x60, 0x00, 0x00, 0x00, 0x00, 0x00, 0x6f, 0xfb, 0x10, 0x00, 0x00, 0x00, 0x00, 0x07, 0xff,
    0x70, 0x00, 0x00, 0x00, 0x00, 0x00, 0x8f, 0xd3, 0x00, 0x00, 0x00, 0x00, 0x00, 0x00, 0x00, 0x00,
    0x00, 0x00, 0x00, 0x00, 0x01, 0x6b, 0xde, 0xfe, 0xb8, 0x30, 0x00, 0x00, 0x5e, 0xff, 0xff, 0xff,
    0xff, 0xfc, 0x20, 0x04, 0xff, 0xfc, 0x86, 0x68, 0xbf, 0xff, 0x20, 0x0d, 0xff, 0x50, 0x00, 0x00,
    0x02, 0x8b, 0x00, 0x3f, 0xf9, 0x00, 0x00, 0x00, 0x00, 0x00, 0x00, 0x5f, 0xf6, 0x00, 0x00, 0x00,
    0x00, 0x00, 0x00, 0x4f, 0xfa, 0x00, 0x00, 0x00, 0x00, 0x00, 0x00, 0x1e, 0xff, 0x81, 0x00, 0x00,
    0x00, 0x00, 0x00, 0x06, 0xff, 0xfe, 0xa6, 0x20, 0x00, 0x00, 0x00, 0x00, 0x6e, 0xff, 0xff, 0xfd,
    0x94, 0x00, 0x00, 0x00, 0x01, 0x6b, 0xff, 0xff, 0xff, 0xc3, 0x00, 0x00, 0x00, 0x00, 0x14, 0x8c,
    0xff, 0xfe, 0x40, 0x00, 0x00, 0x00, 0x00, 0x00, 0x2b, 0xff, 0xc0, 0x00, 0x00, 0x00, 0x00, 0x00,
    0x00, 0xcf, 0xf1, 0x00, 0x00, 0x00, 0x00, 0x00, 0x00, 0x8f, 0xf3, 0x05, 0x00, 0x00, 0x00, 0x00,
    0x00, 0xaf, 0xf1, 0x5f, 0xa3, 0x00, 0x00, 0x00, 0x06, 0xff, 0xb0, 0xaf, 0xff, 0xd9, 0x76, 0x68,
    0xcf, 0xfe, 0x30, 0x07, 0xef, 0xff, 0xff, 0xff, 0xff, 0xd4, 0x00, 0x00, 0x05, 0x9c, 0xef, 0xed,
    0xa5, 0x00, 0x00, 0x00, 0x00, 0x00, 0x00, 0x58, 0x85, 0x00, 0x00, 0x00, 0x00, 0x07, 0xff, 0xa1,
    0x00, 0x00, 0x00, 0x00, 0x8f, 0xf6, 0x00, 0x00, 0x00, 0x00, 0x09, 0xfd, 0x30, 0x00, 0x00, 0x00,
    0x00, 0x00, 0x00, 0x00, 0x00, 0x00, 0x00, 0x00, 0x00, 0x00, 0x00, 0x00, 0x00, 0x00, 0x03, 0x9c,
    0xef, 0xec, 0x83, 0x00, 0x00, 0x8f, 0xff, 0xff, 0xff, 0xff, 0x70, 0x05, 0xff, 0xe9, 0x76, 0x7a,
    0xef, 0x20, 0x0b, 0xff, 0x30, 0x00, 0x00, 0x15, 0x00, 0x0c, 0xfd, 0x00, 0x00, 0x00, 0x00, 0x00,
    0x0a, 0xff, 0x70, 0x00, 0x00, 0x00, 0x00, 0x03, 0xff, 0xfe, 0xa7, 0x41, 0x00, 0x00, 0x00, 0x4c,
    0xff, 0xff, 0xff, 0xc5, 0x00, 0x00, 0x00, 0x26, 0x9b, 0xef, 0xff, 0x70, 0x00, 0x00, 0x00, 0x00,
    0x05, 0xef, 0xf1, 0x00, 0x00, 0x00, 0x00, 0x00, 0x8f, 0xf3, 0x05, 0x71, 0x00, 0x00, 0x00, 0xbf,
    0xf2, 0x1d, 0xfe, 0xa7, 0x66, 0x8c, 0xff, 0xb0, 0x1b, 0xff, 0xff, 0xff, 0xff, 0xfc, 0x10, 0x00,
    0x38, 0xce, 0xff, 0xda, 0x50, 0x00, 0x00, 0x00, 0x00, 0x48, 0x84, 0x00, 0x00, 0x00, 0x00, 0x00,
    0x05, 0xff, 0xff, 0x60, 0x00, 0x00, 0x00, 0x00, 0x6f, 0xe5, 0x5e, 0xf7, 0x00, 0x00, 0x00, 0x07,
    0xfd, 0x30, 0x03, 0xdf, 0x70, 0x00, 0x00, 0x00, 0x00, 0x00, 0x00, 0x00, 0x00, 0x00, 0x00, 0x01,
    0x6b, 0xde, 0xfe, 0xb8, 0x30, 0x00, 0x00, 0x5e, 0xff, 0xff, 0xff, 0xff, 0xfc, 0x20, 0x04, 0xff,
    0xfc, 0x86, 0x68, 0xbf, 0xff, 0x20, 0x0d, 0xff, 0x50, 0x00, 0x00, 0x02, 0x8b, 0x00, 0x3f, 0xf9,
    0x00, 0x00, 0x00, 0x00, 0x00, 0x00, 0x5f, 0xf6, 0x00, 0x00, 0x00, 0x00, 0x00, 0x00, 0x4f, 0xfa,
    0x00, 0x00, 0x00, 0x00, 0x00, 0x00, 0x1e, 0xff, 0x81, 0x00, 0x00, 0x00, 0x00, 0x00, 0x06, 0xff,
    0xfe, 0xa6, 0x20, 0x00, 0x00, 0x00, 0x00, 0x6e, 0xff, 0xff, 0xfd, 0x94, 0x00, 0x00, 0x00, 0x01,
    0x6b, 0xff, 0xff, 0xff, 0xc3, 0x00, 0x00, 0x00, 0x00, 0x14, 0x8c, 0xff, 0xfe, 0x40, 0x00, 0x00,
    0x00, 0x00, 0x00, 0x2b, 0xff, 0xc0, 0x00, 0x00, 0x00, 0x00, 0x00, 0x00, 0xcf, 0xf1, 0x00, 0x00,
    0x00, 0x00, 0x00, 0x00, 0x8f, 0xf3, 0x05, 0x00, 0x00, 0x00, 0x00, 0x00, 0xaf, 0xf1, 0x5f, 0xa3,
    0x00, 0x00, 0x00, 0x06, 0xff, 0xb0, 0xaf, 0xff, 0xd9, 0x76, 0x68, 0xcf, 0xfe, 0x30, 0x07, 0xef,
    0xff, 0xff, 0xff, 0xff, 0xd4, 0x00, 0x00, 0x05, 0x9c, 0xef, 0xed, 0xa5, 0x00, 0x00, 0x00, 0x00,
    0x05, 0x88, 0x40, 0x00, 0x00, 0x00, 0x00, 0x6f, 0xff, 0xf5, 0x00, 0x00, 0x00, 0x07, 0xfe, 0x46,
    0xff, 0x60, 0x00, 0x00, 0x8f, 0xd2, 0x00, 0x3d, 0xf6, 0x00, 0x00, 0x00, 0x00, 0x00, 0x00, 0x00,
    0x00, 0x00, 0x00, 0x00, 0x00, 0x00, 0x00, 0x00, 0x00, 0x03, 0x9c, 0xef, 0xec, 0x83, 0x00, 0x00,
    0x8f, 0xff, 0xff, 0xff, 0xff, 0x70, 0x05, 0xff, 0xe9, 0x76, 0x7a, 0xef, 0x20, 0x0b, 0xff, 0x30,
    0x00, 0x00, 0x15, 0x00, 0x0c, 0xfd, 0x00, 0x00, 0x00, 0x00, 0x00, 0x0a, 0xff, 0x70, 0x00, 0x00,
    0x00, 0x00, 0x03, 0xff, 0xfe, 0xa7, 0x41, 0x00, 0x00, 0x00, 0x4c, 0xff, 0xff, 0xff, 0xc5, 0x00,
    0x00, 0x00, 0x26, 0x9b, 0xef, 0xff, 0x70, 0x00, 0x00, 0x00, 0x00, 0x05, 0xef, 0xf1, 0x00, 0x00,
    0x00, 0x00, 0x00, 0x8f, 0xf3, 0x05, 0x71, 0x00, 0x00, 0x00, 0xbf, 0xf2, 0x1d, 0xfe, 0xa7, 0x66,
    0x8c, 0xff, 0xb0, 0x1b, 0xff, 0xff, 0xff, 0xff, 0xfc, 0x10, 0x00, 0x38, 0xce, 0xff, 0xda, 0x50,
    0x00, 0x00, 0x01, 0x6b, 0xde, 0xfe, 0xb8, 0x30, 0x00, 0x00, 0x5e, 0xff, 0xff, 0xff, 0xff, 0xfc,
    0x20, 0x04, 0xff, 0xfc, 0x86, 0x68, 0xbf, 0xff, 0x20, 0x0d, 0xff, 0x50, 0x00, 0x00, 0x02, 0x8b,
    0x00, 0x3f, 0xf9, 0x00, 0x00, 0x00, 0x00, 0x00, 0x00, 0x5f, 0xf6, 0x00, 0x00, 0x00, 0x00, 0x00,
    0x00, 0x4f, 0xfa, 0x00, 0x00, 0x00, 0x00, 0x00, 0x00, 0x1e, 0xff, 0x81, 0x00, 0x00, 0x00, 0x00,
    0x00, 0x06, 0xff, 0xfe, 0xa6, 0x20, 0x00, 0x00, 0x00, 0x00, 0x6e, 0xff, 0xff, 0xfd, 0x94, 0x00,
    0x00, 0x00, 0x01, 0x6b, 0xff, 0xff, 0xff, 0xc3, 0x00, 0x00, 0x00, 0x00, 0x14, 0x8c, 0xff, 0xfe,
    0x40, 0x00, 0x00, 0x00, 0x00, 0x00, 0x2b, 0xff, 0xc0, 0x00, 0x00, 0x00, 0x00, 0x00, 0x00, 0xcf,
    0xf1, 0x00, 0x00, 0x00, 0x00, 0x00, 0x00, 0x8f, 0xf3, 0x05, 0x00, 0x00, 0x00, 0x00, 0x00, 0xaf,
    0xf1, 0x5f, 0xa3, 0x00, 0x00, 0x00, 0x06, 0xff, 0xb0, 0xaf, 0xff, 0xd9, 0x76, 0x68, 0xcf, 0xfe,
    0x30, 0x07, 0xef, 0xff, 0xff, 0xff, 0xff, 0xd4, 0x00, 0x00, 0x05, 0x9c, 0xef, 0xfd, 0xa5, 0x00,
    0x00, 0x00, 0x00, 0x00, 0x1f, 0x80, 0x00, 0x00, 0x00, 0x00, 0x00, 0x00, 0x5f, 0xe9, 0x10, 0x00,
    0x00, 0x00, 0x00, 0x00, 0x00, 0x6f, 0x90, 0x00, 0x00, 0x00, 0x00, 0x02, 0x00, 0x4f, 0xb0, 0x00,
    0x00, 0x00, 0x00, 0x0d, 0xed, 0xff, 0x70, 0x00, 0x00, 0x00, 0x00, 0x19, 0xdf, 0xd7, 0x00, 0x00,
    0x00, 0x00, 0x03, 0x9c, 0xef, 0xec, 0x83, 0x00, 0x00, 0x8f, 0xff, 0xff, 0xff, 0xff, 0x70, 0x05,
    0xff, 0xe9, 0x76, 0x7a, 0xef, 0x20, 0x0b, 0xff, 0x30, 0x00, 0x00, 0x15, 0x00, 0x0c, 0xfd, 0x00,
    0x00, 0x00, 0x00, 0x00, 0x0a, 0xff, 0x70, 0x00, 0x00, 0x00, 0x00, 0x03, 0xff, 0xfe, 0xa7, 0x41,
    0x00, 0x00, 0x00, 0x4c, 0xff, 0xff, 0xff, 0xc5, 0x00, 0x00, 0x00, 0x26, 0x9b, 0xef, 0xff, 0x70,
    0x00, 0x00, 0x00, 0x00, 0x05, 0xef, 0xf1, 0x00, 0x00, 0x00, 0x00, 0x00, 0x8f, 0xf3, 0x05, 0x71,
    0x00, 0x00, 0x00, 0xbf, 0xf2, 0x1d, 0xfe, 0xa7, 0x66, 0x8c, 0xff, 0xb0, 0x1b, 0xff, 0xff, 0xff,
    0xff, 0xfc, 0x10, 0x00, 0x38, 0xce, 0xff, 0xda, 0x50, 0x00, 0x00, 0x00, 0x02, 0xf7, 0x00, 0x00,
    0x00, 0x00, 0x00, 0x06, 0xfe, 0x90, 0x00, 0x00, 0x00, 0x00, 0x00, 0x07, 0xf7, 0x00, 0x00, 0x00,
    0x00, 0x20, 0x05, 0xfa, 0x00, 0x00, 0x00, 0x00, 0xee, 0xdf, 0xf6, 0x00, 0x00, 0x00, 0x01, 0xae,
    0xec, 0x60, 0x00, 0x00, 0x00, 0x05, 0x86, 0x00, 0x00, 0x58, 0x60, 0x00, 0x00, 0x01, 0xcf, 0xa1,
    0x09, 0xfd, 0x20, 0x00, 0x00, 0x00, 0x1c, 0xfc, 0xcf, 0xc1, 0x00, 0x00, 0x00, 0x00, 0x01, 0xbf,
    0xfc, 0x10, 0x00, 0x00, 0x00, 0x00, 0x00, 0x00, 0x00, 0x00, 0x00, 0x00, 0x00, 0x01, 0x6b, 0xde,
    0xfe, 0xb8, 0x30, 0x00, 0x00, 0x5e, 0xff, 0xff, 0xff, 0xff, 0xfc, 0x20, 0x04, 0xff, 0xfc, 0x86,
    0x68, 0xbf, 0xff, 0x20, 0x0d, 0xff, 0x50, 0x00, 0x00, 0x02, 0x8b, 0x00, 0x3f, 0xf9, 0x00, 0x00,
    0x00, 0x00, 0x00, 0x00, 0x5f, 0xf6, 0x00, 0x00, 0x00, 0x00, 0x00, 0x00, 0x4f, 0xfa, 0x00, 0x00,
    0x00, 0x00, 0x00, 0x00, 0x1e, 0xff, 0x81, 0x00, 0x00, 0x00, 0x00, 0x00, 0x06, 0xff, 0xfe, 0xa6,
    0x20, 0x00, 0x00, 0x00, 0x00, 0x6e, 0xff, 0xff, 0xfd, 0x94, 0x00, 0x00, 0x00, 0x01, 0x6b, 0xff,
    0xff, 0xff, 0xc3, 0x00, 0x00, 0x00, 0x00, 0x14, 0x8c, 0xff, 0xfe, 0x40, 0x00, 0x00, 0x00, 0x00,
    0x00, 0x2b, 0xff, 0xc0, 0x00, 0x00, 0x00, 0x00, 0x00, 0x00, 0xcf, 0xf1, 0x00, 0x00, 0x00, 0x00,
    0x00, 0x00, 0x8f, 0xf3, 0x05, 0x00, 0x00, 0x00, 0x00, 0x00, 0xaf, 0xf1, 0x5f, 0xa3, 0x00, 0x00,
    0x00, 0x06, 0xff, 0xb0, 0xaf, 0xff, 0xd9, 0x76, 0x68, 0xcf, 0xfe, 0x30, 0x07, 0xef, 0xff, 0xff,
    0xff, 0xff, 0xd4, 0x00, 0x00, 0x05, 0x9c, 0xef, 0xed, 0xa5, 0x00, 0x00, 0x00, 0x68, 0x50, 0x00,
    0x06, 0x85, 0x00, 0x00, 0x2d, 0xf9, 0x01, 0xaf, 0xc1, 0x00, 0x00, 0x02, 0xdf, 0xcd, 0xfc, 0x10,
    0x00, 0x00, 0x00, 0x1c, 0xff, 0xb1, 0x00, 0x00, 0x00, 0x00, 0x00, 0x00, 0x00, 0x00, 0x00, 0x00,
    0x00, 0x00, 0x00, 0x00, 0x00, 0x00, 0x00, 0x03, 0x9c, 0xef, 0xec, 0x83, 0x00, 0x00, 0x8f, 0xff,
    0xff, 0xff, 0xff, 0x70, 0x05, 0xff, 0xe9, 0x76, 0x7a, 0xef, 0x20, 0x0b, 0xff, 0x30, 0x00, 0x00,
    0x15, 0x00, 0x0c, 0xfd, 0x00, 0x00, 0x00, 0x00, 0x00, 0x0a, 0xff, 0x70, 0x00, 0x00, 0x00, 0x00,
    0x03, 0xff, 0xfe, 0xa7, 0x41, 0x00, 0x00, 0x00, 0x4c, 0xff, 0xff, 0xff, 0xc5, 0x00, 0x00, 0x00,
    0x26, 0x9b, 0xef, 0xff, 0x70, 0x00, 0x00, 0x00, 0x00, 0x05, 0xef, 0xf1, 0x00, 0x00, 0x00, 0x00,
    0x00, 0x8f, 0xf3, 0x05, 0x71, 0x00, 0x00, 0x00, 0xbf, 0xf2, 0x1d, 0xfe, 0xa7, 0x66, 0x8c, 0xff,
    0xb0, 0x1b, 0xff, 0xff, 0xff, 0xff, 0xfc, 0x10, 0x00, 0x38, 0xce, 0xff, 0xda, 0x50, 0x00, 0xdf,
    0xff, 0xff, 0xff, 0xff, 0xff, 0xff, 0xff, 0x5d, 0xff, 0xff, 0xff, 0xff, 0xff, 0xff, 0xff, 0xf5,
    0x55, 0x55, 0x55, 0x7f, 0xfb, 0x55, 0x55, 0x55, 0x20, 0x00, 0x00, 0x03, 0xff, 0x90, 0x00, 0x00,
    0x00, 0x00, 0x00, 0x00, 0x3f, 0xf9, 0x00, 0x00, 0x00, 0x00, 0x00, 0x00, 0x03, 0xff, 0x90, 0x00,
    0x00, 0x00, 0x00, 0x00, 0x00, 0x3f, 0xf9, 0x00, 0x00, 0x00, 0x00, 0x00, 0x00, 0x03, 0xff, 0x90,
    0x00, 0x00, 0x00, 0x00, 0x00, 0x00, 0x3f, 0xf9, 0x00, 0x00, 0x00, 0x00, 0x00, 0x00, 0x03, 0xff,
    0x90, 0x00, 0x00, 0x00, 0x00, 0x00, 0x00, 0x3f, 0xf9, 0x00, 0x00, 0x00, 0x00, 0x00, 0x00, 0x03,
    0xff, 0x90, 0x00, 0x00, 0x00, 0x00, 0x00, 0x00, 0x3f, 0xf9, 0x00, 0x00, 0x00, 0x00, 0x00, 0x00,
    0x03, 0xff, 0x90, 0x00, 0x00, 0x00, 0x00, 0x00, 0x00, 0x3f, 0xf9, 0x00, 0x00, 0x00, 0x00, 0x00,
    0x00, 0x03, 0xff, 0x90, 0x00, 0x00, 0x00, 0x00, 0x00, 0x00, 0x3f, 0xf9, 0x00, 0x00, 0x00, 0x00,
    0x00, 0x00, 0x03, 0xff, 0x90, 0x00, 0x00, 0x00, 0x00, 0x00, 0x00, 0x3f, 0xf9, 0x00, 0x00, 0x00,
    0x00, 0x00, 0x00, 0x03, 0xff, 0x90, 0x00, 0x00, 0x00, 0x00, 0x00, 0x00, 0x0d, 0xb0, 0x00, 0x00,
    0x00, 0x00, 0x00, 0x00, 0x02, 0xfe, 0xb2, 0x00, 0x00, 0x00, 0x00, 0x00, 0x00, 0x00, 0x4f, 0xb0,
    0x00, 0x00, 0x00, 0x00, 0x00, 0x20, 0x02, 0xfe, 0x00, 0x00, 0x00, 0x00, 0x00, 0x0a, 0xed, 0xff,
    0xa0, 0x00, 0x00, 0x00, 0x00, 0x00, 0x7d, 0xfd, 0x81, 0x00, 0x00, 0x00, 0x00, 0x08, 0x85, 0x00,
    0x00, 0x00, 0x01, 0xff, 0x90, 0x00, 0x00, 0x00, 0x1f, 0xf9, 0x00, 0x00, 0x00, 0x01, 0xff, 0x90,
    0x00, 0x00, 0x9f, 0xff, 0xff, 0xff, 0xfd, 0x09, 0xff, 0xff, 0xff, 0xff, 0xd0, 0x35, 0x6f, 0xfb,
    0x55, 0x55, 0x00, 0x01, 0xff, 0x90, 0x00, 0x00, 0x00, 0x1f, 0xf9, 0x00, 0x00, 0x00, 0x01, 0xff,
    0x90, 0x00, 0x00, 0x00, 0x1f, 0xf9, 0x00, 0x00, 0x00, 0x01, 0xff, 0x90, 0x00, 0x00, 0x00, 0x1f,
    0xf9, 0x00, 0x00, 0x00, 0x01, 0xff, 0x90, 0x00, 0x00, 0x00, 0x1f, 0xfa, 0x00, 0x00, 0x00, 0x00,
    0xef, 0xd0, 0x00, 0x00, 0x00, 0x0a, 0xff, 0xb5, 0x5a, 0x40, 0x00, 0x2e, 0xff, 0xff, 0xfa, 0x00,
    0x00, 0x29, 0xff, 0xea, 0x30, 0x00, 0x00, 0x0e, 0x90, 0x00, 0x00, 0x00, 0x04, 0xfe, 0xa1, 0x00,
    0x00, 0x00, 0x00, 0x5f, 0x90, 0x00, 0x00, 0x20, 0x03, 0xfc, 0x00, 0x00, 0x0c, 0xed, 0xff, 0x80,
    0x00, 0x00, 0x9d, 0xfd, 0x70, 0x00, 0x00, 0x04, 0x87, 0x00, 0x00, 0x48, 0x70, 0x00, 0x00, 0x00,
    0x0b, 0xfc, 0x10, 0x7f, 0xe3, 0x00, 0x00, 0x00, 0x00, 0x0a, 0xfe, 0xbf, 0xe3, 0x00, 0x00, 0x00,
    0x00, 0x00, 0x09, 0xff, 0xd2, 0x00, 0x00, 0x00, 0x00, 0x00, 0x00, 0x00, 0x00, 0x00, 0x00, 0x00,
    0x0d, 0xff, 0xff, 0xff, 0xff, 0xff, 0xff, 0xff, 0xf5, 0xdf, 0xff, 0xff, 0xff, 0xff, 0xff, 0xff,
    0xff, 0x55, 0x55, 0x55, 0x57, 0xff, 0xb5, 0x55, 0x55, 0x52, 0x00, 0x00, 0x00, 0x3f, 0xf9, 0x00,
    0x00, 0x00, 0x00, 0x00, 0x00, 0x03, 0xff, 0x90, 0x00, 0x00, 0x00, 0x00, 0x00, 0x00, 0x3f, 0xf9,
    0x00, 0x00, 0x00, 0x00, 0x00, 0x00, 0x03, 0xff, 0x90, 0x00, 0x00, 0x00, 0x00, 0x00, 0x00, 0x3f,
    0xf9, 0x00, 0x00, 0x00, 0x00, 0x00, 0x00, 0x03, 0xff, 0x90, 0x00, 0x00, 0x00, 0x00, 0x00, 0x00,
    0x3f, 0xf9, 0x00, 0x00, 0x00, 0x00, 0x00, 0x00, 0x03, 0xff, 0x90, 0x00, 0x00, 0x00, 0x00, 0x00,
    0x00, 0x3f, 0xf9, 0x00, 0x00, 0x00, 0x00, 0x00, 0x00, 0x03, 0xff, 0x90, 0x00, 0x00, 0x00, 0x00,
    0x00, 0x00, 0x3f, 0xf9, 0x00, 0x00, 0x00, 0x00, 0x00, 0x00, 0x03, 0xff, 0x90, 0x00, 0x00, 0x00,
    0x00, 0x00, 0x00, 0x3f, 0xf9, 0x00, 0x00, 0x00, 0x00, 0x00, 0x00, 0x03, 0xff, 0x90, 0x00, 0x00,
    0x00, 0x00, 0x00, 0x00, 0x3f, 0xf9, 0x00, 0x00, 0x00, 0x00, 0x00, 0x00, 0x03, 0xff, 0x90, 0x00,
    0x00, 0x00, 0x00, 0x00, 0x00, 0x3f, 0xf9, 0x00, 0x00, 0x00, 0x00, 0x00, 0x00, 0x00, 0x00, 0xff,
    0x10, 0x00, 0x00, 0x00, 0x0f, 0xf0, 0x00, 0x00, 0x00, 0x00, 0xfe, 0x00, 0x00, 0x88, 0x50, 0x0f,
    0xd0, 0x00, 0x1f, 0xf9, 0x00, 0xfc, 0x00, 0x01, 0xff, 0x90, 0x00, 0x00, 0x00, 0x1f, 0xf9, 0x00,
    0x00, 0x09, 0xff, 0xff, 0xff, 0xff, 0xd0, 0x9f, 0xff, 0xff, 0xff, 0xfd, 0x03, 0x56, 0xff, 0xb5,
    0x55, 0x50, 0x00, 0x1f, 0xf9, 0x00, 0x00, 0x00, 0x01, 0xff, 0x90, 0x00, 0x00, 0x00, 0x1f, 0xf9,
    0x00, 0x00, 0x00, 0x01, 0xff, 0x90, 0x00, 0x00, 0x00, 0x1f, 0xf9, 0x00, 0x00, 0x00, 0x01, 0xff,
    0x90, 0x00, 0x00, 0x00, 0x1f, 0xf9, 0x00, 0x00, 0x00, 0x01, 0xff, 0xa0, 0x00, 0x00, 0x00, 0x0e,
    0xfd, 0x00, 0x00, 0x00, 0x00, 0xaf, 0xfb, 0x55, 0xa4, 0x00, 0x02, 0xef, 0xff, 0xff, 0xa0, 0x00,
    0x02, 0x9d, 0xfe, 0xa3, 0xdf, 0xff, 0xff, 0xff, 0xff, 0xff, 0xff, 0xff, 0x5d, 0xff, 0xff, 0xff,
    0xff, 0xff, 0xff, 0xff, 0xf5, 0x55, 0x55, 0x55, 0x7f, 0xfb, 0x55, 0x55, 0x55, 0x20, 0x00, 0x00,
    0x03, 0xff, 0x90, 0x00, 0x00, 0x00, 0x00, 0x00, 0x00, 0x3f, 0xf9, 0x00, 0x00, 0x00, 0x00, 0x00,
    0x00, 0x03, 0xff, 0x90, 0x00, 0x00, 0x00, 0x00, 0x00, 0x00, 0x3f, 0xf9, 0x00, 0x00, 0x00, 0x00,
    0x00, 0x00, 0x03, 0xff, 0x90, 0x00, 0x00, 0x00, 0x00, 0x25, 0x55, 0x8f, 0xff, 0x55, 0x54, 0x00,
    0x00, 0x06, 0xff, 0xff, 0xff, 0xff, 0xff, 0xc0, 0x00, 0x00, 0x6f, 0xff, 0xff, 0xff, 0xff, 0xfc,
    0x00, 0x00, 0x00, 0x00, 0x03, 0xff, 0x90, 0x00, 0x00, 0x00, 0x00, 0x00, 0x00, 0x3f, 0xf9, 0x00,
    0x00, 0x00, 0x00, 0x00, 0x00, 0x03, 0xff, 0x90, 0x00, 0x00, 0x00, 0x00, 0x00, 0x00, 0x3f, 0xf9,
    0x00, 0x00, 0x00, 0x00, 0x00, 0x00, 0x03, 0xff, 0x90, 0x00, 0x00, 0x00, 0x00, 0x00, 0x00, 0x3f,
    0xf9, 0x00, 0x00, 0x00, 0x00, 0x00, 0x00, 0x03, 0xff, 0x90, 0x00, 0x00, 0x00, 0x00, 0x00, 0x00,
    0x3f, 0xf9, 0x00, 0x00, 0x00, 0x00, 0x00, 0x00, 0x03, 0xff, 0x90, 0x00, 0x00, 0x00, 0x00, 0x07,
    0x86, 0x00, 0x00, 0x00, 0x00, 0xef, 0xc0, 0x00, 0x00, 0x00, 0x0e, 0xfc, 0x00, 0x00, 0x00, 0x00,
    0xef, 0xc0, 0x00, 0x00, 0x7f, 0xff, 0xff, 0xff, 0xff, 0x07, 0xff, 0xff, 0xff, 0xff, 0xf0, 0x25,
    0x5e, 0xfd, 0x55, 0x55, 0x00, 0x00, 0xef, 0xc0, 0x00, 0x00, 0x00, 0x0e, 0xfc, 0x00, 0x00, 0x00,
    0x00, 0xef, 0xc0, 0x00, 0x00, 0x1d, 0xdf, 0xff, 0xdd, 0xd9, 0x02, 0xff, 0xff, 0xff, 0xff, 0xb0,
    0x00, 0x0e, 0xfc, 0x00, 0x00, 0x00, 0x00, 0xef, 0xc0, 0x00, 0x00, 0x00, 0x0e, 0xfc, 0x00, 0x00,
    0x00, 0x00, 0xcf, 0xe1, 0x00, 0x00, 0x00, 0x08, 0xff, 0xc5, 0x59, 0x50, 0x00, 0x1d, 0xff, 0xff,
    0xfc, 0x00, 0x00, 0x18, 0xdf, 0xeb, 0x50, 0x00, 0x00, 0x03, 0xbc, 0x60, 0x00, 0xa9, 0x00, 0x00,
    0x00, 0x00, 0x1e, 0xff, 0xfa, 0x12, 0xf9, 0x00, 0x00, 0x00, 0x00, 0x6f, 0x71, 0xaf, 0xef, 0xf3,
    0x00, 0x00, 0x00, 0x00, 0x8e, 0x00, 0x07, 0xee, 0x70, 0x00, 0x00, 0x00, 0x00, 0x00, 0x00, 0x00,
    0x00, 0x00, 0x00, 0x00, 0x4f, 0xf9, 0x00, 0x00, 0x00, 0x00, 0x00, 0x6f, 0xf5, 0x4f, 0xf9, 0x00,
    0x00, 0x00, 0x00, 0x00, 0x6f, 0xf5, 0x4f, 0xf9, 0x00, 0x00, 0x00, 0x00, 0x00, 0x6f, 0xf5, 0x4f,
    0xf9, 0x00, 0x00, 0x00, 0x00, 0x00, 0x6f, 0xf5, 0x4f, 0xf9, 0x00, 0x00, 0x00, 0x00, 0x00, 0x6f,
    0xf5, 0x4f, 0xf9, 0x00, 0x00, 0x00, 0x00, 0x00, 0x6f, 0xf5, 0x4f, 0xf9, 0x00, 0x00, 0x00, 0x00,
    0x00, 0x6f, 0xf5, 0x4f, 0xf9, 0x00, 0x00, 0x00, 0x00, 0x00, 0x6f, 0xf5, 0x4f, 0xf9, 0x00, 0x00,
    0x00, 0x00, 0x00, 0x6f, 0xf5, 0x4f, 0xf9, 0x00, 0x00, 0x00, 0x00, 0x00, 0x6f, 0xf5, 0x4f, 0xf9,
    0x00, 0x00, 0x00, 0x00, 0x00, 0x6f, 0xf5, 0x3f, 0xf9, 0x00, 0x00, 0x00, 0x00, 0x00, 0x6f, 0xf5,
    0x2f, 0xfa, 0x00, 0x00, 0x00, 0x00, 0x00, 0x7f, 0xf4, 0x1f, 0xfc, 0x00, 0x00, 0x00, 0x00, 0x00,
    0x9f, 0xf2, 0x0c, 0xff, 0x20, 0x00, 0x00, 0x00, 0x00, 0xdf, 0xe0, 0x07, 0xff, 0x90, 0x00, 0x00,
    0x00, 0x06, 0xff, 0x90, 0x01, 0xef, 0xf7, 0x00, 0x00, 0x00, 0x5f, 0xfe, 0x20, 0x00, 0x4f, 0xff,
    0xd8, 0x66, 0x8c, 0xff, 0xf5, 0x00, 0x00, 0x03, 0xdf, 0xff, 0xff, 0xff, 0xfe, 0x50, 0x00, 0x00,
    0x00, 0x06, 0xad, 0xef, 0xdb, 0x61, 0x00, 0x00, 0x00, 0x01, 0x9c, 0x91, 0x00, 0x6d, 0x10, 0x00,
    0x00, 0x9f, 0xff, 0xd2, 0x0c, 0xe0, 0x00, 0x00, 0x1f, 0xb1, 0x6f, 0xfe, 0xf8, 0x00, 0x00, 0x03,
    0xf4, 0x00, 0x3c, 0xfa, 0x10, 0x00, 0x00, 0x00, 0x00, 0x00, 0x00, 0x00, 0x00, 0x00, 0x00, 0x00,
    0x00, 0x00, 0x00, 0x00, 0x00, 0x9f, 0xf1, 0x00, 0x00, 0x00, 0x05, 0xff, 0x69, 0xff, 0x10, 0x00,
    0x00, 0x00, 0x5f, 0xf6, 0x9f, 0xf1, 0x00, 0x00, 0x00, 0x05, 0xff, 0x69, 0xff, 0x10, 0x00, 0x00,
    0x00, 0x5f, 0xf6, 0x9f, 0xf1, 0x00, 0x00, 0x00, 0x05, 0xff, 0x69, 0xff, 0x10, 0x00, 0x00, 0x00,
    0x5f, 0xf6, 0x9f, 0xf1, 0x00, 0x00, 0x00, 0x05, 0xff, 0x69, 0xff, 0x10, 0x00, 0x00, 0x00, 0x5f,
    0xf6, 0x9f, 0xf2, 0x00, 0x00, 0x00, 0x06, 0xff, 0x68, 0xff, 0x30, 0x00, 0x00, 0x00, 0x8f, 0xf6,
    0x6f, 0xf7, 0x00, 0x00, 0x00, 0x1e, 0xff, 0x61, 0xff, 0xe3, 0x00, 0x00, 0x1b, 0xff, 0xf6, 0x08,
    0xff, 0xf9, 0x66, 0x8e, 0xfe, 0xff, 0x60, 0x0a, 0xff, 0xff, 0xff, 0xfd, 0x4f, 0xf6, 0x00, 0x04,
    0xad, 0xfe, 0xc7, 0x03, 0xff, 0x60, 0x00, 0x00, 0x6d, 0xdd, 0xdd, 0xdd, 0xd8, 0x00, 0x00, 0x00,
    0x00, 0x7f, 0xff, 0xff, 0xff, 0xfa, 0x00, 0x00, 0x00, 0x00, 0x00, 0x00, 0x00, 0x00, 0x00, 0x00,
    0x00, 0x00, 0x00, 0x00, 0x00, 0x00, 0x00, 0x00, 0x00, 0x00, 0x4f, 0xf9, 0x00, 0x00, 0x00, 0x00,
    0x00, 0x6f, 0xf5, 0x4f, 0xf9, 0x00, 0x00, 0x00, 0x00, 0x00, 0x6f, 0xf5, 0x4f, 0xf9, 0x00, 0x00,
    0x00, 0x00, 0x00, 0x6f, 0xf5, 0x4f, 0xf9, 0x00, 0x00, 0x00, 0x00, 0x00, 0x6f, 0xf5, 0x4f, 0xf9,
    0x00, 0x00, 0x00, 0x00, 0x00, 0x6f, 0xf5, 0x4f, 0xf9, 0x00, 0x00, 0x00, 0x00, 0x00, 0x6f, 0xf5,
    0x4f, 0xf9, 0x00, 0x00, 0x00, 0x00, 0x00, 0x6f, 0xf5, 0x4f, 0xf9, 0x00, 0x00, 0x00, 0x00, 0x00,
    0x6f, 0xf5, 0x4f, 0xf9, 0x00, 0x00, 0x00, 0x00, 0x00, 0x6f, 0xf5, 0x4f, 0xf9, 0x00, 0x00, 0x00,
    0x00, 0x00, 0x6f, 0xf5, 0x4f, 0xf9, 0x00, 0x00, 0x00, 0x00, 0x00, 0x6f, 0xf5, 0x3f, 0xf9, 0x00,
    0x00, 0x00, 0x00, 0x00, 0x6f, 0xf5, 0x2f, 0xfa, 0x00, 0x00, 0x00, 0x00, 0x00, 0x7f, 0xf4, 0x1f,
    0xfc, 0x00, 0x00, 0x00, 0x00, 0x00, 0x9f, 0xf2, 0x0c, 0xff, 0x20, 0x00, 0x00, 0x00, 0x00, 0xdf,
    0xe0, 0x07, 0xff, 0x90, 0x00, 0x00, 0x00, 0x06, 0xff, 0x90, 0x01, 0xef, 0xf7, 0x00, 0x00, 0x00,
    0x5f, 0xfe, 0x20, 0x00, 0x4f, 0xff, 0xd8, 0x66, 0x8c, 0xff, 0xf5, 0x00, 0x00, 0x03, 0xdf, 0xff,
    0xff, 0xff, 0xfe, 0x50, 0x00, 0x00, 0x00, 0x06, 0xad, 0xef, 0xdb, 0x61, 0x00, 0x00, 0x00, 0x2d,
    0xdd, 0xdd, 0xdd, 0xdc, 0x00, 0x00, 0x02, 0xff, 0xff, 0xff, 0xff, 0xf0, 0x00, 0x00, 0x00, 0x00,
    0x00, 0x00, 0x00, 0x00, 0x00, 0x00, 0x00, 0x00, 0x00, 0x00, 0x00, 0x00, 0x00, 0x00, 0x00, 0x00,
    0x00, 0x00, 0x00, 0x09, 0xff, 0x10, 0x00, 0x00, 0x00, 0x5f, 0xf6, 0x9f, 0xf1, 0x00, 0x00, 0x00,
    0x05, 0xff, 0x69, 0xff, 0x10, 0x00, 0x00, 0x00, 0x5f, 0xf6, 0x9f, 0xf1, 0x00, 0x00, 0x00, 0x05,
    0xff, 0x69, 0xff, 0x10, 0x00, 0x00, 0x00, 0x5f, 0xf6, 0x9f, 0xf1, 0x00, 0x00, 0x00, 0x05, 0xff,
    0x69, 0xff, 0x10, 0x00, 0x00, 0x00, 0x5f, 0xf6, 0x9f, 0xf1, 0x00, 0x00, 0x00, 0x05, 0xff, 0x69,
    0xff, 0x20, 0x00, 0x00, 0x00, 0x6f, 0xf6, 0x8f, 0xf3, 0x00, 0x00, 0x00, 0x08, 0xff, 0x66, 0xff,
    0x70, 0x00, 0x00, 0x01, 0xef, 0xf6, 0x1f, 0xfe, 0x30, 0x00, 0x01, 0xbf, 0xff, 0x60, 0x8f, 0xff,
    0x96, 0x68, 0xef, 0xef, 0xf6, 0x00, 0xaf, 0xff, 0xff, 0xff, 0xd4, 0xff, 0x60, 0x00, 0x4a, 0xdf,
    0xec, 0x70, 0x3f, 0xf6, 0x00, 0x00, 0x6f, 0x70, 0x00, 0x05, 0xf8, 0x00, 0x00, 0x00, 0x00, 0x2f,
    0xe4, 0x00, 0x3d, 0xf4, 0x00, 0x00, 0x00, 0x00, 0x08, 0xff, 0xee, 0xff, 0xa0, 0x00, 0x00, 0x00,
    0x00, 0x00, 0x5c, 0xef, 0xc6, 0x00, 0x00, 0x00, 0x00, 0x00, 0x00, 0x00, 0x00, 0x00, 0x00, 0x00,
    0x00, 0x4f, 0xf9, 0x00, 0x00, 0x00, 0x00, 0x00, 0x6f, 0xf5, 0x4f, 0xf9, 0x00, 0x00, 0x00, 0x00,
    0x00, 0x6f, 0xf5, 0x4f, 0xf9, 0x00, 0x00, 0x00, 0x00, 0x00, 0x6f, 0xf5, 0x4f, 0xf9, 0x00, 0x00,
    0x00, 0x00, 0x00, 0x6f, 0xf5, 0x4f, 0xf9, 0x00, 0x00, 0x00, 0x00, 0x00, 0x6f, 0xf5, 0x4f, 0xf9,
    0x00, 0x00, 0x00, 0x00, 0x00, 0x6f, 0xf5, 0x4f, 0xf9, 0x00, 0x00, 0x00, 0x00, 0x00, 0x6f, 0xf5,
    0x4f, 0xf9, 0x00, 0x00, 0x00, 0x00, 0x00, 0x6f, 0xf5, 0x4f, 0xf9, 0x00, 0x00, 0x00, 0x00, 0x00,
    0x6f, 0xf5, 0x4f, 0xf9, 0x00, 0x00, 0x00, 0x00, 0x00, 0x6f, 0xf5, 0x4f, 0xf9, 0x00, 0x00, 0x00,
    0x00, 0x00, 0x6f, 0xf5, 0x3f, 0xf9, 0x00, 0x00, 0x00, 0x00, 0x00, 0x6f, 0xf5, 0x2f, 0xfa, 0x00,
    0x00, 0x00, 0x00, 0x00, 0x7f, 0xf4, 0x1f, 0xfc, 0x00, 0x00, 0x00, 0x00, 0x00, 0x9f, 0xf2, 0x0c,
    0xff, 0x20, 0x00, 0x00, 0x00, 0x00, 0xdf, 0xe0, 0x07, 0xff, 0x90, 0x00, 0x00, 0x00, 0x06, 0xff,
    0x90, 0x01, 0xef, 0xf7, 0x00, 0x00, 0x00, 0x5f, 0xfe, 0x20, 0x00, 0x4f, 0xff, 0xd8, 0x66, 0x8c,
    0xff, 0xf5, 0x00, 0x00, 0x03, 0xdf, 0xff, 0xff, 0xff, 0xfe, 0x50, 0x00, 0x00, 0x00, 0x06, 0xad,
    0xef, 0xdb, 0x61, 0x00, 0x00, 0x00, 0x1f, 0xc0, 0x00, 0x00, 0xfd, 0x00, 0x00, 0x00, 0xcf, 0x80,
    0x01, 0xaf, 0x90, 0x00, 0x00, 0x03, 0xef, 0xed, 0xff, 0xd2, 0x00, 0x00, 0x00, 0x02, 0xae, 0xfd,
    0x91, 0x00, 0x00, 0x00, 0x00, 0x00, 0x00, 0x00, 0x00, 0x00, 0x00, 0x00, 0x00, 0x00, 0x00, 0x00,
    0x00, 0x00, 0x9f, 0xf1, 0x00, 0x00, 0x00, 0x05, 0xff, 0x69, 0xff, 0x10, 0x00, 0x00, 0x00, 0x5f,
    0xf6, 0x9f, 0xf1, 0x00, 0x00, 0x00, 0x05, 0xff, 0x69, 0xff, 0x10, 0x00, 0x00, 0x00, 0x5f, 0xf6,
    0x9f, 0xf1, 0x00, 0x00, 0x00, 0x05, 0xff, 0x69, 0xff, 0x10, 0x00, 0x00, 0x00, 0x5f, 0xf6, 0x9f,
    0xf1, 0x00, 0x00, 0x00, 0x05, 0xff, 0x69, 0xff, 0x10, 0x00, 0x00, 0x00, 0x5f, 0xf6, 0x9f, 0xf2,
    0x00, 0x00, 0x00, 0x06, 0xff, 0x68, 0xff, 0x30, 0x00, 0x00, 0x00, 0x8f, 0xf6, 0x6f, 0xf7, 0x00,
    0x00, 0x00, 0x1e, 0xff, 0x61, 0xff, 0xe3, 0x00, 0x00, 0x1b, 0xff, 0xf6, 0x08, 0xff, 0xf9, 0x66,
    0x8e, 0xfe, 0xff, 0x60, 0x0a, 0xff, 0xff, 0xff, 0xfd, 0x4f, 0xf6, 0x00, 0x04, 0xad, 0xfe, 0xc7,
    0x03, 0xff, 0x60, 0x00, 0x00, 0x00, 0x08, 0xde, 0x91, 0x00, 0x00, 0x00, 0x00, 0x00, 0x00, 0x8c,
    0x22, 0xba, 0x00, 0x00, 0x00, 0x00, 0x00, 0x00, 0xe5, 0x00, 0x3f, 0x10, 0x00, 0x00, 0x00, 0x00,
    0x00, 0xe5, 0x00, 0x3f, 0x10, 0x00, 0x00, 0x00, 0x00, 0x00, 0x9c, 0x21, 0xbb, 0x00, 0x00, 0x00,
    0x00, 0x00, 0x00, 0x08, 0xee, 0x91, 0x00, 0x00, 0x00, 0x00, 0x00, 0x00, 0x00, 0x00, 0x00, 0x00,
    0x00, 0x00, 0x00, 0x00, 0x00, 0x00, 0x00, 0x00, 0x00, 0x00, 0x00, 0x4f, 0xf9, 0x00, 0x00, 0x00,
    0x00, 0x00, 0x6f, 0xf5, 0x4f, 0xf9, 0x00, 0x00, 0x00, 0x00, 0x00, 0x6f, 0xf5, 0x4f, 0xf9, 0x00,
    0x00, 0x00, 0x00, 0x00, 0x6f, 0xf5, 0x4f, 0xf9, 0x00, 0x00, 0x00, 0x00, 0x00, 0x6f, 0xf5, 0x4f,
    0xf9, 0x00, 0x00, 0x00, 0x00, 0x00, 0x6f, 0xf5, 0x4f, 0xf9, 0x00, 0x00, 0x00, 0x00, 0x00, 0x6f,
    0xf5, 0x4f, 0xf9, 0x00, 0x00, 0x00, 0x00, 0x00, 0x6f, 0xf5, 0x4f, 0xf9, 0x00, 0x00, 0x00, 0x00,
    0x00, 0x6f, 0xf5, 0x4f, 0xf9, 0x00, 0x00, 0x00, 0x00, 0x00, 0x6f, 0xf5, 0x4f, 0xf9, 0x00, 0x00,
    0x00, 0x00, 0x00, 0x6f, 0xf5, 0x4f, 0xf9, 0x00, 0x00, 0x00, 0x00, 0x00, 0x6f, 0xf5, 0x3f, 0xf9,
    0x00, 0x00, 0x00, 0x00, 0x00, 0x6f, 0xf5, 0x2f, 0xfa, 0x00, 0x00, 0x00, 0x00, 0x00, 0x7f, 0xf4,
    0x1f, 0xfc, 0x00, 0x00, 0x00, 0x00, 0x00, 0x9f, 0xf2, 0x0c, 0xff, 0x20, 0x00, 0x00, 0x00, 0x00,
    0xdf, 0xe0, 0x07, 0xff, 0x90, 0x00, 0x00, 0x00, 0x06, 0xff, 0x90, 0x01, 0xef, 0xf7, 0x00, 0x00,
    0x00, 0x5f, 0xfe, 0x20, 0x00, 0x4f, 0xff, 0xd8, 0x66, 0x8c, 0xff, 0xf5, 0x00, 0x00, 0x03, 0xdf,
    0xff, 0xff, 0xff, 0xfe, 0x50, 0x00, 0x00, 0x00, 0x06, 0xad, 0xef, 0xdb, 0x61, 0x00, 0x00, 0x00,
    0x00, 0x05, 0xce, 0xb3, 0x00, 0x00, 0x00, 0x00, 0x03, 0xf4, 0x17, 0xe1, 0x00, 0x00, 0x00, 0x00,
    0x9a, 0x00, 0x0d, 0x60, 0x00, 0x00, 0x00, 0x09, 0xa0, 0x00, 0xd6, 0x00, 0x00, 0x00, 0x00, 0x4f,
    0x41, 0x7e, 0x20, 0x00, 0x00, 0x00, 0x00, 0x5d, 0xec, 0x30, 0x00, 0x00, 0x00, 0x00, 0x00, 0x00,
    0x00, 0x00, 0x00, 0x00, 0x00, 0x00, 0x00, 0x00, 0x00, 0x00, 0x00, 0x9f, 0xf1, 0x00, 0x00, 0x00,
    0x05, 0xff, 0x69, 0xff, 0x10, 0x00, 0x00, 0x00, 0x5f, 0xf6, 0x9f, 0xf1, 0x00, 0x00, 0x00, 0x05,
    0xff, 0x69, 0xff, 0x10, 0x00, 0x00, 0x00, 0x5f, 0xf6, 0x9f, 0xf1, 0x00, 0x00, 0x00, 0x05, 0xff,
    0x69, 0xff, 0x10, 0x00, 0x00, 0x00, 0x5f, 0xf6, 0x9f, 0xf1, 0x00, 0x00, 0x00, 0x05, 0xff, 0x69,
    0xff, 0x10, 0x00, 0x00, 0x00, 0x5f, 0xf6, 0x9f, 0xf2, 0x00, 0x00, 0x00, 0x06, 0xff, 0x68, 0xff,
    0x30, 0x00, 0x00, 0x00, 0x8f, 0xf6, 0x6f, 0xf7, 0x00, 0x00, 0x00, 0x1e, 0xff, 0x61, 0xff, 0xe3,
    0x00, 0x00, 0x1b, 0xff, 0xf6, 0x08, 0xff, 0xf9, 0x66, 0x8e, 0xfe, 0xff, 0x60, 0x0a, 0xff, 0xff,
    0xff, 0xfd, 0x4f, 0xf6, 0x00, 0x04, 0xad, 0xfe, 0xc7, 0x03, 0xff, 0x60, 0x00, 0x00, 0x00, 0x04,
    0xff, 0x70, 0x6f, 0xf5, 0x00, 0x00, 0x00, 0x00, 0x1d, 0xfb, 0x01, 0xef, 0x90, 0x00, 0x00, 0x00,
    0x00, 0x8f, 0xd1, 0x0a, 0xfc, 0x00, 0x00, 0x00, 0x00, 0x03, 0xfe, 0x30, 0x4f, 0xe2, 0x00, 0x00,
    0x00, 0x00, 0x00, 0x00, 0x00, 0x00, 0x00, 0x00, 0x00, 0x4f, 0xf9, 0x00, 0x00, 0x00, 0x00, 0x00,
    0x6f, 0xf5, 0x4f, 0xf9, 0x00, 0x00, 0x00, 0x00, 0x00, 0x6f, 0xf5, 0x4f, 0xf9, 0x00, 0x00, 0x00,
    0x00, 0x00, 0x6f, 0xf5, 0x4f, 0xf9, 0x00, 0x00, 0x00, 0x00, 0x00, 0x6f, 0xf5, 0x4f, 0xf9, 0x00,
    0x00, 0x00, 0x00, 0x00, 0x6f, 0xf5, 0x4f, 0xf9, 0x00, 0x00, 0x00, 0x00, 0x00, 0x6f, 0xf5, 0x4f,
    0xf9, 0x00, 0x00, 0x00, 0x00, 0x00, 0x6f, 0xf5, 0x4f, 0xf9, 0x00, 0x00, 0x00, 0x00, 0x00, 0x6f,
    0xf5, 0x4f, 0xf9, 0x00, 0x00, 0x00, 0x00, 0x00, 0x6f, 0xf5, 0x4f, 0xf9, 0x00, 0x00, 0x00, 0x00,
    0x00, 0x6f, 0xf5, 0x4f, 0xf9, 0x00, 0x00, 0x00, 0x00, 0x00, 0x6f, 0xf5, 0x3f, 0xf9, 0x00, 0x00,
    0x00, 0x00, 0x00, 0x6f, 0xf5, 0x2f, 0xfa, 0x00, 0x00, 0x00, 0x00, 0x00, 0x7f, 0xf4, 0x1f, 0xfc,
    0x00, 0x00, 0x00, 0x00, 0x00, 0x9f, 0xf2, 0x0c, 0xff, 0x20, 0x00, 0x00, 0x00, 0x00, 0xdf, 0xe0,
    0x07, 0xff, 0x90, 0x00, 0x00, 0x00, 0x06, 0xff, 0x90, 0x01, 0xef, 0xf7, 0x00, 0x00, 0x00, 0x5f,
    0xfe, 0x20, 0x00, 0x4f, 0xff, 0xd8, 0x66, 0x8c, 0xff, 0xf5, 0x00, 0x00, 0x03, 0xdf, 0xff, 0xff,
    0xff, 0xfe, 0x50, 0x00, 0x00, 0x00, 0x06, 0xad, 0xef, 0xdb, 0x61, 0x00, 0x00, 0x00, 0x00, 0x01,
    0xef, 0xc0, 0x2e, 0xfa, 0x00, 0x00, 0x00, 0x9f, 0xe2, 0x0b, 0xfd, 0x10, 0x00, 0x00, 0x4f, 0xf4,
    0x05, 0xfe, 0x30, 0x00, 0x00, 0x0d, 0xf7, 0x01, 0xef, 0x60, 0x00, 0x00, 0x00, 0x00, 0x00, 0x00,
    0x00, 0x00, 0x00, 0x00, 0x00, 0x00, 0x00, 0x00, 0x00, 0x00, 0x9f, 0xf1, 0x00, 0x00, 0x00, 0x05,
    0xff, 0x69, 0xff, 0x10, 0x00, 0x00, 0x00, 0x5f, 0xf6, 0x9f, 0xf1, 0x00, 0x00, 0x00, 0x05, 0xff,
    0x69, 0xff, 0x10, 0x00, 0x00, 0x00, 0x5f, 0xf6, 0x9f, 0xf1, 0x00, 0x00, 0x00, 0x05, 0xff, 0x69,
    0xff, 0x10, 0x00, 0x00, 0x00, 0x5f, 0xf6, 0x9f, 0xf1, 0x00, 0x00, 0x00, 0x05, 0xff, 0x69, 0xff,
    0x10, 0x00, 0x00, 0x00, 0x5f, 0xf6, 0x9f, 0xf2, 0x00, 0x00, 0x00, 0x06, 0xff, 0x68, 0xff, 0x30,
    0x00, 0x00, 0x00, 0x8f, 0xf6, 0x6f, 0xf7, 0x00, 0x00, 0x00, 0x1e, 0xff, 0x61, 0xff, 0xe3, 0x00,
    0x00, 0x1b, 0xff, 0xf6, 0x08, 0xff, 0xf9, 0x66, 0x8e, 0xfe, 0xff, 0x60, 0x0a, 0xff, 0xff, 0xff,
    0xfd, 0x4f, 0xf6, 0x00, 0x04, 0xad, 0xfe, 0xc7, 0x03, 0xff, 0x60, 0x4f, 0xf9, 0x00, 0x00, 0x00,
    0x00, 0x00, 0x6f, 0xf5, 0x4f, 0xf9, 0x00, 0x00, 0x00, 0x00, 0x00, 0x6f, 0xf5, 0x4f, 0xf9, 0x00,
    0x00, 0x00, 0x00, 0x00, 0x6f, 0xf5, 0x4f, 0xf9, 0x00, 0x00, 0x00, 0x00, 0x00, 0x6f, 0xf5, 0x4f,
    0xf9, 0x00, 0x00, 0x00, 0x00, 0x00, 0x6f, 0xf5, 0x4f, 0xf9, 0x00, 0x00, 0x00, 0x00, 0x00, 0x6f,
    0xf5, 0x4f, 0xf9, 0x00, 0x00, 0x00, 0x00, 0x00, 0x6f, 0xf5, 0x4f, 0xf9, 0x00, 0x00, 0x00, 0x00,
    0x00, 0x6f, 0xf5, 0x4f, 0xf9, 0x00, 0x00, 0x00, 0x00, 0x00, 0x6f, 0xf5, 0x4f, 0xf9, 0x00, 0x00,
    0x00, 0x00, 0x00, 0x6f, 0xf5, 0x4f, 0xf9, 0x00, 0x00, 0x00, 0x00, 0x00, 0x6f, 0xf5, 0x3f, 0xf9,
    0x00, 0x00, 0x00, 0x00, 0x00, 0x6f, 0xf5, 0x3f, 0xfa, 0x00, 0x00, 0x00, 0x00, 0x00, 0x7f, 0xf4,
    0x1f, 0xfc, 0x00, 0x00, 0x00, 0x00, 0x00, 0x9f, 0xf2, 0x0d, 0xff, 0x20, 0x00, 0x00, 0x00, 0x00,
    0xdf, 0xd0, 0x08, 0xff, 0x90, 0x00, 0x00, 0x00, 0x06, 0xff, 0x70, 0x02, 0xef, 0xf7, 0x00, 0x00,
    0x00, 0x5f, 0xfd, 0x10, 0x00, 0x6f, 0xff, 0xd8, 0x66, 0x8c, 0xff, 0xe3, 0x00, 0x00, 0x06, 0xff,
    0xff, 0xff, 0xff, 0xfb, 0x20, 0x00, 0x00, 0x00, 0x28, 0xce, 0xff, 0xe9, 0x30, 0x00, 0x00, 0x00,
    0x00, 0x00, 0x05, 0xfa, 0x10, 0x00, 0x00, 0x00, 0x00, 0x00, 0x00, 0x2f, 0xb0, 0x00, 0x00, 0x00,
    0x00, 0x00, 0x00, 0x00, 0x8f, 0x50, 0x00, 0x00, 0x00, 0x00, 0x00, 0x00, 0x00, 0x9f, 0x80, 0x01,
    0x00, 0x00, 0x00, 0x00, 0x00, 0x00, 0x4f, 0xfe, 0xee, 0x00, 0x00, 0x00, 0x00, 0x00, 0x00, 0x06,
    0xce, 0xd9, 0x10, 0x00, 0x00, 0x9f, 0xf1, 0x00, 0x00, 0x00, 0x05, 0xff, 0x69, 0xff, 0x10, 0x00,
    0x00, 0x00, 0x5f, 0xf6, 0x9f, 0xf1, 0x00, 0x00, 0x00, 0x05, 0xff, 0x69, 0xff, 0x10, 0x00, 0x00,
    0x00, 0x5f, 0xf6, 0x9f, 0xf1, 0x00, 0x00, 0x00, 0x05, 0xff, 0x69, 0xff, 0x10, 0x00, 0x00, 0x00,
    0x5f, 0xf6, 0x9f, 0xf1, 0x00, 0x00, 0x00, 0x05, 0xff, 0x69, 0xff, 0x10, 0x00, 0x00, 0x00, 0x5f,
    0xf6, 0x9f, 0xf2, 0x00, 0x00, 0x00, 0x06, 0xff, 0x68, 0xff, 0x30, 0x00, 0x00, 0x00, 0x8f, 0xf6,
    0x6f, 0xf7, 0x00, 0x00, 0x00, 0x1e, 0xff, 0x61, 0xff, 0xe3, 0x00, 0x00, 0x1b, 0xff, 0xf6, 0x08,
    0xff, 0xf9, 0x66, 0x8e, 0xfe, 0xff, 0x60, 0x0a, 0xff, 0xff, 0xff, 0xfd, 0x4f, 0xf6, 0x00, 0x04,
    0xad, 0xfe, 0xc7, 0x1b, 0xff, 0x70, 0x00, 0x00, 0x00, 0x00, 0x0c, 0xf8, 0x00, 0x00, 0x00, 0x00,
    0x00, 0x07, 0xf7, 0x00, 0x00, 0x00, 0x00, 0x00, 0x00, 0xcf, 0x20, 0x00, 0x00, 0x00, 0x00, 0x00,
    0x0c, 0xf6, 0x00, 0x20, 0x00, 0x00, 0x00, 0x00, 0x7f, 0xfd, 0xeb, 0x00, 0x00, 0x00, 0x00, 0x00,
    0x7d, 0xed, 0x70, 0x00, 0x00, 0x00, 0x00, 0x00, 0x00, 0x00, 0x68, 0x83, 0x00, 0x00, 0x00, 0x00,
    0x00, 0x00, 0x00, 0x00, 0x00, 0x00, 0x00, 0x00, 0x00, 0x8f, 0xff, 0xe3, 0x00, 0x00, 0x00, 0x00,
    0x00, 0x00, 0x00, 0x00, 0x00, 0x00, 0x00, 0x00, 0x9f, 0xd3, 0x8f, 0xe4, 0x00, 0x00, 0x00, 0x00,
    0x00, 0x00, 0x00, 0x00, 0x00, 0x00, 0x00, 0xaf, 0xb1, 0x00, 0x5e, 0xf4, 0x00, 0x00, 0x00, 0x00,
    0x00, 0x00, 0x00, 0x00, 0x00, 0x00, 0x00, 0x00, 0x00, 0x00, 0x00, 0x00, 0x00, 0x00, 0x00, 0x00,
    0x00, 0xef, 0xe0, 0x00, 0x00, 0x00, 0x00, 0x09, 0xff, 0x50, 0x00, 0x00, 0x00, 0x00, 0x3f, 0xf7,
    0x09, 0xff, 0x40, 0x00, 0x00, 0x00, 0x00, 0xef, 0xfa, 0x00, 0x00, 0x00, 0x00, 0x08, 0xff, 0x20,
    0x4f, 0xf9, 0x00, 0x00, 0x00, 0x00, 0x4f, 0xff, 0xe1, 0x00, 0x00, 0x00, 0x00, 0xdf, 0xc0, 0x00,
    0xef, 0xe0, 0x00, 0x00, 0x00, 0x09, 0xff, 0xff, 0x50, 0x00, 0x00, 0x00, 0x3f, 0xf7, 0x00, 0x0a,
    0xff, 0x40, 0x00, 0x00, 0x00, 0xef, 0xbf, 0xfa, 0x00, 0x00, 0x00, 0x08, 0xff, 0x20, 0x00, 0x5f,
    0xf9, 0x00, 0x00, 0x00, 0x4f, 0xf5, 0xbf, 0xe0, 0x00, 0x00, 0x00, 0xdf, 0xc0, 0x00, 0x00, 0xef,
    0xd0, 0x00, 0x00, 0x09, 0xfe, 0x06, 0xff, 0x50, 0x00, 0x00, 0x3f, 0xf7, 0x00, 0x00, 0x0a, 0xff,
    0x30, 0x00, 0x00, 0xef, 0xa0, 0x1f, 0xfa, 0x00, 0x00, 0x08, 0xff, 0x30, 0x00, 0x00, 0x5f, 0xf8,
    0x00, 0x00, 0x4f, 0xf5, 0x00, 0xbf, 0xe0, 0x00, 0x00, 0xdf, 0xd0, 0x00, 0x00, 0x01, 0xef, 0xd0,
    0x00, 0x09, 0xfe, 0x00, 0x06, 0xff, 0x50, 0x00, 0x3f, 0xf8, 0x00, 0x00, 0x00, 0x0a, 0xff, 0x30,
    0x00, 0xef, 0xa0, 0x00, 0x1f, 0xf9, 0x00, 0x08, 0xff, 0x30, 0x00, 0x00, 0x00, 0x5f, 0xf8, 0x00,
    0x5f, 0xf4, 0x00, 0x00, 0xbf, 0xe0, 0x00, 0xdf, 0xd0, 0x00, 0x00, 0x00, 0x01, 0xef, 0xd0, 0x0a,
    0xfe, 0x00, 0x00, 0x06, 0xff, 0x40, 0x2f, 0xf8, 0x00, 0x00, 0x00, 0x00, 0x0a, 0xff, 0x30, 0xef,
    0x90, 0x00, 0x00, 0x1f, 0xf9, 0x07, 0xff, 0x30, 0x00, 0x00, 0x00, 0x00, 0x5f, 0xf8, 0x5f, 0xf4,
    0x00, 0x00, 0x00, 0xbf, 0xe0, 0xcf, 0xd0, 0x00, 0x00, 0x00, 0x00, 0x01, 0xff, 0xca, 0xfe, 0x00,
    0x00, 0x00, 0x06, 0xff, 0x6f, 0xf8, 0x00, 0x00, 0x00, 0x00, 0x00, 0x0b, 0xff, 0xff, 0x90, 0x00,
    0x00, 0x00, 0x1f, 0xfe, 0xff, 0x30, 0x00, 0x00, 0x00, 0x00, 0x00, 0x6f, 0xff, 0xf4, 0x00, 0x00,
    0x00, 0x00, 0xbf, 0xff, 0xd0, 0x00, 0x00, 0x00, 0x00, 0x00, 0x01, 0xff, 0xfe, 0x00, 0x00, 0x00,
    0x00, 0x05, 0xff, 0xf9, 0x00, 0x00, 0x00, 0x00, 0x00, 0x00, 0x0b, 0xff, 0x90, 0x00, 0x00, 0x00,
    0x00, 0x1f, 0xff, 0x40, 0x00, 0x00, 0x00, 0x00, 0x00, 0x00, 0x00, 0x00, 0x17, 0x87, 0x10, 0x00,
    0x00, 0x00, 0x00, 0x00, 0x00, 0x00, 0x00, 0x00, 0x1c, 0xff, 0xfc, 0x10, 0x00, 0x00, 0x00, 0x00,
    0x00, 0x00, 0x00, 0x00, 0x1c, 0xfb, 0x2b, 0xfc, 0x20, 0x00, 0x00, 0x00, 0x00, 0x00, 0x00, 0x00,
    0x2d, 0xf8, 0x00, 0x08, 0xfd, 0x20, 0x00, 0x00, 0x00, 0x00, 0x00, 0x00, 0x00, 0x00, 0x00, 0x00,
    0x00, 0x00, 0x00, 0x00, 0x00, 0x00, 0x00, 0x00, 0x00, 0x00, 0x00, 0x00, 0x00, 0x00, 0x00, 0x00,
    0x00, 0x00, 0xaf, 0xd0, 0x00, 0x00, 0x00, 0x0a, 0xfe, 0x00, 0x00, 0x00, 0x00, 0x9f, 0xc4, 0xff,
    0x40, 0x00, 0x00, 0x01, 0xff, 0xf5, 0x00, 0x00, 0x00, 0x0e, 0xf7, 0x0d, 0xf9, 0x00, 0x00, 0x00,
    0x6f, 0xff, 0xa0, 0x00, 0x00, 0x05, 0xff, 0x10, 0x8f, 0xe0, 0x00, 0x00, 0x0c, 0xff, 0xff, 0x10,
    0x00, 0x00, 0xaf, 0xb0, 0x03, 0xff, 0x50, 0x00, 0x03, 0xff, 0x6f, 0xf6, 0x00, 0x00, 0x1f, 0xf5,
    0x00, 0x0c, 0xfb, 0x00, 0x00, 0x8f, 0xe0, 0xbf, 0xc0, 0x00, 0x06, 0xfe, 0x00, 0x00, 0x7f, 0xf1,
    0x00, 0x0e, 0xf8, 0x05, 0xff, 0x20, 0x00, 0xcf, 0x90, 0x00, 0x01, 0xff, 0x60, 0x04, 0xff, 0x20,
    0x1e, 0xf8, 0x00, 0x2f, 0xf3, 0x00, 0x00, 0x0b, 0xfc, 0x00, 0xaf, 0xb0, 0x00, 0x9f, 0xd0, 0x08,
    0xfd, 0x00, 0x00, 0x00, 0x5f, 0xf2, 0x1f, 0xf6, 0x00, 0x03, 0xff, 0x40, 0xdf, 0x70, 0x00, 0x00,
    0x00, 0xef, 0x86, 0xfe, 0x10, 0x00, 0x0c, 0xf9, 0x4f, 0xf2, 0x00, 0x00, 0x00, 0x09, 0xfd, 0xcf,
    0x90, 0x00, 0x00, 0x7f, 0xea, 0xfb, 0x00, 0x00, 0x00, 0x00, 0x4f, 0xff, 0xf3, 0x00, 0x00, 0x01,
    0xff, 0xff, 0x60, 0x00, 0x00, 0x00, 0x00, 0xdf, 0xfd, 0x00, 0x00, 0x00, 0x0a, 0xff, 0xe1, 0x00,
    0x00, 0x00, 0x00, 0x07, 0xff, 0x70, 0x00, 0x00, 0x00, 0x5f, 0xfa, 0x00, 0x00, 0x00, 0x00, 0x00,
    0x00, 0x00, 0x48, 0x85, 0x00, 0x00, 0x00, 0x00, 0x00, 0x00, 0x00, 0x05, 0xff, 0xff, 0x60, 0x00,
    0x00, 0x00, 0x00, 0x00, 0x00, 0x5f, 0xf6, 0x4e, 0xf7, 0x00, 0x00, 0x00, 0x00, 0x00, 0x06, 0xfe,
    0x30, 0x02, 0xdf, 0x80, 0x00, 0x00, 0x00, 0x00, 0x00, 0x00, 0x00, 0x00, 0x00, 0x00, 0x00, 0x00,
    0x0c, 0xff, 0x30, 0x00, 0x00, 0x00, 0x00, 0x00, 0xcf, 0xd1, 0x03, 0xff, 0xc0, 0x00, 0x00, 0x00,
    0x00, 0x07, 0xff, 0x50, 0x00, 0x9f, 0xf6, 0x00, 0x00, 0x00, 0x00, 0x1e, 0xfb, 0x00, 0x00, 0x1e,
    0xfe, 0x10, 0x00, 0x00, 0x00, 0x9f, 0xf3, 0x00, 0x00, 0x06, 0xff, 0x80, 0x00, 0x00, 0x03, 0xff,
    0x80, 0x00, 0x00, 0x00, 0xcf, 0xf2, 0x00, 0x00, 0x0c, 0xfe, 0x10, 0x00, 0x00, 0x00, 0x4f, 0xfb,
    0x00, 0x00, 0x6f, 0xf6, 0x00, 0x00, 0x00, 0x00, 0x0a, 0xff, 0x50, 0x01, 0xef, 0xc0, 0x00, 0x00,
    0x00, 0x00, 0x01, 0xef, 0xd1, 0x09, 0xff, 0x30, 0x00, 0x00, 0x00, 0x00, 0x00, 0x7f, 0xf8, 0x3f,
    0xf9, 0x00, 0x00, 0x00, 0x00, 0x00, 0x00, 0x0d, 0xff, 0xcf, 0xe1, 0x00, 0x00, 0x00, 0x00, 0x00,
    0x00, 0x04, 0xff, 0xff, 0x60, 0x00, 0x00, 0x00, 0x00, 0x00, 0x00, 0x00, 0xaf, 0xfc, 0x00, 0x00,
    0x00, 0x00, 0x00, 0x00, 0x00, 0x00, 0x5f, 0xf7, 0x00, 0x00, 0x00, 0x00, 0x00, 0x00, 0x00, 0x00,
    0x5f, 0xf7, 0x00, 0x00, 0x00, 0x00, 0x00, 0x00, 0x00, 0x00, 0x5f, 0xf7, 0x00, 0x00, 0x00, 0x00,
    0x00, 0x00, 0x00, 0x00, 0x5f, 0xf7, 0x00, 0x00, 0x00, 0x00, 0x00, 0x00, 0x00, 0x00, 0x5f, 0xf7,
    0x00, 0x00, 0x00, 0x00, 0x00, 0x00, 0x00, 0x00, 0x5f, 0xf7, 0x00, 0x00, 0x00, 0x00, 0x00, 0x00,
    0x00, 0x00, 0x5f, 0xf7, 0x00, 0x00, 0x00, 0x00, 0x00, 0x00, 0x00, 0x17, 0x87, 0x00, 0x00, 0x00,
    0x00, 0x00, 0x00, 0x1c, 0xff, 0xfb, 0x10, 0x00, 0x00, 0x00, 0x00, 0x2d, 0xfa, 0x2c, 0xfc, 0x10,
    0x00, 0x00, 0x00, 0x2d, 0xf8, 0x00, 0x09, 0xfc, 0x10, 0x00, 0x00, 0x00, 0x00, 0x00, 0x00, 0x00,
    0x00, 0x00, 0x00, 0x00, 0x00, 0x00, 0x00, 0x00, 0x00, 0x00, 0x00, 0x0d, 0xfe, 0x10, 0x00, 0x00,
    0x00, 0x03, 0xff, 0x70, 0x6f, 0xf6, 0x00, 0x00, 0x00, 0x00, 0x9f, 0xe1, 0x00, 0xef, 0xd0, 0x00,
    0x00, 0x00, 0x1f, 0xf8, 0x00, 0x07, 0xff, 0x50, 0x00, 0x00, 0x07, 0xff, 0x20, 0x00, 0x1e, 0xfb,
    0x00, 0x00, 0x00, 0xef, 0xa0, 0x00, 0x00, 0x9f, 0xf3, 0x00, 0x00, 0x6f, 0xf3, 0x00, 0x00, 0x02,
    0xff, 0xa0, 0x00, 0x0c, 0xfb, 0x00, 0x00, 0x00, 0x0a, 0xff, 0x20, 0x04, 0xff, 0x50, 0x00, 0x00,
    0x00, 0x3f, 0xf8, 0x00, 0xaf, 0xd0, 0x00, 0x00, 0x00, 0x00, 0xcf, 0xe1, 0x2f, 0xf6, 0x00, 0x00,
    0x00, 0x00, 0x05, 0xff, 0x69, 0xfe, 0x00, 0x00, 0x00, 0x00, 0x00, 0x0d, 0xfd, 0xef, 0x70, 0x00,
    0x00, 0x00, 0x00, 0x00, 0x6f, 0xff, 0xf1, 0x00, 0x00, 0x00, 0x00, 0x00, 0x01, 0xef, 0xf9, 0x00,
    0x00, 0x00, 0x00, 0x00, 0x00, 0x09, 0xff, 0x20, 0x00, 0x00, 0x00, 0x00, 0x00, 0x01, 0xef, 0xa0,
    0x00, 0x00, 0x00, 0x02, 0x00, 0x00, 0x9f, 0xf3, 0x00, 0x00, 0x00, 0x01, 0xda, 0x65, 0xaf, 0xfa,
    0x00, 0x00, 0x00, 0x00, 0x6f, 0xff, 0xff, 0xfc, 0x10, 0x00, 0x00, 0x00, 0x00, 0x6b, 0xee, 0xc7,
    0x10, 0x00, 0x00, 0x00, 0x00, 0x00, 0x00, 0x00, 0x15, 0x10, 0x01, 0x52, 0x00, 0x00, 0x00, 0x00,
    0x00, 0x00, 0xdf, 0xc0, 0x0a, 0xfe, 0x00, 0x00, 0x00, 0x00, 0x00, 0x00, 0x9e, 0x80, 0x06, 0xeb,
    0x00, 0x00, 0x00, 0x00, 0x00, 0x00, 0x00, 0x00, 0x00, 0x00, 0x00, 0x00, 0x00, 0x00, 0x00, 0x00,
    0x00, 0x00, 0x00, 0x00, 0x00, 0x00, 0x00, 0x0c, 0xff, 0x30, 0x00, 0x00, 0x00, 0x00, 0x00, 0xcf,
    0xd1, 0x03, 0xff, 0xc0, 0x00, 0x00, 0x00, 0x00, 0x07, 0xff, 0x50, 0x00, 0x9f, 0xf6, 0x00, 0x00,
    0x00, 0x00, 0x1e, 0xfb, 0x00, 0x00, 0x1e, 0xfe, 0x10, 0x00, 0x00, 0x00, 0x9f, 0xf3, 0x00, 0x00,
    0x06, 0xff, 0x80, 0x00, 0x00, 0x03, 0xff, 0x80, 0x00, 0x00, 0x00, 0xcf, 0xf2, 0x00, 0x00, 0x0c,
    0xfe, 0x10, 0x00, 0x00, 0x00, 0x4f, 0xfb, 0x00, 0x00, 0x6f, 0xf6, 0x00, 0x00, 0x00, 0x00, 0x0a,
    0xff, 0x50, 0x01, 0xef, 0xc0, 0x00, 0x00, 0x00, 0x00, 0x01, 0xef, 0xd1, 0x09, 0xff, 0x30, 0x00,
    0x00, 0x00, 0x00, 0x00, 0x7f, 0xf8, 0x3f, 0xf9, 0x00, 0x00, 0x00, 0x00, 0x00, 0x00, 0x0d, 0xff,
    0xcf, 0xe1, 0x00, 0x00, 0x00, 0x00, 0x00, 0x00, 0x04, 0xff, 0xff, 0x60, 0x00, 0x00, 0x00, 0x00,
    0x00, 0x00, 0x00, 0xaf, 0xfc, 0x00, 0x00, 0x00, 0x00, 0x00, 0x00, 0x00, 0x00, 0x5f, 0xf7, 0x00,
    0x00, 0x00, 0x00, 0x00, 0x00, 0x00, 0x00, 0x5f, 0xf7, 0x00, 0x00, 0x00, 0x00, 0x00, 0x00, 0x00,
    0x00, 0x5f, 0xf7, 0x00, 0x00, 0x00, 0x00, 0x00, 0x00, 0x00, 0x00, 0x5f, 0xf7, 0x00, 0x00, 0x00,
    0x00, 0x00, 0x00, 0x00, 0x00, 0x5f, 0xf7, 0x00, 0x00, 0x00, 0x00, 0x00, 0x00, 0x00, 0x00, 0x5f,
    0xf7, 0x00, 0x00, 0x00, 0x00, 0x00, 0x00, 0x00, 0x00, 0x5f, 0xf7, 0x00, 0x00, 0x00, 0x00, 0x00,
    0x00, 0x00, 0x00, 0x01, 0x78, 0x72, 0x00, 0x00, 0x00, 0x00, 0x00, 0x02, 0xdf, 0xe4, 0x00, 0x00,
    0x00, 0x00, 0x00, 0x02, 0xdf, 0xb1, 0x00, 0x00, 0x00, 0x00, 0x00, 0x03, 0xef, 0x80, 0x00, 0x00,
    0x00, 0x00, 0x00, 0x00, 0x00, 0x00, 0x00, 0x00, 0x00, 0x09, 0xff, 0xff, 0xff, 0xff, 0xff, 0xff,
    0xff, 0xf3, 0x9f, 0xff, 0xff, 0xff, 0xff, 0xff, 0xff, 0xff, 0x33, 0x55, 0x55, 0x55, 0x55, 0x55,
    0x5c, 0xff, 0xb0, 0x00, 0x00, 0x00, 0x00, 0x00, 0x05, 0xff, 0xd1, 0x00, 0x00, 0x00, 0x00, 0x00,
    0x03, 0xef, 0xf3, 0x00, 0x00, 0x00, 0x00, 0x00, 0x01, 0xdf, 0xf6, 0x00, 0x00, 0x00, 0x00, 0x00,
    0x00, 0xaf, 0xf9, 0x00, 0x00, 0x00, 0x00, 0x00, 0x00, 0x7f, 0xfc, 0x00, 0x00, 0x00, 0x00, 0x00,
    0x00, 0x4f, 0xfe, 0x20, 0x00, 0x00, 0x00, 0x00, 0x00, 0x2e, 0xff, 0x40, 0x00, 0x00, 0x00, 0x00,
    0x00, 0x0c, 0xff, 0x70, 0x00, 0x00, 0x00, 0x00, 0x00, 0x09, 0xff, 0xb0, 0x00, 0x00, 0x00, 0x00,
    0x00, 0x05, 0xff, 0xd1, 0x00, 0x00, 0x00, 0x00, 0x00, 0x03, 0xef, 0xf3, 0x00, 0x00, 0x00, 0x00,
    0x00, 0x01, 0xdf, 0xf6, 0x00, 0x00, 0x00, 0x00, 0x00, 0x00, 0xaf, 0xf9, 0x00, 0x00, 0x00, 0x00,
    0x00, 0x00, 0x7f, 0xfc, 0x00, 0x00, 0x00, 0x00, 0x00, 0x00, 0x4f, 0xff, 0x75, 0x55, 0x55, 0x55,
    0x55, 0x55, 0x3c, 0xff, 0xff, 0xff, 0xff, 0xff, 0xff, 0xff, 0xf9, 0xcf, 0xff, 0xff, 0xff, 0xff,
    0xff, 0xff, 0xff, 0x90, 0x00, 0x00, 0x00, 0x02, 0x78, 0x71, 0x00, 0x00, 0x00, 0x02, 0xdf, 0xd3,
    0x00, 0x00, 0x00, 0x03, 0xef, 0xa1, 0x00, 0x00, 0x00, 0x04, 0xef, 0x70, 0x00, 0x00, 0x00, 0x00,
    0x00, 0x00, 0x00, 0x00, 0x00, 0x00, 0x00, 0x00, 0x00, 0x00, 0x00, 0xbf, 0xff, 0xff, 0xff, 0xff,
    0xff, 0x5b, 0xff, 0xff, 0xff, 0xff, 0xff, 0xf5, 0x45, 0x55, 0x55, 0x55, 0x9f, 0xfc, 0x00, 0x00,
    0x00, 0x00, 0x2e, 0xfe, 0x20, 0x00, 0x00, 0x00, 0x1c, 0xff, 0x30, 0x00, 0x00, 0x00, 0x0a, 0xff,
    0x60, 0x00, 0x00, 0x00, 0x07, 0xff, 0x80, 0x00, 0x00, 0x00, 0x04, 0xff, 0xb0, 0x00, 0x00, 0x00,
    0x02, 0xef, 0xd1, 0x00, 0x00, 0x00, 0x01, 0xdf, 0xe3, 0x00, 0x00, 0x00, 0x00, 0xbf, 0xf5, 0x00,
    0x00, 0x00, 0x00, 0x8f, 0xf7, 0x00, 0x00, 0x00, 0x00, 0x5f, 0xfd, 0x55, 0x55, 0x55, 0x55, 0x3d,
    0xff, 0xff, 0xff, 0xff, 0xff, 0xf8, 0xdf, 0xff, 0xff, 0xff, 0xff, 0xff, 0x80, 0x00, 0x00, 0x00,
    0x0a, 0xe8, 0x00, 0x00, 0x00, 0x00, 0x00, 0x00, 0x03, 0xff, 0xf0, 0x00, 0x00, 0x00, 0x00, 0x00,
    0x00, 0x0b, 0xe8, 0x00, 0x00, 0x00, 0x00, 0x00, 0x00, 0x00, 0x00, 0x00, 0x00, 0x00, 0x00, 0x00,
    0x00, 0x00, 0x00, 0x00, 0x00, 0x00, 0x00, 0x09, 0xff, 0xff, 0xff, 0xff, 0xff, 0xff, 0xff, 0xf3,
    0x9f, 0xff, 0xff, 0xff, 0xff, 0xff, 0xff, 0xff, 0x33, 0x55, 0x55, 0x55, 0x55, 0x55, 0x5c, 0xff,
    0xb0, 0x00, 0x00, 0x00, 0x00, 0x00, 0x05, 0xff, 0xd1, 0x00, 0x00, 0x00, 0x00, 0x00, 0x03, 0xef,
    0xf3, 0x00, 0x00, 0x00, 0x00, 0x00, 0x01, 0xdf, 0xf6, 0x00, 0x00, 0x00, 0x00, 0x00, 0x00, 0xaf,
    0xf9, 0x00, 0x00, 0x00, 0x00, 0x00, 0x00, 0x7f, 0xfc, 0x00, 0x00, 0x00, 0x00, 0x00, 0x00, 0x4f,
    0xfe, 0x20, 0x00, 0x00, 0x00, 0x00, 0x00, 0x2e, 0xff, 0x40, 0x00, 0x00, 0x00, 0x00, 0x00, 0x0c,
    0xff, 0x70, 0x00, 0x00, 0x00, 0x00, 0x00, 0x09, 0xff, 0xb0, 0x00, 0x00, 0x00, 0x00, 0x00, 0x05,
    0xff, 0xd1, 0x00, 0x00, 0x00, 0x00, 0x00, 0x03, 0xef, 0xf3, 0x00, 0x00, 0x00, 0x00, 0x00, 0x01,
    0xdf, 0xf6, 0x00, 0x00, 0x00, 0x00, 0x00, 0x00, 0xaf, 0xf9, 0x00, 0x00, 0x00, 0x00, 0x00, 0x00,
    0x7f, 0xfc, 0x00, 0x00, 0x00, 0x00, 0x00, 0x00, 0x4f, 0xff, 0x75, 0x55, 0x55, 0x55, 0x55, 0x55,
    0x3c, 0xff, 0xff, 0xff, 0xff, 0xff, 0xff, 0xff, 0xf9, 0xcf, 0xff, 0xff, 0xff, 0xff, 0xff, 0xff,
    0xff, 0x90, 0x00, 0x00, 0x1b, 0xe7, 0x00, 0x00, 0x00, 0x00, 0x04, 0xff, 0xe0, 0x00, 0x00, 0x00,
    0x00, 0x1b, 0xe7, 0x00, 0x00, 0x00, 0x00, 0x00, 0x00, 0x00, 0x00, 0x00, 0x00, 0x00, 0x00, 0x00,
    0x00, 0x00, 0x00, 0x00, 0x00, 0x00, 0x00, 0x00, 0x00, 0xbf, 0xff, 0xff, 0xff, 0xff, 0xff, 0x5b,
    0xff, 0xff, 0xff, 0xff, 0xff, 0xf5, 0x45, 0x55, 0x55, 0x55, 0x9f, 0xfc, 0x00, 0x00, 0x00, 0x00,
    0x2e, 0xfe, 0x20, 0x00, 0x00, 0x00, 0x1c, 0xff, 0x30, 0x00, 0x00, 0x00, 0x0a, 0xff, 0x60, 0x00,
    0x00, 0x00, 0x07, 0xff, 0x80, 0x00, 0x00, 0x00, 0x04, 0xff, 0xb0, 0x00, 0x00, 0x00, 0x02, 0xef,
    0xd1, 0x00, 0x00, 0x00, 0x01, 0xdf, 0xe3, 0x00, 0x00, 0x00, 0x00, 0xbf, 0xf5, 0x00, 0x00, 0x00,
    0x00, 0x8f, 0xf7, 0x00, 0x00, 0x00, 0x00, 0x5f, 0xfd, 0x55, 0x55, 0x55, 0x55, 0x3d, 0xff, 0xff,
    0xff, 0xff, 0xff, 0xf8, 0xdf, 0xff, 0xff, 0xff, 0xff, 0xff, 0x80, 0x00, 0x02, 0x87, 0x10, 0x00,
    0x28, 0x71, 0x00, 0x00, 0x00, 0x08, 0xfd, 0x30, 0x5e, 0xf6, 0x00, 0x00, 0x00, 0x00, 0x07, 0xff,
    0xaf, 0xf5, 0x00, 0x00, 0x00, 0x00, 0x00, 0x06, 0xff, 0xe4, 0x00, 0x00, 0x00, 0x00, 0x00, 0x00,
    0x00, 0x00, 0x00, 0x00, 0x00, 0x09, 0xff, 0xff, 0xff, 0xff, 0xff, 0xff, 0xff, 0xf3, 0x9f, 0xff,
    0xff, 0xff, 0xff, 0xff, 0xff, 0xff, 0x33, 0x55, 0x55, 0x55, 0x55, 0x55, 0x5c, 0xff, 0xb0, 0x00,
    0x00, 0x00, 0x00, 0x00, 0x05, 0xff, 0xd1, 0x00, 0x00, 0x00, 0x00, 0x00, 0x03, 0xef, 0xf3, 0x00,
    0x00, 0x00, 0x00, 0x00, 0x01, 0xdf, 0xf6, 0x00, 0x00, 0x00, 0x00, 0x00, 0x00, 0xaf, 0xf9, 0x00,
    0x00, 0x00, 0x00, 0x00, 0x00, 0x7f, 0xfc, 0x00, 0x00, 0x00, 0x00, 0x00, 0x00, 0x4f, 0xfe, 0x20,
    0x00, 0x00, 0x00, 0x00, 0x00, 0x2e, 0xff, 0x40, 0x00, 0x00, 0x00, 0x00, 0x00, 0x0c, 0xff, 0x70,
    0x00, 0x00, 0x00, 0x00, 0x00, 0x09, 0xff, 0xb0, 0x00, 0x00, 0x00, 0x00, 0x00, 0x05, 0xff, 0xd1,
    0x00, 0x00, 0x00, 0x00, 0x00, 0x03, 0xef, 0xf3, 0x00, 0x00, 0x00, 0x00, 0x00, 0x01, 0xdf, 0xf6,
    0x00, 0x00, 0x00, 0x00, 0x00, 0x00, 0xaf, 0xf9, 0x00, 0x00, 0x00, 0x00, 0x00, 0x00, 0x7f, 0xfc,
    0x00, 0x00, 0x00, 0x00, 0x00, 0x00, 0x4f, 0xff, 0x75, 0x55, 0x55, 0x55, 0x55, 0x55, 0x3c, 0xff,
    0xff, 0xff, 0xff, 0xff, 0xff, 0xff, 0xf9, 0xcf, 0xff, 0xff, 0xff, 0xff, 0xff, 0xff, 0xff, 0x90,
    0x03, 0x87, 0x10, 0x00, 0x38, 0x71, 0x00, 0x09, 0xfd, 0x20, 0x6f, 0xf5, 0x00, 0x00, 0x08, 0xfe,
    0xaf, 0xe4, 0x00, 0x00, 0x00, 0x07, 0xff, 0xe3, 0x00, 0x00, 0x00, 0x00, 0x00, 0x00, 0x00, 0x00,
    0x00, 0x00, 0x00, 0x00, 0x00, 0x00, 0x00, 0xbf, 0xff, 0xff, 0xff, 0xff, 0xff, 0x5b, 0xff, 0xff,
    0xff, 0xff, 0xff, 0xf5, 0x45, 0x55, 0x55, 0x55, 0x9f, 0xfc, 0x00, 0x00, 0x00, 0x00, 0x2e, 0xfe,
    0x20, 0x00, 0x00, 0x00, 0x1c, 0xff, 0x30, 0x00, 0x00, 0x00, 0x0a, 0xff, 0x60, 0x00, 0x00, 0x00,
    0x07, 0xff, 0x80, 0x00, 0x00, 0x00, 0x04, 0xff, 0xb0, 0x00, 0x00, 0x00, 0x02, 0xef, 0xd1, 0x00,
    0x00, 0x00, 0x01, 0xdf, 0xe3, 0x00, 0x00, 0x00, 0x00, 0xbf, 0xf5, 0x00, 0x00, 0x00, 0x00, 0x8f,
    0xf7, 0x00, 0x00, 0x00, 0x00, 0x5f, 0xfd, 0x55, 0x55, 0x55, 0x55, 0x3d, 0xff, 0xff, 0xff, 0xff,
    0xff, 0xf8, 0xdf, 0xff, 0xff, 0xff, 0xff, 0xff, 0x80, 0x00, 0x00, 0x06, 0xce, 0xec, 0x60, 0x00,
    0x00, 0xaf, 0xff, 0xff, 0xe0, 0x00, 0x05, 0xff, 0xe7, 0x6a, 0x80, 0x00, 0x0a, 0xff, 0x40, 0x00,
    0x00, 0x00, 0x0b, 0xfe, 0x00, 0x00, 0x00, 0x00, 0x0c, 0xfe, 0x00, 0x00, 0x00, 0x4f, 0xff, 0xfe,
    0x00, 0x00, 0x00, 0x4f, 0xff, 0xfe, 0x00, 0x00, 0x00, 0x25, 0x5d, 0xfe, 0x00, 0x00, 0x00, 0x00,
    0x0c, 0xfe, 0x00, 0x00, 0x00, 0x00, 0x0c, 0xfe, 0x00, 0x00, 0x00, 0x00, 0x0c, 0xfe, 0x00, 0x00,
    0x00, 0x00, 0x0c, 0xfe, 0x00, 0x00, 0x00, 0x00, 0x0c, 0xfe, 0x00, 0x00, 0x00, 0x00, 0x0c, 0xfe,
    0x00, 0x00, 0x00, 0x00, 0x0c, 0xfe, 0x00, 0x00, 0x00, 0x00, 0x0c, 0xfe, 0x00, 0x00, 0x00, 0x00,
    0x0c, 0xfe, 0x00, 0x00, 0x00, 0x00, 0x0c, 0xfe, 0x00, 0x00, 0x00, 0x00, 0x0c, 0xfe, 0x00, 0x00,
    0x00, 0x00, 0x0c, 0xfe, 0x00, 0x00, 0x00, 0x25, 0x55, 0x55, 0x55, 0x16, 0xff, 0xff, 0xff, 0xf2,
    0x6f, 0xff, 0xff, 0xff, 0x20, 0xde, 0xee, 0xee, 0xee, 0xee, 0xee, 0xee, 0x4d, 0xff, 0xff, 0xff,
    0xff, 0xff, 0xff, 0xf5, 0xdf, 0x50, 0x00, 0x00, 0x00, 0x00, 0xef, 0x5d, 0xf5, 0x00, 0x00, 0x00,
    0x00, 0x0e, 0xf5, 0xdf, 0x50, 0x00, 0x00, 0x00, 0x00, 0xef, 0x5d, 0xf5, 0x00, 0x00, 0x00, 0x00,
    0x0e, 0xf5, 0xdf, 0x50, 0x00, 0x00, 0x00, 0x00, 0xef, 0x5d, 0xf5, 0x00, 0x00, 0x00, 0x00, 0x0e,
    0xf5, 0xdf, 0x50, 0x00, 0x00, 0x00, 0x00, 0xef, 0x5d, 0xf5, 0x00, 0x00, 0x00, 0x00, 0x0e, 0xf5,
    0xdf, 0x50, 0x00, 0x00, 0x00, 0x00, 0xef, 0x5d, 0xf5, 0x00, 0x00, 0x00, 0x00, 0x0e, 0xf5, 0xdf,
    0x50, 0x00, 0x00, 0x00, 0x00, 0xef, 0x5d, 0xf5, 0x00, 0x00, 0x00, 0x00, 0x0e, 0xf5, 0xdf, 0x50,
    0x00, 0x00, 0x00, 0x00, 0xef, 0x5d, 0xf5, 0x00, 0x00, 0x00, 0x00, 0x0e, 0xf5, 0xdf, 0x50, 0x00,
    0x00, 0x00, 0x00, 0xef, 0x5d, 0xf5, 0x00, 0x00, 0x00, 0x00, 0x0e, 0xf5, 0xdf, 0xfe, 0xee, 0xee,
    0xee, 0xee, 0xff, 0x5d, 0xff, 0xff, 0xff, 0xff, 0xff, 0xff, 0xf5, 0x45, 0x55, 0x55, 0x55, 0x55,
    0x55, 0x55, 0x55, 0x51, 0xaf, 0xff, 0xff, 0xff, 0xff, 0xff, 0xff, 0xff, 0xf4, 0xaf, 0xff, 0xff,
    0xff, 0xff, 0xff, 0xff, 0xff, 0xf4, 0x55, 0x55, 0x55, 0x55, 0x55, 0x55, 0x55, 0xff, 0xff, 0xff,
    0xff, 0xff, 0xff, 0xff, 0xff, 0xff, 0xff, 0xff, 0xff, 0xff, 0xff, 0x55, 0x55, 0x55, 0x55, 0x55,
    0x55, 0x55, 0x55, 0x55, 0x55, 0x55, 0x55, 0x55, 0x55, 0xff, 0xff, 0xff, 0xff, 0xff, 0xff, 0xff,
    0xff, 0xff, 0xff, 0xff, 0xff, 0xff, 0xff, 0xff, 0xff, 0xff, 0xff, 0xff, 0xff, 0xff, 0xff, 0xff,
    0xff, 0xff, 0xff, 0xff, 0xff, 0x55, 0x55, 0x55, 0x55, 0x55, 0x55, 0x55, 0x55, 0x55, 0x55, 0x55,
    0x55, 0x55, 0x55, 0xff, 0xff, 0xff, 0xff, 0xff, 0xff, 0xff, 0xff, 0xff, 0xff, 0xff, 0xff, 0xff,
    0xff, 0xff, 0xff, 0xff, 0xff, 0xff, 0xff, 0xff, 0xff, 0xff, 0xff, 0xff, 0xff, 0xff, 0xff, 0xde,
    0xee, 0xee, 0xee, 0xee, 0xee, 0xee, 0x4d, 0xff, 0xff, 0xff, 0xff, 0xff, 0xff, 0xf5, 0xdf, 0x50,
    0x00, 0x00, 0x00, 0x00, 0xef, 0x5d, 0xf5, 0x00, 0x00, 0x00, 0x00, 0x0e, 0xf5, 0xdf, 0x50, 0x00,
    0x00, 0x00, 0x00, 0xef, 0x5d, 0xf5, 0x00, 0x00, 0x00, 0x00, 0x0e, 0xf5, 0xdf, 0x50, 0x00, 0x00,
    0x00, 0x00, 0xef, 0x5d, 0xf5, 0x00, 0x00, 0x00, 0x00, 0x0e, 0xf5, 0xdf, 0x50, 0x00, 0x00, 0x00,
    0x00, 0xef, 0x5d, 0xf5, 0x00, 0x00, 0x00, 0x00, 0x0e, 0xf5, 0xdf, 0x50, 0x00, 0x00, 0x00, 0x00,
    0xef, 0x5d, 0xf5, 0x00, 0x00, 0x00, 0x00, 0x0e, 0xf5, 0xdf, 0x50, 0x00, 0x00, 0x00, 0x00, 0xef,
    0x5d, 0xf5, 0x00, 0x00, 0x00, 0x00, 0x0e, 0xf5, 0xdf, 0x50, 0x00, 0x00, 0x00, 0x00, 0xef, 0x5d,
    0xf5, 0x00, 0x00, 0x00, 0x00, 0x0e, 0xf5, 0xdf, 0x50, 0x00, 0x00, 0x00, 0x00, 0xef, 0x5d, 0xf5,
    0x00, 0x00, 0x00, 0x00, 0x0e, 0xf5, 0xdf, 0xfe, 0xee, 0xee, 0xee, 0xee, 0xff, 0x5d, 0xff, 0xff,
    0xff, 0xff, 0xff, 0xff, 0xf5, 0xde, 0xee, 0xee, 0xee, 0xee, 0xee, 0xee, 0x4d, 0xff, 0xff, 0xff,
    0xff, 0xff, 0xff, 0xf5, 0xdf, 0x50, 0x00, 0x00, 0x00, 0x00, 0xef, 0x5d, 0xf5, 0x00, 0x00, 0x00,
    0x00, 0x0e, 0xf5, 0xdf, 0x50, 0x00, 0x00, 0x00, 0x00, 0xef, 0x5d, 0xf5, 0x00, 0x00, 0x00, 0x00,
    0x0e, 0xf5, 0xdf, 0x50, 0x00, 0x00, 0x00, 0x00, 0xef, 0x5d, 0xf5, 0x00, 0x00, 0x00, 0x00, 0x0e,
    0xf5, 0xdf, 0x50, 0x00, 0x00, 0x00, 0x00, 0xef, 0x5d, 0xf5, 0x00, 0x00, 0x00, 0x00, 0x0e, 0xf5,
    0xdf, 0x50, 0x00, 0x00, 0x00, 0x00, 0xef, 0x5d, 0xf5, 0x00, 0x00, 0x00, 0x00, 0x0e, 0xf5, 0xdf,
    0x50, 0x00, 0x00, 0x00, 0x00, 0xef, 0x5d, 0xf5, 0x00, 0x00, 0x00, 0x00, 0x0e, 0xf5, 0xdf, 0x50,
    0x00, 0x00, 0x00, 0x00, 0xef, 0x5d, 0xf5, 0x00, 0x00, 0x00, 0x00, 0x0e, 0xf5, 0xdf, 0x50, 0x00,
    0x00, 0x00, 0x00, 0xef, 0x5d, 0xf5, 0x00, 0x00, 0x00, 0x00, 0x0e, 0xf5, 0xdf, 0xfe, 0xee, 0xee,
    0xee, 0xee, 0xff, 0x5d, 0xff, 0xff, 0xff, 0xff, 0xff, 0xff, 0xf5, 0x01, 0xfb, 0x06, 0xf8, 0x0b,
    0xf4, 0x1f, 0xf1, 0x6f, 0xe3, 0xaf, 0xfe, 0x9f, 0xfe, 0x2c, 0xe5, 0x2c, 0xe6, 0x09, 0xff, 0xe0,
    0x8f, 0xff, 0x01, 0xcf, 0xb0, 0x0a, 0xf6, 0x00, 0xef, 0x10, 0x2f, 0xb0, 0x06, 0xf6, 0x00, 0x2c,
    0xe6, 0x09, 0xff, 0xe0, 0x8f, 0xfe, 0x02, 0xcf, 0xb0, 0x0a, 0xf6, 0x00, 0xef, 0x10, 0x2f, 0xb0,
    0x06, 0xf6, 0x00, 0xde, 0xee, 0xee, 0xee, 0xee, 0xee, 0xee, 0x4d, 0xff, 0xff, 0xff, 0xff, 0xff,
    0xff, 0xf5, 0xdf, 0x50, 0x00, 0x00, 0x00, 0x00, 0xef, 0x5d, 0xf5, 0x00, 0x00, 0x00, 0x00, 0x0e,
    0xf5, 0xdf, 0x50, 0x00, 0x00, 0x00, 0x00, 0xef, 0x5d, 0xf5, 0x00, 0x00, 0x00, 0x00, 0x0e, 0xf5,
    0xdf, 0x50, 0x00, 0x00, 0x00, 0x00, 0xef, 0x5d, 0xf5, 0x00, 0x00, 0x00, 0x00, 0x0e, 0xf5, 0xdf,
    0x50, 0x00, 0x00, 0x00, 0x00, 0xef, 0x5d, 0xf5, 0x00, 0x00, 0x00, 0x00, 0x0e, 0xf5, 0xdf, 0x50,
    0x00, 0x00, 0x00, 0x00, 0xef, 0x5d, 0xf5, 0x00, 0x00, 0x00, 0x00, 0x0e, 0xf5, 0xdf, 0x50, 0x00,
    0x00, 0x00, 0x00, 0xef, 0x5d, 0xf5, 0x00, 0x00, 0x00, 0x00, 0x0e, 0xf5, 0xdf, 0x50, 0x00, 0x00,
    0x00, 0x00, 0xef, 0x5d, 0xf5, 0x00, 0x00, 0x00, 0x00, 0x0e, 0xf5, 0xdf, 0x50, 0x00, 0x00, 0x00,
    0x00, 0xef, 0x5d, 0xf5, 0x00, 0x00, 0x00, 0x00, 0x0e, 0xf5, 0xdf, 0xfe, 0xee, 0xee, 0xee, 0xee,
    0xff, 0x5d, 0xff, 0xff, 0xff, 0xff, 0xff, 0xff, 0xf5, 0x01, 0xfb, 0x00, 0x0b, 0xf1, 0x06, 0xf8,
    0x00, 0x1f, 0xc0, 0x0b, 0xf4, 0x00, 0x6f, 0x90, 0x1f, 0xf1, 0x00, 0xbf, 0x50, 0x6f, 0xe3, 0x01,
    0xff, 0x70, 0xaf, 0xfe, 0x05, 0xff, 0xf3, 0x9f, 0xfe, 0x05, 0xff, 0xf3, 0x2c, 0xe5, 0x00, 0xae,
    0x90, 0x2c, 0xe6, 0x00, 0xae, 0xa0, 0x9f, 0xfe, 0x04, 0xff, 0xf4, 0x8f, 0xff, 0x04, 0xff, 0xf4,
    0x1c, 0xfb, 0x00, 0x9f, 0xf1, 0x0a, 0xf6, 0x00, 0x6f, 0xb0, 0x0e, 0xf1, 0x00, 0x9f, 0x60, 0x2f,
    0xb0, 0x00, 0xdf, 0x10, 0x6f, 0x60, 0x01, 0xfb, 0x00, 0x2c, 0xe6, 0x00, 0xae, 0xa0, 0x9f, 0xfe,
    0x04, 0xff, 0xf4, 0x8f, 0xfe, 0x04, 0xff, 0xf4, 0x2c, 0xfb, 0x00, 0x9f, 0xf1, 0x0a, 0xf6, 0x00,
    0x5f, 0xa0, 0x0e, 0xf1, 0x00, 0x9f, 0x60, 0x2f, 0xb0, 0x00, 0xdf, 0x10, 0x6f, 0x60, 0x01, 0xfb,
    0x00, 0xde, 0xee, 0xee, 0xee, 0xee, 0xee, 0xee, 0x4d, 0xff, 0xff, 0xff, 0xff, 0xff, 0xff, 0xf5,
    0xdf, 0x50, 0x00, 0x00, 0x00, 0x00, 0xef, 0x5d, 0xf5, 0x00, 0x00, 0x00, 0x00, 0x0e, 0xf5, 0xdf,
    0x50, 0x00, 0x00, 0x00, 0x00, 0xef, 0x5d, 0xf5, 0x00, 0x00, 0x00, 0x00, 0x0e, 0xf5, 0xdf, 0x50,
    0x00, 0x00, 0x00, 0x00, 0xef, 0x5d, 0xf5, 0x00, 0x00, 0x00, 0x00, 0x0e, 0xf5, 0xdf, 0x50, 0x00,
    0x00, 0x00, 0x00, 0xef, 0x5d, 0xf5, 0x00, 0x00, 0x00, 0x00, 0x0e, 0xf5, 0xdf, 0x50, 0x00, 0x00,
    0x00, 0x00, 0xef, 0x5d, 0xf5, 0x00, 0x00, 0x00, 0x00, 0x0e, 0xf5, 0xdf, 0x50, 0x00, 0x00, 0x00,
    0x00, 0xef, 0x5d, 0xf5, 0x00, 0x00, 0x00, 0x00, 0x0e, 0xf5, 0xdf, 0x50, 0x00, 0x00, 0x00, 0x00,
    0xef, 0x5d, 0xf5, 0x00, 0x00, 0x00, 0x00, 0x0e, 0xf5, 0xdf, 0x50, 0x00, 0x00, 0x00, 0x00, 0xef,
    0x5d, 0xf5, 0x00, 0x00, 0x00, 0x00, 0x0e, 0xf5, 0xdf, 0xfe, 0xee, 0xee, 0xee, 0xee, 0xff, 0x5d,
    0xff, 0xff, 0xff, 0xff, 0xff, 0xff, 0xf5, 0x00, 0x00, 0x00, 0x8f, 0xf2, 0x00, 0x00, 0x00, 0x00,
    0x00, 0x08, 0xff, 0x20, 0x00, 0x00, 0x00, 0x00, 0x00, 0x8f, 0xf2, 0x00, 0x00, 0x00, 0x00, 0x00,
    0x08, 0xff, 0x20, 0x00, 0x00, 0x00, 0x00, 0x00, 0x8f, 0xf2, 0x00, 0x00, 0x00, 0x00, 0x00, 0x08,
    0xff, 0x20, 0x00, 0x00, 0x15, 0x55, 0x55, 0xbf, 0xf7, 0x55, 0x55, 0x52, 0xff, 0xff, 0xff, 0xff,
    0xff, 0xff, 0xfd, 0x2f, 0xff, 0xff, 0xff, 0xff, 0xff, 0xff, 0xd0, 0x00, 0x00, 0x08, 0xff, 0x20,
    0x00, 0x00, 0x00, 0x00, 0x00, 0x8f, 0xf2, 0x00, 0x00, 0x00, 0x00, 0x00, 0x08, 0xff, 0x20, 0x00,
    0x00, 0x00, 0x00, 0x00, 0x8f, 0xf2, 0x00, 0x00, 0x00, 0x00, 0x00, 0x08, 0xff, 0x20, 0x00, 0x00,
    0x00, 0x00, 0x00, 0x8f, 0xf2, 0x00, 0x00, 0x00, 0x00, 0x00, 0x08, 0xff, 0x20, 0x00, 0x00, 0x00,
    0x00, 0x00, 0x8f, 0xf2, 0x00, 0x00, 0x00, 0x00, 0x00, 0x08, 0xff, 0x20, 0x00, 0x00, 0x00, 0x00,
    0x00, 0x8f, 0xf2, 0x00, 0x00, 0x00, 0x00, 0x00, 0x08, 0xff, 0x20, 0x00, 0x00, 0x00, 0x00, 0x00,
    0x8f, 0xf2, 0x00, 0x00, 0x00, 0x00, 0x00, 0x08, 0xff, 0x20, 0x00, 0x00, 0x00, 0x00, 0x00, 0x8f,
    0xf2, 0x00, 0x00, 0x00, 0x00, 0x00, 0x08, 0xff, 0x20, 0x00, 0x00, 0x00, 0x00, 0x00, 0x8f, 0xf2,
    0x00, 0x00, 0x00, 0x00, 0x00, 0x00, 0x8f, 0xf2, 0x00, 0x00, 0x00, 0x00, 0x00, 0x08, 0xff, 0x20,
    0x00, 0x00, 0x00, 0x00, 0x00, 0x8f, 0xf2, 0x00, 0x00, 0x00, 0x00, 0x00, 0x08, 0xff, 0x20, 0x00,
    0x00, 0x00, 0x00, 0x00, 0x8f, 0xf2, 0x00, 0x00, 0x00, 0x00, 0x00, 0x08, 0xff, 0x20, 0x00, 0x00,
    0x15, 0x55, 0x55, 0xbf, 0xf7, 0x55, 0x55, 0x52, 0xff, 0xff, 0xff, 0xff, 0xff, 0xff, 0xfd, 0x2f,
    0xff, 0xff, 0xff, 0xff, 0xff, 0xff, 0xd0, 0x00, 0x00, 0x08, 0xff, 0x20, 0x00, 0x00, 0x00, 0x00,
    0x00, 0x8f, 0xf2, 0x00, 0x00, 0x00, 0x00, 0x00, 0x08, 0xff, 0x20, 0x00, 0x00, 0x00, 0x00, 0x00,
    0x8f, 0xf2, 0x00, 0x00, 0x00, 0x00, 0x00, 0x08, 0xff, 0x20, 0x00, 0x00, 0x00, 0x00, 0x00, 0x8f,
    0xf2, 0x00, 0x00, 0x00, 0x00, 0x00, 0x08, 0xff, 0x20, 0x00, 0x00, 0x2f, 0xff, 0xff, 0xff, 0xff,
    0xff, 0xff, 0xd2, 0xff, 0xff, 0xff, 0xff, 0xff, 0xff, 0xfd, 0x15, 0x55, 0x55, 0xbf, 0xf7, 0x55,
    0x55, 0x50, 0x00, 0x00, 0x08, 0xff, 0x20, 0x00, 0x00, 0x00, 0x00, 0x00, 0x8f, 0xf2, 0x00, 0x00,
    0x00, 0x00, 0x00, 0x08, 0xff, 0x20, 0x00, 0x00, 0x00, 0x00, 0x00, 0x8f, 0xf2, 0x00, 0x00, 0x00,
    0x00, 0x00, 0x08, 0xff, 0x20, 0x00, 0x00, 0x00, 0x00, 0x00, 0x8f, 0xf2, 0x00, 0x00, 0x00, 0x03,
    0xce, 0xa1, 0x0d, 0xff, 0xfa, 0x2f, 0xff, 0xfd, 0x0d, 0xff, 0xfa, 0x03, 0xce, 0xb1, 0xde, 0xee,
    0xee, 0xee, 0xee, 0xee, 0xee, 0x4d, 0xff, 0xff, 0xff, 0xff, 0xff, 0xff, 0xf5, 0xdf, 0x50, 0x00,
    0x00, 0x00, 0x00, 0xef, 0x5d, 0xf5, 0x00, 0x00, 0x00, 0x00, 0x0e, 0xf5, 0xdf, 0x50, 0x00, 0x00,
    0x00, 0x00, 0xef, 0x5d, 0xf5, 0x00, 0x00, 0x00, 0x00, 0x0e, 0xf5, 0xdf, 0x50, 0x00, 0x00, 0x00,
    0x00, 0xef, 0x5d, 0xf5, 0x00, 0x00, 0x00, 0x00, 0x0e, 0xf5, 0xdf, 0x50, 0x00, 0x00, 0x00, 0x00,
    0xef, 0x5d, 0xf5, 0x00, 0x00, 0x00, 0x00, 0x0e, 0xf5, 0xdf, 0x50, 0x00, 0x00, 0x00, 0x00, 0xef,
    0x5d, 0xf5, 0x00, 0x00, 0x00, 0x00, 0x0e, 0xf5, 0xdf, 0x50, 0x00, 0x00, 0x00, 0x00, 0xef, 0x5d,
    0xf5, 0x00, 0x00, 0x00, 0x00, 0x0e, 0xf5, 0xdf, 0x50, 0x00, 0x00, 0x00, 0x00, 0xef, 0x5d, 0xf5,
    0x00, 0x00, 0x00, 0x00, 0x0e, 0xf5, 0xdf, 0x50, 0x00, 0x00, 0x00, 0x00, 0xef, 0x5d, 0xf5, 0x00,
    0x00, 0x00, 0x00, 0x0e, 0xf5, 0xdf, 0xfe, 0xee, 0xee, 0xee, 0xee, 0xff, 0x5d, 0xff, 0xff, 0xff,
    0xff, 0xff, 0xff, 0xf5, 0xde, 0xee, 0xee, 0xee, 0xee, 0xee, 0xee, 0x4d, 0xff, 0xff, 0xff, 0xff,
    0xff, 0xff, 0xf5, 0xdf, 0x50, 0x00, 0x00, 0x00, 0x00, 0xef, 0x5d, 0xf5, 0x00, 0x00, 0x00, 0x00,
    0x0e, 0xf5, 0xdf, 0x50, 0x00, 0x00, 0x00, 0x00, 0xef, 0x5d, 0xf5, 0x00, 0x00, 0x00, 0x00, 0x0e,
    0xf5, 0xdf, 0x50, 0x00, 0x00, 0x00, 0x00, 0xef, 0x5d, 0xf5, 0x00, 0x00, 0x00, 0x00, 0x0e, 0xf5,
    0xdf, 0x50, 0x00, 0x00, 0x00, 0x00, 0xef, 0x5d, 0xf5, 0x00, 0x00, 0x00, 0x00, 0x0e, 0xf5, 0xdf,
    0x50, 0x00, 0x00, 0x00, 0x00, 0xef, 0x5d, 0xf5, 0x00, 0x00, 0x00, 0x00, 0x0e, 0xf5, 0xdf, 0x50,
    0x00, 0x00, 0x00, 0x00, 0xef, 0x5d, 0xf5, 0x00, 0x00, 0x00, 0x00, 0x0e, 0xf5, 0xdf, 0x50, 0x00,
    0x00, 0x00, 0x00, 0xef, 0x5d, 0xf5, 0x00, 0x00, 0x00, 0x00, 0x0e, 0xf5, 0xdf, 0x50, 0x00, 0x00,
    0x00, 0x00, 0xef, 0x5d, 0xf5, 0x00, 0x00, 0x00, 0x00, 0x0e, 0xf5, 0xdf, 0xfe, 0xee, 0xee, 0xee,
    0xee, 0xff, 0x5d, 0xff, 0xff, 0xff, 0xff, 0xff, 0xff, 0xf5, 0xde, 0xee, 0xee, 0xee, 0xee, 0xee,
    0xee, 0x4d, 0xff, 0xff, 0xff, 0xff, 0xff, 0xff, 0xf5, 0xdf, 0x50, 0x00, 0x00, 0x00, 0x00, 0xef,
    0x5d, 0xf5, 0x00, 0x00, 0x00, 0x00, 0x0e, 0xf5, 0xdf, 0x50, 0x00, 0x00, 0x00, 0x00, 0xef, 0x5d,
    0xf5, 0x00, 0x00, 0x00, 0x00, 0x0e, 0xf5, 0xdf, 0x50, 0x00, 0x00, 0x00, 0x00, 0xef, 0x5d, 0xf5,
    0x00, 0x00, 0x00, 0x00, 0x0e, 0xf5, 0xdf, 0x50, 0x00, 0x00, 0x00, 0x00, 0xef, 0x5d, 0xf5, 0x00,
    0x00, 0x00, 0x00, 0x0e, 0xf5, 0xdf, 0x50, 0x00, 0x00, 0x00, 0x00, 0xef, 0x5d, 0xf5, 0x00, 0x00,
    0x00, 0x00, 0x0e, 0xf5, 0xdf, 0x50, 0x00, 0x00, 0x00, 0x00, 0xef, 0x5d, 0xf5, 0x00, 0x00, 0x00,
    0x00, 0x0e, 0xf5, 0xdf, 0x50, 0x00, 0x00, 0x00, 0x00, 0xef, 0x5d, 0xf5, 0x00, 0x00, 0x00, 0x00,
    0x0e, 0xf5, 0xdf, 0x50, 0x00, 0x00, 0x00, 0x00, 0xef, 0x5d, 0xf5, 0x00, 0x00, 0x00, 0x00, 0x0e,
    0xf5, 0xdf, 0xfe, 0xee, 0xee, 0xee, 0xee, 0xff, 0x5d, 0xff, 0xff, 0xff, 0xff, 0xff, 0xff, 0xf5,
    0x2c, 0xe6, 0x00, 0x07, 0xeb, 0x10, 0x02, 0xce, 0x59, 0xff, 0xe0, 0x02, 0xff, 0xf7, 0x00, 0xaf,
    0xfe, 0x9f, 0xfe, 0x00, 0x2f, 0xff, 0x70, 0x0a, 0xff, 0xe2, 0xce, 0x50, 0x00, 0x7e, 0xb1, 0x00,
    0x2c, 0xe5,
};

static const lv_font_fmt_txt_glyph_dsc_t glyph_dsc[] = {
    {.bitmap_index = 0, .adv_w = 0, .box_w = 0, .box_h = 0, .ofs_x = 0, .ofs_y = 0}, /* id = 0 reserved */
    {.bitmap_index = 0, .adv_w = 128, .box_w = 0, .box_h = 0, .ofs_x = 0, .ofs_y = 0}, /* U+0020 */
    {.bitmap_index = 0, .adv_w = 128, .box_w = 5, .box_h = 20, .ofs_x = 1, .ofs_y = 0}, /* U+0021 */
    {.bitmap_index = 50, .adv_w = 176, .box_w = 9, .box_h = 8, .ofs_x = 1, .ofs_y = 12}, /* U+0022 */
    {.bitmap_index = 86, .adv_w = 320, .box_w = 19, .box_h = 20, .ofs_x = 0, .ofs_y = 0}, /* U+0023 */
    {.bitmap_index = 276, .adv_w = 272, .box_w = 16, .box_h = 26, .ofs_x = 1, .ofs_y = -3}, /* U+0024 */
    {.bitmap_index = 484, .adv_w = 384, .box_w = 22, .box_h = 20, .ofs_x = 1, .ofs_y = 0}, /* U+0025 */
    {.bitmap_index = 704, .adv_w = 304, .box_w = 18, .box_h = 20, .ofs_x = 1, .ofs_y = 0}, /* U+0026 */
    {.bitmap_index = 884, .adv_w = 96, .box_w = 4, .box_h = 8, .ofs_x = 1, .ofs_y = 12}, /* U+0027 */
    {.bitmap_index = 900, .adv_w = 144, .box_w = 7, .box_h = 26, .ofs_x = 2, .ofs_y = -5}, /* U+0028 */
    {.bitmap_index = 991, .adv_w = 144, .box_w = 7, .box_h = 26, .ofs_x = 0, .ofs_y = -5}, /* U+0029 */
    {.bitmap_index = 1082, .adv_w = 176, .box_w = 11, .box_h = 10, .ofs_x = 0, .ofs_y = 11}, /* U+002A */
    {.bitmap_index = 1137, .adv_w = 256, .box_w = 14, .box_h = 12, .ofs_x = 1, .ofs_y = 4}, /* U+002B */
    {.bitmap_index = 1221, .adv_w = 96, .box_w = 5, .box_h = 8, .ofs_x = 1, .ofs_y = -4}, /* U+002C */
    {.bitmap_index = 1241, .adv_w = 176, .box_w = 9, .box_h = 3, .ofs_x = 1, .ofs_y = 7}, /* U+002D */
    {.bitmap_index = 1255, .adv_w = 96, .box_w = 5, .box_h = 4, .ofs_x = 1, .ofs_y = 0}, /* U+002E */
    {.bitmap_index = 1265, .adv_w = 160, .box_w = 12, .box_h = 27, .ofs_x = -1, .ofs_y = -3}, /* U+002F */
    {.bitmap_index = 1427, .adv_w = 304, .box_w = 17, .box_h = 20, .ofs_x = 1, .ofs_y = 0}, /* U+0030 */
    {.bitmap_index = 1597, .adv_w = 160, .box_w = 8, .box_h = 20, .ofs_x = 0, .ofs_y = 0}, /* U+0031 */
    {.bitmap_index = 1677, .adv_w = 256, .box_w = 16, .box_h = 20, .ofs_x = 0, .ofs_y = 0}, /* U+0032 */
    {.bitmap_index = 1837, .adv_w = 256, .box_w = 15, .box_h = 20, .ofs_x = 0, .ofs_y = 0}, /* U+0033 */
    {.bitmap_index = 1987, .adv_w = 304, .box_w = 18, .box_h = 20, .ofs_x = 1, .ofs_y = 0}, /* U+0034 */
    {.bitmap_index = 2167, .adv_w = 256, .box_w = 16, .box_h = 20, .ofs_x = 0, .ofs_y = 0}, /* U+0035 */
    {.bitmap_index = 2327, .adv_w = 272, .box_w = 16, .box_h = 20, .ofs_x = 1, .ofs_y = 0}, /* U+0036 */
    {.bitmap_index = 2487, .adv_w = 272, .box_w = 16, .box_h = 20, .ofs_x = 0, .ofs_y = 0}, /* U+0037 */
    {.bitmap_index = 2647, .adv_w = 288, .box_w = 16, .box_h = 20, .ofs_x = 1, .ofs_y = 0}, /* U+0038 */
    {.bitmap_index = 2807, .adv_w = 272, .box_w = 16, .box_h = 20, .ofs_x = 0, .ofs_y = 0}, /* U+0039 */
    {.bitmap_index = 2967, .adv_w = 96, .box_w = 5, .box_h = 15, .ofs_x = 1, .ofs_y = 0}, /* U+003A */
    {.bitmap_index = 3005, .adv_w = 96, .box_w = 5, .box_h = 19, .ofs_x = 1, .ofs_y = -4}, /* U+003B */
    {.bitmap_index = 3053, .adv_w = 256, .box_w = 14, .box_h = 13, .ofs_x = 1, .ofs_y = 3}, /* U+003C */
    {.bitmap_index = 3144, .adv_w = 256, .box_w = 14, .box_h = 9, .ofs_x = 1, .ofs_y = 5}, /* U+003D */
    {.bitmap_index = 3207, .adv_w = 256, .box_w = 14, .box_h = 13, .ofs_x = 1, .ofs_y = 3}, /* U+003E */
    {.bitmap_index = 3298, .adv_w = 256, .box_w = 15, .box_h = 20, .ofs_x = 0, .ofs_y = 0}, /* U+003F */
    {.bitmap_index = 3448, .adv_w = 464, .box_w = 27, .box_h = 25, .ofs_x = 1, .ofs_y = -5}, /* U+0040 */
    {.bitmap_index = 3786, .adv_w = 336, .box_w = 21, .box_h = 20, .ofs_x = 0, .ofs_y = 0}, /* U+0041 */
    {.bitmap_index = 3996, .adv_w = 336, .box_w = 18, .box_h = 20, .ofs_x = 2, .ofs_y = 0}, /* U+0042 */
    {.bitmap_index = 4176, .adv_w = 320, .box_w = 19, .box_h = 20, .ofs_x = 1, .ofs_y = 0}, /* U+0043 */
    {.bitmap_index = 4366, .adv_w = 368, .box_w = 20, .box_h = 20, .ofs_x = 2, .ofs_y = 0}, /* U+0044 */
    {.bitmap_index = 4566, .adv_w = 304, .box_w = 16, .box_h = 20, .ofs_x = 2, .ofs_y = 0}, /* U+0045 */
    {.bitmap_index = 4726, .adv_w = 288, .box_w = 15, .box_h = 20, .ofs_x = 2, .ofs_y = 0}, /* U+0046 */
    {.bitmap_index = 4876, .adv_w = 352, .box_w = 19, .box_h = 20, .ofs_x = 1, .ofs_y = 0}, /* U+0047 */
    {.bitmap_index = 5066, .adv_w = 368, .box_w = 18, .box_h = 20, .ofs_x = 2, .ofs_y = 0}, /* U+0048 */
    {.bitmap_index = 5246, .adv_w = 144, .box_w = 4, .box_h = 20, .ofs_x = 2, .ofs_y = 0}, /* U+0049 */
    {.bitmap_index = 5286, .adv_w = 224, .box_w = 13, .box_h = 20, .ofs_x = -1, .ofs_y = 0}, /* U+004A */
    {.bitmap_index = 5416, .adv_w = 320, .box_w = 19, .box_h = 20, .ofs_x = 2, .ofs_y = 0}, /* U+004B */
    {.bitmap_index = 5606, .adv_w = 272, .box_w = 15, .box_h = 20, .ofs_x = 2, .ofs_y = 0}, /* U+004C */
    {.bitmap_index = 5756, .adv_w = 432, .box_w = 22, .box_h = 20, .ofs_x = 2, .ofs_y = 0}, /* U+004D */
    {.bitmap_index = 5976, .adv_w = 368, .box_w = 18, .box_h = 20, .ofs_x = 2, .ofs_y = 0}, /* U+004E */
    {.bitmap_index = 6156, .adv_w = 384, .box_w = 22, .box_h = 20, .ofs_x = 1, .ofs_y = 0}, /* U+004F */
    {.bitmap_index = 6376, .adv_w = 320, .box_w = 17, .box_h = 20, .ofs_x = 2, .ofs_y = 0}, /* U+0050 */
    {.bitmap_index = 6546, .adv_w = 384, .box_w = 23, .box_h = 24, .ofs_x = 1, .ofs_y = -4}, /* U+0051 */
    {.bitmap_index = 6822, .adv_w = 320, .box_w = 18, .box_h = 20, .ofs_x = 2, .ofs_y = 0}, /* U+0052 */
    {.bitmap_index = 7002, .adv_w = 272, .box_w = 16, .box_h = 20, .ofs_x = 1, .ofs_y = 0}, /* U+0053 */
    {.bitmap_index = 7162, .adv_w = 256, .box_w = 17, .box_h = 20, .ofs_x = 0, .ofs_y = 0}, /* U+0054 */
    {.bitmap_index = 7332, .adv_w = 352, .box_w = 18, .box_h = 20, .ofs_x = 2, .ofs_y = 0}, /* U+0055 */
    {.bitmap_index = 7512, .adv_w = 320, .box_w = 20, .box_h = 20, .ofs_x = 0, .ofs_y = 0}, /* U+0056 */
    {.bitmap_index = 7712, .adv_w = 512, .box_w = 31, .box_h = 20, .ofs_x = 0, .ofs_y = 0}, /* U+0057 */
    {.bitmap_index = 8022, .adv_w = 304, .box_w = 19, .box_h = 20, .ofs_x = 0, .ofs_y = 0}, /* U+0058 */
    {.bitmap_index = 8212, .adv_w = 288, .box_w = 20, .box_h = 20, .ofs_x = -1, .ofs_y = 0}, /* U+0059 */
    {.bitmap_index = 8412, .adv_w = 288, .box_w = 17, .box_h = 20, .ofs_x = 1, .ofs_y = 0}, /* U+005A */
    {.bitmap_index = 8582, .adv_w = 144, .box_w = 7, .box_h = 26, .ofs_x = 2, .ofs_y = -5}, /* U+005B */
    {.bitmap_index = 8673, .adv_w = 160, .box_w = 13, .box_h = 27, .ofs_x = -2, .ofs_y = -3}, /* U+005C */
    {.bitmap_index = 8849, .adv_w = 144, .box_w = 7, .box_h = 26, .ofs_x = 0, .ofs_y = -5}, /* U+005D */
    {.bitmap_index = 8940, .adv_w = 256, .box_w = 13, .box_h = 12, .ofs_x = 2, .ofs_y = 4}, /* U+005E */
    {.bitmap_index = 9018, .adv_w = 224, .box_w = 14, .box_h = 2, .ofs_x = 0, .ofs_y = -2}, /* U+005F */
    {.bitmap_index = 9032, .adv_w = 272, .box_w = 8, .box_h = 4, .ofs_x = 3, .ofs_y = 17}, /* U+0060 */
    {.bitmap_index = 9048, .adv_w = 272, .box_w = 14, .box_h = 15, .ofs_x = 1, .ofs_y = 0}, /* U+0061 */
    {.bitmap_index = 9153, .adv_w = 304, .box_w = 16, .box_h = 21, .ofs_x = 2, .ofs_y = 0}, /* U+0062 */
    {.bitmap_index = 9321, .adv_w = 256, .box_w = 14, .box_h = 15, .ofs_x = 1, .ofs_y = 0}, /* U+0063 */
    {.bitmap_index = 9426, .adv_w = 304, .box_w = 16, .box_h = 21, .ofs_x = 1, .ofs_y = 0}, /* U+0064 */
    {.bitmap_index = 9594, .adv_w = 272, .box_w = 15, .box_h = 15, .ofs_x = 1, .ofs_y = 0}, /* U+0065 */
    {.bitmap_index = 9707, .adv_w = 160, .box_w = 11, .box_h = 21, .ofs_x = 0, .ofs_y = 0}, /* U+0066 */
    {.bitmap_index = 9823, .adv_w = 304, .box_w = 16, .box_h = 20, .ofs_x = 1, .ofs_y = -5}, /* U+0067 */
    {.bitmap_index = 9983, .adv_w = 304, .box_w = 15, .box_h = 21, .ofs_x = 2, .ofs_y = 0}, /* U+0068 */
    {.bitmap_index = 10141, .adv_w = 128, .box_w = 4, .box_h = 21, .ofs_x = 2, .ofs_y = 0}, /* U+0069 */
    {.bitmap_index = 10183, .adv_w = 128, .box_w = 9, .box_h = 26, .ofs_x = -3, .ofs_y = -5}, /* U+006A */
    {.bitmap_index = 10300, .adv_w = 272, .box_w = 16, .box_h = 21, .ofs_x = 2, .ofs_y = 0}, /* U+006B */
    {.bitmap_index = 10468, .adv_w = 128, .box_w = 4, .box_h = 21, .ofs_x = 2, .ofs_y = 0}, /* U+006C */
    {.bitmap_index = 10510, .adv_w = 480, .box_w = 26, .box_h = 15, .ofs_x = 2, .ofs_y = 0}, /* U+006D */
    {.bitmap_index = 10705, .adv_w = 304, .box_w = 15, .box_h = 15, .ofs_x = 2, .ofs_y = 0}, /* U+006E */
    {.bitmap_index = 10818, .adv_w = 288, .box_w = 16, .box_h = 15, .ofs_x = 1, .ofs_y = 0}, /* U+006F */
    {.bitmap_index = 10938, .adv_w = 304, .box_w = 16, .box_h = 20, .ofs_x = 2, .ofs_y = -5}, /* U+0070 */
    {.bitmap_index = 11098, .adv_w = 304, .box_w = 16, .box_h = 20, .ofs_x = 1, .ofs_y = -5}, /* U+0071 */
    {.bitmap_index = 11258, .adv_w = 176, .box_w = 9, .box_h = 15, .ofs_x = 2, .ofs_y = 0}, /* U+0072 */
    {.bitmap_index = 11326, .adv_w = 224, .box_w = 14, .box_h = 15, .ofs_x = 0, .ofs_y = 0}, /* U+0073 */
    {.bitmap_index = 11431, .adv_w = 192, .box_w = 11, .box_h = 19, .ofs_x = 0, .ofs_y = 0}, /* U+0074 */
    {.bitmap_index = 11536, .adv_w = 304, .box_w = 15, .box_h = 15, .ofs_x = 2, .ofs_y = 0}, /* U+0075 */
    {.bitmap_index = 11649, .adv_w = 256, .box_w = 17, .box_h = 15, .ofs_x = -1, .ofs_y = 0}, /* U+0076 */
    {.bitmap_index = 11777, .adv_w = 400, .box_w = 25, .box_h = 15, .ofs_x = 0, .ofs_y = 0}, /* U+0077 */
    {.bitmap_index = 11965, .adv_w = 240, .box_w = 15, .box_h = 15, .ofs_x = 0, .ofs_y = 0}, /* U+0078 */
    {.bitmap_index = 12078, .adv_w = 256, .box_w = 17, .box_h = 20, .ofs_x = -1, .ofs_y = -5}, /* U+0079 */
    {.bitmap_index = 12248, .adv_w = 240, .box_w = 13, .box_h = 15, .ofs_x = 1, .ofs_y = 0}, /* U+007A */
    {.bitmap_index = 12346, .adv_w = 160, .box_w = 9, .box_h = 26, .ofs_x = 1, .ofs_y = -5}, /* U+007B */
    {.bitmap_index = 12463, .adv_w = 128, .box_w = 4, .box_h = 26, .ofs_x = 2, .ofs_y = -5}, /* U+007C */
    {.bitmap_index = 12515, .adv_w = 160, .box_w = 9, .box_h = 26, .ofs_x = 0, .ofs_y = -5}, /* U+007D */
    {.bitmap_index = 12632, .adv_w = 256, .box_w = 14, .box_h = 5, .ofs_x = 1, .ofs_y = 8}, /* U+007E */
    {.bitmap_index = 12667, .adv_w = 128, .box_w = 0, .box_h = 0, .ofs_x = 0, .ofs_y = 0}, /* U+00A0 */
    {.bitmap_index = 12667, .adv_w = 128, .box_w = 5, .box_h = 20, .ofs_x = 1, .ofs_y = -5}, /* U+00A1 */
    {.bitmap_index = 12717, .adv_w = 256, .box_w = 15, .box_h = 22, .ofs_x = 1, .ofs_y = -3}, /* U+00A2 */
    {.bitmap_index = 12882, .adv_w = 288, .box_w = 18, .box_h = 20, .ofs_x = 0, .ofs_y = 0}, /* U+00A3 */
    {.bitmap_index = 13062, .adv_w = 320, .box_w = 19, .box_h = 19, .ofs_x = 0, .ofs_y = 0}, /* U+00A4 */
    {.bitmap_index = 13243, .adv_w = 320, .box_w = 21, .box_h = 20, .ofs_x = -1, .ofs_y = 0}, /* U+00A5 */
    {.bitmap_index = 13453, .adv_w = 128, .box_w = 4, .box_h = 26, .ofs_x = 2, .ofs_y = -5}, /* U+00A6 */
    {.bitmap_index = 13505, .adv_w = 224, .box_w = 14, .box_h = 23, .ofs_x = 0, .ofs_y = -3}, /* U+00A7 */
    {.bitmap_index = 13666, .adv_w = 272, .box_w = 9, .box_h = 3, .ofs_x = 4, .ofs_y = 17}, /* U+00A8 */
    {.bitmap_index = 13680, .adv_w = 352, .box_w = 21, .box_h = 20, .ofs_x = 1, .ofs_y = 0}, /* U+00A9 */
    {.bitmap_index = 13890, .adv_w = 176, .box_w = 9, .box_h = 9, .ofs_x = 1, .ofs_y = 12}, /* U+00AA */
    {.bitmap_index = 13931, .adv_w = 224, .box_w = 13, .box_h = 11, .ofs_x = 1, .ofs_y = 2}, /* U+00AB */
    {.bitmap_index = 14003, .adv_w = 256, .box_w = 14, .box_h = 8, .ofs_x = 1, .ofs_y = 4}, /* U+00AC */
    {.bitmap_index = 14059, .adv_w = 176, .box_w = 9, .box_h = 3, .ofs_x = 1, .ofs_y = 7}, /* U+00AD */
    {.bitmap_index = 14073, .adv_w = 352, .box_w = 21, .box_h = 20, .ofs_x = 1, .ofs_y = 0}, /* U+00AE */
    {.bitmap_index = 14283, .adv_w = 272, .box_w = 10, .box_h = 2, .ofs_x = 3, .ofs_y = 18}, /* U+00AF */
    {.bitmap_index = 14293, .adv_w = 192, .box_w = 10, .box_h = 9, .ofs_x = 1, .ofs_y = 11}, /* U+00B0 */
    {.bitmap_index = 14338, .adv_w = 256, .box_w = 14, .box_h = 17, .ofs_x = 1, .ofs_y = 0}, /* U+00B1 */
    {.bitmap_index = 14457, .adv_w = 192, .box_w = 11, .box_h = 12, .ofs_x = 0, .ofs_y = 9}, /* U+00B2 */
    {.bitmap_index = 14523, .adv_w = 192, .box_w = 11, .box_h = 12, .ofs_x = 0, .ofs_y = 9}, /* U+00B3 */
    {.bitmap_index = 14589, .adv_w = 272, .box_w = 8, .box_h = 4, .ofs_x = 6, .ofs_y = 17}, /* U+00B4 */
    {.bitmap_index = 14605, .adv_w = 304, .box_w = 15, .box_h = 21, .ofs_x = 2, .ofs_y = -6}, /* U+00B5 */
    {.bitmap_index = 14763, .adv_w = 288, .box_w = 16, .box_h = 24, .ofs_x = 0, .ofs_y = -3}, /* U+00B6 */
    {.bitmap_index = 14955, .adv_w = 112, .box_w = 5, .box_h = 4, .ofs_x = 1, .ofs_y = 6}, /* U+00B7 */
    {.bitmap_index = 14965, .adv_w = 272, .box_w = 7, .box_h = 7, .ofs_x = 5, .ofs_y = -6}, /* U+00B8 */
    {.bitmap_index = 14990, .adv_w = 192, .box_w = 9, .box_h = 12, .ofs_x = 2, .ofs_y = 9}, /* U+00B9 */
    {.bitmap_index = 15044, .adv_w = 192, .box_w = 11, .box_h = 9, .ofs_x = 0, .ofs_y = 12}, /* U+00BA */
    {.bitmap_index = 15094, .adv_w = 224, .box_w = 12, .box_h = 11, .ofs_x = 1, .ofs_y = 2}, /* U+00BB */
    {.bitmap_index = 15160, .adv_w = 464, .box_w = 27, .box_h = 20, .ofs_x = 2, .ofs_y = 0}, /* U+00BC */
    {.bitmap_index = 15430, .adv_w = 464, .box_w = 26, .box_h = 20, .ofs_x = 2, .ofs_y = 0}, /* U+00BD */
    {.bitmap_index = 15690, .adv_w = 464, .box_w = 29, .box_h = 20, .ofs_x = 0, .ofs_y = 0}, /* U+00BE */
    {.bitmap_index = 15980, .adv_w = 256, .box_w = 15, .box_h = 20, .ofs_x = 1, .ofs_y = -5}, /* U+00BF */
    {.bitmap_index = 16130, .adv_w = 336, .box_w = 21, .box_h = 25, .ofs_x = 0, .ofs_y = 0}, /* U+00C0 */
    {.bitmap_index = 16393, .adv_w = 336, .box_w = 21, .box_h = 25, .ofs_x = 0, .ofs_y = 0}, /* U+00C1 */
    {.bitmap_index = 16656, .adv_w = 336, .box_w = 21, .box_h = 25, .ofs_x = 0, .ofs_y = 0}, /* U+00C2 */
    {.bitmap_index = 16919, .adv_w = 336, .box_w = 21, .box_h = 25, .ofs_x = 0, .ofs_y = 0}, /* U+00C3 */
    {.bitmap_index = 17182, .adv_w = 336, .box_w = 21, .box_h = 25, .ofs_x = 0, .ofs_y = 0}, /* U+00C4 */
    {.bitmap_index = 17445, .adv_w = 336, .box_w = 21, .box_h = 28, .ofs_x = 0, .ofs_y = 0}, /* U+00C5 */
    {.bitmap_index = 17739, .adv_w = 464, .box_w = 28, .box_h = 20, .ofs_x = 0, .ofs_y = 0}, /* U+00C6 */
    {.bitmap_index = 18019, .adv_w = 320, .box_w = 19, .box_h = 26, .ofs_x = 1, .ofs_y = -6}, /* U+00C7 */
    {.bitmap_index = 18266, .adv_w = 304, .box_w = 16, .box_h = 25, .ofs_x = 2, .ofs_y = 0}, /* U+00C8 */
    {.bitmap_index = 18466, .adv_w = 304, .box_w = 16, .box_h = 25, .ofs_x = 2, .ofs_y = 0}, /* U+00C9 */
    {.bitmap_index = 18666, .adv_w = 304, .box_w = 16, .box_h = 25, .ofs_x = 2, .ofs_y = 0}, /* U+00CA */
    {.bitmap_index = 18866, .adv_w = 304, .box_w = 16, .box_h = 25, .ofs_x = 2, .ofs_y = 0}, /* U+00CB */
    {.bitmap_index = 19066, .adv_w = 144, .box_w = 8, .box_h = 25, .ofs_x = -1, .ofs_y = 0}, /* U+00CC */
    {.bitmap_index = 19166, .adv_w = 144, .box_w = 8, .box_h = 25, .ofs_x = 2, .ofs_y = 0}, /* U+00CD */
    {.bitmap_index = 19266, .adv_w = 144, .box_w = 11, .box_h = 25, .ofs_x = -1, .ofs_y = 0}, /* U+00CE */
    {.bitmap_index = 19404, .adv_w = 144, .box_w = 9, .box_h = 25, .ofs_x = 0, .ofs_y = 0}, /* U+00CF */
    {.bitmap_index = 19517, .adv_w = 368, .box_w = 22, .box_h = 20, .ofs_x = 0, .ofs_y = 0}, /* U+00D0 */
    {.bitmap_index = 19737, .adv_w = 368, .box_w = 18, .box_h = 25, .ofs_x = 2, .ofs_y = 0}, /* U+00D1 */
    {.bitmap_index = 19962, .adv_w = 384, .box_w = 22, .box_h = 25, .ofs_x = 1, .ofs_y = 0}, /* U+00D2 */
    {.bitmap_index = 20237, .adv_w = 384, .box_w = 22, .box_h = 25, .ofs_x = 1, .ofs_y = 0}, /* U+00D3 */
    {.bitmap_index = 20512, .adv_w = 384, .box_w = 22, .box_h = 25, .ofs_x = 1, .ofs_y = 0}, /* U+00D4 */
    {.bitmap_index = 20787, .adv_w = 384, .box_w = 22, .box_h = 25, .ofs_x = 1, .ofs_y = 0}, /* U+00D5 */
    {.bitmap_index = 21062, .adv_w = 384, .box_w = 22, .box_h = 25, .ofs_x = 1, .ofs_y = 0}, /* U+00D6 */
    {.bitmap_index = 21337, .adv_w = 256, .box_w = 11, .box_h = 11, .ofs_x = 3, .ofs_y = 4}, /* U+00D7 */
    {.bitmap_index = 21398, .adv_w = 384, .box_w = 22, .box_h = 24, .ofs_x = 1, .ofs_y = -2}, /* U+00D8 */
    {.bitmap_index = 21662, .adv_w = 352, .box_w = 18, .box_h = 25, .ofs_x = 2, .ofs_y = 0}, /* U+00D9 */
    {.bitmap_index = 21887, .adv_w = 352, .box_w = 18, .box_h = 25, .ofs_x = 2, .ofs_y = 0}, /* U+00DA */
    {.bitmap_index = 22112, .adv_w = 352, .box_w = 18, .box_h = 25, .ofs_x = 2, .ofs_y = 0}, /* U+00DB */
    {.bitmap_index = 22337, .adv_w = 352, .box_w = 18, .box_h = 25, .ofs_x = 2, .ofs_y = 0}, /* U+00DC */
    {.bitmap_index = 22562, .adv_w = 288, .box_w = 20, .box_h = 25, .ofs_x = -1, .ofs_y = 0}, /* U+00DD */
    {.bitmap_index = 22812, .adv_w = 320, .box_w = 17, .box_h = 20, .ofs_x = 2, .ofs_y = 0}, /* U+00DE */
    {.bitmap_index = 22982, .adv_w = 304, .box_w = 16, .box_h = 21, .ofs_x = 2, .ofs_y = 0}, /* U+00DF */
    {.bitmap_index = 23150, .adv_w = 272, .box_w = 14, .box_h = 21, .ofs_x = 1, .ofs_y = 0}, /* U+00E0 */
    {.bitmap_index = 23297, .adv_w = 272, .box_w = 14, .box_h = 21, .ofs_x = 1, .ofs_y = 0}, /* U+00E1 */
    {.bitmap_index = 23444, .adv_w = 272, .box_w = 14, .box_h = 21, .ofs_x = 1, .ofs_y = 0}, /* U+00E2 */
    {.bitmap_index = 23591, .adv_w = 272, .box_w = 14, .box_h = 21, .ofs_x = 1, .ofs_y = 0}, /* U+00E3 */
    {.bitmap_index = 23738, .adv_w = 272, .box_w = 14, .box_h = 20, .ofs_x = 1, .ofs_y = 0}, /* U+00E4 */
    {.bitmap_index = 23878, .adv_w = 272, .box_w = 14, .box_h = 23, .ofs_x = 1, .ofs_y = 0}, /* U+00E5 */
    {.bitmap_index = 24039, .adv_w = 448, .box_w = 26, .box_h = 15, .ofs_x = 1, .ofs_y = 0}, /* U+00E6 */
    {.bitmap_index = 24234, .adv_w = 256, .box_w = 14, .box_h = 21, .ofs_x = 1, .ofs_y = -6}, /* U+00E7 */
    {.bitmap_index = 24381, .adv_w = 272, .box_w = 15, .box_h = 21, .ofs_x = 1, .ofs_y = 0}, /* U+00E8 */
    {.bitmap_index = 24539, .adv_w = 272, .box_w = 15, .box_h = 21, .ofs_x = 1, .ofs_y = 0}, /* U+00E9 */
    {.bitmap_index = 24697, .adv_w = 272, .box_w = 15, .box_h = 21, .ofs_x = 1, .ofs_y = 0}, /* U+00EA */
    {.bitmap_index = 24855, .adv_w = 272, .box_w = 15, .box_h = 20, .ofs_x = 1, .ofs_y = 0}, /* U+00EB */
    {.bitmap_index = 25005, .adv_w = 128, .box_w = 8, .box_h = 21, .ofs_x = -2, .ofs_y = 0}, /* U+00EC */
    {.bitmap_index = 25089, .adv_w = 128, .box_w = 8, .box_h = 21, .ofs_x = 1, .ofs_y = 0}, /* U+00ED */
    {.bitmap_index = 25173, .adv_w = 128, .box_w = 10, .box_h = 21, .ofs_x = -1, .ofs_y = 0}, /* U+00EE */
    {.bitmap_index = 25278, .adv_w = 128, .box_w = 8, .box_h = 21, .ofs_x = 0, .ofs_y = 0}, /* U+00EF */
    {.bitmap_index = 25362, .adv_w = 288, .box_w = 16, .box_h = 21, .ofs_x = 1, .ofs_y = 0}, /* U+00F0 */
    {.bitmap_index = 25530, .adv_w = 304, .box_w = 15, .box_h = 21, .ofs_x = 2, .ofs_y = 0}, /* U+00F1 */
    {.bitmap_index = 25688, .adv_w = 288, .box_w = 16, .box_h = 21, .ofs_x = 1, .ofs_y = 0}, /* U+00F2 */
    {.bitmap_index = 25856, .adv_w = 288, .box_w = 16, .box_h = 21, .ofs_x = 1, .ofs_y = 0}, /* U+00F3 */
    {.bitmap_index = 26024, .adv_w = 288, .box_w = 16, .box_h = 21, .ofs_x = 1, .ofs_y = 0}, /* U+00F4 */
    {.bitmap_index = 26192, .adv_w = 288, .box_w = 16, .box_h = 21, .ofs_x = 1, .ofs_y = 0}, /* U+00F5 */
    {.bitmap_index = 26360, .adv_w = 288, .box_w = 16, .box_h = 20, .ofs_x = 1, .ofs_y = 0}, /* U+00F6 */
    {.bitmap_index = 26520, .adv_w = 256, .box_w = 14, .box_h = 14, .ofs_x = 1, .ofs_y = 3}, /* U+00F7 */
    {.bitmap_index = 26618, .adv_w = 288, .box_w = 16, .box_h = 19, .ofs_x = 1, .ofs_y = -2}, /* U+00F8 */
    {.bitmap_index = 26770, .adv_w = 304, .box_w = 15, .box_h = 21, .ofs_x = 2, .ofs_y = 0}, /* U+00F9 */
    {.bitmap_index = 26928, .adv_w = 304, .box_w = 15, .box_h = 21, .ofs_x = 2, .ofs_y = 0}, /* U+00FA */
    {.bitmap_index = 27086, .adv_w = 304, .box_w = 15, .box_h = 21, .ofs_x = 2, .ofs_y = 0}, /* U+00FB */
    {.bitmap_index = 27244, .adv_w = 304, .box_w = 15, .box_h = 20, .ofs_x = 2, .ofs_y = 0}, /* U+00FC */
    {.bitmap_index = 27394, .adv_w = 256, .box_w = 17, .box_h = 26, .ofs_x = -1, .ofs_y = -5}, /* U+00FD */
    {.bitmap_index = 27615, .adv_w = 304, .box_w = 16, .box_h = 26, .ofs_x = 2, .ofs_y = -5}, /* U+00FE */
    {.bitmap_index = 27823, .adv_w = 256, .box_w = 17, .box_h = 25, .ofs_x = -1, .ofs_y = -5}, /* U+00FF */
    {.bitmap_index = 28036, .adv_w = 336, .box_w = 21, .box_h = 24, .ofs_x = 0, .ofs_y = 0}, /* U+0100 */
    {.bitmap_index = 28288, .adv_w = 272, .box_w = 14, .box_h = 20, .ofs_x = 1, .ofs_y = 0}, /* U+0101 */
    {.bitmap_index = 28428, .adv_w = 336, .box_w = 21, .box_h = 25, .ofs_x = 0, .ofs_y = 0}, /* U+0102 */
    {.bitmap_index = 28691, .adv_w = 272, .box_w = 14, .box_h = 21, .ofs_x = 1, .ofs_y = 0}, /* U+0103 */
    {.bitmap_index = 28838, .adv_w = 336, .box_w = 22, .box_h = 26, .ofs_x = 0, .ofs_y = -6}, /* U+0104 */
    {.bitmap_index = 29124, .adv_w = 272, .box_w = 14, .box_h = 21, .ofs_x = 1, .ofs_y = -6}, /* U+0105 */
    {.bitmap_index = 29271, .adv_w = 320, .box_w = 19, .box_h = 25, .ofs_x = 1, .ofs_y = 0}, /* U+0106 */
    {.bitmap_index = 29509, .adv_w = 256, .box_w = 14, .box_h = 21, .ofs_x = 1, .ofs_y = 0}, /* U+0107 */
    {.bitmap_index = 29656, .adv_w = 320, .box_w = 19, .box_h = 25, .ofs_x = 1, .ofs_y = 0}, /* U+0108 */
    {.bitmap_index = 29894, .adv_w = 256, .box_w = 14, .box_h = 21, .ofs_x = 1, .ofs_y = 0}, /* U+0109 */
    {.bitmap_index = 30041, .adv_w = 320, .box_w = 19, .box_h = 25, .ofs_x = 1, .ofs_y = 0}, /* U+010A */
    {.bitmap_index = 30279, .adv_w = 256, .box_w = 14, .box_h = 21, .ofs_x = 1, .ofs_y = 0}, /* U+010B */
    {.bitmap_index = 30426, .adv_w = 320, .box_w = 19, .box_h = 25, .ofs_x = 1, .ofs_y = 0}, /* U+010C */
    {.bitmap_index = 30664, .adv_w = 256, .box_w = 14, .box_h = 21, .ofs_x = 1, .ofs_y = 0}, /* U+010D */
    {.bitmap_index = 30811, .adv_w = 368, .box_w = 20, .box_h = 25, .ofs_x = 2, .ofs_y = 0}, /* U+010E */
    {.bitmap_index = 31061, .adv_w = 304, .box_w = 21, .box_h = 22, .ofs_x = 1, .ofs_y = 0}, /* U+010F */
    {.bitmap_index = 31292, .adv_w = 368, .box_w = 22, .box_h = 20, .ofs_x = 0, .ofs_y = 0}, /* U+0110 */
    {.bitmap_index = 31512, .adv_w = 304, .box_w = 19, .box_h = 21, .ofs_x = 1, .ofs_y = 0}, /* U+0111 */
    {.bitmap_index = 31712, .adv_w = 304, .box_w = 16, .box_h = 24, .ofs_x = 2, .ofs_y = 0}, /* U+0112 */
    {.bitmap_index = 31904, .adv_w = 272, .box_w = 15, .box_h = 20, .ofs_x = 1, .ofs_y = 0}, /* U+0113 */
    {.bitmap_index = 32054, .adv_w = 304, .box_w = 16, .box_h = 25, .ofs_x = 2, .ofs_y = 0}, /* U+0114 */
    {.bitmap_index = 32254, .adv_w = 272, .box_w = 15, .box_h = 21, .ofs_x = 1, .ofs_y = 0}, /* U+0115 */
    {.bitmap_index = 32412, .adv_w = 304, .box_w = 16, .box_h = 25, .ofs_x = 2, .ofs_y = 0}, /* U+0116 */
    {.bitmap_index = 32612, .adv_w = 272, .box_w = 15, .box_h = 21, .ofs_x = 1, .ofs_y = 0}, /* U+0117 */
    {.bitmap_index = 32770, .adv_w = 304, .box_w = 16, .box_h = 26, .ofs_x = 2, .ofs_y = -6}, /* U+0118 */
    {.bitmap_index = 32978, .adv_w = 272, .box_w = 15, .box_h = 21, .ofs_x = 1, .ofs_y = -6}, /* U+0119 */
    {.bitmap_index = 33136, .adv_w = 304, .box_w = 16, .box_h = 25, .ofs_x = 2, .ofs_y = 0}, /* U+011A */
    {.bitmap_index = 33336, .adv_w = 272, .box_w = 15, .box_h = 21, .ofs_x = 1, .ofs_y = 0}, /* U+011B */
    {.bitmap_index = 33494, .adv_w = 352, .box_w = 19, .box_h = 25, .ofs_x = 1, .ofs_y = 0}, /* U+011C */
    {.bitmap_index = 33732, .adv_w = 304, .box_w = 16, .box_h = 26, .ofs_x = 1, .ofs_y = -5}, /* U+011D */
    {.bitmap_index = 33940, .adv_w = 352, .box_w = 19, .box_h = 25, .ofs_x = 1, .ofs_y = 0}, /* U+011E */
    {.bitmap_index = 34178, .adv_w = 304, .box_w = 16, .box_h = 26, .ofs_x = 1, .ofs_y = -5}, /* U+011F */
    {.bitmap_index = 34386, .adv_w = 352, .box_w = 19, .box_h = 25, .ofs_x = 1, .ofs_y = 0}, /* U+0120 */
    {.bitmap_index = 34624, .adv_w = 304, .box_w = 16, .box_h = 26, .ofs_x = 1, .ofs_y = -5}, /* U+0121 */
    {.bitmap_index = 34832, .adv_w = 352, .box_w = 19, .box_h = 27, .ofs_x = 1, .ofs_y = -7}, /* U+0122 */
    {.bitmap_index = 35089, .adv_w = 304, .box_w = 16, .box_h = 27, .ofs_x = 1, .ofs_y = -5}, /* U+0123 */
    {.bitmap_index = 35305, .adv_w = 368, .box_w = 18, .box_h = 25, .ofs_x = 2, .ofs_y = 0}, /* U+0124 */
    {.bitmap_index = 35530, .adv_w = 304, .box_w = 19, .box_h = 26, .ofs_x = -2, .ofs_y = 0}, /* U+0125 */
    {.bitmap_index = 35777, .adv_w = 368, .box_w = 23, .box_h = 20, .ofs_x = 0, .ofs_y = 0}, /* U+0126 */
    {.bitmap_index = 36007, .adv_w = 304, .box_w = 17, .box_h = 21, .ofs_x = 0, .ofs_y = 0}, /* U+0127 */
    {.bitmap_index = 36186, .adv_w = 144, .box_w = 10, .box_h = 25, .ofs_x = -1, .ofs_y = 0}, /* U+0128 */
    {.bitmap_index = 36311, .adv_w = 128, .box_w = 9, .box_h = 21, .ofs_x = -1, .ofs_y = 0}, /* U+0129 */
    {.bitmap_index = 36406, .adv_w = 144, .box_w = 9, .box_h = 24, .ofs_x = 0, .ofs_y = 0}, /* U+012A */
    {.bitmap_index = 36514, .adv_w = 128, .box_w = 8, .box_h = 20, .ofs_x = 0, .ofs_y = 0}, /* U+012B */
    {.bitmap_index = 36594, .adv_w = 144, .box_w = 10, .box_h = 25, .ofs_x = -1, .ofs_y = 0}, /* U+012C */
    {.bitmap_index = 36719, .adv_w = 128, .box_w = 8, .box_h = 21, .ofs_x = 0, .ofs_y = 0}, /* U+012D */
    {.bitmap_index = 36803, .adv_w = 144, .box_w = 5, .box_h = 26, .ofs_x = 2, .ofs_y = -6}, /* U+012E */
    {.bitmap_index = 36868, .adv_w = 128, .box_w = 6, .box_h = 27, .ofs_x = 1, .ofs_y = -6}, /* U+012F */
    {.bitmap_index = 36949, .adv_w = 144, .box_w = 4, .box_h = 25, .ofs_x = 2, .ofs_y = 0}, /* U+0130 */
    {.bitmap_index = 36999, .adv_w = 128, .box_w = 4, .box_h = 15, .ofs_x = 2, .ofs_y = 0}, /* U+0131 */
    {.bitmap_index = 37029, .adv_w = 320, .box_w = 16, .box_h = 20, .ofs_x = 2, .ofs_y = 0}, /* U+0132 */
    {.bitmap_index = 37189, .adv_w = 256, .box_w = 12, .box_h = 26, .ofs_x = 2, .ofs_y = -5}, /* U+0133 */
    {.bitmap_index = 37345, .adv_w = 224, .box_w = 13, .box_h = 25, .ofs_x = -1, .ofs_y = 0}, /* U+0134 */
    {.bitmap_index = 37508, .adv_w = 128, .box_w = 12, .box_h = 26, .ofs_x = -3, .ofs_y = -5}, /* U+0135 */
    {.bitmap_index = 37664, .adv_w = 320, .box_w = 19, .box_h = 27, .ofs_x = 2, .ofs_y = -7}, /* U+0136 */
    {.bitmap_index = 37921, .adv_w = 272, .box_w = 16, .box_h = 28, .ofs_x = 2, .ofs_y = -7}, /* U+0137 */
    {.bitmap_index = 38145, .adv_w = 272, .box_w = 16, .box_h = 15, .ofs_x = 2, .ofs_y = 0}, /* U+0138 */
    {.bitmap_index = 38265, .adv_w = 272, .box_w = 15, .box_h = 25, .ofs_x = 2, .ofs_y = 0}, /* U+0139 */
    {.bitmap_index = 38453, .adv_w = 128, .box_w = 8, .box_h = 27, .ofs_x = 1, .ofs_y = 0}, /* U+013A */
    {.bitmap_index = 38561, .adv_w = 272, .box_w = 15, .box_h = 27, .ofs_x = 2, .ofs_y = -7}, /* U+013B */
    {.bitmap_index = 38764, .adv_w = 128, .box_w = 4, .box_h = 28, .ofs_x = 2, .ofs_y = -7}, /* U+013C */
    {.bitmap_index = 38820, .adv_w = 272, .box_w = 15, .box_h = 21, .ofs_x = 2, .ofs_y = 0}, /* U+013D */
    {.bitmap_index = 38978, .adv_w = 128, .box_w = 8, .box_h = 22, .ofs_x = 2, .ofs_y = 0}, /* U+013E */
    {.bitmap_index = 39066, .adv_w = 272, .box_w = 15, .box_h = 20, .ofs_x = 2, .ofs_y = 0}, /* U+013F */
    {.bitmap_index = 39216, .adv_w = 160, .box_w = 9, .box_h = 21, .ofs_x = 2, .ofs_y = 0}, /* U+0140 */
    {.bitmap_index = 39311, .adv_w = 272, .box_w = 17, .box_h = 20, .ofs_x = 0, .ofs_y = 0}, /* U+0141 */
    {.bitmap_index = 39481, .adv_w = 128, .box_w = 10, .box_h = 21, .ofs_x = -1, .ofs_y = 0}, /* U+0142 */
    {.bitmap_index = 39586, .adv_w = 368, .box_w = 18, .box_h = 25, .ofs_x = 2, .ofs_y = 0}, /* U+0143 */
    {.bitmap_index = 39811, .adv_w = 304, .box_w = 15, .box_h = 21, .ofs_x = 2, .ofs_y = 0}, /* U+0144 */
    {.bitmap_index = 39969, .adv_w = 368, .box_w = 18, .box_h = 27, .ofs_x = 2, .ofs_y = -7}, /* U+0145 */
    {.bitmap_index = 40212, .adv_w = 304, .box_w = 15, .box_h = 22, .ofs_x = 2, .ofs_y = -7}, /* U+0146 */
    {.bitmap_index = 40377, .adv_w = 368, .box_w = 18, .box_h = 25, .ofs_x = 2, .ofs_y = 0}, /* U+0147 */
    {.bitmap_index = 40602, .adv_w = 304, .box_w = 15, .box_h = 21, .ofs_x = 2, .ofs_y = 0}, /* U+0148 */
    {.bitmap_index = 40760, .adv_w = 352, .box_w = 19, .box_h = 19, .ofs_x = 1, .ofs_y = 0}, /* U+0149 */
    {.bitmap_index = 40941, .adv_w = 368, .box_w = 18, .box_h = 25, .ofs_x = 2, .ofs_y = -5}, /* U+014A */
    {.bitmap_index = 41166, .adv_w = 304, .box_w = 15, .box_h = 20, .ofs_x = 2, .ofs_y = -5}, /* U+014B */
    {.bitmap_index = 41316, .adv_w = 384, .box_w = 22, .box_h = 24, .ofs_x = 1, .ofs_y = 0}, /* U+014C */
    {.bitmap_index = 41580, .adv_w = 288, .box_w = 16, .box_h = 20, .ofs_x = 1, .ofs_y = 0}, /* U+014D */
    {.bitmap_index = 41740, .adv_w = 384, .box_w = 22, .box_h = 25, .ofs_x = 1, .ofs_y = 0}, /* U+014E */
    {.bitmap_index = 42015, .adv_w = 288, .box_w = 16, .box_h = 21, .ofs_x = 1, .ofs_y = 0}, /* U+014F */
    {.bitmap_index = 42183, .adv_w = 384, .box_w = 22, .box_h = 25, .ofs_x = 1, .ofs_y = 0}, /* U+0150 */
    {.bitmap_index = 42458, .adv_w = 288, .box_w = 16, .box_h = 21, .ofs_x = 1, .ofs_y = 0}, /* U+0151 */
    {.bitmap_index = 42626, .adv_w = 512, .box_w = 29, .box_h = 20, .ofs_x = 1, .ofs_y = 0}, /* U+0152 */
    {.bitmap_index = 42916, .adv_w = 480, .box_w = 28, .box_h = 15, .ofs_x = 1, .ofs_y = 0}, /* U+0153 */
    {.bitmap_index = 43126, .adv_w = 320, .box_w = 18, .box_h = 25, .ofs_x = 2, .ofs_y = 0}, /* U+0154 */
    {.bitmap_index = 43351, .adv_w = 176, .box_w = 10, .box_h = 21, .ofs_x = 2, .ofs_y = 0}, /* U+0155 */
    {.bitmap_index = 43456, .adv_w = 320, .box_w = 18, .box_h = 27, .ofs_x = 2, .ofs_y = -7}, /* U+0156 */
    {.bitmap_index = 43699, .adv_w = 176, .box_w = 9, .box_h = 22, .ofs_x = 2, .ofs_y = -7}, /* U+0157 */
    {.bitmap_index = 43798, .adv_w = 320, .box_w = 18, .box_h = 25, .ofs_x = 2, .ofs_y = 0}, /* U+0158 */
    {.bitmap_index = 44023, .adv_w = 176, .box_w = 11, .box_h = 21, .ofs_x = 1, .ofs_y = 0}, /* U+0159 */
    {.bitmap_index = 44139, .adv_w = 272, .box_w = 16, .box_h = 25, .ofs_x = 1, .ofs_y = 0}, /* U+015A */
    {.bitmap_index = 44339, .adv_w = 224, .box_w = 14, .box_h = 21, .ofs_x = 0, .ofs_y = 0}, /* U+015B */
    {.bitmap_index = 44486, .adv_w = 272, .box_w = 16, .box_h = 25, .ofs_x = 1, .ofs_y = 0}, /* U+015C */
    {.bitmap_index = 44686, .adv_w = 224, .box_w = 14, .box_h = 21, .ofs_x = 0, .ofs_y = 0}, /* U+015D */
    {.bitmap_index = 44833, .adv_w = 272, .box_w = 16, .box_h = 26, .ofs_x = 1, .ofs_y = -6}, /* U+015E */
    {.bitmap_index = 45041, .adv_w = 224, .box_w = 14, .box_h = 21, .ofs_x = 0, .ofs_y = -6}, /* U+015F */
    {.bitmap_index = 45188, .adv_w = 272, .box_w = 16, .box_h = 25, .ofs_x = 1, .ofs_y = 0}, /* U+0160 */
    {.bitmap_index = 45388, .adv_w = 224, .box_w = 14, .box_h = 21, .ofs_x = 0, .ofs_y = 0}, /* U+0161 */
    {.bitmap_index = 45535, .adv_w = 256, .box_w = 17, .box_h = 26, .ofs_x = 0, .ofs_y = -6}, /* U+0162 */
    {.bitmap_index = 45756, .adv_w = 192, .box_w = 11, .box_h = 25, .ofs_x = 0, .ofs_y = -6}, /* U+0163 */
    {.bitmap_index = 45894, .adv_w = 256, .box_w = 17, .box_h = 25, .ofs_x = 0, .ofs_y = 0}, /* U+0164 */
    {.bitmap_index = 46107, .adv_w = 192, .box_w = 11, .box_h = 22, .ofs_x = 0, .ofs_y = 0}, /* U+0165 */
    {.bitmap_index = 46228, .adv_w = 256, .box_w = 17, .box_h = 20, .ofs_x = 0, .ofs_y = 0}, /* U+0166 */
    {.bitmap_index = 46398, .adv_w = 192, .box_w = 11, .box_h = 19, .ofs_x = 0, .ofs_y = 0}, /* U+0167 */
    {.bitmap_index = 46503, .adv_w = 352, .box_w = 18, .box_h = 25, .ofs_x = 2, .ofs_y = 0}, /* U+0168 */
    {.bitmap_index = 46728, .adv_w = 304, .box_w = 15, .box_h = 21, .ofs_x = 2, .ofs_y = 0}, /* U+0169 */
    {.bitmap_index = 46886, .adv_w = 352, .box_w = 18, .box_h = 24, .ofs_x = 2, .ofs_y = 0}, /* U+016A */
    {.bitmap_index = 47102, .adv_w = 304, .box_w = 15, .box_h = 20, .ofs_x = 2, .ofs_y = 0}, /* U+016B */
    {.bitmap_index = 47252, .adv_w = 352, .box_w = 18, .box_h = 25, .ofs_x = 2, .ofs_y = 0}, /* U+016C */
    {.bitmap_index = 47477, .adv_w = 304, .box_w = 15, .box_h = 21, .ofs_x = 2, .ofs_y = 0}, /* U+016D */
    {.bitmap_index = 47635, .adv_w = 352, .box_w = 18, .box_h = 28, .ofs_x = 2, .ofs_y = 0}, /* U+016E */
    {.bitmap_index = 47887, .adv_w = 304, .box_w = 15, .box_h = 23, .ofs_x = 2, .ofs_y = 0}, /* U+016F */
    {.bitmap_index = 48060, .adv_w = 352, .box_w = 18, .box_h = 25, .ofs_x = 2, .ofs_y = 0}, /* U+0170 */
    {.bitmap_index = 48285, .adv_w = 304, .box_w = 15, .box_h = 21, .ofs_x = 2, .ofs_y = 0}, /* U+0171 */
    {.bitmap_index = 48443, .adv_w = 352, .box_w = 18, .box_h = 26, .ofs_x = 2, .ofs_y = -6}, /* U+0172 */
    {.bitmap_index = 48677, .adv_w = 304, .box_w = 15, .box_h = 21, .ofs_x = 2, .ofs_y = -6}, /* U+0173 */
    {.bitmap_index = 48835, .adv_w = 512, .box_w = 31, .box_h = 25, .ofs_x = 0, .ofs_y = 0}, /* U+0174 */
    {.bitmap_index = 49223, .adv_w = 400, .box_w = 25, .box_h = 21, .ofs_x = 0, .ofs_y = 0}, /* U+0175 */
    {.bitmap_index = 49486, .adv_w = 288, .box_w = 20, .box_h = 25, .ofs_x = -1, .ofs_y = 0}, /* U+0176 */
    {.bitmap_index = 49736, .adv_w = 256, .box_w = 17, .box_h = 26, .ofs_x = -1, .ofs_y = -5}, /* U+0177 */
    {.bitmap_index = 49957, .adv_w = 288, .box_w = 20, .box_h = 25, .ofs_x = -1, .ofs_y = 0}, /* U+0178 */
    {.bitmap_index = 50207, .adv_w = 288, .box_w = 17, .box_h = 25, .ofs_x = 1, .ofs_y = 0}, /* U+0179 */
    {.bitmap_index = 50420, .adv_w = 240, .box_w = 13, .box_h = 21, .ofs_x = 1, .ofs_y = 0}, /* U+017A */
    {.bitmap_index = 50557, .adv_w = 288, .box_w = 17, .box_h = 25, .ofs_x = 1, .ofs_y = 0}, /* U+017B */
    {.bitmap_index = 50770, .adv_w = 240, .box_w = 13, .box_h = 21, .ofs_x = 1, .ofs_y = 0}, /* U+017C */
    {.bitmap_index = 50907, .adv_w = 288, .box_w = 17, .box_h = 25, .ofs_x = 1, .ofs_y = 0}, /* U+017D */
    {.bitmap_index = 51120, .adv_w = 240, .box_w = 13, .box_h = 21, .ofs_x = 1, .ofs_y = 0}, /* U+017E */
    {.bitmap_index = 51257, .adv_w = 144, .box_w = 12, .box_h = 21, .ofs_x = 0, .ofs_y = 0}, /* U+017F */
    {.bitmap_index = 51383, .adv_w = 176, .box_w = 9, .box_h = 3, .ofs_x = 1, .ofs_y = 7}, /* U+2010 */
    {.bitmap_index = 51397, .adv_w = 256, .box_w = 15, .box_h = 20, .ofs_x = 1, .ofs_y = 0}, /* U+2011 */
    {.bitmap_index = 51547, .adv_w = 320, .box_w = 18, .box_h = 3, .ofs_x = 1, .ofs_y = 9}, /* U+2012 */
    {.bitmap_index = 51574, .adv_w = 224, .box_w = 14, .box_h = 3, .ofs_x = 0, .ofs_y = 7}, /* U+2013 */
    {.bitmap_index = 51595, .adv_w = 448, .box_w = 28, .box_h = 3, .ofs_x = 0, .ofs_y = 7}, /* U+2014 */
    {.bitmap_index = 51637, .adv_w = 448, .box_w = 28, .box_h = 3, .ofs_x = 0, .ofs_y = 7}, /* U+2015 */
    {.bitmap_index = 51679, .adv_w = 256, .box_w = 15, .box_h = 20, .ofs_x = 1, .ofs_y = 0}, /* U+2016 */
    {.bitmap_index = 51829, .adv_w = 256, .box_w = 15, .box_h = 20, .ofs_x = 1, .ofs_y = 0}, /* U+2017 */
    {.bitmap_index = 51979, .adv_w = 96, .box_w = 4, .box_h = 8, .ofs_x = 1, .ofs_y = 13}, /* U+2018 */
    {.bitmap_index = 51995, .adv_w = 96, .box_w = 5, .box_h = 8, .ofs_x = 1, .ofs_y = 13}, /* U+2019 */
    {.bitmap_index = 52015, .adv_w = 96, .box_w = 5, .box_h = 8, .ofs_x = 1, .ofs_y = -4}, /* U+201A */
    {.bitmap_index = 52035, .adv_w = 256, .box_w = 15, .box_h = 20, .ofs_x = 1, .ofs_y = 0}, /* U+201B */
    {.bitmap_index = 52185, .adv_w = 192, .box_w = 10, .box_h = 8, .ofs_x = 1, .ofs_y = 13}, /* U+201C */
    {.bitmap_index = 52225, .adv_w = 192, .box_w = 10, .box_h = 8, .ofs_x = 1, .ofs_y = 13}, /* U+201D */
    {.bitmap_index = 52265, .adv_w = 192, .box_w = 10, .box_h = 8, .ofs_x = 1, .ofs_y = -4}, /* U+201E */
    {.bitmap_index = 52305, .adv_w = 256, .box_w = 15, .box_h = 20, .ofs_x = 1, .ofs_y = 0}, /* U+201F */
    {.bitmap_index = 52455, .adv_w = 256, .box_w = 15, .box_h = 25, .ofs_x = 0, .ofs_y = -5}, /* U+2020 */
    {.bitmap_index = 52643, .adv_w = 256, .box_w = 15, .box_h = 25, .ofs_x = 0, .ofs_y = -5}, /* U+2021 */
    {.bitmap_index = 52831, .adv_w = 144, .box_w = 6, .box_h = 5, .ofs_x = 1, .ofs_y = 5}, /* U+2022 */
    {.bitmap_index = 52846, .adv_w = 256, .box_w = 15, .box_h = 20, .ofs_x = 1, .ofs_y = 0}, /* U+2023 */
    {.bitmap_index = 52996, .adv_w = 256, .box_w = 15, .box_h = 20, .ofs_x = 1, .ofs_y = 0}, /* U+2024 */
    {.bitmap_index = 53146, .adv_w = 256, .box_w = 15, .box_h = 20, .ofs_x = 1, .ofs_y = 0}, /* U+2025 */
    {.bitmap_index = 53296, .adv_w = 304, .box_w = 17, .box_h = 4, .ofs_x = 1, .ofs_y = 0}, /* U+2026 */
};

static const uint16_t glyph_unicode_list[] = {
    0, 1, 2, 3, 4, 5, 6, 7, 8, 9, 10, 11, 12, 13, 14, 15, 16, 17, 18, 19, 20, 21, 22, 23, 24, 25, 26, 27, 28, 29, 30, 31, 32, 33, 34, 35, 36, 37, 38, 39, 40, 41, 42, 43, 44, 45, 46, 47, 48, 49, 50, 51, 52, 53, 54, 55, 56, 57, 58, 59, 60, 61, 62, 63, 64, 65, 66, 67, 68, 69, 70, 71, 72, 73, 74, 75, 76, 77, 78, 79, 80, 81, 82, 83, 84, 85, 86, 87, 88, 89, 90, 91, 92, 93, 94, 128, 129, 130, 131, 132, 133, 134, 135, 136, 137, 138, 139, 140, 141, 142, 143, 144, 145, 146, 147, 148, 149, 150, 151, 152, 153, 154, 155, 156, 157, 158, 159, 160, 161, 162, 163, 164, 165, 166, 167, 168, 169, 170, 171, 172, 173, 174, 175, 176, 177, 178, 179, 180, 181, 182, 183, 184, 185, 186, 187, 188, 189, 190, 191, 192, 193, 194, 195, 196, 197, 198, 199, 200, 201, 202, 203, 204, 205, 206, 207, 208, 209, 210, 211, 212, 213, 214, 215, 216, 217, 218, 219, 220, 221, 222, 223, 224, 225, 226, 227, 228, 229, 230, 231, 232, 233, 234, 235, 236, 237, 238, 239, 240, 241, 242, 243, 244, 245, 246, 247, 248, 249, 250, 251, 252, 253, 254, 255, 256, 257, 258, 259, 260, 261, 262, 263, 264, 265, 266, 267, 268, 269, 270, 271, 272, 273, 274, 275, 276, 277, 278, 279, 280, 281, 282, 283, 284, 285, 286, 287, 288, 289, 290, 291, 292, 293, 294, 295, 296, 297, 298, 299, 300, 301, 302, 303, 304, 305, 306, 307, 308, 309, 310, 311, 312, 313, 314, 315, 316, 317, 318, 319, 320, 321, 322, 323, 324, 325, 326, 327, 328, 329, 330, 331, 332, 333, 334, 335, 336, 337, 338, 339, 340, 341, 342, 343, 344, 345, 346, 347, 348, 349, 350, 351, 8176, 8177, 8178, 8179, 8180, 8181, 8182, 8183, 8184, 8185, 8186, 8187, 8188, 8189, 8190, 8191, 8192, 8193, 8194, 8195, 8196, 8197, 8198
};

static const lv_font_fmt_txt_cmap_t cmaps[] = {
    { .range_start = 32, .range_length = 8199, .glyph_id_start = 1,
      .unicode_list = glyph_unicode_list, .glyph_id_ofs_list = NULL, .list_length = 342, .type = LV_FONT_FMT_TXT_CMAP_SPARSE_TINY }
};

#if LVGL_VERSION_MAJOR == 8
static lv_font_fmt_txt_glyph_cache_t cache;
#endif
#if LVGL_VERSION_MAJOR >= 8
static const lv_font_fmt_txt_dsc_t font_dsc = {
#else
static lv_font_fmt_txt_dsc_t font_dsc = {
#endif
    .glyph_bitmap = glyph_bitmap,
    .glyph_dsc = glyph_dsc,
    .cmaps = cmaps,
    .kern_dsc = NULL,
    .kern_scale = 0,
    .cmap_num = 1,
    .bpp = 4,
    .kern_classes = 0,
    .bitmap_format = 0,
#if LVGL_VERSION_MAJOR == 8
    .cache = &cache
#endif
};

#if LVGL_VERSION_MAJOR >= 8
const lv_font_t lv_font_hc_28 = {
#else
lv_font_t lv_font_hc_28 = {
#endif
    .get_glyph_dsc = lv_font_get_glyph_dsc_fmt_txt,
    .get_glyph_bitmap = lv_font_get_bitmap_fmt_txt,
    .line_height = 36,
    .base_line = 8,
#if !(LVGL_VERSION_MAJOR == 6 && LVGL_VERSION_MINOR == 0)
    .subpx = LV_FONT_SUBPX_NONE,
#endif
#if LV_VERSION_CHECK(7, 4, 0) || LVGL_VERSION_MAJOR >= 8
    .underline_position = -2,
    .underline_thickness = 1,
#endif
    .dsc = &font_dsc,
#if LV_VERSION_CHECK(8, 2, 0) || LVGL_VERSION_MAJOR >= 9
    .fallback = &lv_font_montserrat_28,
#endif
    .user_data = NULL,
};

#endif /* LV_FONT_HC_28 */
