/*
 * GENERATED by scripts/gen_lvgl_font.py -- do not edit by hand.
 * Source: Montserrat-Medium.ttf  size: 24px  bpp: 4  codepoints 0x0020..0x2026 (342 sparse)
 * Out-of-range glyphs fall back to lv_font_montserrat_24.
 */

#include "lvgl.h"

extern const lv_font_t lv_font_montserrat_24;

#ifndef LV_FONT_HC_24
#define LV_FONT_HC_24 1
#endif
#if LV_FONT_HC_24


static LV_ATTRIBUTE_LARGE_CONST const uint8_t glyph_bitmap[] = {
    0x2f, 0xf8, 0x1f, 0xf8, 0x1f, 0xf7, 0x0f, 0xf7, 0x0f, 0xf6, 0x0e, 0xf6, 0x0e, 0xf5, 0x0d, 0xf4,
    0x0c, 0xf4, 0x0c, 0xf3, 0x0b, 0xf3, 0x0b, 0xf2, 0x00, 0x00, 0x00, 0x00, 0x1c, 0xe5, 0x4f, 0xfb,
    0x1c, 0xe5, 0x7f, 0x80, 0x2f, 0xd7, 0xf7, 0x02, 0xfd, 0x7f, 0x70, 0x1f, 0xc6, 0xf7, 0x01, 0xfc,
    0x6f, 0x60, 0x1f, 0xb6, 0xf6, 0x00, 0xfb, 0x5f, 0x60, 0x0f, 0xb0, 0x00, 0x00, 0x08, 0xf2, 0x00,
    0x05, 0xf6, 0x00, 0x00, 0x00, 0x00, 0xaf, 0x00, 0x00, 0x7f, 0x40, 0x00, 0x00, 0x00, 0x0c, 0xd0,
    0x00, 0x09, 0xf2, 0x00, 0x00, 0x00, 0x00, 0xec, 0x00, 0x00, 0xbf, 0x00, 0x00, 0x09, 0xff, 0xff,
    0xff, 0xff, 0xff, 0xff, 0xff, 0x30, 0x9f, 0xff, 0xff, 0xff, 0xff, 0xff, 0xff, 0xf3, 0x00, 0x00,
    0x5f, 0x70, 0x00, 0x1f, 0xa0, 0x00, 0x00, 0x00, 0x06, 0xf5, 0x00, 0x03, 0xf8, 0x00, 0x00, 0x00,
    0x00, 0x8f, 0x30, 0x00, 0x4f, 0x60, 0x00, 0x00, 0x00, 0x0a, 0xf1, 0x00, 0x06, 0xf4, 0x00, 0x00,
    0x00, 0x00, 0xce, 0x00, 0x00, 0x8f, 0x30, 0x00, 0x05, 0xff, 0xff, 0xff, 0xff, 0xff, 0xff, 0xff,
    0x70, 0x5f, 0xff, 0xff, 0xff, 0xff, 0xff, 0xff, 0xf7, 0x00, 0x00, 0x2f, 0x90, 0x00, 0x0d, 0xd0,
    0x00, 0x00, 0x00, 0x04, 0xf7, 0x00, 0x00, 0xfb, 0x00, 0x00, 0x00, 0x00, 0x6f, 0x50, 0x00, 0x2f,
    0x90, 0x00, 0x00, 0x00, 0x08, 0xf3, 0x00, 0x04, 0xf7, 0x00, 0x00, 0x00, 0x00, 0x00, 0x03, 0xf5,
    0x00, 0x00, 0x00, 0x00, 0x00, 0x3f, 0x50, 0x00, 0x00, 0x00, 0x00, 0x03, 0xf5, 0x00, 0x00, 0x00,
    0x01, 0x7c, 0xef, 0xfe, 0xb6, 0x10, 0x03, 0xef, 0xff, 0xff, 0xff, 0xfe, 0x11, 0xef, 0xd5, 0x4f,
    0x62, 0x6c, 0xc0, 0x6f, 0xf2, 0x03, 0xf5, 0x00, 0x02, 0x09, 0xfc, 0x00, 0x3f, 0x50, 0x00, 0x00,
    0x8f, 0xe1, 0x03, 0xf5, 0x00, 0x00, 0x03, 0xff, 0xc4, 0x3f, 0x50, 0x00, 0x00, 0x08, 0xff, 0xfe,
    0xf9, 0x20, 0x00, 0x00, 0x05, 0xcf, 0xff, 0xff, 0xc5, 0x00, 0x00, 0x00, 0x27, 0xfe, 0xff, 0xfb,
    0x00, 0x00, 0x00, 0x3f, 0x54, 0xbf, 0xf7, 0x00, 0x00, 0x03, 0xf5, 0x00, 0xbf, 0xc0, 0x00, 0x00,
    0x3f, 0x50, 0x07, 0xfd, 0x46, 0x00, 0x03, 0xf5, 0x00, 0xbf, 0xbc, 0xfc, 0x62, 0x4f, 0x63, 0xaf,
    0xf5, 0x5e, 0xff, 0xff, 0xff, 0xff, 0xf8, 0x00, 0x16, 0xad, 0xff, 0xfe, 0xa3, 0x00, 0x00, 0x00,
    0x03, 0xf6, 0x00, 0x00, 0x00, 0x00, 0x00, 0x3f, 0x50, 0x00, 0x00, 0x00, 0x00, 0x03, 0xf5, 0x00,
    0x00, 0x00, 0x00, 0x3b, 0xfe, 0x91, 0x00, 0x00, 0x00, 0x6f, 0x70, 0x00, 0x03, 0xea, 0x45, 0xeb,
    0x00, 0x00, 0x02, 0xeb, 0x00, 0x00, 0x0b, 0xd0, 0x00, 0x4f, 0x50, 0x00, 0x0b, 0xe2, 0x00, 0x00,
    0x0f, 0x90, 0x00, 0x0e, 0x90, 0x00, 0x7f, 0x60, 0x00, 0x00, 0x1f, 0x70, 0x00, 0x0d, 0xa0, 0x02,
    0xeb, 0x00, 0x00, 0x00, 0x1f, 0x80, 0x00, 0x0e, 0x90, 0x0c, 0xe2, 0x00, 0x00, 0x00, 0x0c, 0xd0,
    0x00, 0x4f, 0x60, 0x7f, 0x60, 0x00, 0x00, 0x00, 0x05, 0xf9, 0x34, 0xdd, 0x12, 0xfb, 0x00, 0x01,
    0x00, 0x00, 0x00, 0x7f, 0xff, 0xd3, 0x0c, 0xe2, 0x08, 0xef, 0xe7, 0x00, 0x00, 0x01, 0x43, 0x00,
    0x7f, 0x50, 0x9f, 0x85, 0xaf, 0x70, 0x00, 0x00, 0x00, 0x03, 0xfa, 0x02, 0xf9, 0x00, 0x0b, 0xe1,
    0x00, 0x00, 0x00, 0x0c, 0xe1, 0x06, 0xf3, 0x00, 0x05, 0xf4, 0x00, 0x00, 0x00, 0x8f, 0x50, 0x07,
    0xf2, 0x00, 0x04, 0xf5, 0x00, 0x00, 0x03, 0xfa, 0x00, 0x05, 0xf3, 0x00, 0x05, 0xf4, 0x00, 0x00,
    0x0c, 0xe1, 0x00, 0x02, 0xf6, 0x00, 0x09, 0xe1, 0x00, 0x00, 0x8f, 0x50, 0x00, 0x00, 0x8e, 0x41,
    0x6f, 0x60, 0x00, 0x03, 0xfa, 0x00, 0x00, 0x00, 0x07, 0xdf, 0xd6, 0x00, 0x00, 0x01, 0x9d, 0xfd,
    0xa3, 0x00, 0x00, 0x00, 0x00, 0x2e, 0xff, 0xff, 0xff, 0x30, 0x00, 0x00, 0x00, 0x9f, 0xd4, 0x12,
    0xbf, 0xa0, 0x00, 0x00, 0x00, 0xcf, 0x60, 0x00, 0x3f, 0xc0, 0x00, 0x00, 0x00, 0xcf, 0x60, 0x00,
    0x4f, 0xa0, 0x00, 0x00, 0x00, 0x7f, 0xc0, 0x02, 0xdf, 0x40, 0x00, 0x00, 0x00, 0x1d, 0xfa, 0x7f,
    0xf6, 0x00, 0x00, 0x00, 0x00, 0x02, 0xff, 0xfd, 0x40, 0x00, 0x00, 0x00, 0x00, 0x3d, 0xff, 0xfb,
    0x10, 0x00, 0x00, 0x00, 0x06, 0xff, 0x83, 0xdf, 0xc1, 0x00, 0x99, 0x20, 0x3f, 0xf4, 0x00, 0x2d,
    0xfc, 0x10, 0xef, 0x10, 0xaf, 0x80, 0x00, 0x01, 0xcf, 0xd7, 0xfb, 0x00, 0xdf, 0x60, 0x00, 0x00,
    0x1c, 0xff, 0xf4, 0x00, 0xcf, 0xa0, 0x00, 0x00, 0x02, 0xef, 0xe3, 0x00, 0x6f, 0xfb, 0x41, 0x13,
    0x7e, 0xfe, 0xfe, 0x30, 0x09, 0xff, 0xff, 0xff, 0xff, 0x91, 0xaf, 0xd0, 0x00, 0x39, 0xde, 0xed,
    0x93, 0x00, 0x0a, 0x40, 0x7f, 0x87, 0xf7, 0x7f, 0x76, 0xf7, 0x6f, 0x66, 0xf6, 0x5f, 0x60, 0x00,
    0x2f, 0xf2, 0x00, 0x9f, 0x90, 0x02, 0xff, 0x20, 0x07, 0xfc, 0x00, 0x0b, 0xf7, 0x00, 0x1f, 0xf3,
    0x00, 0x3f, 0xf0, 0x00, 0x6f, 0xd0, 0x00, 0x8f, 0xa0, 0x00, 0x9f, 0xa0, 0x00, 0xaf, 0x90, 0x00,
    0xbf, 0x80, 0x00, 0xaf, 0x90, 0x00, 0x9f, 0xa0, 0x00, 0x8f, 0xa0, 0x00, 0x6f, 0xd0, 0x00, 0x3f,
    0xf0, 0x00, 0x1f, 0xf3, 0x00, 0x0b, 0xf7, 0x00, 0x06, 0xfc, 0x00, 0x02, 0xff, 0x20, 0x00, 0x9f,
    0x90, 0x00, 0x2f, 0xf2, 0x1e, 0xf3, 0x00, 0x08, 0xfb, 0x00, 0x01, 0xff, 0x30, 0x00, 0xbf, 0x80,
    0x00, 0x6f, 0xd0, 0x00, 0x2f, 0xf2, 0x00, 0x0e, 0xf5, 0x00, 0x0b, 0xf8, 0x00, 0x09, 0xfa, 0x00,
    0x08, 0xfb, 0x00, 0x07, 0xfc, 0x00, 0x07, 0xfc, 0x00, 0x07, 0xfc, 0x00, 0x08, 0xfb, 0x00, 0x09,
    0xfa, 0x00, 0x0b, 0xf8, 0x00, 0x0e, 0xf5, 0x00, 0x2f, 0xf2, 0x00, 0x6f, 0xd0, 0x00, 0xbf, 0x80,
    0x01, 0xff, 0x30, 0x08, 0xfb, 0x00, 0x1e, 0xf3, 0x00, 0x00, 0x00, 0xe8, 0x00, 0x00, 0x03, 0x00,
    0xe8, 0x00, 0x20, 0x4f, 0x91, 0xe8, 0x4d, 0xd0, 0x18, 0xee, 0xfe, 0xfd, 0x50, 0x00, 0x3e, 0xff,
    0xb0, 0x00, 0x07, 0xef, 0xfe, 0xfc, 0x30, 0x5f, 0xa2, 0xe8, 0x5d, 0xd0, 0x03, 0x00, 0xe8, 0x00,
    0x30, 0x00, 0x00, 0xe8, 0x00, 0x00, 0x00, 0x00, 0x0f, 0xf0, 0x00, 0x00, 0x00, 0x00, 0x0f, 0xf0,
    0x00, 0x00, 0x00, 0x00, 0x0f, 0xf0, 0x00, 0x00, 0x00, 0x00, 0x0f, 0xf0, 0x00, 0x00, 0x00, 0x00,
    0x1f, 0xf0, 0x00, 0x00, 0x6f, 0xff, 0xff, 0xff, 0xff, 0xf5, 0x6f, 0xff, 0xff, 0xff, 0xff, 0xf5,
    0x00, 0x00, 0x0f, 0xf0, 0x00, 0x00, 0x00, 0x00, 0x0f, 0xf0, 0x00, 0x00, 0x00, 0x00, 0x0f, 0xf0,
    0x00, 0x00, 0x00, 0x00, 0x0f, 0xf0, 0x00, 0x00, 0x5e, 0xb0, 0xcf, 0xf4, 0x9f, 0xf3, 0x0e, 0xe0,
    0x2f, 0x90, 0x6f, 0x40, 0x9e, 0x00, 0x00, 0x00, 0x00, 0x09, 0xff, 0xff, 0xfc, 0x9f, 0xff, 0xff,
    0xc0, 0x6e, 0xc1, 0xdf, 0xf4, 0x6e, 0xb1, 0x00, 0x00, 0x00, 0x00, 0xef, 0x30, 0x00, 0x00, 0x00,
    0x4f, 0xc0, 0x00, 0x00, 0x00, 0x09, 0xf7, 0x00, 0x00, 0x00, 0x00, 0xef, 0x20, 0x00, 0x00, 0x00,
    0x5f, 0xc0, 0x00, 0x00, 0x00, 0x0a, 0xf7, 0x00, 0x00, 0x00, 0x01, 0xef, 0x20, 0x00, 0x00, 0x00,
    0x5f, 0xb0, 0x00, 0x00, 0x00, 0x0a, 0xf6, 0x00, 0x00, 0x00, 0x01, 0xff, 0x10, 0x00, 0x00, 0x00,
    0x6f, 0xb0, 0x00, 0x00, 0x00, 0x0b, 0xf6, 0x00, 0x00, 0x00, 0x01, 0xff, 0x10, 0x00, 0x00, 0x00,
    0x6f, 0xa0, 0x00, 0x00, 0x00, 0x0b, 0xf5, 0x00, 0x00, 0x00, 0x01, 0xfe, 0x10, 0x00, 0x00, 0x00,
    0x7f, 0xa0, 0x00, 0x00, 0x00, 0x0c, 0xf5, 0x00, 0x00, 0x00, 0x02, 0xfe, 0x00, 0x00, 0x00, 0x00,
    0x7f, 0x90, 0x00, 0x00, 0x00, 0x0c, 0xf4, 0x00, 0x00, 0x00, 0x02, 0xfe, 0x00, 0x00, 0x00, 0x00,
    0x8f, 0x90, 0x00, 0x00, 0x00, 0x00, 0x00, 0x01, 0x8c, 0xef, 0xc8, 0x10, 0x00, 0x00, 0x3d, 0xff,
    0xff, 0xff, 0xd3, 0x00, 0x02, 0xef, 0xd5, 0x11, 0x5d, 0xfe, 0x20, 0x0a, 0xfd, 0x10, 0x00, 0x01,
    0xdf, 0xa0, 0x2f, 0xf5, 0x00, 0x00, 0x00, 0x5f, 0xf2, 0x7f, 0xe0, 0x00, 0x00, 0x00, 0x0e, 0xf7,
    0xaf, 0xb0, 0x00, 0x00, 0x00, 0x0b, 0xfa, 0xbf, 0x90, 0x00, 0x00, 0x00, 0x09, 0xfc, 0xcf, 0x80,
    0x00, 0x00, 0x00, 0x08, 0xfd, 0xbf, 0x90, 0x00, 0x00, 0x00, 0x09, 0xfc, 0xaf, 0xb0, 0x00, 0x00,
    0x00, 0x0b, 0xfa, 0x7f, 0xe0, 0x00, 0x00, 0x00, 0x0e, 0xf7, 0x2f, 0xf5, 0x00, 0x00, 0x00, 0x5f,
    0xf2, 0x0a, 0xfd, 0x10, 0x00, 0x01, 0xdf, 0xa0, 0x02, 0xef, 0xd5, 0x11, 0x5d, 0xfe, 0x20, 0x00,
    0x3e, 0xff, 0xff, 0xff, 0xe3, 0x00, 0x00, 0x01, 0x7c, 0xee, 0xc7, 0x10, 0x00, 0xcf, 0xff, 0xff,
    0x5c, 0xff, 0xff, 0xf5, 0x00, 0x01, 0xff, 0x50, 0x00, 0x0f, 0xf5, 0x00, 0x00, 0xff, 0x50, 0x00,
    0x0f, 0xf5, 0x00, 0x00, 0xff, 0x50, 0x00, 0x0f, 0xf5, 0x00, 0x00, 0xff, 0x50, 0x00, 0x0f, 0xf5,
    0x00, 0x00, 0xff, 0x50, 0x00, 0x0f, 0xf5, 0x00, 0x00, 0xff, 0x50, 0x00, 0x0f, 0xf5, 0x00, 0x00,
    0xff, 0x50, 0x00, 0x0f, 0xf5, 0x00, 0x00, 0xff, 0x50, 0x00, 0x28, 0xce, 0xfe, 0xb6, 0x00, 0x00,
    0x8f, 0xff, 0xff, 0xff, 0xfc, 0x10, 0x6f, 0xfa, 0x42, 0x13, 0x9f, 0xfa, 0x00, 0x76, 0x00, 0x00,
    0x00, 0x8f, 0xf1, 0x00, 0x00, 0x00, 0x00, 0x03, 0xff, 0x30, 0x00, 0x00, 0x00, 0x00, 0x4f, 0xf2,
    0x00, 0x00, 0x00, 0x00, 0x08, 0xfe, 0x00, 0x00, 0x00, 0x00, 0x03, 0xff, 0x80, 0x00, 0x00, 0x00,
    0x02, 0xef, 0xc0, 0x00, 0x00, 0x00, 0x02, 0xdf, 0xd2, 0x00, 0x00, 0x00, 0x02, 0xef, 0xd2, 0x00,
    0x00, 0x00, 0x03, 0xef, 0xd1, 0x00, 0x00, 0x00, 0x03, 0xef, 0xc1, 0x00, 0x00, 0x00, 0x03, 0xef,
    0xc1, 0x00, 0x00, 0x00, 0x03, 0xef, 0xc1, 0x00, 0x00, 0x00, 0x01, 0xef, 0xff, 0xff, 0xff, 0xff,
    0xfe, 0x2f, 0xff, 0xff, 0xff, 0xff, 0xff, 0xe0, 0x2f, 0xff, 0xff, 0xff, 0xff, 0xff, 0x02, 0xff,
    0xff, 0xff, 0xff, 0xff, 0xe0, 0x00, 0x00, 0x00, 0x00, 0x7f, 0xf4, 0x00, 0x00, 0x00, 0x00, 0x4f,
    0xf7, 0x00, 0x00, 0x00, 0x00, 0x2e, 0xfa, 0x00, 0x00, 0x00, 0x00, 0x0c, 0xfc, 0x00, 0x00, 0x00,
    0x00, 0x09, 0xfe, 0x20, 0x00, 0x00, 0x00, 0x03, 0xff, 0xec, 0x81, 0x00, 0x00, 0x00, 0x4f, 0xff,
    0xff, 0xe4, 0x00, 0x00, 0x00, 0x00, 0x26, 0xef, 0xe1, 0x00, 0x00, 0x00, 0x00, 0x03, 0xff, 0x70,
    0x00, 0x00, 0x00, 0x00, 0x0c, 0xf9, 0x00, 0x00, 0x00, 0x00, 0x00, 0xcf, 0x81, 0x91, 0x00, 0x00,
    0x00, 0x3f, 0xf5, 0x8f, 0xe8, 0x41, 0x13, 0x7e, 0xfc, 0x05, 0xef, 0xff, 0xff, 0xff, 0xfc, 0x20,
    0x00, 0x5a, 0xde, 0xfd, 0xb6, 0x00, 0x00, 0x00, 0x00, 0x00, 0x00, 0x1d, 0xfb, 0x00, 0x00, 0x00,
    0x00, 0x00, 0x00, 0xaf, 0xd1, 0x00, 0x00, 0x00, 0x00, 0x00, 0x06, 0xff, 0x30, 0x00, 0x00, 0x00,
    0x00, 0x00, 0x3f, 0xf7, 0x00, 0x00, 0x00, 0x00, 0x00, 0x01, 0xdf, 0xa0, 0x00, 0x00, 0x00, 0x00,
    0x00, 0x0a, 0xfd, 0x10, 0x00, 0x00, 0x00, 0x00, 0x00, 0x7f, 0xf3, 0x00, 0x00, 0x00, 0x00, 0x00,
    0x03, 0xff, 0x70, 0x00, 0x9c, 0x70, 0x00, 0x00, 0x1d, 0xfa, 0x00, 0x00, 0xaf, 0x90, 0x00, 0x00,
    0xbf, 0xd1, 0x00, 0x00, 0xaf, 0x90, 0x00, 0x07, 0xff, 0x41, 0x11, 0x11, 0xbf, 0x91, 0x11, 0x1f,
    0xff, 0xff, 0xff, 0xff, 0xff, 0xff, 0xfc, 0x1f, 0xff, 0xff, 0xff, 0xff, 0xff, 0xff, 0xfc, 0x00,
    0x00, 0x00, 0x00, 0x00, 0xbf, 0x90, 0x00, 0x00, 0x00, 0x00, 0x00, 0x00, 0xbf, 0x90, 0x00, 0x00,
    0x00, 0x00, 0x00, 0x00, 0xbf, 0x90, 0x00, 0x00, 0x00, 0x00, 0x00, 0x00, 0xbf, 0x90, 0x00, 0x00,
    0x8f, 0xff, 0xff, 0xff, 0xff, 0x00, 0x0a, 0xff, 0xff, 0xff, 0xff, 0xf0, 0x00, 0xbf, 0x80, 0x00,
    0x00, 0x00, 0x00, 0x0d, 0xf6, 0x00, 0x00, 0x00, 0x00, 0x00, 0xef, 0x50, 0x00, 0x00, 0x00, 0x00,
    0x0f, 0xf3, 0x00, 0x00, 0x00, 0x00, 0x02, 0xff, 0x20, 0x00, 0x00, 0x00, 0x00, 0x3f, 0xff, 0xff,
    0xec, 0x82, 0x00, 0x05, 0xff, 0xff, 0xff, 0xff, 0xf7, 0x00, 0x00, 0x00, 0x01, 0x26, 0xdf, 0xf4,
    0x00, 0x00, 0x00, 0x00, 0x01, 0xdf, 0xb0, 0x00, 0x00, 0x00, 0x00, 0x08, 0xfd, 0x00, 0x00, 0x00,
    0x00, 0x00, 0x8f, 0xd0, 0x72, 0x00, 0x00, 0x00, 0x1d, 0xfa, 0x4f, 0xf9, 0x52, 0x12, 0x5d, 0xff,
    0x32, 0xcf, 0xff, 0xff, 0xff, 0xfe, 0x50, 0x00, 0x38, 0xce, 0xfe, 0xc8, 0x20, 0x00, 0x00, 0x00,
    0x49, 0xde, 0xed, 0xb6, 0x00, 0x00, 0x1a, 0xff, 0xff, 0xff, 0xfe, 0x10, 0x00, 0xcf, 0xfa, 0x41,
    0x13, 0x77, 0x00, 0x08, 0xff, 0x50, 0x00, 0x00, 0x00, 0x00, 0x1f, 0xf8, 0x00, 0x00, 0x00, 0x00,
    0x00, 0x6f, 0xf1, 0x00, 0x00, 0x00, 0x00, 0x00, 0x9f, 0xc0, 0x00, 0x00, 0x00, 0x00, 0x00, 0xbf,
    0x90, 0x5b, 0xef, 0xda, 0x40, 0x00, 0xcf, 0x9a, 0xff, 0xff, 0xff, 0xf9, 0x00, 0xcf, 0xef, 0xb4,
    0x11, 0x4b, 0xff, 0x70, 0xbf, 0xfa, 0x00, 0x00, 0x00, 0x9f, 0xe0, 0x8f, 0xf3, 0x00, 0x00, 0x00,
    0x4f, 0xf1, 0x4f, 0xf3, 0x00, 0x00, 0x00, 0x4f, 0xf1, 0x0d, 0xfa, 0x00, 0x00, 0x00, 0xaf, 0xd0,
    0x04, 0xff, 0xb4, 0x11, 0x4b, 0xff, 0x60, 0x00, 0x5e, 0xff, 0xff, 0xff, 0xf8, 0x00, 0x00, 0x02,
    0x8c, 0xef, 0xd9, 0x30, 0x00, 0x4f, 0xff, 0xff, 0xff, 0xff, 0xff, 0xf6, 0x4f, 0xff, 0xff, 0xff,
    0xff, 0xff, 0xf5, 0x4f, 0xf1, 0x00, 0x00, 0x00, 0x8f, 0xe1, 0x4f, 0xf0, 0x00, 0x00, 0x00, 0xef,
    0x80, 0x4f, 0xf0, 0x00, 0x00, 0x06, 0xff, 0x20, 0x01, 0x10, 0x00, 0x00, 0x0d, 0xfa, 0x00, 0x00,
    0x00, 0x00, 0x00, 0x4f, 0xf3, 0x00, 0x00, 0x00, 0x00, 0x00, 0xbf, 0xc0, 0x00, 0x00, 0x00, 0x00,
    0x03, 0xff, 0x50, 0x00, 0x00, 0x00, 0x00, 0x09, 0xfd, 0x00, 0x00, 0x00, 0x00, 0x00, 0x1f, 0xf7,
    0x00, 0x00, 0x00, 0x00, 0x00, 0x8f, 0xe1, 0x00, 0x00, 0x00, 0x00, 0x00, 0xef, 0x90, 0x00, 0x00,
    0x00, 0x00, 0x06, 0xff, 0x20, 0x00, 0x00, 0x00, 0x00, 0x0c, 0xfa, 0x00, 0x00, 0x00, 0x00, 0x00,
    0x4f, 0xf4, 0x00, 0x00, 0x00, 0x00, 0x00, 0xbf, 0xc0, 0x00, 0x00, 0x00, 0x00, 0x06, 0xbe, 0xfe,
    0xc8, 0x20, 0x00, 0x02, 0xdf, 0xff, 0xff, 0xff, 0xf7, 0x00, 0x0c, 0xfe, 0x73, 0x12, 0x5c, 0xff,
    0x40, 0x3f, 0xf5, 0x00, 0x00, 0x00, 0xcf, 0xa0, 0x5f, 0xf1, 0x00, 0x00, 0x00, 0x9f, 0xb0, 0x3f,
    0xf5, 0x00, 0x00, 0x00, 0xcf, 0x90, 0x0b, 0xfe, 0x72, 0x01, 0x4b, 0xfe, 0x30, 0x01, 0x9f, 0xff,
    0xff, 0xff, 0xd4, 0x00, 0x03, 0xcf, 0xff, 0xff, 0xff, 0xe7, 0x00, 0x2e, 0xfd, 0x63, 0x12, 0x4a,
    0xff, 0x80, 0xaf, 0xd1, 0x00, 0x00, 0x00, 0x8f, 0xf2, 0xdf, 0x80, 0x00, 0x00, 0x00, 0x1f, 0xf5,
    0xdf, 0x80, 0x00, 0x00, 0x00, 0x1f, 0xf5, 0xaf, 0xd1, 0x00, 0x00, 0x00, 0x8f, 0xf2, 0x3f, 0xfd,
    0x62, 0x12, 0x4a, 0xff, 0xa0, 0x05, 0xef, 0xff, 0xff, 0xff, 0xfa, 0x00, 0x00, 0x17, 0xbe, 0xfe,
    0xd9, 0x40, 0x00, 0x00, 0x04, 0xad, 0xfe, 0xc7, 0x10, 0x00, 0x00, 0xaf, 0xff, 0xff, 0xff, 0xd3,
    0x00, 0x08, 0xff, 0x93, 0x12, 0x5c, 0xfe, 0x10, 0x1e, 0xf7, 0x00, 0x00, 0x01, 0xcf, 0xa0, 0x4f,
    0xf1, 0x00, 0x00, 0x00, 0x6f, 0xf1, 0x4f, 0xf1, 0x00, 0x00, 0x00, 0x6f, 0xf5, 0x2f, 0xf6, 0x00,
    0x00, 0x00, 0xcf, 0xf8, 0x0a, 0xff, 0x83, 0x11, 0x4c, 0xff, 0xf9, 0x01, 0xcf, 0xff, 0xff, 0xff,
    0x9b, 0xf9, 0x00, 0x06, 0xce, 0xfe, 0xa4, 0x0c, 0xf8, 0x00, 0x00, 0x00, 0x00, 0x00, 0x0e, 0xf7,
    0x00, 0x00, 0x00, 0x00, 0x00, 0x4f, 0xf3, 0x00, 0x00, 0x00, 0x00, 0x00, 0xbf, 0xd0, 0x00, 0x00,
    0x00, 0x00, 0x07, 0xff, 0x50, 0x00, 0x96, 0x21, 0x15, 0xbf, 0xf9, 0x00, 0x03, 0xff, 0xff, 0xff,
    0xff, 0x80, 0x00, 0x01, 0x7b, 0xdf, 0xec, 0x82, 0x00, 0x00, 0x6e, 0xc1, 0xdf, 0xf4, 0x6e, 0xb1,
    0x00, 0x00, 0x00, 0x00, 0x00, 0x00, 0x00, 0x00, 0x00, 0x00, 0x00, 0x00, 0x00, 0x00, 0x6e, 0xc1,
    0xdf, 0xf4, 0x6e, 0xb1, 0x6e, 0xc1, 0xdf, 0xf4, 0x6e, 0xb1, 0x00, 0x00, 0x00, 0x00, 0x00, 0x00,
    0x00, 0x00, 0x00, 0x00, 0x00, 0x00, 0x00, 0x00, 0x5e, 0xb0, 0xcf, 0xf4, 0x9f, 0xf3, 0x0e, 0xe0,
    0x2f, 0x90, 0x6f, 0x40, 0x9e, 0x00, 0x00, 0x00, 0x00, 0x00, 0x00, 0x53, 0x00, 0x00, 0x00, 0x02,
    0x8e, 0xf5, 0x00, 0x00, 0x16, 0xbf, 0xff, 0xa2, 0x00, 0x39, 0xef, 0xfc, 0x61, 0x00, 0x3c, 0xff,
    0xe9, 0x30, 0x00, 0x00, 0x6f, 0xf7, 0x00, 0x00, 0x00, 0x00, 0x4e, 0xff, 0xb6, 0x10, 0x00, 0x00,
    0x01, 0x6c, 0xff, 0xe9, 0x30, 0x00, 0x00, 0x00, 0x28, 0xef, 0xfc, 0x71, 0x00, 0x00, 0x00, 0x05,
    0xbf, 0xf5, 0x00, 0x00, 0x00, 0x00, 0x02, 0x84, 0x6f, 0xff, 0xff, 0xff, 0xff, 0xf5, 0x6f, 0xff,
    0xff, 0xff, 0xff, 0xf5, 0x00, 0x00, 0x00, 0x00, 0x00, 0x00, 0x00, 0x00, 0x00, 0x00, 0x00, 0x00,
    0x00, 0x00, 0x00, 0x00, 0x00, 0x00, 0x00, 0x00, 0x00, 0x00, 0x00, 0x00, 0x6f, 0xff, 0xff, 0xff,
    0xff, 0xf5, 0x6f, 0xff, 0xff, 0xff, 0xff, 0xf5, 0x45, 0x00, 0x00, 0x00, 0x00, 0x00, 0x6f, 0xe8,
    0x20, 0x00, 0x00, 0x00, 0x2a, 0xff, 0xfb, 0x50, 0x00, 0x00, 0x00, 0x16, 0xcf, 0xfe, 0x83, 0x00,
    0x00, 0x00, 0x03, 0x9e, 0xff, 0xc3, 0x00, 0x00, 0x00, 0x00, 0x7f, 0xf5, 0x00, 0x00, 0x01, 0x6c,
    0xff, 0xe4, 0x00, 0x03, 0x9e, 0xff, 0xb5, 0x00, 0x17, 0xdf, 0xfe, 0x82, 0x00, 0x00, 0x6f, 0xfb,
    0x50, 0x00, 0x00, 0x00, 0x58, 0x20, 0x00, 0x00, 0x00, 0x00, 0x00, 0x27, 0xce, 0xfe, 0xb7, 0x00,
    0x00, 0x7e, 0xff, 0xff, 0xff, 0xfd, 0x20, 0x7f, 0xfb, 0x42, 0x13, 0x9f, 0xfb, 0x01, 0xa7, 0x00,
    0x00, 0x00, 0xaf, 0xf1, 0x00, 0x00, 0x00, 0x00, 0x05, 0xff, 0x10, 0x00, 0x00, 0x00, 0x00, 0x7f,
    0xe0, 0x00, 0x00, 0x00, 0x00, 0x3e, 0xf7, 0x00, 0x00, 0x00, 0x00, 0x3e, 0xfb, 0x00, 0x00, 0x00,
    0x00, 0x3e, 0xfa, 0x00, 0x00, 0x00, 0x00, 0x1d, 0xfb, 0x00, 0x00, 0x00, 0x00, 0x06, 0xff, 0x20,
    0x00, 0x00, 0x00, 0x00, 0x59, 0x90, 0x00, 0x00, 0x00, 0x00, 0x00, 0x00, 0x00, 0x00, 0x00, 0x00,
    0x00, 0x00, 0x00, 0x00, 0x00, 0x00, 0x00, 0x06, 0xeb, 0x00, 0x00, 0x00, 0x00, 0x00, 0xcf, 0xf3,
    0x00, 0x00, 0x00, 0x00, 0x06, 0xeb, 0x00, 0x00, 0x00, 0x00, 0x00, 0x00, 0x16, 0xad, 0xef, 0xed,
    0xa6, 0x10, 0x00, 0x00, 0x00, 0x00, 0x01, 0x8e, 0xff, 0xff, 0xff, 0xff, 0xfe, 0x81, 0x00, 0x00,
    0x00, 0x02, 0xdf, 0xfb, 0x63, 0x11, 0x13, 0x6b, 0xff, 0xd2, 0x00, 0x00, 0x02, 0xef, 0xc3, 0x00,
    0x00, 0x00, 0x00, 0x03, 0xcf, 0xe2, 0x00, 0x00, 0xdf, 0x90, 0x00, 0x00, 0x00, 0x00, 0x00, 0x00,
    0x9f, 0xc0, 0x00, 0x8f, 0xb0, 0x00, 0x17, 0xdf, 0xfc, 0x60, 0xaf, 0x70, 0xaf, 0x70, 0x1e, 0xe1,
    0x00, 0x3d, 0xff, 0xff, 0xff, 0xaa, 0xf7, 0x01, 0xee, 0x05, 0xf8, 0x00, 0x1d, 0xfd, 0x51, 0x03,
    0x9f, 0xef, 0x70, 0x08, 0xf4, 0x9f, 0x30, 0x06, 0xfe, 0x20, 0x00, 0x00, 0x7f, 0xf7, 0x00, 0x3f,
    0x7b, 0xf0, 0x00, 0xbf, 0x70, 0x00, 0x00, 0x00, 0xef, 0x70, 0x01, 0xf9, 0xce, 0x00, 0x0d, 0xf4,
    0x00, 0x00, 0x00, 0x0a, 0xf7, 0x00, 0x0f, 0xac, 0xe0, 0x00, 0xdf, 0x40, 0x00, 0x00, 0x00, 0xaf,
    0x70, 0x01, 0xf9, 0xbf, 0x10, 0x0b, 0xf6, 0x00, 0x00, 0x00, 0x0d, 0xf7, 0x00, 0x2f, 0x79, 0xf3,
    0x00, 0x6f, 0xd1, 0x00, 0x00, 0x05, 0xff, 0x70, 0x06, 0xf4, 0x5f, 0x80, 0x00, 0xcf, 0xc3, 0x00,
    0x17, 0xfe, 0xfb, 0x01, 0xdd, 0x01, 0xee, 0x10, 0x02, 0xdf, 0xfe, 0xdf, 0xfc, 0x4f, 0xfd, 0xef,
    0x50, 0x08, 0xfb, 0x00, 0x01, 0x7c, 0xee, 0xc7, 0x00, 0x5d, 0xfc, 0x50, 0x00, 0x0d, 0xf9, 0x00,
    0x00, 0x00, 0x00, 0x00, 0x00, 0x00, 0x00, 0x00, 0x00, 0x2e, 0xfc, 0x30, 0x00, 0x00, 0x00, 0x00,
    0x00, 0x00, 0x00, 0x00, 0x00, 0x2d, 0xff, 0xb6, 0x31, 0x12, 0x48, 0xd3, 0x00, 0x00, 0x00, 0x00,
    0x00, 0x18, 0xef, 0xff, 0xff, 0xff, 0xff, 0x50, 0x00, 0x00, 0x00, 0x00, 0x00, 0x01, 0x6a, 0xde,
    0xfe, 0xb8, 0x20, 0x00, 0x00, 0x00, 0x00, 0x00, 0x00, 0x0a, 0xff, 0x30, 0x00, 0x00, 0x00, 0x00,
    0x00, 0x00, 0x2f, 0xff, 0x90, 0x00, 0x00, 0x00, 0x00, 0x00, 0x00, 0x8f, 0xef, 0xf1, 0x00, 0x00,
    0x00, 0x00, 0x00, 0x01, 0xef, 0x5c, 0xf8, 0x00, 0x00, 0x00, 0x00, 0x00, 0x07, 0xfe, 0x06, 0xfe,
    0x10, 0x00, 0x00, 0x00, 0x00, 0x0d, 0xf7, 0x01, 0xef, 0x60, 0x00, 0x00, 0x00, 0x00, 0x5f, 0xf1,
    0x00, 0x8f, 0xd0, 0x00, 0x00, 0x00, 0x00, 0xcf, 0xa0, 0x00, 0x2f, 0xf5, 0x00, 0x00, 0x00, 0x03,
    0xff, 0x30, 0x00, 0x0a, 0xfc, 0x00, 0x00, 0x00, 0x0a, 0xfc, 0x00, 0x00, 0x04, 0xff, 0x30, 0x00,
    0x00, 0x2f, 0xf5, 0x00, 0x00, 0x00, 0xcf, 0xa0, 0x00, 0x00, 0x9f, 0xff, 0xff, 0xff, 0xff, 0xff,
    0xf2, 0x00, 0x01, 0xef, 0xee, 0xee, 0xee, 0xee, 0xef, 0xf9, 0x00, 0x07, 0xfe, 0x10, 0x00, 0x00,
    0x00, 0x08, 0xfe, 0x10, 0x0d, 0xf9, 0x00, 0x00, 0x00, 0x00, 0x01, 0xff, 0x70, 0x5f, 0xf2, 0x00,
    0x00, 0x00, 0x00, 0x00, 0x9f, 0xd0, 0xcf, 0xa0, 0x00, 0x00, 0x00, 0x00, 0x00, 0x2f, 0xf6, 0x7f,
    0xff, 0xff, 0xff, 0xfe, 0xb6, 0x00, 0x07, 0xff, 0xff, 0xff, 0xff, 0xff, 0xfc, 0x10, 0x7f, 0xe0,
    0x00, 0x00, 0x14, 0x9f, 0xfa, 0x07, 0xfe, 0x00, 0x00, 0x00, 0x00, 0x9f, 0xf0, 0x7f, 0xe0, 0x00,
    0x00, 0x00, 0x06, 0xff, 0x17, 0xfe, 0x00, 0x00, 0x00, 0x00, 0x9f, 0xd0, 0x7f, 0xe0, 0x00, 0x00,
    0x13, 0x9f, 0xf5, 0x07, 0xff, 0xff, 0xff, 0xff, 0xff, 0xf6, 0x00, 0x7f, 0xff, 0xff, 0xff, 0xff,
    0xff, 0xd4, 0x07, 0xfe, 0x00, 0x00, 0x01, 0x25, 0xcf, 0xf3, 0x7f, 0xe0, 0x00, 0x00, 0x00, 0x00,
    0xdf, 0xa7, 0xfe, 0x00, 0x00, 0x00, 0x00, 0x08, 0xfd, 0x7f, 0xe0, 0x00, 0x00, 0x00, 0x00, 0x8f,
    0xe7, 0xfe, 0x00, 0x00, 0x00, 0x00, 0x0c, 0xfc, 0x7f, 0xe0, 0x00, 0x00, 0x11, 0x4b, 0xff, 0x67,
    0xff, 0xff, 0xff, 0xff, 0xff, 0xff, 0x90, 0x7f, 0xff, 0xff, 0xff, 0xfe, 0xd9, 0x40, 0x00, 0x00,
    0x00, 0x05, 0xad, 0xfe, 0xda, 0x60, 0x00, 0x00, 0x03, 0xdf, 0xff, 0xff, 0xff, 0xfd, 0x40, 0x00,
    0x6f, 0xfe, 0x94, 0x21, 0x37, 0xef, 0xf3, 0x03, 0xff, 0xc2, 0x00, 0x00, 0x00, 0x1b, 0x70, 0x0d,
    0xfd, 0x10, 0x00, 0x00, 0x00, 0x00, 0x00, 0x5f, 0xf4, 0x00, 0x00, 0x00, 0x00, 0x00, 0x00, 0x9f,
    0xd0, 0x00, 0x00, 0x00, 0x00, 0x00, 0x00, 0xcf, 0xa0, 0x00, 0x00, 0x00, 0x00, 0x00, 0x00, 0xcf,
    0x90, 0x00, 0x00, 0x00, 0x00, 0x00, 0x00, 0xcf, 0xa0, 0x00, 0x00, 0x00, 0x00, 0x00, 0x00, 0x9f,
    0xd0, 0x00, 0x00, 0x00, 0x00, 0x00, 0x00, 0x5f, 0xf4, 0x00, 0x00, 0x00, 0x00, 0x00, 0x00, 0x0d,
    0xfd, 0x10, 0x00, 0x00, 0x00, 0x00, 0x00, 0x03, 0xff, 0xc2, 0x00, 0x00, 0x00, 0x1b, 0x70, 0x00,
    0x6f, 0xfe, 0x94, 0x21, 0x37, 0xef, 0xf3, 0x00, 0x03, 0xdf, 0xff, 0xff, 0xff, 0xfd, 0x40, 0x00,
    0x00, 0x05, 0xad, 0xfe, 0xda, 0x60, 0x00, 0x7f, 0xff, 0xff, 0xff, 0xec, 0x94, 0x00, 0x00, 0x07,
    0xff, 0xff, 0xff, 0xff, 0xff, 0xfc, 0x20, 0x00, 0x7f, 0xe0, 0x00, 0x01, 0x24, 0xaf, 0xfe, 0x40,
    0x07, 0xfe, 0x00, 0x00, 0x00, 0x00, 0x3d, 0xfe, 0x20, 0x7f, 0xe0, 0x00, 0x00, 0x00, 0x00, 0x2e,
    0xfb, 0x07, 0xfe, 0x00, 0x00, 0x00, 0x00, 0x00, 0x6f, 0xf3, 0x7f, 0xe0, 0x00, 0x00, 0x00, 0x00,
    0x01, 0xff, 0x77, 0xfe, 0x00, 0x00, 0x00, 0x00, 0x00, 0x0d, 0xf9, 0x7f, 0xe0, 0x00, 0x00, 0x00,
    0x00, 0x00, 0xbf, 0xa7, 0xfe, 0x00, 0x00, 0x00, 0x00, 0x00, 0x0d, 0xf9, 0x7f, 0xe0, 0x00, 0x00,
    0x00, 0x00, 0x01, 0xff, 0x77, 0xfe, 0x00, 0x00, 0x00, 0x00, 0x00, 0x6f, 0xf3, 0x7f, 0xe0, 0x00,
    0x00, 0x00, 0x00, 0x2e, 0xfb, 0x07, 0xfe, 0x00, 0x00, 0x00, 0x00, 0x3d, 0xfe, 0x20, 0x7f, 0xe0,
    0x00, 0x01, 0x24, 0xaf, 0xfe, 0x40, 0x07, 0xff, 0xff, 0xff, 0xff, 0xff, 0xfc, 0x20, 0x00, 0x7f,
    0xff, 0xff, 0xff, 0xed, 0x94, 0x00, 0x00, 0x00, 0x7f, 0xff, 0xff, 0xff, 0xff, 0xff, 0x67, 0xff,
    0xff, 0xff, 0xff, 0xff, 0xf6, 0x7f, 0xe0, 0x00, 0x00, 0x00, 0x00, 0x07, 0xfe, 0x00, 0x00, 0x00,
    0x00, 0x00, 0x7f, 0xe0, 0x00, 0x00, 0x00, 0x00, 0x07, 0xfe, 0x00, 0x00, 0x00, 0x00, 0x00, 0x7f,
    0xe0, 0x00, 0x00, 0x00, 0x00, 0x07, 0xff, 0xff, 0xff, 0xff, 0xff, 0x50, 0x7f, 0xff, 0xff, 0xff,
    0xff, 0xf5, 0x07, 0xfe, 0x00, 0x00, 0x00, 0x00, 0x00, 0x7f, 0xe0, 0x00, 0x00, 0x00, 0x00, 0x07,
    0xfe, 0x00, 0x00, 0x00, 0x00, 0x00, 0x7f, 0xe0, 0x00, 0x00, 0x00, 0x00, 0x07, 0xfe, 0x00, 0x00,
    0x00, 0x00, 0x00, 0x7f, 0xe0, 0x00, 0x00, 0x00, 0x00, 0x07, 0xff, 0xff, 0xff, 0xff, 0xff, 0xfb,
    0x7f, 0xff, 0xff, 0xff, 0xff, 0xff, 0xb0, 0x7f, 0xff, 0xff, 0xff, 0xff, 0xff, 0x67, 0xff, 0xff,
    0xff, 0xff, 0xff, 0xf6, 0x7f, 0xe0, 0x00, 0x00, 0x00, 0x00, 0x07, 0xfe, 0x00, 0x00, 0x00, 0x00,
    0x00, 0x7f, 0xe0, 0x00, 0x00, 0x00, 0x00, 0x07, 0xfe, 0x00, 0x00, 0x00, 0x00, 0x00, 0x7f, 0xe0,
    0x00, 0x00, 0x00, 0x00, 0x07, 0xfe, 0x00, 0x00, 0x00, 0x00, 0x00, 0x7f, 0xff, 0xff, 0xff, 0xff,
    0xf5, 0x07, 0xff, 0xff, 0xff, 0xff, 0xff, 0x50, 0x7f, 0xe0, 0x00, 0x00, 0x00, 0x00, 0x07, 0xfe,
    0x00, 0x00, 0x00, 0x00, 0x00, 0x7f, 0xe0, 0x00, 0x00, 0x00, 0x00, 0x07, 0xfe, 0x00, 0x00, 0x00,
    0x00, 0x00, 0x7f, 0xe0, 0x00, 0x00, 0x00, 0x00, 0x07, 0xfe, 0x00, 0x00, 0x00, 0x00, 0x00, 0x7f,
    0xe0, 0x00, 0x00, 0x00, 0x00, 0x00, 0x00, 0x00, 0x05, 0xad, 0xef, 0xdb, 0x71, 0x00, 0x00, 0x03,
    0xdf, 0xff, 0xff, 0xff, 0xfe, 0x60, 0x00, 0x5f, 0xfe, 0x94, 0x21, 0x26, 0xcf, 0xf5, 0x03, 0xff,
    0xc2, 0x00, 0x00, 0x00, 0x07, 0x90, 0x0d, 0xfd, 0x10, 0x00, 0x00, 0x00, 0x00, 0x00, 0x5f, 0xf4,
    0x00, 0x00, 0x00, 0x00, 0x00, 0x00, 0x9f, 0xd0, 0x00, 0x00, 0x00, 0x00, 0x00, 0x00, 0xcf, 0xa0,
    0x00, 0x00, 0x00, 0x00, 0x00, 0x00, 0xcf, 0x90, 0x00, 0x00, 0x00, 0x00, 0x08, 0x94, 0xcf, 0xa0,
    0x00, 0x00, 0x00, 0x00, 0x0d, 0xf7, 0x9f, 0xd0, 0x00, 0x00, 0x00, 0x00, 0x0d, 0xf7, 0x5f, 0xf4,
    0x00, 0x00, 0x00, 0x00, 0x0d, 0xf7, 0x0d, 0xfd, 0x10, 0x00, 0x00, 0x00, 0x0d, 0xf7, 0x03, 0xff,
    0xc2, 0x00, 0x00, 0x00, 0x0d, 0xf7, 0x00, 0x5f, 0xfe, 0x94, 0x21, 0x26, 0xcf, 0xf7, 0x00, 0x03,
    0xdf, 0xff, 0xff, 0xff, 0xff, 0x91, 0x00, 0x00, 0x05, 0xad, 0xff, 0xdb, 0x72, 0x00, 0x7f, 0xe0,
    0x00, 0x00, 0x00, 0x00, 0x7f, 0xf7, 0xfe, 0x00, 0x00, 0x00, 0x00, 0x07, 0xff, 0x7f, 0xe0, 0x00,
    0x00, 0x00, 0x00, 0x7f, 0xf7, 0xfe, 0x00, 0x00, 0x00, 0x00, 0x07, 0xff, 0x7f, 0xe0, 0x00, 0x00,
    0x00, 0x00, 0x7f, 0xf7, 0xfe, 0x00, 0x00, 0x00, 0x00, 0x07, 0xff, 0x7f, 0xe0, 0x00, 0x00, 0x00,
    0x00, 0x7f, 0xf7, 0xff, 0xff, 0xff, 0xff, 0xff, 0xff, 0xff, 0x7f, 0xff, 0xff, 0xff, 0xff, 0xff,
    0xff, 0xf7, 0xfe, 0x00, 0x00, 0x00, 0x00, 0x07, 0xff, 0x7f, 0xe0, 0x00, 0x00, 0x00, 0x00, 0x7f,
    0xf7, 0xfe, 0x00, 0x00, 0x00, 0x00, 0x07, 0xff, 0x7f, 0xe0, 0x00, 0x00, 0x00, 0x00, 0x7f, 0xf7,
    0xfe, 0x00, 0x00, 0x00, 0x00, 0x07, 0xff, 0x7f, 0xe0, 0x00, 0x00, 0x00, 0x00, 0x7f, 0xf7, 0xfe,
    0x00, 0x00, 0x00, 0x00, 0x07, 0xff, 0x7f, 0xe0, 0x00, 0x00, 0x00, 0x00, 0x7f, 0xf0, 0x7f, 0xe7,
    0xfe, 0x7f, 0xe7, 0xfe, 0x7f, 0xe7, 0xfe, 0x7f, 0xe7, 0xfe, 0x7f, 0xe7, 0xfe, 0x7f, 0xe7, 0xfe,
    0x7f, 0xe7, 0xfe, 0x7f, 0xe7, 0xfe, 0x7f, 0xe0, 0x00, 0x8f, 0xff, 0xff, 0xff, 0xe0, 0x08, 0xff,
    0xff, 0xff, 0xfe, 0x00, 0x00, 0x00, 0x00, 0x7f, 0xe0, 0x00, 0x00, 0x00, 0x07, 0xfe, 0x00, 0x00,
    0x00, 0x00, 0x7f, 0xe0, 0x00, 0x00, 0x00, 0x07, 0xfe, 0x00, 0x00, 0x00, 0x00, 0x7f, 0xe0, 0x00,
    0x00, 0x00, 0x07, 0xfe, 0x00, 0x00, 0x00, 0x00, 0x7f, 0xe0, 0x00, 0x00, 0x00, 0x07, 0xfe, 0x00,
    0x00, 0x00, 0x00, 0x7f, 0xe0, 0x00, 0x00, 0x00, 0x07, 0xfe, 0x00, 0x00, 0x00, 0x00, 0x8f, 0xd0,
    0x49, 0x00, 0x00, 0x0d, 0xfa, 0x1e, 0xfb, 0x41, 0x3a, 0xff, 0x50, 0x6f, 0xff, 0xff, 0xff, 0x90,
    0x00, 0x29, 0xdf, 0xeb, 0x60, 0x00, 0x7f, 0xe0, 0x00, 0x00, 0x00, 0x07, 0xff, 0x50, 0x7f, 0xe0,
    0x00, 0x00, 0x00, 0x6f, 0xf6, 0x00, 0x7f, 0xe0, 0x00, 0x00, 0x05, 0xff, 0x70, 0x00, 0x7f, 0xe0,
    0x00, 0x00, 0x5f, 0xf7, 0x00, 0x00, 0x7f, 0xe0, 0x00, 0x04, 0xff, 0x80, 0x00, 0x00, 0x7f, 0xe0,
    0x00, 0x4f, 0xf9, 0x00, 0x00, 0x00, 0x7f, 0xe0, 0x04, 0xef, 0xa0, 0x00, 0x00, 0x00, 0x7f, 0xe0,
    0x3e, 0xfc, 0x00, 0x00, 0x00, 0x00, 0x7f, 0xe3, 0xef, 0xff, 0x40, 0x00, 0x00, 0x00, 0x7f, 0xee,
    0xfd, 0xdf, 0xe2, 0x00, 0x00, 0x00, 0x7f, 0xff, 0xd2, 0x3e, 0xfd, 0x10, 0x00, 0x00, 0x7f, 0xfd,
    0x20, 0x05, 0xff, 0xb0, 0x00, 0x00, 0x7f, 0xf2, 0x00, 0x00, 0x7f, 0xf8, 0x00, 0x00, 0x7f, 0xe0,
    0x00, 0x00, 0x09, 0xff, 0x60, 0x00, 0x7f, 0xe0, 0x00, 0x00, 0x00, 0xbf, 0xf3, 0x00, 0x7f, 0xe0,
    0x00, 0x00, 0x00, 0x1c, 0xfe, 0x20, 0x7f, 0xe0, 0x00, 0x00, 0x00, 0x02, 0xdf, 0xc0, 0x7f, 0xe0,
    0x00, 0x00, 0x00, 0x00, 0x07, 0xfe, 0x00, 0x00, 0x00, 0x00, 0x00, 0x7f, 0xe0, 0x00, 0x00, 0x00,
    0x00, 0x07, 0xfe, 0x00, 0x00, 0x00, 0x00, 0x00, 0x7f, 0xe0, 0x00, 0x00, 0x00, 0x00, 0x07, 0xfe,
    0x00, 0x00, 0x00, 0x00, 0x00, 0x7f, 0xe0, 0x00, 0x00, 0x00, 0x00, 0x07, 0xfe, 0x00, 0x00, 0x00,
    0x00, 0x00, 0x7f, 0xe0, 0x00, 0x00, 0x00, 0x00, 0x07, 0xfe, 0x00, 0x00, 0x00, 0x00, 0x00, 0x7f,
    0xe0, 0x00, 0x00, 0x00, 0x00, 0x07, 0xfe, 0x00, 0x00, 0x00, 0x00, 0x00, 0x7f, 0xe0, 0x00, 0x00,
    0x00, 0x00, 0x07, 0xfe, 0x00, 0x00, 0x00, 0x00, 0x00, 0x7f, 0xe2, 0x22, 0x22, 0x22, 0x22, 0x07,
    0xff, 0xff, 0xff, 0xff, 0xff, 0xf0, 0x7f, 0xff, 0xff, 0xff, 0xff, 0xff, 0x00, 0x7f, 0xc0, 0x00,
    0x00, 0x00, 0x00, 0x00, 0x00, 0xdf, 0x67, 0xff, 0x50, 0x00, 0x00, 0x00, 0x00, 0x00, 0x7f, 0xf6,
    0x7f, 0xfe, 0x10, 0x00, 0x00, 0x00, 0x00, 0x1e, 0xff, 0x67, 0xff, 0xf8, 0x00, 0x00, 0x00, 0x00,
    0x09, 0xff, 0xf6, 0x7f, 0xff, 0xf2, 0x00, 0x00, 0x00, 0x03, 0xff, 0xff, 0x67, 0xfc, 0xaf, 0xb0,
    0x00, 0x00, 0x00, 0xbf, 0x8e, 0xf6, 0x7f, 0xc2, 0xff, 0x40, 0x00, 0x00, 0x5f, 0xe1, 0xef, 0x67,
    0xfc, 0x08, 0xfd, 0x00, 0x00, 0x1d, 0xf6, 0x0e, 0xf6, 0x7f, 0xc0, 0x1d, 0xf7, 0x00, 0x08, 0xfc,
    0x00, 0xef, 0x67, 0xfc, 0x00, 0x5f, 0xe1, 0x02, 0xef, 0x30, 0x0e, 0xf6, 0x7f, 0xc0, 0x00, 0xbf,
    0xa0, 0xaf, 0x90, 0x00, 0xef, 0x67, 0xfc, 0x00, 0x02, 0xff, 0x7f, 0xe1, 0x00, 0x0e, 0xf6, 0x7f,
    0xc0, 0x00, 0x08, 0xff, 0xf7, 0x00, 0x00, 0xef, 0x67, 0xfc, 0x00, 0x00, 0x1e, 0xfc, 0x00, 0x00,
    0x0e, 0xf6, 0x7f, 0xc0, 0x00, 0x00, 0x5e, 0x40, 0x00, 0x00, 0xef, 0x67, 0xfc, 0x00, 0x00, 0x00,
    0x00, 0x00, 0x00, 0x0e, 0xf6, 0x7f, 0xc0, 0x00, 0x00, 0x00, 0x00, 0x00, 0x00, 0xef, 0x60, 0x7f,
    0xc1, 0x00, 0x00, 0x00, 0x00, 0x7f, 0xf7, 0xff, 0xa0, 0x00, 0x00, 0x00, 0x07, 0xff, 0x7f, 0xff,
    0x70, 0x00, 0x00, 0x00, 0x7f, 0xf7, 0xff, 0xff, 0x40, 0x00, 0x00, 0x07, 0xff, 0x7f, 0xed, 0xfe,
    0x20, 0x00, 0x00, 0x7f, 0xf7, 0xfe, 0x3e, 0xfc, 0x10, 0x00, 0x07, 0xff, 0x7f, 0xe0, 0x5f, 0xfa,
    0x00, 0x00, 0x7f, 0xf7, 0xfe, 0x00, 0x8f, 0xf7, 0x00, 0x07, 0xff, 0x7f, 0xe0, 0x00, 0xbf, 0xf4,
    0x00, 0x7f, 0xf7, 0xfe, 0x00, 0x01, 0xdf, 0xe2, 0x07, 0xff, 0x7f, 0xe0, 0x00, 0x03, 0xff, 0xc0,
    0x7f, 0xf7, 0xfe, 0x00, 0x00, 0x06, 0xff, 0x97, 0xff, 0x7f, 0xe0, 0x00, 0x00, 0x09, 0xff, 0xcf,
    0xf7, 0xfe, 0x00, 0x00, 0x00, 0x0b, 0xff, 0xff, 0x7f, 0xe0, 0x00, 0x00, 0x00, 0x1d, 0xff, 0xf7,
    0xfe, 0x00, 0x00, 0x00, 0x00, 0x3f, 0xff, 0x7f, 0xe0, 0x00, 0x00, 0x00, 0x00, 0x6f, 0xf0, 0x00,
    0x00, 0x05, 0xad, 0xef, 0xdb, 0x61, 0x00, 0x00, 0x00, 0x03, 0xdf, 0xff, 0xff, 0xff, 0xfe, 0x40,
    0x00, 0x00, 0x5f, 0xfe, 0x94, 0x21, 0x38, 0xef, 0xf7, 0x00, 0x03, 0xff, 0xc2, 0x00, 0x00, 0x00,
    0x1a, 0xff, 0x50, 0x0d, 0xfd, 0x10, 0x00, 0x00, 0x00, 0x00, 0xcf, 0xe1, 0x5f, 0xf4, 0x00, 0x00,
    0x00, 0x00, 0x00, 0x2f, 0xf7, 0x9f, 0xd0, 0x00, 0x00, 0x00, 0x00, 0x00, 0x0b, 0xfc, 0xcf, 0xa0,
    0x00, 0x00, 0x00, 0x00, 0x00, 0x08, 0xfe, 0xcf, 0x90, 0x00, 0x00, 0x00, 0x00, 0x00, 0x06, 0xff,
    0xcf, 0xa0, 0x00, 0x00, 0x00, 0x00, 0x00, 0x08, 0xfe, 0x9f, 0xd0, 0x00, 0x00, 0x00, 0x00, 0x00,
    0x0b, 0xfc, 0x5f, 0xf4, 0x00, 0x00, 0x00, 0x00, 0x00, 0x2f, 0xf7, 0x0d, 0xfd, 0x10, 0x00, 0x00,
    0x00, 0x00, 0xbf, 0xe1, 0x03, 0xff, 0xc2, 0x00, 0x00, 0x00, 0x1a, 0xff, 0x50, 0x00, 0x5f, 0xfe,
    0x94, 0x21, 0x38, 0xef, 0xf8, 0x00, 0x00, 0x03, 0xdf, 0xff, 0xff, 0xff, 0xfe, 0x40, 0x00, 0x00,
    0x00, 0x05, 0xad, 0xff, 0xdb, 0x61, 0x00, 0x00, 0x7f, 0xff, 0xff, 0xff, 0xdb, 0x60, 0x00, 0x07,
    0xff, 0xff, 0xff, 0xff, 0xff, 0xd2, 0x00, 0x7f, 0xe0, 0x00, 0x01, 0x37, 0xef, 0xe1, 0x07, 0xfe,
    0x00, 0x00, 0x00, 0x03, 0xef, 0x90, 0x7f, 0xe0, 0x00, 0x00, 0x00, 0x09, 0xfd, 0x07, 0xfe, 0x00,
    0x00, 0x00, 0x00, 0x5f, 0xf0, 0x7f, 0xe0, 0x00, 0x00, 0x00, 0x05, 0xff, 0x07, 0xfe, 0x00, 0x00,
    0x00, 0x00, 0x9f, 0xd0, 0x7f, 0xe0, 0x00, 0x00, 0x00, 0x3e, 0xf9, 0x07, 0xfe, 0x00, 0x00, 0x13,
    0x7e, 0xfe, 0x10, 0x7f, 0xff, 0xff, 0xff, 0xff, 0xfd, 0x30, 0x07, 0xff, 0xff, 0xff, 0xfe, 0xb6,
    0x00, 0x00, 0x7f, 0xe0, 0x00, 0x00, 0x00, 0x00, 0x00, 0x07, 0xfe, 0x00, 0x00, 0x00, 0x00, 0x00,
    0x00, 0x7f, 0xe0, 0x00, 0x00, 0x00, 0x00, 0x00, 0x07, 0xfe, 0x00, 0x00, 0x00, 0x00, 0x00, 0x00,
    0x7f, 0xe0, 0x00, 0x00, 0x00, 0x00, 0x00, 0x00, 0x00, 0x00, 0x05, 0xad, 0xef, 0xdb, 0x61, 0x00,
    0x00, 0x00, 0x00, 0x3c, 0xff, 0xff, 0xff, 0xff, 0xe4, 0x00, 0x00, 0x00, 0x5e, 0xfe, 0x94, 0x21,
    0x38, 0xef, 0xf7, 0x00, 0x00, 0x3e, 0xfc, 0x20, 0x00, 0x00, 0x01, 0xaf, 0xf5, 0x00, 0x0c, 0xfd,
    0x10, 0x00, 0x00, 0x00, 0x00, 0xcf, 0xe1, 0x04, 0xff, 0x40, 0x00, 0x00, 0x00, 0x00, 0x02, 0xff,
    0x70, 0x9f, 0xd0, 0x00, 0x00, 0x00, 0x00, 0x00, 0x0b, 0xfc, 0x0c, 0xfa, 0x00, 0x00, 0x00, 0x00,
    0x00, 0x00, 0x8f, 0xe0, 0xcf, 0x90, 0x00, 0x00, 0x00, 0x00, 0x00, 0x06, 0xff, 0x0c, 0xfa, 0x00,
    0x00, 0x00, 0x00, 0x00, 0x00, 0x8f, 0xe0, 0x9f, 0xd0, 0x00, 0x00, 0x00, 0x00, 0x00, 0x0b, 0xfc,
    0x05, 0xff, 0x40, 0x00, 0x00, 0x00, 0x00, 0x02, 0xff, 0x70, 0x0d, 0xfd, 0x10, 0x00, 0x00, 0x00,
    0x00, 0xbf, 0xe2, 0x00, 0x4f, 0xfc, 0x20, 0x00, 0x00, 0x01, 0xaf, 0xf7, 0x00, 0x00, 0x7f, 0xfe,
    0x94, 0x21, 0x38, 0xef, 0xf9, 0x00, 0x00, 0x00, 0x5e, 0xff, 0xff, 0xff, 0xff, 0xe6, 0x00, 0x00,
    0x00, 0x00, 0x17, 0xce, 0xff, 0xfd, 0x71, 0x00, 0x00, 0x00, 0x00, 0x00, 0x00, 0x02, 0xcf, 0xf8,
    0x31, 0x26, 0xc3, 0x00, 0x00, 0x00, 0x00, 0x01, 0x9f, 0xff, 0xff, 0xff, 0x70, 0x00, 0x00, 0x00,
    0x00, 0x00, 0x3a, 0xdf, 0xea, 0x40, 0x7f, 0xff, 0xff, 0xff, 0xdb, 0x60, 0x00, 0x07, 0xff, 0xff,
    0xff, 0xff, 0xff, 0xd2, 0x00, 0x7f, 0xe0, 0x00, 0x01, 0x37, 0xef, 0xe1, 0x07, 0xfe, 0x00, 0x00,
    0x00, 0x03, 0xef, 0x90, 0x7f, 0xe0, 0x00, 0x00, 0x00, 0x09, 0xfd, 0x07, 0xfe, 0x00, 0x00, 0x00,
    0x00, 0x5f, 0xf0, 0x7f, 0xe0, 0x00, 0x00, 0x00, 0x05, 0xff, 0x07, 0xfe, 0x00, 0x00, 0x00, 0x00,
    0x9f, 0xd0, 0x7f, 0xe0, 0x00, 0x00, 0x00, 0x3e, 0xf8, 0x07, 0xfe, 0x00, 0x00, 0x13, 0x7e, 0xfd,
    0x10, 0x7f, 0xff, 0xff, 0xff, 0xff, 0xfd, 0x20, 0x07, 0xff, 0xff, 0xff, 0xff, 0xfa, 0x00, 0x00,
    0x7f, 0xe0, 0x00, 0x00, 0x7f, 0xe3, 0x00, 0x07, 0xfe, 0x00, 0x00, 0x00, 0xbf, 0xc0, 0x00, 0x7f,
    0xe0, 0x00, 0x00, 0x02, 0xef, 0x90, 0x07, 0xfe, 0x00, 0x00, 0x00, 0x05, 0xff, 0x40, 0x7f, 0xe0,
    0x00, 0x00, 0x00, 0x09, 0xfe, 0x10, 0x00, 0x16, 0xbd, 0xfe, 0xda, 0x50, 0x00, 0x3d, 0xff, 0xff,
    0xff, 0xff, 0xd1, 0x1d, 0xfe, 0x62, 0x11, 0x48, 0xec, 0x06, 0xff, 0x20, 0x00, 0x00, 0x01, 0x30,
    0x9f, 0xc0, 0x00, 0x00, 0x00, 0x00, 0x08, 0xfe, 0x10, 0x00, 0x00, 0x00, 0x00, 0x3f, 0xfc, 0x30,
    0x00, 0x00, 0x00, 0x00, 0x8f, 0xff, 0xd9, 0x62, 0x00, 0x00, 0x00, 0x4b, 0xff, 0xff, 0xfc, 0x60,
    0x00, 0x00, 0x01, 0x59, 0xdf, 0xff, 0xb0, 0x00, 0x00, 0x00, 0x00, 0x3a, 0xff, 0x70, 0x00, 0x00,
    0x00, 0x00, 0x0b, 0xfc, 0x00, 0x00, 0x00, 0x00, 0x00, 0x7f, 0xd5, 0x70, 0x00, 0x00, 0x00, 0x0b,
    0xfb, 0xcf, 0xe8, 0x42, 0x11, 0x4b, 0xff, 0x44, 0xdf, 0xff, 0xff, 0xff, 0xff, 0x60, 0x00, 0x59,
    0xce, 0xfe, 0xc8, 0x20, 0x00, 0xef, 0xff, 0xff, 0xff, 0xff, 0xff, 0xff, 0xef, 0xff, 0xff, 0xff,
    0xff, 0xff, 0xff, 0x00, 0x00, 0x02, 0xff, 0x40, 0x00, 0x00, 0x00, 0x00, 0x02, 0xff, 0x40, 0x00,
    0x00, 0x00, 0x00, 0x02, 0xff, 0x40, 0x00, 0x00, 0x00, 0x00, 0x02, 0xff, 0x40, 0x00, 0x00, 0x00,
    0x00, 0x02, 0xff, 0x40, 0x00, 0x00, 0x00, 0x00, 0x02, 0xff, 0x40, 0x00, 0x00, 0x00, 0x00, 0x02,
    0xff, 0x40, 0x00, 0x00, 0x00, 0x00, 0x02, 0xff, 0x40, 0x00, 0x00, 0x00, 0x00, 0x02, 0xff, 0x40,
    0x00, 0x00, 0x00, 0x00, 0x02, 0xff, 0x40, 0x00, 0x00, 0x00, 0x00, 0x02, 0xff, 0x40, 0x00, 0x00,
    0x00, 0x00, 0x02, 0xff, 0x40, 0x00, 0x00, 0x00, 0x00, 0x02, 0xff, 0x40, 0x00, 0x00, 0x00, 0x00,
    0x02, 0xff, 0x40, 0x00, 0x00, 0x00, 0x00, 0x02, 0xff, 0x40, 0x00, 0x00, 0x9f, 0xc0, 0x00, 0x00,
    0x00, 0x00, 0xbf, 0x99, 0xfc, 0x00, 0x00, 0x00, 0x00, 0x0b, 0xf9, 0x9f, 0xc0, 0x00, 0x00, 0x00,
    0x00, 0xbf, 0x99, 0xfc, 0x00, 0x00, 0x00, 0x00, 0x0b, 0xf9, 0x9f, 0xc0, 0x00, 0x00, 0x00, 0x00,
    0xbf, 0x99, 0xfc, 0x00, 0x00, 0x00, 0x00, 0x0b, 0xf9, 0x9f, 0xc0, 0x00, 0x00, 0x00, 0x00, 0xbf,
    0x99, 0xfc, 0x00, 0x00, 0x00, 0x00, 0x0b, 0xf9, 0x9f, 0xc0, 0x00, 0x00, 0x00, 0x00, 0xbf, 0x99,
    0xfc, 0x00, 0x00, 0x00, 0x00, 0x0b, 0xf9, 0x8f, 0xd0, 0x00, 0x00, 0x00, 0x00, 0xcf, 0x87, 0xff,
    0x00, 0x00, 0x00, 0x00, 0x0e, 0xf6, 0x3f, 0xf5, 0x00, 0x00, 0x00, 0x04, 0xff, 0x20, 0xcf, 0xd1,
    0x00, 0x00, 0x01, 0xdf, 0xc0, 0x03, 0xff, 0xd6, 0x21, 0x26, 0xdf, 0xf3, 0x00, 0x04, 0xef, 0xff,
    0xff, 0xff, 0xe4, 0x00, 0x00, 0x01, 0x7c, 0xef, 0xec, 0x71, 0x00, 0x00, 0xcf, 0xc0, 0x00, 0x00,
    0x00, 0x00, 0x00, 0x8f, 0xd0, 0x6f, 0xf3, 0x00, 0x00, 0x00, 0x00, 0x00, 0xef, 0x70, 0x0e, 0xfa,
    0x00, 0x00, 0x00, 0x00, 0x06, 0xfe, 0x10, 0x08, 0xff, 0x10, 0x00, 0x00, 0x00, 0x0c, 0xf9, 0x00,
    0x01, 0xff, 0x80, 0x00, 0x00, 0x00, 0x4f, 0xf2, 0x00, 0x00, 0xaf, 0xe0, 0x00, 0x00, 0x00, 0xaf,
    0xb0, 0x00, 0x00, 0x3f, 0xf6, 0x00, 0x00, 0x02, 0xff, 0x40, 0x00, 0x00, 0x0c, 0xfc, 0x00, 0x00,
    0x08, 0xfd, 0x00, 0x00, 0x00, 0x05, 0xff, 0x40, 0x00, 0x1e, 0xf6, 0x00, 0x00, 0x00, 0x00, 0xdf,
    0xa0, 0x00, 0x7f, 0xe1, 0x00, 0x00, 0x00, 0x00, 0x7f, 0xf2, 0x00, 0xdf, 0x80, 0x00, 0x00, 0x00,
    0x00, 0x1e, 0xf8, 0x05, 0xff, 0x20, 0x00, 0x00, 0x00, 0x00, 0x09, 0xfe, 0x1b, 0xfa, 0x00, 0x00,
    0x00, 0x00, 0x00, 0x02, 0xff, 0x9f, 0xf4, 0x00, 0x00, 0x00, 0x00, 0x00, 0x00, 0xbf, 0xff, 0xc0,
    0x00, 0x00, 0x00, 0x00, 0x00, 0x00, 0x4f, 0xff, 0x60, 0x00, 0x00, 0x00, 0x00, 0x00, 0x00, 0x0d,
    0xfe, 0x10, 0x00, 0x00, 0x00, 0x1f, 0xf6, 0x00, 0x00, 0x00, 0x00, 0xaf, 0xd0, 0x00, 0x00, 0x00,
    0x03, 0xff, 0x10, 0xbf, 0xb0, 0x00, 0x00, 0x00, 0x1e, 0xff, 0x30, 0x00, 0x00, 0x00, 0x8f, 0xb0,
    0x06, 0xff, 0x10, 0x00, 0x00, 0x05, 0xff, 0xf8, 0x00, 0x00, 0x00, 0x0d, 0xf6, 0x00, 0x1f, 0xf6,
    0x00, 0x00, 0x00, 0xaf, 0xdf, 0xd0, 0x00, 0x00, 0x03, 0xff, 0x20, 0x00, 0xbf, 0xb0, 0x00, 0x00,
    0x1f, 0xf4, 0xff, 0x30, 0x00, 0x00, 0x8f, 0xb0, 0x00, 0x06, 0xff, 0x10, 0x00, 0x06, 0xfc, 0x0c,
    0xf8, 0x00, 0x00, 0x0d, 0xf7, 0x00, 0x00, 0x1f, 0xf6, 0x00, 0x00, 0xbf, 0x70, 0x6f, 0xd0, 0x00,
    0x03, 0xff, 0x20, 0x00, 0x00, 0xbf, 0xb0, 0x00, 0x1f, 0xf2, 0x01, 0xff, 0x30, 0x00, 0x8f, 0xc0,
    0x00, 0x00, 0x06, 0xff, 0x10, 0x06, 0xfc, 0x00, 0x0b, 0xf8, 0x00, 0x0d, 0xf7, 0x00, 0x00, 0x00,
    0x1f, 0xf5, 0x00, 0xbf, 0x70, 0x00, 0x6f, 0xd0, 0x03, 0xff, 0x20, 0x00, 0x00, 0x00, 0xbf, 0xa0,
    0x1f, 0xf2, 0x00, 0x01, 0xff, 0x30, 0x8f, 0xc0, 0x00, 0x00, 0x00, 0x06, 0xff, 0x16, 0xfc, 0x00,
    0x00, 0x0b, 0xf8, 0x0d, 0xf7, 0x00, 0x00, 0x00, 0x00, 0x2f, 0xf5, 0xcf, 0x70, 0x00, 0x00, 0x6f,
    0xd3, 0xff, 0x20, 0x00, 0x00, 0x00, 0x00, 0xcf, 0xcf, 0xf2, 0x00, 0x00, 0x01, 0xff, 0xbf, 0xc0,
    0x00, 0x00, 0x00, 0x00, 0x07, 0xff, 0xfc, 0x00, 0x00, 0x00, 0x0b, 0xff, 0xf7, 0x00, 0x00, 0x00,
    0x00, 0x00, 0x2f, 0xff, 0x70, 0x00, 0x00, 0x00, 0x6f, 0xff, 0x20, 0x00, 0x00, 0x00, 0x00, 0x00,
    0xcf, 0xf2, 0x00, 0x00, 0x00, 0x01, 0xff, 0xc0, 0x00, 0x00, 0x00, 0x1d, 0xfc, 0x00, 0x00, 0x00,
    0x00, 0x8f, 0xe2, 0x04, 0xff, 0x80, 0x00, 0x00, 0x04, 0xff, 0x50, 0x00, 0x8f, 0xf4, 0x00, 0x00,
    0x1e, 0xf9, 0x00, 0x00, 0x0c, 0xfd, 0x10, 0x00, 0xaf, 0xd1, 0x00, 0x00, 0x02, 0xef, 0xa0, 0x06,
    0xff, 0x30, 0x00, 0x00, 0x00, 0x6f, 0xf6, 0x2e, 0xf7, 0x00, 0x00, 0x00, 0x00, 0x0a, 0xfe, 0xdf,
    0xb0, 0x00, 0x00, 0x00, 0x00, 0x01, 0xdf, 0xfe, 0x10, 0x00, 0x00, 0x00, 0x00, 0x00, 0x9f, 0xfb,
    0x00, 0x00, 0x00, 0x00, 0x00, 0x04, 0xff, 0xff, 0x60, 0x00, 0x00, 0x00, 0x00, 0x1d, 0xfa, 0x9f,
    0xe3, 0x00, 0x00, 0x00, 0x00, 0xaf, 0xd1, 0x1c, 0xfc, 0x00, 0x00, 0x00, 0x06, 0xff, 0x40, 0x03,
    0xff, 0x90, 0x00, 0x00, 0x3f, 0xf8, 0x00, 0x00, 0x7f, 0xf5, 0x00, 0x01, 0xdf, 0xc0, 0x00, 0x00,
    0x0b, 0xfe, 0x20, 0x09, 0xff, 0x30, 0x00, 0x00, 0x01, 0xef, 0xb0, 0x5f, 0xf6, 0x00, 0x00, 0x00,
    0x00, 0x4f, 0xf7, 0x0c, 0xfb, 0x00, 0x00, 0x00, 0x00, 0x02, 0xef, 0x50, 0x3f, 0xf5, 0x00, 0x00,
    0x00, 0x00, 0xaf, 0xb0, 0x00, 0x9f, 0xe1, 0x00, 0x00, 0x00, 0x4f, 0xf2, 0x00, 0x01, 0xef, 0x80,
    0x00, 0x00, 0x0d, 0xf8, 0x00, 0x00, 0x06, 0xff, 0x30, 0x00, 0x07, 0xfd, 0x10, 0x00, 0x00, 0x0c,
    0xfb, 0x00, 0x02, 0xef, 0x50, 0x00, 0x00, 0x00, 0x3f, 0xf5, 0x00, 0xaf, 0xb0, 0x00, 0x00, 0x00,
    0x00, 0x9f, 0xe1, 0x4f, 0xf2, 0x00, 0x00, 0x00, 0x00, 0x01, 0xef, 0x9d, 0xf8, 0x00, 0x00, 0x00,
    0x00, 0x00, 0x06, 0xff, 0xfd, 0x10, 0x00, 0x00, 0x00, 0x00, 0x00, 0x0c, 0xff, 0x50, 0x00, 0x00,
    0x00, 0x00, 0x00, 0x00, 0x6f, 0xe0, 0x00, 0x00, 0x00, 0x00, 0x00, 0x00, 0x06, 0xfe, 0x00, 0x00,
    0x00, 0x00, 0x00, 0x00, 0x00, 0x6f, 0xe0, 0x00, 0x00, 0x00, 0x00, 0x00, 0x00, 0x06, 0xfe, 0x00,
    0x00, 0x00, 0x00, 0x00, 0x00, 0x00, 0x6f, 0xe0, 0x00, 0x00, 0x00, 0x00, 0x00, 0x00, 0x06, 0xfe,
    0x00, 0x00, 0x00, 0x00, 0xcf, 0xff, 0xff, 0xff, 0xff, 0xff, 0xfc, 0x0c, 0xff, 0xff, 0xff, 0xff,
    0xff, 0xff, 0xb0, 0x00, 0x00, 0x00, 0x00, 0x01, 0xcf, 0xe2, 0x00, 0x00, 0x00, 0x00, 0x00, 0x9f,
    0xf4, 0x00, 0x00, 0x00, 0x00, 0x00, 0x5f, 0xf7, 0x00, 0x00, 0x00, 0x00, 0x00, 0x3e, 0xfa, 0x00,
    0x00, 0x00, 0x00, 0x00, 0x1d, 0xfd, 0x10, 0x00, 0x00, 0x00, 0x00, 0x0b, 0xfe, 0x20, 0x00, 0x00,
    0x00, 0x00, 0x08, 0xff, 0x50, 0x00, 0x00, 0x00, 0x00, 0x04, 0xff, 0x80, 0x00, 0x00, 0x00, 0x00,
    0x02, 0xef, 0xb0, 0x00, 0x00, 0x00, 0x00, 0x01, 0xcf, 0xd1, 0x00, 0x00, 0x00, 0x00, 0x00, 0xaf,
    0xf3, 0x00, 0x00, 0x00, 0x00, 0x00, 0x7f, 0xf6, 0x00, 0x00, 0x00, 0x00, 0x00, 0x4f, 0xfa, 0x00,
    0x00, 0x00, 0x00, 0x00, 0x0d, 0xff, 0xff, 0xff, 0xff, 0xff, 0xff, 0xf1, 0xff, 0xff, 0xff, 0xff,
    0xff, 0xff, 0xff, 0x10, 0x7f, 0xff, 0xf8, 0x7f, 0xff, 0xf8, 0x7f, 0xd0, 0x00, 0x7f, 0xc0, 0x00,
    0x7f, 0xc0, 0x00, 0x7f, 0xc0, 0x00, 0x7f, 0xc0, 0x00, 0x7f, 0xc0, 0x00, 0x7f, 0xc0, 0x00, 0x7f,
    0xc0, 0x00, 0x7f, 0xc0, 0x00, 0x7f, 0xc0, 0x00, 0x7f, 0xc0, 0x00, 0x7f, 0xc0, 0x00, 0x7f, 0xc0,
    0x00, 0x7f, 0xc0, 0x00, 0x7f, 0xc0, 0x00, 0x7f, 0xc0, 0x00, 0x7f, 0xc0, 0x00, 0x7f, 0xc0, 0x00,
    0x7f, 0xd0, 0x00, 0x7f, 0xff, 0xf8, 0x7f, 0xff, 0xf8, 0xbf, 0x50, 0x00, 0x00, 0x00, 0x06, 0xfa,
    0x00, 0x00, 0x00, 0x00, 0x1f, 0xf1, 0x00, 0x00, 0x00, 0x00, 0xbf, 0x60, 0x00, 0x00, 0x00, 0x05,
    0xfb, 0x00, 0x00, 0x00, 0x00, 0x1e, 0xf1, 0x00, 0x00, 0x00, 0x00, 0xaf, 0x60, 0x00, 0x00, 0x00,
    0x05, 0xfb, 0x00, 0x00, 0x00, 0x00, 0x0e, 0xf2, 0x00, 0x00, 0x00, 0x00, 0xaf, 0x70, 0x00, 0x00,
    0x00, 0x04, 0xfc, 0x00, 0x00, 0x00, 0x00, 0x0e, 0xf2, 0x00, 0x00, 0x00, 0x00, 0x9f, 0x70, 0x00,
    0x00, 0x00, 0x04, 0xfc, 0x00, 0x00, 0x00, 0x00, 0x0e, 0xf2, 0x00, 0x00, 0x00, 0x00, 0x9f, 0x80,
    0x00, 0x00, 0x00, 0x03, 0xfd, 0x00, 0x00, 0x00, 0x00, 0x0d, 0xf3, 0x00, 0x00, 0x00, 0x00, 0x8f,
    0x80, 0x00, 0x00, 0x00, 0x03, 0xfd, 0x00, 0x00, 0x00, 0x00, 0x0d, 0xf3, 0x00, 0x00, 0x00, 0x00,
    0x8f, 0x90, 0x00, 0x00, 0x00, 0x02, 0xfe, 0x00, 0x8f, 0xff, 0xf7, 0x8f, 0xff, 0xf7, 0x00, 0x0d,
    0xf7, 0x00, 0x0c, 0xf7, 0x00, 0x0c, 0xf7, 0x00, 0x0c, 0xf7, 0x00, 0x0c, 0xf7, 0x00, 0x0c, 0xf7,
    0x00, 0x0c, 0xf7, 0x00, 0x0c, 0xf7, 0x00, 0x0c, 0xf7, 0x00, 0x0c, 0xf7, 0x00, 0x0c, 0xf7, 0x00,
    0x0c, 0xf7, 0x00, 0x0c, 0xf7, 0x00, 0x0c, 0xf7, 0x00, 0x0c, 0xf7, 0x00, 0x0c, 0xf7, 0x00, 0x0c,
    0xf7, 0x00, 0x0c, 0xf7, 0x00, 0x0d, 0xf7, 0x8f, 0xff, 0xf7, 0x8f, 0xff, 0xf7, 0x00, 0x00, 0x3f,
    0xf3, 0x00, 0x00, 0x00, 0x00, 0x9f, 0xf9, 0x00, 0x00, 0x00, 0x01, 0xec, 0xbe, 0x10, 0x00, 0x00,
    0x07, 0xf5, 0x5f, 0x70, 0x00, 0x00, 0x0d, 0xe0, 0x0e, 0xd0, 0x00, 0x00, 0x4f, 0x80, 0x08, 0xf4,
    0x00, 0x00, 0xbf, 0x20, 0x02, 0xfb, 0x00, 0x02, 0xfa, 0x00, 0x00, 0xaf, 0x20, 0x09, 0xf4, 0x00,
    0x00, 0x4f, 0x80, 0x1e, 0xd0, 0x00, 0x00, 0x0d, 0xe1, 0x00, 0x00, 0x00, 0x00, 0x00, 0x00, 0xff,
    0xff, 0xff, 0xff, 0xff, 0xff, 0xff, 0xff, 0xff, 0xff, 0xff, 0xff, 0x08, 0xff, 0x50, 0x00, 0x04,
    0xef, 0x60, 0x00, 0x01, 0xbf, 0x70, 0x01, 0x6a, 0xdf, 0xec, 0x81, 0x00, 0x3d, 0xff, 0xff, 0xff,
    0xfd, 0x20, 0x1d, 0xa5, 0x21, 0x26, 0xef, 0xa0, 0x01, 0x00, 0x00, 0x00, 0x5f, 0xf1, 0x00, 0x00,
    0x00, 0x00, 0x2f, 0xf3, 0x01, 0x8d, 0xff, 0xff, 0xff, 0xf4, 0x1d, 0xff, 0xff, 0xff, 0xff, 0xf4,
    0x8f, 0xe6, 0x10, 0x00, 0x1f, 0xf4, 0xbf, 0x90, 0x00, 0x00, 0x1f, 0xf4, 0xbf, 0x90, 0x00, 0x00,
    0x8f, 0xf4, 0x7f, 0xf7, 0x21, 0x39, 0xff, 0xf4, 0x1c, 0xff, 0xff, 0xff, 0x9e, 0xf4, 0x01, 0x8d,
    0xfe, 0xc6, 0x0e, 0xf4, 0xcf, 0x70, 0x00, 0x00, 0x00, 0x00, 0x00, 0xcf, 0x70, 0x00, 0x00, 0x00,
    0x00, 0x00, 0xcf, 0x70, 0x00, 0x00, 0x00, 0x00, 0x00, 0xcf, 0x70, 0x00, 0x00, 0x00, 0x00, 0x00,
    0xcf, 0x70, 0x00, 0x00, 0x00, 0x00, 0x00, 0xcf, 0x71, 0x7c, 0xee, 0xc7, 0x10, 0x00, 0xcf, 0x9d,
    0xff, 0xff, 0xff, 0xd3, 0x00, 0xcf, 0xff, 0xa3, 0x12, 0x6e, 0xfe, 0x20, 0xcf, 0xf8, 0x00, 0x00,
    0x02, 0xef, 0xa0, 0xcf, 0xd0, 0x00, 0x00, 0x00, 0x6f, 0xf1, 0xcf, 0x90, 0x00, 0x00, 0x00, 0x1f,
    0xf4, 0xcf, 0x70, 0x00, 0x00, 0x00, 0x0f, 0xf5, 0xcf, 0x90, 0x00, 0x00, 0x00, 0x1f, 0xf4, 0xcf,
    0xd0, 0x00, 0x00, 0x00, 0x6f, 0xf1, 0xcf, 0xf8, 0x00, 0x00, 0x02, 0xef, 0xa0, 0xcf, 0xff, 0xa3,
    0x12, 0x6e, 0xfe, 0x20, 0xcf, 0x8d, 0xff, 0xff, 0xff, 0xe3, 0x00, 0xcf, 0x61, 0x7c, 0xee, 0xc7,
    0x10, 0x00, 0x00, 0x04, 0xad, 0xee, 0xb6, 0x00, 0x00, 0x9f, 0xff, 0xff, 0xff, 0xc1, 0x09, 0xff,
    0x93, 0x12, 0x7e, 0xfa, 0x4f, 0xf6, 0x00, 0x00, 0x03, 0x91, 0xaf, 0xc0, 0x00, 0x00, 0x00, 0x00,
    0xdf, 0x70, 0x00, 0x00, 0x00, 0x00, 0xef, 0x60, 0x00, 0x00, 0x00, 0x00, 0xdf, 0x70, 0x00, 0x00,
    0x00, 0x00, 0xaf, 0xc0, 0x00, 0x00, 0x00, 0x00, 0x4f, 0xf6, 0x00, 0x00, 0x03, 0x91, 0x09, 0xff,
    0x93, 0x12, 0x7e, 0xfa, 0x00, 0x9f, 0xff, 0xff, 0xff, 0xc1, 0x00, 0x04, 0xad, 0xfe, 0xb6, 0x00,
    0x00, 0x00, 0x00, 0x00, 0x00, 0x2f, 0xf3, 0x00, 0x00, 0x00, 0x00, 0x00, 0x2f, 0xf3, 0x00, 0x00,
    0x00, 0x00, 0x00, 0x2f, 0xf3, 0x00, 0x00, 0x00, 0x00, 0x00, 0x2f, 0xf3, 0x00, 0x00, 0x00, 0x00,
    0x00, 0x2f, 0xf3, 0x00, 0x05, 0xbd, 0xfd, 0x92, 0x2f, 0xf3, 0x01, 0xbf, 0xff, 0xff, 0xff, 0x7f,
    0xf3, 0x0b, 0xff, 0x93, 0x12, 0x7e, 0xff, 0xf3, 0x5f, 0xf6, 0x00, 0x00, 0x03, 0xef, 0xf3, 0xaf,
    0xc0, 0x00, 0x00, 0x00, 0x8f, 0xf3, 0xdf, 0x70, 0x00, 0x00, 0x00, 0x3f, 0xf3, 0xef, 0x60, 0x00,
    0x00, 0x00, 0x2f, 0xf3, 0xdf, 0x70, 0x00, 0x00, 0x00, 0x3f, 0xf3, 0xaf, 0xc0, 0x00, 0x00, 0x00,
    0x8f, 0xf3, 0x5f, 0xf6, 0x00, 0x00, 0x03, 0xff, 0xf3, 0x0b, 0xff, 0x93, 0x12, 0x7e, 0xff, 0xf3,
    0x01, 0xbf, 0xff, 0xff, 0xff, 0x6f, 0xf3, 0x00, 0x05, 0xbd, 0xfd, 0x93, 0x0f, 0xf3, 0x00, 0x05,
    0xbd, 0xfd, 0xa4, 0x00, 0x00, 0x1a, 0xff, 0xff, 0xff, 0xf8, 0x00, 0x0a, 0xfd, 0x62, 0x13, 0x8e,
    0xf7, 0x05, 0xfd, 0x20, 0x00, 0x00, 0x4f, 0xf1, 0xaf, 0x70, 0x00, 0x00, 0x00, 0xbf, 0x6d, 0xff,
    0xff, 0xff, 0xff, 0xff, 0xf9, 0xef, 0xff, 0xff, 0xff, 0xff, 0xff, 0xad, 0xf6, 0x00, 0x00, 0x00,
    0x00, 0x00, 0xaf, 0xb0, 0x00, 0x00, 0x00, 0x00, 0x04, 0xff, 0x60, 0x00, 0x00, 0x06, 0x00, 0x0a,
    0xff, 0xa3, 0x11, 0x4b, 0xf8, 0x00, 0x19, 0xff, 0xff, 0xff, 0xfe, 0x40, 0x00, 0x04, 0x9d, 0xee,
    0xc8, 0x10, 0x00, 0x00, 0x00, 0x8d, 0xfd, 0x91, 0x00, 0x0b, 0xff, 0xff, 0xf1, 0x00, 0x4f, 0xf7,
    0x12, 0x50, 0x00, 0x7f, 0xd0, 0x00, 0x00, 0x00, 0x7f, 0xc0, 0x00, 0x00, 0xaf, 0xff, 0xff, 0xff,
    0x70, 0xaf, 0xff, 0xff, 0xff, 0x70, 0x00, 0x8f, 0xd0, 0x00, 0x00, 0x00, 0x7f, 0xc0, 0x00, 0x00,
    0x00, 0x7f, 0xc0, 0x00, 0x00, 0x00, 0x7f, 0xc0, 0x00, 0x00, 0x00, 0x7f, 0xc0, 0x00, 0x00, 0x00,
    0x7f, 0xc0, 0x00, 0x00, 0x00, 0x7f, 0xc0, 0x00, 0x00, 0x00, 0x7f, 0xc0, 0x00, 0x00, 0x00, 0x7f,
    0xc0, 0x00, 0x00, 0x00, 0x7f, 0xc0, 0x00, 0x00, 0x00, 0x7f, 0xc0, 0x00, 0x00, 0x00, 0x05, 0xad,
    0xfd, 0xa4, 0x0c, 0xf5, 0x01, 0xaf, 0xff, 0xff, 0xff, 0x8c, 0xf5, 0x0a, 0xff, 0x93, 0x12, 0x6d,
    0xff, 0xf5, 0x5f, 0xf6, 0x00, 0x00, 0x01, 0xdf, 0xf5, 0xaf, 0xb0, 0x00, 0x00, 0x00, 0x5f, 0xf5,
    0xdf, 0x70, 0x00, 0x00, 0x00, 0x0f, 0xf5, 0xef, 0x60, 0x00, 0x00, 0x00, 0x0e, 0xf5, 0xdf, 0x70,
    0x00, 0x00, 0x00, 0x1f, 0xf5, 0xaf, 0xc0, 0x00, 0x00, 0x00, 0x5f, 0xf5, 0x5f, 0xf7, 0x00, 0x00,
    0x02, 0xdf, 0xf5, 0x0a, 0xff, 0x93, 0x12, 0x6e, 0xff, 0xf5, 0x01, 0xaf, 0xff, 0xff, 0xff, 0x8e,
    0xf5, 0x00, 0x05, 0xbd, 0xfe, 0xa4, 0x0f, 0xf4, 0x00, 0x00, 0x00, 0x00, 0x00, 0x3f, 0xf2, 0x03,
    0x20, 0x00, 0x00, 0x00, 0xaf, 0xd0, 0x1d, 0xe9, 0x52, 0x11, 0x4b, 0xff, 0x50, 0x1a, 0xff, 0xff,
    0xff, 0xff, 0xf7, 0x00, 0x00, 0x38, 0xce, 0xfe, 0xd9, 0x30, 0x00, 0xcf, 0x70, 0x00, 0x00, 0x00,
    0x00, 0x0c, 0xf7, 0x00, 0x00, 0x00, 0x00, 0x00, 0xcf, 0x70, 0x00, 0x00, 0x00, 0x00, 0x0c, 0xf7,
    0x00, 0x00, 0x00, 0x00, 0x00, 0xcf, 0x70, 0x00, 0x00, 0x00, 0x00, 0x0c, 0xf7, 0x18, 0xce, 0xec,
    0x71, 0x00, 0xcf, 0xae, 0xff, 0xff, 0xff, 0xc1, 0x0c, 0xff, 0xf7, 0x21, 0x39, 0xff, 0x90, 0xcf,
    0xf5, 0x00, 0x00, 0x0a, 0xfe, 0x0c, 0xfc, 0x00, 0x00, 0x00, 0x3f, 0xf2, 0xcf, 0x80, 0x00, 0x00,
    0x01, 0xff, 0x4c, 0xf7, 0x00, 0x00, 0x00, 0x1f, 0xf4, 0xcf, 0x70, 0x00, 0x00, 0x01, 0xff, 0x4c,
    0xf7, 0x00, 0x00, 0x00, 0x1f, 0xf4, 0xcf, 0x70, 0x00, 0x00, 0x01, 0xff, 0x4c, 0xf7, 0x00, 0x00,
    0x00, 0x1f, 0xf4, 0xcf, 0x70, 0x00, 0x00, 0x01, 0xff, 0x4c, 0xf7, 0x00, 0x00, 0x00, 0x1f, 0xf4,
    0x0b, 0xe6, 0x3f, 0xfd, 0x0b, 0xe6, 0x00, 0x00, 0x00, 0x00, 0x0c, 0xf7, 0x0c, 0xf7, 0x0c, 0xf7,
    0x0c, 0xf7, 0x0c, 0xf7, 0x0c, 0xf7, 0x0c, 0xf7, 0x0c, 0xf7, 0x0c, 0xf7, 0x0c, 0xf7, 0x0c, 0xf7,
    0x0c, 0xf7, 0x0c, 0xf7, 0x00, 0x00, 0x09, 0xe8, 0x00, 0x00, 0x1f, 0xff, 0x00, 0x00, 0x0a, 0xe8,
    0x00, 0x00, 0x00, 0x00, 0x00, 0x00, 0x00, 0x00, 0x00, 0x00, 0x0b, 0xf9, 0x00, 0x00, 0x0b, 0xf9,
    0x00, 0x00, 0x0b, 0xf9, 0x00, 0x00, 0x0b, 0xf9, 0x00, 0x00, 0x0b, 0xf9, 0x00, 0x00, 0x0b, 0xf9,
    0x00, 0x00, 0x0b, 0xf9, 0x00, 0x00, 0x0b, 0xf9, 0x00, 0x00, 0x0b, 0xf9, 0x00, 0x00, 0x0b, 0xf9,
    0x00, 0x00, 0x0b, 0xf9, 0x00, 0x00, 0x0b, 0xf9, 0x00, 0x00, 0x0b, 0xf9, 0x00, 0x00, 0x0b, 0xf9,
    0x00, 0x00, 0x0c, 0xf8, 0x04, 0x20, 0x5f, 0xf5, 0x0d, 0xff, 0xff, 0xc0, 0x19, 0xdf, 0xe9, 0x10,
    0xcf, 0x70, 0x00, 0x00, 0x00, 0x00, 0x0c, 0xf7, 0x00, 0x00, 0x00, 0x00, 0x00, 0xcf, 0x70, 0x00,
    0x00, 0x00, 0x00, 0x0c, 0xf7, 0x00, 0x00, 0x00, 0x00, 0x00, 0xcf, 0x70, 0x00, 0x00, 0x00, 0x00,
    0x0c, 0xf7, 0x00, 0x00, 0x03, 0xef, 0xa0, 0xcf, 0x70, 0x00, 0x03, 0xef, 0xb0, 0x0c, 0xf7, 0x00,
    0x04, 0xef, 0xb0, 0x00, 0xcf, 0x70, 0x05, 0xff, 0xb1, 0x00, 0x0c, 0xf7, 0x05, 0xff, 0xb1, 0x00,
    0x00, 0xcf, 0x76, 0xff, 0xf1, 0x00, 0x00, 0x0c, 0xfd, 0xff, 0xff, 0xa0, 0x00, 0x00, 0xcf, 0xff,
    0x98, 0xff, 0x70, 0x00, 0x0c, 0xff, 0x80, 0x0b, 0xff, 0x40, 0x00, 0xcf, 0x90, 0x00, 0x1d, 0xfe,
    0x20, 0x0c, 0xf7, 0x00, 0x00, 0x2e, 0xfc, 0x00, 0xcf, 0x70, 0x00, 0x00, 0x5f, 0xf8, 0x0c, 0xf7,
    0x00, 0x00, 0x00, 0x7f, 0xf5, 0xcf, 0x7c, 0xf7, 0xcf, 0x7c, 0xf7, 0xcf, 0x7c, 0xf7, 0xcf, 0x7c,
    0xf7, 0xcf, 0x7c, 0xf7, 0xcf, 0x7c, 0xf7, 0xcf, 0x7c, 0xf7, 0xcf, 0x7c, 0xf7, 0xcf, 0x7c, 0xf7,
    0xcf, 0x62, 0x9d, 0xfe, 0xb4, 0x00, 0x17, 0xce, 0xfd, 0x81, 0x00, 0xcf, 0x9e, 0xff, 0xff, 0xff,
    0x82, 0xdf, 0xff, 0xff, 0xfd, 0x10, 0xcf, 0xfe, 0x72, 0x14, 0xcf, 0xfd, 0xfa, 0x31, 0x38, 0xff,
    0xa0, 0xcf, 0xf4, 0x00, 0x00, 0x1e, 0xff, 0xa0, 0x00, 0x00, 0x9f, 0xf1, 0xcf, 0xb0, 0x00, 0x00,
    0x09, 0xff, 0x30, 0x00, 0x00, 0x3f, 0xf3, 0xcf, 0x80, 0x00, 0x00, 0x07, 0xfe, 0x00, 0x00, 0x00,
    0x1f, 0xf4, 0xcf, 0x70, 0x00, 0x00, 0x06, 0xfd, 0x00, 0x00, 0x00, 0x0f, 0xf4, 0xcf, 0x70, 0x00,
    0x00, 0x06, 0xfd, 0x00, 0x00, 0x00, 0x0f, 0xf4, 0xcf, 0x70, 0x00, 0x00, 0x06, 0xfd, 0x00, 0x00,
    0x00, 0x0f, 0xf4, 0xcf, 0x70, 0x00, 0x00, 0x06, 0xfd, 0x00, 0x00, 0x00, 0x0f, 0xf4, 0xcf, 0x70,
    0x00, 0x00, 0x06, 0xfd, 0x00, 0x00, 0x00, 0x0f, 0xf4, 0xcf, 0x70, 0x00, 0x00, 0x06, 0xfd, 0x00,
    0x00, 0x00, 0x0f, 0xf4, 0xcf, 0x70, 0x00, 0x00, 0x06, 0xfd, 0x00, 0x00, 0x00, 0x0f, 0xf4, 0xcf,
    0x61, 0x8c, 0xee, 0xc7, 0x10, 0x0c, 0xf9, 0xef, 0xff, 0xff, 0xfc, 0x10, 0xcf, 0xff, 0x72, 0x13,
    0x9f, 0xf9, 0x0c, 0xff, 0x50, 0x00, 0x00, 0xaf, 0xe0, 0xcf, 0xc0, 0x00, 0x00, 0x03, 0xff, 0x2c,
    0xf8, 0x00, 0x00, 0x00, 0x1f, 0xf4, 0xcf, 0x70, 0x00, 0x00, 0x01, 0xff, 0x4c, 0xf7, 0x00, 0x00,
    0x00, 0x1f, 0xf4, 0xcf, 0x70, 0x00, 0x00, 0x01, 0xff, 0x4c, 0xf7, 0x00, 0x00, 0x00, 0x1f, 0xf4,
    0xcf, 0x70, 0x00, 0x00, 0x01, 0xff, 0x4c, 0xf7, 0x00, 0x00, 0x00, 0x1f, 0xf4, 0xcf, 0x70, 0x00,
    0x00, 0x01, 0xff, 0x40, 0x00, 0x04, 0xad, 0xfd, 0xb6, 0x00, 0x00, 0x01, 0xaf, 0xff, 0xff, 0xff,
    0xc2, 0x00, 0x0a, 0xff, 0x93, 0x12, 0x7e, 0xfd, 0x10, 0x4f, 0xf6, 0x00, 0x00, 0x03, 0xef, 0x80,
    0xaf, 0xc0, 0x00, 0x00, 0x00, 0x8f, 0xe0, 0xdf, 0x70, 0x00, 0x00, 0x00, 0x3f, 0xf2, 0xef, 0x60,
    0x00, 0x00, 0x00, 0x2f, 0xf3, 0xdf, 0x70, 0x00, 0x00, 0x00, 0x3f, 0xf2, 0xaf, 0xc0, 0x00, 0x00,
    0x00, 0x8f, 0xe0, 0x4f, 0xf6, 0x00, 0x00, 0x03, 0xff, 0x80, 0x0a, 0xff, 0x93, 0x12, 0x7e, 0xfc,
    0x10, 0x00, 0x9f, 0xff, 0xff, 0xff, 0xc2, 0x00, 0x00, 0x04, 0xad, 0xfe, 0xb6, 0x00, 0x00, 0xcf,
    0x61, 0x7c, 0xee, 0xc7, 0x10, 0x00, 0xcf, 0x8d, 0xff, 0xff, 0xff, 0xd3, 0x00, 0xcf, 0xff, 0xa4,
    0x12, 0x6e, 0xfe, 0x20, 0xcf, 0xf8, 0x00, 0x00, 0x02, 0xef, 0xa0, 0xcf, 0xd0, 0x00, 0x00, 0x00,
    0x6f, 0xf1, 0xcf, 0x90, 0x00, 0x00, 0x00, 0x1f, 0xf4, 0xcf, 0x70, 0x00, 0x00, 0x00, 0x0f, 0xf5,
    0xcf, 0x90, 0x00, 0x00, 0x00, 0x1f, 0xf4, 0xcf, 0xd0, 0x00, 0x00, 0x00, 0x6f, 0xf1, 0xcf, 0xf8,
    0x00, 0x00, 0x02, 0xef, 0xa0, 0xcf, 0xff, 0xa3, 0x12, 0x6e, 0xfe, 0x20, 0xcf, 0x9d, 0xff, 0xff,
    0xff, 0xe3, 0x00, 0xcf, 0x71, 0x7c, 0xee, 0xc7, 0x10, 0x00, 0xcf, 0x70, 0x00, 0x00, 0x00, 0x00,
    0x00, 0xcf, 0x70, 0x00, 0x00, 0x00, 0x00, 0x00, 0xcf, 0x70, 0x00, 0x00, 0x00, 0x00, 0x00, 0xcf,
    0x70, 0x00, 0x00, 0x00, 0x00, 0x00, 0xcf, 0x70, 0x00, 0x00, 0x00, 0x00, 0x00, 0x00, 0x05, 0xbd,
    0xfd, 0x93, 0x0f, 0xf3, 0x01, 0xbf, 0xff, 0xff, 0xff, 0x6f, 0xf3, 0x0b, 0xff, 0x93, 0x12, 0x7e,
    0xff, 0xf3, 0x5f, 0xf6, 0x00, 0x00, 0x03, 0xff, 0xf3, 0xaf, 0xc0, 0x00, 0x00, 0x00, 0x8f, 0xf3,
    0xdf, 0x70, 0x00, 0x00, 0x00, 0x3f, 0xf3, 0xef, 0x60, 0x00, 0x00, 0x00, 0x2f, 0xf3, 0xdf, 0x70,
    0x00, 0x00, 0x00, 0x3f, 0xf3, 0xaf, 0xc0, 0x00, 0x00, 0x00, 0x8f, 0xf3, 0x5f, 0xf6, 0x00, 0x00,
    0x03, 0xff, 0xf3, 0x0b, 0xff, 0x93, 0x12, 0x7e, 0xff, 0xf3, 0x01, 0xbf, 0xff, 0xff, 0xff, 0x7f,
    0xf3, 0x00, 0x05, 0xbd, 0xfd, 0x92, 0x2f, 0xf3, 0x00, 0x00, 0x00, 0x00, 0x00, 0x2f, 0xf3, 0x00,
    0x00, 0x00, 0x00, 0x00, 0x2f, 0xf3, 0x00, 0x00, 0x00, 0x00, 0x00, 0x2f, 0xf3, 0x00, 0x00, 0x00,
    0x00, 0x00, 0x2f, 0xf3, 0x00, 0x00, 0x00, 0x00, 0x00, 0x2f, 0xf3, 0xcf, 0x61, 0x8d, 0xe0, 0xcf,
    0x8e, 0xff, 0xf0, 0xcf, 0xff, 0x72, 0x10, 0xcf, 0xf5, 0x00, 0x00, 0xcf, 0xc0, 0x00, 0x00, 0xcf,
    0x80, 0x00, 0x00, 0xcf, 0x70, 0x00, 0x00, 0xcf, 0x70, 0x00, 0x00, 0xcf, 0x70, 0x00, 0x00, 0xcf,
    0x70, 0x00, 0x00, 0xcf, 0x70, 0x00, 0x00, 0xcf, 0x70, 0x00, 0x00, 0xcf, 0x70, 0x00, 0x00, 0x00,
    0x18, 0xce, 0xfe, 0xb7, 0x10, 0x02, 0xef, 0xff, 0xff, 0xff, 0xb0, 0x0b, 0xfd, 0x52, 0x12, 0x6d,
    0x40, 0x0f, 0xf5, 0x00, 0x00, 0x00, 0x00, 0x0e, 0xf8, 0x00, 0x00, 0x00, 0x00, 0x08, 0xff, 0xd8,
    0x52, 0x00, 0x00, 0x00, 0x8e, 0xff, 0xff, 0xe8, 0x10, 0x00, 0x00, 0x46, 0x9d, 0xff, 0xc0, 0x00,
    0x00, 0x00, 0x00, 0x5f, 0xf3, 0x02, 0x00, 0x00, 0x00, 0x1f, 0xf4, 0x0d, 0xc6, 0x31, 0x13, 0xaf,
    0xf1, 0x3e, 0xff, 0xff, 0xff, 0xff, 0x60, 0x01, 0x7b, 0xef, 0xfd, 0x93, 0x00, 0x00, 0x7f, 0xc0,
    0x00, 0x00, 0x00, 0x7f, 0xc0, 0x00, 0x00, 0x00, 0x7f, 0xc0, 0x00, 0x00, 0xaf, 0xff, 0xff, 0xff,
    0x70, 0xaf, 0xff, 0xff, 0xff, 0x70, 0x00, 0x8f, 0xd0, 0x00, 0x00, 0x00, 0x7f, 0xc0, 0x00, 0x00,
    0x00, 0x7f, 0xc0, 0x00, 0x00, 0x00, 0x7f, 0xc0, 0x00, 0x00, 0x00, 0x7f, 0xc0, 0x00, 0x00, 0x00,
    0x7f, 0xc0, 0x00, 0x00, 0x00, 0x7f, 0xc0, 0x00, 0x00, 0x00, 0x7f, 0xe0, 0x00, 0x00, 0x00, 0x4f,
    0xf7, 0x01, 0x40, 0x00, 0x0c, 0xff, 0xff, 0xf1, 0x00, 0x01, 0x9d, 0xfd, 0x81, 0xef, 0x60, 0x00,
    0x00, 0x04, 0xff, 0x1e, 0xf6, 0x00, 0x00, 0x00, 0x4f, 0xf1, 0xef, 0x60, 0x00, 0x00, 0x04, 0xff,
    0x1e, 0xf6, 0x00, 0x00, 0x00, 0x4f, 0xf1, 0xef, 0x60, 0x00, 0x00, 0x04, 0xff, 0x1e, 0xf6, 0x00,
    0x00, 0x00, 0x4f, 0xf1, 0xef, 0x60, 0x00, 0x00, 0x04, 0xff, 0x1e, 0xf6, 0x00, 0x00, 0x00, 0x5f,
    0xf1, 0xdf, 0x80, 0x00, 0x00, 0x08, 0xff, 0x1a, 0xfe, 0x10, 0x00, 0x02, 0xef, 0xf1, 0x4f, 0xfc,
    0x41, 0x16, 0xef, 0xff, 0x10, 0x8f, 0xff, 0xff, 0xff, 0x8f, 0xf1, 0x00, 0x4b, 0xef, 0xda, 0x32,
    0xff, 0x10, 0xcf, 0x80, 0x00, 0x00, 0x00, 0x1e, 0xf3, 0x6f, 0xe1, 0x00, 0x00, 0x00, 0x7f, 0xc0,
    0x1e, 0xf6, 0x00, 0x00, 0x00, 0xdf, 0x50, 0x08, 0xfc, 0x00, 0x00, 0x05, 0xfe, 0x00, 0x02, 0xff,
    0x30, 0x00, 0x0b, 0xf8, 0x00, 0x00, 0xaf, 0xa0, 0x00, 0x2f, 0xf2, 0x00, 0x00, 0x4f, 0xf1, 0x00,
    0x9f, 0xa0, 0x00, 0x00, 0x0d, 0xf7, 0x01, 0xef, 0x30, 0x00, 0x00, 0x06, 0xfd, 0x07, 0xfc, 0x00,
    0x00, 0x00, 0x01, 0xef, 0x5d, 0xf6, 0x00, 0x00, 0x00, 0x00, 0x8f, 0xef, 0xe0, 0x00, 0x00, 0x00,
    0x00, 0x2f, 0xff, 0x80, 0x00, 0x00, 0x00, 0x00, 0x0b, 0xff, 0x20, 0x00, 0x00, 0xaf, 0x80, 0x00,
    0x00, 0x05, 0xfe, 0x10, 0x00, 0x00, 0x0c, 0xf4, 0x5f, 0xd0, 0x00, 0x00, 0x0a, 0xff, 0x50, 0x00,
    0x00, 0x3f, 0xd0, 0x0e, 0xf3, 0x00, 0x00, 0x1f, 0xff, 0xb0, 0x00, 0x00, 0x8f, 0x80, 0x09, 0xf9,
    0x00, 0x00, 0x7f, 0xcf, 0xf1, 0x00, 0x00, 0xdf, 0x20, 0x03, 0xfe, 0x00, 0x00, 0xcf, 0x5b, 0xf7,
    0x00, 0x04, 0xfc, 0x00, 0x00, 0xdf, 0x40, 0x03, 0xfe, 0x05, 0xfc, 0x00, 0x09, 0xf6, 0x00, 0x00,
    0x7f, 0xa0, 0x08, 0xf8, 0x01, 0xef, 0x20, 0x1e, 0xf1, 0x00, 0x00, 0x2f, 0xe1, 0x0d, 0xf3, 0x00,
    0x9f, 0x80, 0x5f, 0xa0, 0x00, 0x00, 0x0c, 0xf5, 0x4f, 0xc0, 0x00, 0x3f, 0xd0, 0xbf, 0x50, 0x00,
    0x00, 0x06, 0xfb, 0xaf, 0x60, 0x00, 0x0d, 0xf5, 0xfe, 0x00, 0x00, 0x00, 0x01, 0xff, 0xef, 0x10,
    0x00, 0x07, 0xfe, 0xf9, 0x00, 0x00, 0x00, 0x00, 0xaf, 0xfa, 0x00, 0x00, 0x02, 0xff, 0xf4, 0x00,
    0x00, 0x00, 0x00, 0x5f, 0xf4, 0x00, 0x00, 0x00, 0xbf, 0xd0, 0x00, 0x00, 0x2e, 0xf8, 0x00, 0x00,
    0x04, 0xff, 0x40, 0x5f, 0xf4, 0x00, 0x01, 0xdf, 0x80, 0x00, 0x8f, 0xd1, 0x00, 0xbf, 0xb0, 0x00,
    0x00, 0xcf, 0xb0, 0x7f, 0xe2, 0x00, 0x00, 0x02, 0xef, 0x9f, 0xf4, 0x00, 0x00, 0x00, 0x05, 0xff,
    0xf8, 0x00, 0x00, 0x00, 0x00, 0x0c, 0xff, 0x10, 0x00, 0x00, 0x00, 0x07, 0xff, 0xfa, 0x00, 0x00,
    0x00, 0x04, 0xff, 0x6e, 0xf7, 0x00, 0x00, 0x01, 0xef, 0x80, 0x5f, 0xf3, 0x00, 0x00, 0xbf, 0xc0,
    0x00, 0x9f, 0xd1, 0x00, 0x8f, 0xe2, 0x00, 0x00, 0xcf, 0xb0, 0x4f, 0xf4, 0x00, 0x00, 0x02, 0xef,
    0x80, 0x0c, 0xf9, 0x00, 0x00, 0x00, 0x01, 0xef, 0x30, 0x6f, 0xe1, 0x00, 0x00, 0x00, 0x7f, 0xc0,
    0x01, 0xef, 0x60, 0x00, 0x00, 0x0d, 0xf5, 0x00, 0x08, 0xfc, 0x00, 0x00, 0x04, 0xfe, 0x00, 0x00,
    0x2f, 0xf4, 0x00, 0x00, 0xaf, 0x80, 0x00, 0x00, 0xaf, 0xa0, 0x00, 0x2f, 0xf1, 0x00, 0x00, 0x04,
    0xff, 0x20, 0x08, 0xfa, 0x00, 0x00, 0x00, 0x0c, 0xf8, 0x00, 0xef, 0x30, 0x00, 0x00, 0x00, 0x6f,
    0xe0, 0x5f, 0xc0, 0x00, 0x00, 0x00, 0x01, 0xef, 0x5c, 0xf5, 0x00, 0x00, 0x00, 0x00, 0x08, 0xfd,
    0xfe, 0x00, 0x00, 0x00, 0x00, 0x00, 0x2f, 0xff, 0x70, 0x00, 0x00, 0x00, 0x00, 0x00, 0xaf, 0xf1,
    0x00, 0x00, 0x00, 0x00, 0x00, 0x09, 0xfa, 0x00, 0x00, 0x00, 0x00, 0x00, 0x02, 0xff, 0x30, 0x00,
    0x00, 0x00, 0xa4, 0x12, 0xcf, 0xb0, 0x00, 0x00, 0x00, 0x5f, 0xff, 0xff, 0xe2, 0x00, 0x00, 0x00,
    0x01, 0x8d, 0xfd, 0x92, 0x00, 0x00, 0x00, 0x00, 0x0d, 0xff, 0xff, 0xff, 0xff, 0xf6, 0x0d, 0xff,
    0xff, 0xff, 0xff, 0xf5, 0x00, 0x00, 0x00, 0x01, 0xdf, 0xb0, 0x00, 0x00, 0x00, 0x0b, 0xfd, 0x10,
    0x00, 0x00, 0x00, 0x8f, 0xe2, 0x00, 0x00, 0x00, 0x05, 0xff, 0x50, 0x00, 0x00, 0x00, 0x2e, 0xf8,
    0x00, 0x00, 0x00, 0x01, 0xdf, 0xa0, 0x00, 0x00, 0x00, 0x0b, 0xfd, 0x10, 0x00, 0x00, 0x00, 0x8f,
    0xe2, 0x00, 0x00, 0x00, 0x05, 0xff, 0x50, 0x00, 0x00, 0x00, 0x0e, 0xff, 0xff, 0xff, 0xff, 0xf9,
    0x1f, 0xff, 0xff, 0xff, 0xff, 0xf9, 0x00, 0x04, 0xbe, 0xf0, 0x02, 0xff, 0xff, 0x00, 0x8f, 0xe4,
    0x10, 0x0a, 0xfa, 0x00, 0x00, 0xbf, 0x90, 0x00, 0x0b, 0xf9, 0x00, 0x00, 0xbf, 0x90, 0x00, 0x0b,
    0xf9, 0x00, 0x00, 0xbf, 0x90, 0x00, 0x0b, 0xf9, 0x00, 0x02, 0xef, 0x70, 0x09, 0xff, 0xd2, 0x00,
    0x9f, 0xfd, 0x20, 0x00, 0x1d, 0xf8, 0x00, 0x00, 0xbf, 0x90, 0x00, 0x0b, 0xf9, 0x00, 0x00, 0xbf,
    0x90, 0x00, 0x0b, 0xf9, 0x00, 0x00, 0xbf, 0x90, 0x00, 0x0b, 0xfa, 0x00, 0x00, 0x9f, 0xe4, 0x10,
    0x03, 0xff, 0xff, 0x00, 0x04, 0xce, 0xf0, 0x7f, 0xa7, 0xfa, 0x7f, 0xa7, 0xfa, 0x7f, 0xa7, 0xfa,
    0x7f, 0xa7, 0xfa, 0x7f, 0xa7, 0xfa, 0x7f, 0xa7, 0xfa, 0x7f, 0xa7, 0xfa, 0x7f, 0xa7, 0xfa, 0x7f,
    0xa7, 0xfa, 0x7f, 0xa7, 0xfa, 0x7f, 0xa7, 0xfa, 0x7f, 0xa0, 0x8f, 0xd7, 0x00, 0x00, 0x8f, 0xff,
    0x80, 0x00, 0x02, 0xbf, 0xe0, 0x00, 0x00, 0x3f, 0xf2, 0x00, 0x00, 0x2f, 0xf2, 0x00, 0x00, 0x2f,
    0xf2, 0x00, 0x00, 0x2f, 0xf2, 0x00, 0x00, 0x2f, 0xf2, 0x00, 0x00, 0x2f, 0xf2, 0x00, 0x00, 0x2f,
    0xf2, 0x00, 0x00, 0x1f, 0xf6, 0x00, 0x00, 0x08, 0xff, 0xf0, 0x00, 0x09, 0xff, 0xf0, 0x00, 0x1f,
    0xf6, 0x00, 0x00, 0x2f, 0xf2, 0x00, 0x00, 0x2f, 0xf2, 0x00, 0x00, 0x2f, 0xf2, 0x00, 0x00, 0x2f,
    0xf2, 0x00, 0x00, 0x2f, 0xf2, 0x00, 0x00, 0x3f, 0xf2, 0x00, 0x02, 0xaf, 0xf0, 0x00, 0x8f, 0xff,
    0x90, 0x00, 0x8f, 0xd8, 0x10, 0x00, 0x00, 0x00, 0x00, 0x00, 0x00, 0x00, 0x04, 0xcf, 0xe7, 0x00,
    0x01, 0xf8, 0x1e, 0xff, 0xff, 0xc4, 0x19, 0xf5, 0x6f, 0x80, 0x4c, 0xff, 0xff, 0xd0, 0x8f, 0x00,
    0x00, 0x7d, 0xfc, 0x30, 0x1c, 0xe5, 0x4f, 0xfb, 0x1c, 0xe5, 0x00, 0x00, 0x00, 0x00, 0x0b, 0xf2,
    0x0b, 0xf3, 0x0c, 0xf3, 0x0d, 0xf4, 0x0d, 0xf5, 0x0e, 0xf5, 0x0e, 0xf6, 0x0f, 0xf6, 0x0f, 0xf7,
    0x1f, 0xf8, 0x2f, 0xf8, 0x00, 0x00, 0x04, 0xf4, 0x00, 0x00, 0x00, 0x00, 0x04, 0xf4, 0x00, 0x00,
    0x00, 0x00, 0x04, 0xf5, 0x00, 0x00, 0x00, 0x05, 0xcf, 0xff, 0xd7, 0x10, 0x01, 0xbf, 0xff, 0xff,
    0xff, 0xd2, 0x0a, 0xff, 0x86, 0xf5, 0x5e, 0xfa, 0x5f, 0xf6, 0x04, 0xf4, 0x02, 0x91, 0xaf, 0xc0,
    0x04, 0xf4, 0x00, 0x00, 0xdf, 0x70, 0x04, 0xf4, 0x00, 0x00, 0xef, 0x60, 0x04, 0xf4, 0x00, 0x00,
    0xdf, 0x70, 0x04, 0xf4, 0x00, 0x00, 0xaf, 0xb0, 0x04, 0xf4, 0x00, 0x00, 0x5f, 0xf4, 0x04, 0xf4,
    0x02, 0x70, 0x0b, 0xff, 0x75, 0xf5, 0x4d, 0xfa, 0x01, 0xcf, 0xff, 0xff, 0xff, 0xd2, 0x00, 0x06,
    0xdf, 0xff, 0xe9, 0x10, 0x00, 0x00, 0x04, 0xf6, 0x00, 0x00, 0x00, 0x00, 0x04, 0xf4, 0x00, 0x00,
    0x00, 0x00, 0x04, 0xf4, 0x00, 0x00, 0x00, 0x00, 0x00, 0x28, 0xce, 0xfe, 0xc8, 0x30, 0x00, 0x00,
    0x07, 0xff, 0xff, 0xff, 0xff, 0xe0, 0x00, 0x00, 0x6f, 0xfa, 0x41, 0x12, 0x5b, 0x90, 0x00, 0x01,
    0xff, 0x90, 0x00, 0x00, 0x00, 0x10, 0x00, 0x06, 0xff, 0x10, 0x00, 0x00, 0x00, 0x00, 0x00, 0x08,
    0xfc, 0x00, 0x00, 0x00, 0x00, 0x00, 0x00, 0x0a, 0xfb, 0x00, 0x00, 0x00, 0x00, 0x00, 0x00, 0x0a,
    0xfb, 0x00, 0x00, 0x00, 0x00, 0x00, 0x4f, 0xff, 0xff, 0xff, 0xff, 0xff, 0x10, 0x00, 0x4f, 0xff,
    0xff, 0xff, 0xff, 0xff, 0x10, 0x00, 0x00, 0x0a, 0xfb, 0x00, 0x00, 0x00, 0x00, 0x00, 0x00, 0x0a,
    0xfb, 0x00, 0x00, 0x00, 0x00, 0x00, 0x00, 0x0a, 0xfb, 0x00, 0x00, 0x00, 0x00, 0x00, 0x00, 0x0a,
    0xfb, 0x00, 0x00, 0x00, 0x00, 0x00, 0x00, 0x0a, 0xfb, 0x00, 0x00, 0x00, 0x00, 0x00, 0x4f, 0xff,
    0xff, 0xff, 0xff, 0xff, 0xff, 0xc0, 0x4f, 0xff, 0xff, 0xff, 0xff, 0xff, 0xff, 0xc0, 0x00, 0x10,
    0x00, 0x00, 0x00, 0x00, 0x00, 0x10, 0x00, 0xac, 0x10, 0x00, 0x00, 0x00, 0x00, 0x2d, 0x70, 0x1d,
    0xfb, 0x14, 0xae, 0xfd, 0x92, 0x2d, 0xfb, 0x00, 0x2d, 0xfd, 0xff, 0xff, 0xff, 0xfe, 0xfb, 0x10,
    0x00, 0x2e, 0xfe, 0x72, 0x13, 0x8f, 0xfd, 0x10, 0x00, 0x04, 0xfe, 0x20, 0x00, 0x00, 0x4f, 0xe2,
    0x00, 0x00, 0xbf, 0x50, 0x00, 0x00, 0x00, 0x7f, 0x80, 0x00, 0x0f, 0xe0, 0x00, 0x00, 0x00, 0x01,
    0xfc, 0x00, 0x01, 0xfc, 0x00, 0x00, 0x00, 0x00, 0x0e, 0xe0, 0x00, 0x0f, 0xe0, 0x00, 0x00, 0x00,
    0x01, 0xfc, 0x00, 0x00, 0xbf, 0x50, 0x00, 0x00, 0x00, 0x7f, 0x90, 0x00, 0x05, 0xfe, 0x20, 0x00,
    0x00, 0x4f, 0xf2, 0x00, 0x00, 0x1e, 0xfe, 0x72, 0x13, 0x8f, 0xfc, 0x00, 0x00, 0x1c, 0xfe, 0xff,
    0xff, 0xff, 0xfe, 0xfa, 0x00, 0x1c, 0xfc, 0x14, 0xae, 0xfd, 0x93, 0x3e, 0xf9, 0x00, 0xbd, 0x10,
    0x00, 0x00, 0x00, 0x00, 0x3e, 0x80, 0x01, 0x10, 0x00, 0x00, 0x00, 0x00, 0x00, 0x20, 0x00, 0x0b,
    0xfc, 0x00, 0x00, 0x00, 0x00, 0x00, 0x0b, 0xfb, 0x02, 0xef, 0x70, 0x00, 0x00, 0x00, 0x00, 0x6f,
    0xe2, 0x00, 0x6f, 0xf2, 0x00, 0x00, 0x00, 0x02, 0xef, 0x60, 0x00, 0x0b, 0xfc, 0x00, 0x00, 0x00,
    0x0b, 0xfb, 0x00, 0x00, 0x02, 0xef, 0x70, 0x00, 0x00, 0x6f, 0xe2, 0x00, 0x00, 0x00, 0x6f, 0xf2,
    0x00, 0x02, 0xef, 0x60, 0x00, 0x00, 0x00, 0x0b, 0xfc, 0x00, 0x0b, 0xfb, 0x00, 0x00, 0x00, 0x00,
    0x02, 0xef, 0x70, 0x7f, 0xe2, 0x00, 0x00, 0x00, 0x00, 0x00, 0x6f, 0xf5, 0xef, 0x50, 0x00, 0x00,
    0x00, 0x01, 0x11, 0x1b, 0xff, 0xfb, 0x11, 0x11, 0x00, 0x00, 0x0c, 0xff, 0xff, 0xff, 0xff, 0xff,
    0xfb, 0x00, 0x00, 0x03, 0x44, 0x44, 0xcf, 0xb4, 0x44, 0x43, 0x00, 0x00, 0x00, 0x00, 0x00, 0xbf,
    0xa0, 0x00, 0x00, 0x00, 0x00, 0x0b, 0xff, 0xff, 0xff, 0xff, 0xff, 0xfb, 0x00, 0x00, 0x02, 0x33,
    0x33, 0xbf, 0xb3, 0x33, 0x32, 0x00, 0x00, 0x00, 0x00, 0x00, 0xbf, 0xa0, 0x00, 0x00, 0x00, 0x00,
    0x00, 0x00, 0x00, 0xbf, 0xa0, 0x00, 0x00, 0x00, 0x7f, 0xa7, 0xfa, 0x7f, 0xa7, 0xfa, 0x7f, 0xa7,
    0xfa, 0x7f, 0xa7, 0xfa, 0x7f, 0xa0, 0x00, 0x00, 0x00, 0x00, 0x00, 0x00, 0x00, 0x00, 0x07, 0xfa,
    0x7f, 0xa7, 0xfa, 0x7f, 0xa7, 0xfa, 0x7f, 0xa7, 0xfa, 0x7f, 0xa0, 0x00, 0x04, 0xad, 0xfe, 0xc8,
    0x30, 0x00, 0x8f, 0xff, 0xff, 0xff, 0xf3, 0x03, 0xff, 0x82, 0x11, 0x4a, 0xd0, 0x08, 0xf9, 0x00,
    0x00, 0x00, 0x20, 0x09, 0xf8, 0x00, 0x00, 0x00, 0x00, 0x05, 0xff, 0x71, 0x00, 0x00, 0x00, 0x00,
    0xbf, 0xff, 0xc7, 0x20, 0x00, 0x03, 0xef, 0xde, 0xff, 0xfa, 0x10, 0x0c, 0xf7, 0x00, 0x48, 0xff,
    0xa0, 0x1f, 0xe0, 0x00, 0x00, 0x3f, 0xf1, 0x1f, 0xf1, 0x00, 0x00, 0x0e, 0xf2, 0x0b, 0xfd, 0x50,
    0x00, 0x4f, 0xd0, 0x02, 0xcf, 0xff, 0xb9, 0xef, 0x50, 0x00, 0x04, 0x8c, 0xff, 0xfa, 0x00, 0x00,
    0x00, 0x00, 0x18, 0xff, 0x50, 0x00, 0x00, 0x00, 0x00, 0x8f, 0x90, 0x03, 0x00, 0x00, 0x00, 0x8f,
    0x90, 0x1e, 0xc6, 0x21, 0x26, 0xff, 0x50, 0x2d, 0xff, 0xff, 0xff, 0xfa, 0x00, 0x01, 0x6b, 0xef,
    0xeb, 0x50, 0x00, 0x00, 0x00, 0x00, 0x00, 0x1d, 0xd1, 0x08, 0xf6, 0x1d, 0xd1, 0x08, 0xe6, 0x00,
    0x00, 0x16, 0xbe, 0xfe, 0xc8, 0x20, 0x00, 0x00, 0x00, 0x04, 0xdb, 0x52, 0x02, 0x49, 0xe7, 0x00,
    0x00, 0x00, 0x6e, 0x50, 0x00, 0x00, 0x00, 0x2c, 0xa0, 0x00, 0x03, 0xe3, 0x00, 0x6c, 0xee, 0xa2,
    0x00, 0xc7, 0x00, 0x0d, 0x60, 0x0a, 0xff, 0xff, 0xfe, 0x20, 0x2e, 0x20, 0x5e, 0x00, 0x7f, 0xe6,
    0x22, 0x8f, 0x70, 0x0a, 0x90, 0x98, 0x00, 0xdf, 0x30, 0x00, 0x03, 0x00, 0x04, 0xd0, 0xc6, 0x01,
    0xfc, 0x00, 0x00, 0x00, 0x00, 0x02, 0xf0, 0xc5, 0x03, 0xfa, 0x00, 0x00, 0x00, 0x00, 0x01, 0xf1,
    0xc6, 0x02, 0xfc, 0x00, 0x00, 0x00, 0x00, 0x02, 0xf0, 0x98, 0x00, 0xdf, 0x30, 0x00, 0x02, 0x00,
    0x05, 0xd0, 0x5e, 0x00, 0x7f, 0xe5, 0x11, 0x7f, 0x60, 0x0a, 0x80, 0x0d, 0x60, 0x0b, 0xff, 0xff,
    0xfe, 0x30, 0x3e, 0x20, 0x03, 0xe3, 0x00, 0x7c, 0xfe, 0xa2, 0x01, 0xd6, 0x00, 0x00, 0x6e, 0x50,
    0x00, 0x00, 0x00, 0x2d, 0x90, 0x00, 0x00, 0x04, 0xeb, 0x52, 0x02, 0x4a, 0xe6, 0x00, 0x00, 0x00,
    0x00, 0x16, 0xbe, 0xfe, 0xc7, 0x10, 0x00, 0x00, 0x04, 0xad, 0xfd, 0x91, 0x00, 0x89, 0x43, 0x5e,
    0xa0, 0x00, 0x00, 0x00, 0x9f, 0x00, 0x2a, 0xde, 0xef, 0xf2, 0x0d, 0xd4, 0x22, 0x9f, 0x21, 0xf8,
    0x00, 0x09, 0xf2, 0x0d, 0xc2, 0x15, 0xff, 0x20, 0x3b, 0xee, 0xb9, 0xf2, 0x00, 0x0c, 0xf5, 0x03,
    0xfd, 0x10, 0x09, 0xf8, 0x01, 0xdf, 0x30, 0x05, 0xfc, 0x00, 0xbf, 0x70, 0x02, 0xee, 0x20, 0x8f,
    0xa0, 0x00, 0xbf, 0x70, 0x2f, 0xf1, 0x00, 0x03, 0xed, 0x10, 0x8f, 0x90, 0x00, 0x05, 0xfb, 0x00,
    0xbf, 0x50, 0x00, 0x09, 0xf8, 0x01, 0xde, 0x30, 0x00, 0x0c, 0xf4, 0x03, 0xfd, 0x10, 0x00, 0x00,
    0x00, 0x00, 0x00, 0x00, 0x6f, 0xff, 0xff, 0xff, 0xff, 0xf5, 0x6f, 0xff, 0xff, 0xff, 0xff, 0xf5,
    0x00, 0x00, 0x00, 0x00, 0x0a, 0xf5, 0x00, 0x00, 0x00, 0x00, 0x0a, 0xf5, 0x00, 0x00, 0x00, 0x00,
    0x0a, 0xf5, 0x00, 0x00, 0x00, 0x00, 0x0a, 0xf5, 0x00, 0x00, 0x00, 0x00, 0x05, 0x73, 0x00, 0x00,
    0x00, 0x09, 0xff, 0xff, 0xfc, 0x9f, 0xff, 0xff, 0xc0, 0x00, 0x00, 0x16, 0xbe, 0xfe, 0xc8, 0x20,
    0x00, 0x00, 0x00, 0x04, 0xdb, 0x52, 0x02, 0x49, 0xe7, 0x00, 0x00, 0x00, 0x6e, 0x50, 0x00, 0x00,
    0x00, 0x2c, 0xa0, 0x00, 0x03, 0xe3, 0x00, 0x00, 0x00, 0x00, 0x00, 0xc7, 0x00, 0x0d, 0x60, 0x0c,
    0xff, 0xfe, 0xc5, 0x00, 0x2e, 0x20, 0x5e, 0x00, 0x0c, 0xd3, 0x34, 0x9f, 0x70, 0x0a, 0x90, 0x98,
    0x00, 0x0c, 0xc0, 0x00, 0x0c, 0xd0, 0x04, 0xd0, 0xc6, 0x00, 0x0c, 0xc0, 0x00, 0x0b, 0xd0, 0x02,
    0xf0, 0xc5, 0x00, 0x0c, 0xc0, 0x01, 0x6f, 0x90, 0x01, 0xf1, 0xc6, 0x00, 0x0c, 0xff, 0xff, 0xf9,
    0x10, 0x02, 0xf0, 0x98, 0x00, 0x0c, 0xd3, 0x36, 0xf4, 0x00, 0x05, 0xd0, 0x5e, 0x00, 0x0c, 0xd0,
    0x00, 0xbd, 0x10, 0x0a, 0x80, 0x0d, 0x60, 0x0c, 0xd0, 0x00, 0x2e, 0x80, 0x3e, 0x20, 0x03, 0xe3,
    0x04, 0x50, 0x00, 0x04, 0x51, 0xd6, 0x00, 0x00, 0x6e, 0x50, 0x00, 0x00, 0x00, 0x2d, 0x90, 0x00,
    0x00, 0x04, 0xeb, 0x52, 0x02, 0x4a, 0xe6, 0x00, 0x00, 0x00, 0x00, 0x16, 0xbe, 0xfe, 0xc7, 0x10,
    0x00, 0x00, 0x00, 0x00, 0x00, 0x00, 0x0b, 0xff, 0xff, 0xff, 0xf2, 0xbf, 0xff, 0xff, 0xff, 0x20,
    0x02, 0xae, 0xea, 0x20, 0x1d, 0xb4, 0x4b, 0xe2, 0x9d, 0x00, 0x00, 0xd9, 0xd8, 0x00, 0x00, 0x7d,
    0xd7, 0x00, 0x00, 0x7e, 0xab, 0x00, 0x00, 0xba, 0x3e, 0x91, 0x18, 0xf3, 0x04, 0xdf, 0xfd, 0x40,
    0x00, 0x02, 0x20, 0x00, 0x00, 0x00, 0x0f, 0xf0, 0x00, 0x00, 0x00, 0x00, 0x0f, 0xf0, 0x00, 0x00,
    0x00, 0x00, 0x0f, 0xf0, 0x00, 0x00, 0x00, 0x00, 0x0f, 0xf0, 0x00, 0x00, 0x6f, 0xff, 0xff, 0xff,
    0xff, 0xf5, 0x6f, 0xff, 0xff, 0xff, 0xff, 0xf5, 0x00, 0x00, 0x1f, 0xf0, 0x00, 0x00, 0x00, 0x00,
    0x0f, 0xf0, 0x00, 0x00, 0x00, 0x00, 0x0f, 0xf0, 0x00, 0x00, 0x00, 0x00, 0x0f, 0xf0, 0x00, 0x00,
    0x00, 0x00, 0x00, 0x00, 0x00, 0x00, 0x00, 0x00, 0x00, 0x00, 0x00, 0x00, 0x00, 0x00, 0x00, 0x00,
    0x00, 0x00, 0x6f, 0xff, 0xff, 0xff, 0xff, 0xf5, 0x6f, 0xff, 0xff, 0xff, 0xff, 0xf5, 0x00, 0x7d,
    0xfe, 0xb3, 0x00, 0x0b, 0xff, 0xff, 0xff, 0x40, 0x1c, 0xa3, 0x12, 0x9f, 0x90, 0x00, 0x00, 0x00,
    0x1f, 0x80, 0x00, 0x00, 0x00, 0x7f, 0x30, 0x00, 0x00, 0x07, 0xf5, 0x00, 0x00, 0x01, 0xae, 0x50,
    0x00, 0x00, 0x2c, 0xe3, 0x00, 0x00, 0x03, 0xee, 0x52, 0x22, 0x20, 0x0d, 0xff, 0xff, 0xff, 0xf2,
    0x1f, 0xff, 0xff, 0xff, 0xa0, 0x03, 0x33, 0x33, 0xde, 0x20, 0x00, 0x00, 0x1c, 0xe2, 0x00, 0x00,
    0x01, 0xcf, 0x40, 0x00, 0x00, 0x03, 0xef, 0xfc, 0x20, 0x00, 0x00, 0x00, 0x3d, 0xc0, 0x00, 0x00,
    0x00, 0x09, 0xf1, 0x1c, 0x62, 0x11, 0x5e, 0xf1, 0x2e, 0xff, 0xff, 0xff, 0x80, 0x01, 0x8d, 0xfe,
    0xc5, 0x00, 0x00, 0x1c, 0xfc, 0x20, 0x2d, 0xf8, 0x00, 0x2d, 0xe5, 0x00, 0x00, 0xcf, 0x70, 0x00,
    0x00, 0x02, 0xff, 0x2c, 0xf7, 0x00, 0x00, 0x00, 0x2f, 0xf2, 0xcf, 0x70, 0x00, 0x00, 0x02, 0xff,
    0x2c, 0xf7, 0x00, 0x00, 0x00, 0x2f, 0xf2, 0xcf, 0x70, 0x00, 0x00, 0x02, 0xff, 0x2c, 0xf7, 0x00,
    0x00, 0x00, 0x2f, 0xf2, 0xcf, 0x70, 0x00, 0x00, 0x02, 0xff, 0x2c, 0xf8, 0x00, 0x00, 0x00, 0x3f,
    0xf2, 0xcf, 0xa0, 0x00, 0x00, 0x07, 0xff, 0x2c, 0xff, 0x20, 0x00, 0x01, 0xdf, 0xf2, 0xcf, 0xfd,
    0x52, 0x15, 0xdf, 0xff, 0x2c, 0xfe, 0xff, 0xff, 0xff, 0x8f, 0xf2, 0xcf, 0x76, 0xce, 0xeb, 0x50,
    0xdd, 0x2c, 0xf7, 0x00, 0x00, 0x00, 0x00, 0x00, 0xcf, 0x70, 0x00, 0x00, 0x00, 0x00, 0x0c, 0xf7,
    0x00, 0x00, 0x00, 0x00, 0x00, 0xcf, 0x70, 0x00, 0x00, 0x00, 0x00, 0x06, 0x74, 0x00, 0x00, 0x00,
    0x00, 0x00, 0x00, 0x3a, 0xdf, 0xff, 0xff, 0xff, 0xf0, 0x06, 0xff, 0xff, 0xff, 0xff, 0xff, 0xf0,
    0x2f, 0xff, 0xff, 0xf6, 0x00, 0x0d, 0xf0, 0x7f, 0xff, 0xff, 0xf6, 0x00, 0x0d, 0xf0, 0x8f, 0xff,
    0xff, 0xf6, 0x00, 0x0d, 0xf0, 0x6f, 0xff, 0xff, 0xf6, 0x00, 0x0d, 0xf0, 0x1e, 0xff, 0xff, 0xf6,
    0x00, 0x0d, 0xf0, 0x05, 0xff, 0xff, 0xf6, 0x00, 0x0d, 0xf0, 0x00, 0x28, 0xce, 0xf6, 0x00, 0x0d,
    0xf0, 0x00, 0x00, 0x08, 0xf6, 0x00, 0x0d, 0xf0, 0x00, 0x00, 0x08, 0xf6, 0x00, 0x0d, 0xf0, 0x00,
    0x00, 0x08, 0xf6, 0x00, 0x0d, 0xf0, 0x00, 0x00, 0x08, 0xf6, 0x00, 0x0d, 0xf0, 0x00, 0x00, 0x08,
    0xf6, 0x00, 0x0d, 0xf0, 0x00, 0x00, 0x08, 0xf6, 0x00, 0x0d, 0xf0, 0x00, 0x00, 0x08, 0xf6, 0x00,
    0x0d, 0xf0, 0x00, 0x00, 0x08, 0xf6, 0x00, 0x0d, 0xf0, 0x00, 0x00, 0x08, 0xf6, 0x00, 0x0d, 0xf0,
    0x00, 0x00, 0x08, 0xf6, 0x00, 0x0d, 0xf0, 0x00, 0x00, 0x08, 0xf6, 0x00, 0x0d, 0xf0, 0x00, 0x00,
    0x04, 0x83, 0x00, 0x07, 0x80, 0x1c, 0xe5, 0x6f, 0xfb, 0x1c, 0xe5, 0x00, 0x00, 0x00, 0x00, 0x9a,
    0x00, 0x00, 0xed, 0x80, 0x00, 0x05, 0xf7, 0x13, 0x04, 0xf7, 0x5f, 0xff, 0xb1, 0x01, 0x21, 0x00,
    0x0d, 0xff, 0xf6, 0x00, 0x02, 0x36, 0xf7, 0x00, 0x00, 0x04, 0xf7, 0x00, 0x00, 0x04, 0xf7, 0x00,
    0x00, 0x04, 0xf7, 0x00, 0x00, 0x04, 0xf7, 0x00, 0x00, 0x04, 0xf7, 0x00, 0x00, 0x04, 0xf7, 0x00,
    0x02, 0x26, 0xf8, 0x22, 0x1f, 0xff, 0xff, 0xfd, 0x00, 0x5c, 0xee, 0xc5, 0x00, 0x07, 0xf9, 0x44,
    0x9f, 0x70, 0x1f, 0xa0, 0x00, 0x0a, 0xf1, 0x3f, 0x60, 0x00, 0x06, 0xf3, 0x1f, 0x90, 0x00, 0x09,
    0xf2, 0x09, 0xf6, 0x11, 0x6f, 0x90, 0x00, 0x7e, 0xff, 0xe8, 0x00, 0x00, 0x00, 0x22, 0x00, 0x00,
    0x0c, 0xf5, 0x03, 0xfd, 0x10, 0x00, 0x2e, 0xe2, 0x07, 0xfa, 0x00, 0x00, 0x5f, 0xc0, 0x0b, 0xf6,
    0x00, 0x00, 0x9f, 0x80, 0x1e, 0xf3, 0x00, 0x01, 0xef, 0x30, 0x6f, 0xc0, 0x00, 0x7f, 0xa0, 0x1d,
    0xf4, 0x00, 0x4f, 0xd1, 0x0a, 0xf7, 0x00, 0x2e, 0xe2, 0x06, 0xfb, 0x00, 0x0c, 0xf5, 0x03, 0xfd,
    0x10, 0x00, 0x0d, 0xff, 0xf7, 0x00, 0x00, 0x00, 0x00, 0x02, 0xeb, 0x00, 0x00, 0x00, 0x0d, 0xff,
    0xf7, 0x00, 0x00, 0x00, 0x00, 0x0c, 0xe2, 0x00, 0x00, 0x00, 0x00, 0x04, 0xf7, 0x00, 0x00, 0x00,
    0x00, 0x7f, 0x50, 0x00, 0x00, 0x00, 0x00, 0x04, 0xf7, 0x00, 0x00, 0x00, 0x03, 0xfa, 0x00, 0x00,
    0x00, 0x00, 0x00, 0x04, 0xf7, 0x00, 0x00, 0x00, 0x0c, 0xe1, 0x00, 0x00, 0x00, 0x00, 0x00, 0x04,
    0xf7, 0x00, 0x00, 0x00, 0x7f, 0x50, 0x00, 0x00, 0x00, 0x00, 0x00, 0x04, 0xf7, 0x00, 0x00, 0x03,
    0xfa, 0x00, 0x00, 0x00, 0x00, 0x00, 0x00, 0x04, 0xf7, 0x00, 0x00, 0x0c, 0xe1, 0x00, 0x00, 0x8f,
    0x50, 0x00, 0x00, 0x04, 0xf7, 0x00, 0x00, 0x8f, 0x50, 0x00, 0x05, 0xf8, 0x00, 0x00, 0x1f, 0xff,
    0xff, 0xfd, 0x03, 0xfa, 0x00, 0x00, 0x2e, 0xb0, 0x00, 0x00, 0x03, 0x33, 0x33, 0x32, 0x0d, 0xd1,
    0x00, 0x01, 0xdd, 0x10, 0x00, 0x00, 0x00, 0x00, 0x00, 0x00, 0x8f, 0x40, 0x00, 0x0a, 0xf3, 0x04,
    0xf4, 0x00, 0x00, 0x00, 0x00, 0x03, 0xf9, 0x00, 0x00, 0x7f, 0x72, 0x25, 0xf5, 0x20, 0x00, 0x00,
    0x00, 0x1d, 0xd1, 0x00, 0x00, 0xef, 0xff, 0xff, 0xff, 0xf3, 0x00, 0x00, 0x00, 0x8f, 0x40, 0x00,
    0x00, 0x44, 0x44, 0x49, 0xf7, 0x41, 0x00, 0x00, 0x04, 0xf9, 0x00, 0x00, 0x00, 0x00, 0x00, 0x06,
    0xf4, 0x00, 0x00, 0x00, 0x1d, 0xd1, 0x00, 0x00, 0x00, 0x00, 0x00, 0x06, 0xf4, 0x00, 0x0d, 0xff,
    0xf7, 0x00, 0x00, 0x00, 0x00, 0x02, 0xeb, 0x00, 0x00, 0x00, 0xdf, 0xff, 0x70, 0x00, 0x00, 0x00,
    0x00, 0xce, 0x20, 0x00, 0x00, 0x00, 0x04, 0xf7, 0x00, 0x00, 0x00, 0x00, 0x7f, 0x50, 0x00, 0x00,
    0x00, 0x00, 0x4f, 0x70, 0x00, 0x00, 0x00, 0x3f, 0xa0, 0x00, 0x00, 0x00, 0x00, 0x04, 0xf7, 0x00,
    0x00, 0x00, 0x0c, 0xe1, 0x00, 0x00, 0x00, 0x00, 0x00, 0x4f, 0x70, 0x00, 0x00, 0x07, 0xf5, 0x00,
    0x00, 0x00, 0x00, 0x00, 0x04, 0xf7, 0x00, 0x00, 0x03, 0xfa, 0x00, 0x00, 0x00, 0x00, 0x00, 0x00,
    0x4f, 0x70, 0x00, 0x00, 0xce, 0x10, 0x3a, 0xee, 0xd7, 0x10, 0x00, 0x04, 0xf7, 0x00, 0x00, 0x8f,
    0x50, 0x4f, 0xff, 0xff, 0xfb, 0x01, 0xff, 0xff, 0xff, 0xd0, 0x3f, 0xa0, 0x06, 0xd5, 0x11, 0x4e,
    0xf2, 0x03, 0x33, 0x33, 0x32, 0x0d, 0xd1, 0x00, 0x00, 0x00, 0x00, 0x9f, 0x10, 0x00, 0x00, 0x00,
    0x08, 0xf4, 0x00, 0x00, 0x00, 0x00, 0x1d, 0xa0, 0x00, 0x00, 0x00, 0x03, 0xf9, 0x00, 0x00, 0x00,
    0x00, 0x2d, 0xc1, 0x00, 0x00, 0x00, 0x01, 0xdd, 0x10, 0x00, 0x00, 0x00, 0x4e, 0xb1, 0x00, 0x00,
    0x00, 0x00, 0x8f, 0x40, 0x00, 0x00, 0x00, 0x6f, 0x90, 0x00, 0x00, 0x00, 0x00, 0x4f, 0x90, 0x00,
    0x00, 0x00, 0x9f, 0xa2, 0x22, 0x21, 0x00, 0x00, 0x1d, 0xd1, 0x00, 0x00, 0x00, 0x6f, 0xff, 0xff,
    0xff, 0x90, 0x1f, 0xff, 0xff, 0xff, 0xa0, 0x00, 0x00, 0x00, 0x2e, 0xb0, 0x00, 0x00, 0x01, 0xff,
    0xff, 0xff, 0xf9, 0x00, 0x00, 0x00, 0x0c, 0xe2, 0x00, 0x00, 0x00, 0x00, 0x00, 0x02, 0xdc, 0x10,
    0x00, 0x00, 0x07, 0xf5, 0x00, 0x00, 0x00, 0x00, 0x00, 0x01, 0xdc, 0x10, 0x00, 0x00, 0x03, 0xfa,
    0x00, 0x00, 0x00, 0x00, 0x00, 0x01, 0xcf, 0x40, 0x00, 0x00, 0x00, 0xce, 0x10, 0x00, 0x00, 0x00,
    0x00, 0x00, 0x3d, 0xef, 0xd3, 0x00, 0x00, 0x7f, 0x50, 0x00, 0x00, 0x00, 0x00, 0x00, 0x00, 0x00,
    0x2d, 0xc0, 0x00, 0x3f, 0xa0, 0x00, 0x00, 0x00, 0x00, 0x00, 0x00, 0x00, 0x00, 0x9f, 0x10, 0x0c,
    0xe1, 0x00, 0x00, 0x8f, 0x50, 0x00, 0x1c, 0x62, 0x01, 0x5e, 0xf1, 0x08, 0xf5, 0x00, 0x00, 0x5f,
    0x80, 0x00, 0x02, 0xef, 0xff, 0xff, 0xf8, 0x03, 0xfa, 0x00, 0x00, 0x2e, 0xb0, 0x00, 0x00, 0x02,
    0x9d, 0xfe, 0xc5, 0x00, 0xdd, 0x10, 0x00, 0x1d, 0xd1, 0x00, 0x00, 0x00, 0x00, 0x00, 0x00, 0x00,
    0x8f, 0x40, 0x00, 0x0a, 0xf3, 0x04, 0xf4, 0x00, 0x00, 0x00, 0x00, 0x00, 0x3f, 0x90, 0x00, 0x07,
    0xf7, 0x22, 0x5f, 0x52, 0x00, 0x00, 0x00, 0x00, 0x1d, 0xd1, 0x00, 0x00, 0xef, 0xff, 0xff, 0xff,
    0xf3, 0x00, 0x00, 0x00, 0x08, 0xf4, 0x00, 0x00, 0x04, 0x44, 0x44, 0x9f, 0x74, 0x10, 0x00, 0x00,
    0x04, 0xf9, 0x00, 0x00, 0x00, 0x00, 0x00, 0x06, 0xf4, 0x00, 0x00, 0x00, 0x01, 0xdd, 0x10, 0x00,
    0x00, 0x00, 0x00, 0x00, 0x6f, 0x40, 0x00, 0x00, 0x00, 0x2d, 0xd3, 0x00, 0x00, 0x00, 0x00, 0x07,
    0xff, 0x90, 0x00, 0x00, 0x00, 0x00, 0x2d, 0xe3, 0x00, 0x00, 0x00, 0x00, 0x00, 0x00, 0x00, 0x00,
    0x00, 0x00, 0x00, 0x00, 0x00, 0x00, 0x00, 0x00, 0x00, 0x01, 0x99, 0x20, 0x00, 0x00, 0x00, 0x00,
    0x5f, 0xf2, 0x00, 0x00, 0x00, 0x00, 0x1d, 0xfa, 0x00, 0x00, 0x00, 0x00, 0x2d, 0xfd, 0x10, 0x00,
    0x00, 0x00, 0x2d, 0xfd, 0x10, 0x00, 0x00, 0x00, 0x0a, 0xfd, 0x10, 0x00, 0x00, 0x00, 0x02, 0xff,
    0x40, 0x00, 0x00, 0x00, 0x00, 0x5f, 0xf2, 0x00, 0x00, 0x00, 0x00, 0x04, 0xff, 0x60, 0x00, 0x00,
    0x0a, 0x70, 0x0e, 0xff, 0x83, 0x23, 0x6d, 0xff, 0x40, 0x4e, 0xff, 0xff, 0xff, 0xfe, 0x50, 0x00,
    0x18, 0xce, 0xfd, 0xb7, 0x10, 0x00, 0x00, 0x00, 0x2c, 0xfc, 0x10, 0x00, 0x00, 0x00, 0x00, 0x00,
    0x00, 0x00, 0x9f, 0xd2, 0x00, 0x00, 0x00, 0x00, 0x00, 0x00, 0x00, 0x05, 0xed, 0x20, 0x00, 0x00,
    0x00, 0x00, 0x00, 0x00, 0x00, 0x00, 0x00, 0x00, 0x00, 0x00, 0x00, 0x00, 0x00, 0x0a, 0xff, 0x30,
    0x00, 0x00, 0x00, 0x00, 0x00, 0x00, 0x2f, 0xff, 0x90, 0x00, 0x00, 0x00, 0x00, 0x00, 0x00, 0x8f,
    0xef, 0xf1, 0x00, 0x00, 0x00, 0x00, 0x00, 0x01, 0xef, 0x5c, 0xf8, 0x00, 0x00, 0x00, 0x00, 0x00,
    0x07, 0xfe, 0x06, 0xfe, 0x10, 0x00, 0x00, 0x00, 0x00, 0x0d, 0xf7, 0x01, 0xef, 0x60, 0x00, 0x00,
    0x00, 0x00, 0x5f, 0xf1, 0x00, 0x8f, 0xd0, 0x00, 0x00, 0x00, 0x00, 0xcf, 0xa0, 0x00, 0x2f, 0xf5,
    0x00, 0x00, 0x00, 0x03, 0xff, 0x30, 0x00, 0x0a, 0xfc, 0x00, 0x00, 0x00, 0x0a, 0xfc, 0x00, 0x00,
    0x04, 0xff, 0x30, 0x00, 0x00, 0x2f, 0xf5, 0x00, 0x00, 0x00, 0xcf, 0xa0, 0x00, 0x00, 0x9f, 0xff,
    0xff, 0xff, 0xff, 0xff, 0xf2, 0x00, 0x01, 0xef, 0xee, 0xee, 0xee, 0xee, 0xef, 0xf9, 0x00, 0x07,
    0xfe, 0x10, 0x00, 0x00, 0x00, 0x08, 0xfe, 0x10, 0x0d, 0xf9, 0x00, 0x00, 0x00, 0x00, 0x01, 0xff,
    0x70, 0x5f, 0xf2, 0x00, 0x00, 0x00, 0x00, 0x00, 0x9f, 0xd0, 0xcf, 0xa0, 0x00, 0x00, 0x00, 0x00,
    0x00, 0x2f, 0xf6, 0x00, 0x00, 0x00, 0x00, 0x05, 0xff, 0x80, 0x00, 0x00, 0x00, 0x00, 0x00, 0x00,
    0x6f, 0xe4, 0x00, 0x00, 0x00, 0x00, 0x00, 0x00, 0x07, 0xfb, 0x10, 0x00, 0x00, 0x00, 0x00, 0x00,
    0x00, 0x00, 0x00, 0x00, 0x00, 0x00, 0x00, 0x00, 0x00, 0x00, 0x0a, 0xff, 0x30, 0x00, 0x00, 0x00,
    0x00, 0x00, 0x00, 0x2f, 0xff, 0x90, 0x00, 0x00, 0x00, 0x00, 0x00, 0x00, 0x8f, 0xef, 0xf1, 0x00,
    0x00, 0x00, 0x00, 0x00, 0x01, 0xef, 0x5c, 0xf8, 0x00, 0x00, 0x00, 0x00, 0x00, 0x07, 0xfe, 0x06,
    0xfe, 0x10, 0x00, 0x00, 0x00, 0x00, 0x0d, 0xf7, 0x01, 0xef, 0x60, 0x00, 0x00, 0x00, 0x00, 0x5f,
    0xf1, 0x00, 0x8f, 0xd0, 0x00, 0x00, 0x00, 0x00, 0xcf, 0xa0, 0x00, 0x2f, 0xf5, 0x00, 0x00, 0x00,
    0x03, 0xff, 0x30, 0x00, 0x0a, 0xfc, 0x00, 0x00, 0x00, 0x0a, 0xfc, 0x00, 0x00, 0x04, 0xff, 0x30,
    0x00, 0x00, 0x2f, 0xf5, 0x00, 0x00, 0x00, 0xcf, 0xa0, 0x00, 0x00, 0x9f, 0xff, 0xff, 0xff, 0xff,
    0xff, 0xf2, 0x00, 0x01, 0xef, 0xee, 0xee, 0xee, 0xee, 0xef, 0xf9, 0x00, 0x07, 0xfe, 0x10, 0x00,
    0x00, 0x00, 0x08, 0xfe, 0x10, 0x0d, 0xf9, 0x00, 0x00, 0x00, 0x00, 0x01, 0xff, 0x70, 0x5f, 0xf2,
    0x00, 0x00, 0x00, 0x00, 0x00, 0x9f, 0xd0, 0xcf, 0xa0, 0x00, 0x00, 0x00, 0x00, 0x00, 0x2f, 0xf6,
    0x00, 0x00, 0x00, 0x1c, 0xff, 0x60, 0x00, 0x00, 0x00, 0x00, 0x00, 0x01, 0xcf, 0x7c, 0xf7, 0x00,
    0x00, 0x00, 0x00, 0x00, 0x2d, 0xe4, 0x00, 0x9f, 0x80, 0x00, 0x00, 0x00, 0x00, 0x00, 0x00, 0x00,
    0x00, 0x00, 0x00, 0x00, 0x00, 0x00, 0x00, 0x0a, 0xff, 0x30, 0x00, 0x00, 0x00, 0x00, 0x00, 0x00,
    0x2f, 0xff, 0x90, 0x00, 0x00, 0x00, 0x00, 0x00, 0x00, 0x8f, 0xef, 0xf1, 0x00, 0x00, 0x00, 0x00,
    0x00, 0x01, 0xef, 0x5c, 0xf8, 0x00, 0x00, 0x00, 0x00, 0x00, 0x07, 0xfe, 0x06, 0xfe, 0x10, 0x00,
    0x00, 0x00, 0x00, 0x0d, 0xf7, 0x01, 0xef, 0x60, 0x00, 0x00, 0x00, 0x00, 0x5f, 0xf1, 0x00, 0x8f,
    0xd0, 0x00, 0x00, 0x00, 0x00, 0xcf, 0xa0, 0x00, 0x2f, 0xf5, 0x00, 0x00, 0x00, 0x03, 0xff, 0x30,
    0x00, 0x0a, 0xfc, 0x00, 0x00, 0x00, 0x0a, 0xfc, 0x00, 0x00, 0x04, 0xff, 0x30, 0x00, 0x00, 0x2f,
    0xf5, 0x00, 0x00, 0x00, 0xcf, 0xa0, 0x00, 0x00, 0x9f, 0xff, 0xff, 0xff, 0xff, 0xff, 0xf2, 0x00,
    0x01, 0xef, 0xee, 0xee, 0xee, 0xee, 0xef, 0xf9, 0x00, 0x07, 0xfe, 0x10, 0x00, 0x00, 0x00, 0x08,
    0xfe, 0x10, 0x0d, 0xf9, 0x00, 0x00, 0x00, 0x00, 0x01, 0xff, 0x70, 0x5f, 0xf2, 0x00, 0x00, 0x00,
    0x00, 0x00, 0x9f, 0xd0, 0xcf, 0xa0, 0x00, 0x00, 0x00, 0x00, 0x00, 0x2f, 0xf6, 0x00, 0x00, 0x00,
    0x00, 0x00, 0x00, 0x00, 0x00, 0x00, 0x00, 0x00, 0x03, 0xde, 0x60, 0x08, 0xb0, 0x00, 0x00, 0x00,
    0x00, 0x0d, 0xff, 0xf7, 0x1d, 0x70, 0x00, 0x00, 0x00, 0x00, 0x2f, 0x51, 0x8e, 0xfc, 0x10, 0x00,
    0x00, 0x00, 0x00, 0x13, 0x00, 0x00, 0x20, 0x00, 0x00, 0x00, 0x00, 0x00, 0x00, 0x00, 0x00, 0x00,
    0x00, 0x00, 0x00, 0x00, 0x00, 0x00, 0x0a, 0xff, 0x30, 0x00, 0x00, 0x00, 0x00, 0x00, 0x00, 0x2f,
    0xff, 0x90, 0x00, 0x00, 0x00, 0x00, 0x00, 0x00, 0x8f, 0xef, 0xf1, 0x00, 0x00, 0x00, 0x00, 0x00,
    0x01, 0xef, 0x5c, 0xf8, 0x00, 0x00, 0x00, 0x00, 0x00, 0x07, 0xfe, 0x06, 0xfe, 0x10, 0x00, 0x00,
    0x00, 0x00, 0x0d, 0xf7, 0x01, 0xef, 0x60, 0x00, 0x00, 0x00, 0x00, 0x5f, 0xf1, 0x00, 0x8f, 0xd0,
    0x00, 0x00, 0x00, 0x00, 0xcf, 0xa0, 0x00, 0x2f, 0xf5, 0x00, 0x00, 0x00, 0x03, 0xff, 0x30, 0x00,
    0x0a, 0xfc, 0x00, 0x00, 0x00, 0x0a, 0xfc, 0x00, 0x00, 0x04, 0xff, 0x30, 0x00, 0x00, 0x2f, 0xf5,
    0x00, 0x00, 0x00, 0xcf, 0xa0, 0x00, 0x00, 0x9f, 0xff, 0xff, 0xff, 0xff, 0xff, 0xf2, 0x00, 0x01,
    0xef, 0xee, 0xee, 0xee, 0xee, 0xef, 0xf9, 0x00, 0x07, 0xfe, 0x10, 0x00, 0x00, 0x00, 0x08, 0xfe,
    0x10, 0x0d, 0xf9, 0x00, 0x00, 0x00, 0x00, 0x01, 0xff, 0x70, 0x5f, 0xf2, 0x00, 0x00, 0x00, 0x00,
    0x00, 0x9f, 0xd0, 0xcf, 0xa0, 0x00, 0x00, 0x00, 0x00, 0x00, 0x2f, 0xf6, 0x00, 0x00, 0x00, 0x00,
    0x00, 0x00, 0x00, 0x00, 0x00, 0x00, 0x00, 0x06, 0xf8, 0x01, 0xdd, 0x10, 0x00, 0x00, 0x00, 0x00,
    0x06, 0xe8, 0x01, 0xdd, 0x10, 0x00, 0x00, 0x00, 0x00, 0x00, 0x00, 0x00, 0x00, 0x00, 0x00, 0x00,
    0x00, 0x00, 0x00, 0x00, 0x00, 0x00, 0x00, 0x00, 0x00, 0x00, 0x00, 0x00, 0x0a, 0xff, 0x30, 0x00,
    0x00, 0x00, 0x00, 0x00, 0x00, 0x2f, 0xff, 0x90, 0x00, 0x00, 0x00, 0x00, 0x00, 0x00, 0x8f, 0xef,
    0xf1, 0x00, 0x00, 0x00, 0x00, 0x00, 0x01, 0xef, 0x5c, 0xf8, 0x00, 0x00, 0x00, 0x00, 0x00, 0x07,
    0xfe, 0x06, 0xfe, 0x10, 0x00, 0x00, 0x00, 0x00, 0x0d, 0xf7, 0x01, 0xef, 0x60, 0x00, 0x00, 0x00,
    0x00, 0x5f, 0xf1, 0x00, 0x8f, 0xd0, 0x00, 0x00, 0x00, 0x00, 0xcf, 0xa0, 0x00, 0x2f, 0xf5, 0x00,
    0x00, 0x00, 0x03, 0xff, 0x30, 0x00, 0x0a, 0xfc, 0x00, 0x00, 0x00, 0x0a, 0xfc, 0x00, 0x00, 0x04,
    0xff, 0x30, 0x00, 0x00, 0x2f, 0xf5, 0x00, 0x00, 0x00, 0xcf, 0xa0, 0x00, 0x00, 0x9f, 0xff, 0xff,
    0xff, 0xff, 0xff, 0xf2, 0x00, 0x01, 0xef, 0xee, 0xee, 0xee, 0xee, 0xef, 0xf9, 0x00, 0x07, 0xfe,
    0x10, 0x00, 0x00, 0x00, 0x08, 0xfe, 0x10, 0x0d, 0xf9, 0x00, 0x00, 0x00, 0x00, 0x01, 0xff, 0x70,
    0x5f, 0xf2, 0x00, 0x00, 0x00, 0x00, 0x00, 0x9f, 0xd0, 0xcf, 0xa0, 0x00, 0x00, 0x00, 0x00, 0x00,
    0x2f, 0xf6, 0x00, 0x00, 0x00, 0x1a, 0xed, 0x50, 0x00, 0x00, 0x00, 0x00, 0x00, 0x00, 0x9a, 0x13,
    0xe2, 0x00, 0x00, 0x00, 0x00, 0x00, 0x00, 0xc4, 0x00, 0xb6, 0x00, 0x00, 0x00, 0x00, 0x00, 0x00,
    0x9a, 0x13, 0xe3, 0x00, 0x00, 0x00, 0x00, 0x00, 0x00, 0x1a, 0xed, 0x50, 0x00, 0x00, 0x00, 0x00,
    0x00, 0x00, 0x00, 0x00, 0x00, 0x00, 0x00, 0x00, 0x00, 0x00, 0x00, 0x0a, 0xff, 0x30, 0x00, 0x00,
    0x00, 0x00, 0x00, 0x00, 0x2f, 0xff, 0x90, 0x00, 0x00, 0x00, 0x00, 0x00, 0x00, 0x8f, 0xef, 0xf1,
    0x00, 0x00, 0x00, 0x00, 0x00, 0x01, 0xef, 0x5c, 0xf8, 0x00, 0x00, 0x00, 0x00, 0x00, 0x07, 0xfe,
    0x06, 0xfe, 0x10, 0x00, 0x00, 0x00, 0x00, 0x0d, 0xf7, 0x01, 0xef, 0x60, 0x00, 0x00, 0x00, 0x00,
    0x5f, 0xf1, 0x00, 0x8f, 0xd0, 0x00, 0x00, 0x00, 0x00, 0xcf, 0xa0, 0x00, 0x2f, 0xf5, 0x00, 0x00,
    0x00, 0x03, 0xff, 0x30, 0x00, 0x0a, 0xfc, 0x00, 0x00, 0x00, 0x0a, 0xfc, 0x00, 0x00, 0x04, 0xff,
    0x30, 0x00, 0x00, 0x2f, 0xf5, 0x00, 0x00, 0x00, 0xcf, 0xa0, 0x00, 0x00, 0x9f, 0xff, 0xff, 0xff,
    0xff, 0xff, 0xf2, 0x00, 0x01, 0xef, 0xee, 0xee, 0xee, 0xee, 0xef, 0xf9, 0x00, 0x07, 0xfe, 0x10,
    0x00, 0x00, 0x00, 0x08, 0xfe, 0x10, 0x0d, 0xf9, 0x00, 0x00, 0x00, 0x00, 0x01, 0xff, 0x70, 0x5f,
    0xf2, 0x00, 0x00, 0x00, 0x00, 0x00, 0x9f, 0xd0, 0xcf, 0xa0, 0x00, 0x00, 0x00, 0x00, 0x00, 0x2f,
    0xf6, 0x00, 0x00, 0x00, 0x00, 0x05, 0xff, 0xff, 0xff, 0xff, 0xff, 0xff, 0xf7, 0x00, 0x00, 0x00,
    0x00, 0x0d, 0xff, 0xff, 0xff, 0xff, 0xff, 0xff, 0xf7, 0x00, 0x00, 0x00, 0x00, 0x7f, 0xc7, 0xff,
    0x00, 0x00, 0x00, 0x00, 0x00, 0x00, 0x00, 0x00, 0x02, 0xef, 0x46, 0xff, 0x00, 0x00, 0x00, 0x00,
    0x00, 0x00, 0x00, 0x00, 0x0a, 0xfb, 0x06, 0xff, 0x00, 0x00, 0x00, 0x00, 0x00, 0x00, 0x00, 0x00,
    0x4f, 0xf2, 0x06, 0xff, 0x00, 0x00, 0x00, 0x00, 0x00, 0x00, 0x00, 0x00, 0xcf, 0x90, 0x06, 0xff,
    0x00, 0x00, 0x00, 0x00, 0x00, 0x00, 0x00, 0x07, 0xfe, 0x10, 0x06, 0xff, 0xff, 0xff, 0xff, 0xff,
    0x60, 0x00, 0x00, 0x1e, 0xf7, 0x00, 0x06, 0xff, 0xff, 0xff, 0xff, 0xff, 0x60, 0x00, 0x00, 0x9f,
    0xd0, 0x00, 0x06, 0xff, 0x00, 0x00, 0x00, 0x00, 0x00, 0x00, 0x03, 0xff, 0x50, 0x00, 0x06, 0xff,
    0x00, 0x00, 0x00, 0x00, 0x00, 0x00, 0x0c, 0xff, 0xff, 0xff, 0xff, 0xff, 0x00, 0x00, 0x00, 0x00,
    0x00, 0x00, 0x6f, 0xff, 0xff, 0xff, 0xff, 0xff, 0x00, 0x00, 0x00, 0x00, 0x00, 0x01, 0xef, 0x90,
    0x00, 0x00, 0x06, 0xff, 0x00, 0x00, 0x00, 0x00, 0x00, 0x08, 0xfe, 0x10, 0x00, 0x00, 0x06, 0xff,
    0x00, 0x00, 0x00, 0x00, 0x00, 0x2f, 0xf6, 0x00, 0x00, 0x00, 0x06, 0xff, 0xff, 0xff, 0xff, 0xff,
    0xfc, 0xbf, 0xb0, 0x00, 0x00, 0x00, 0x06, 0xff, 0xff, 0xff, 0xff, 0xff, 0xfc, 0x00, 0x00, 0x05,
    0xad, 0xfe, 0xda, 0x60, 0x00, 0x00, 0x03, 0xdf, 0xff, 0xff, 0xff, 0xfd, 0x40, 0x00, 0x6f, 0xfe,
    0x94, 0x21, 0x37, 0xef, 0xf3, 0x03, 0xff, 0xc2, 0x00, 0x00, 0x00, 0x1b, 0x70, 0x0d, 0xfd, 0x10,
    0x00, 0x00, 0x00, 0x00, 0x00, 0x5f, 0xf4, 0x00, 0x00, 0x00, 0x00, 0x00, 0x00, 0x9f, 0xd0, 0x00,
    0x00, 0x00, 0x00, 0x00, 0x00, 0xcf, 0xa0, 0x00, 0x00, 0x00, 0x00, 0x00, 0x00, 0xcf, 0x90, 0x00,
    0x00, 0x00, 0x00, 0x00, 0x00, 0xcf, 0xa0, 0x00, 0x00, 0x00, 0x00, 0x00, 0x00, 0x9f, 0xd0, 0x00,
    0x00, 0x00, 0x00, 0x00, 0x00, 0x5f, 0xf4, 0x00, 0x00, 0x00, 0x00, 0x00, 0x00, 0x0d, 0xfd, 0x10,
    0x00, 0x00, 0x00, 0x00, 0x00, 0x03, 0xff, 0xc2, 0x00, 0x00, 0x00, 0x1b, 0x70, 0x00, 0x6f, 0xfe,
    0x94, 0x21, 0x37, 0xef, 0xf3, 0x00, 0x03, 0xdf, 0xff, 0xff, 0xff, 0xfd, 0x40, 0x00, 0x00, 0x05,
    0xad, 0xff, 0xda, 0x60, 0x00, 0x00, 0x00, 0x00, 0x03, 0xf2, 0x00, 0x00, 0x00, 0x00, 0x00, 0x00,
    0x07, 0xfb, 0x30, 0x00, 0x00, 0x00, 0x00, 0x00, 0x00, 0x1c, 0xd0, 0x00, 0x00, 0x00, 0x00, 0x00,
    0x31, 0x1c, 0xe0, 0x00, 0x00, 0x00, 0x00, 0x00, 0xdf, 0xfe, 0x50, 0x00, 0x00, 0x00, 0x00, 0x00,
    0x02, 0x20, 0x00, 0x00, 0x00, 0x00, 0x5e, 0xf8, 0x00, 0x00, 0x00, 0x00, 0x00, 0x2c, 0xf9, 0x00,
    0x00, 0x00, 0x00, 0x00, 0x08, 0xfa, 0x00, 0x00, 0x00, 0x00, 0x00, 0x00, 0x00, 0x00, 0x00, 0x7f,
    0xff, 0xff, 0xff, 0xff, 0xff, 0x67, 0xff, 0xff, 0xff, 0xff, 0xff, 0xf6, 0x7f, 0xe0, 0x00, 0x00,
    0x00, 0x00, 0x07, 0xfe, 0x00, 0x00, 0x00, 0x00, 0x00, 0x7f, 0xe0, 0x00, 0x00, 0x00, 0x00, 0x07,
    0xfe, 0x00, 0x00, 0x00, 0x00, 0x00, 0x7f, 0xe0, 0x00, 0x00, 0x00, 0x00, 0x07, 0xff, 0xff, 0xff,
    0xff, 0xff, 0x50, 0x7f, 0xff, 0xff, 0xff, 0xff, 0xf5, 0x07, 0xfe, 0x00, 0x00, 0x00, 0x00, 0x00,
    0x7f, 0xe0, 0x00, 0x00, 0x00, 0x00, 0x07, 0xfe, 0x00, 0x00, 0x00, 0x00, 0x00, 0x7f, 0xe0, 0x00,
    0x00, 0x00, 0x00, 0x07, 0xfe, 0x00, 0x00, 0x00, 0x00, 0x00, 0x7f, 0xe0, 0x00, 0x00, 0x00, 0x00,
    0x07, 0xff, 0xff, 0xff, 0xff, 0xff, 0xfb, 0x7f, 0xff, 0xff, 0xff, 0xff, 0xff, 0xb0, 0x00, 0x00,
    0x00, 0x09, 0xfe, 0x40, 0x00, 0x00, 0x00, 0x0a, 0xfb, 0x10, 0x00, 0x00, 0x00, 0x1b, 0xf8, 0x00,
    0x00, 0x00, 0x00, 0x00, 0x00, 0x00, 0x00, 0x00, 0x7f, 0xff, 0xff, 0xff, 0xff, 0xff, 0x67, 0xff,
    0xff, 0xff, 0xff, 0xff, 0xf6, 0x7f, 0xe0, 0x00, 0x00, 0x00, 0x00, 0x07, 0xfe, 0x00, 0x00, 0x00,
    0x00, 0x00, 0x7f, 0xe0, 0x00, 0x00, 0x00, 0x00, 0x07, 0xfe, 0x00, 0x00, 0x00, 0x00, 0x00, 0x7f,
    0xe0, 0x00, 0x00, 0x00, 0x00, 0x07, 0xff, 0xff, 0xff, 0xff, 0xff, 0x50, 0x7f, 0xff, 0xff, 0xff,
    0xff, 0xf5, 0x07, 0xfe, 0x00, 0x00, 0x00, 0x00, 0x00, 0x7f, 0xe0, 0x00, 0x00, 0x00, 0x00, 0x07,
    0xfe, 0x00, 0x00, 0x00, 0x00, 0x00, 0x7f, 0xe0, 0x00, 0x00, 0x00, 0x00, 0x07, 0xfe, 0x00, 0x00,
    0x00, 0x00, 0x00, 0x7f, 0xe0, 0x00, 0x00, 0x00, 0x00, 0x07, 0xff, 0xff, 0xff, 0xff, 0xff, 0xfb,
    0x7f, 0xff, 0xff, 0xff, 0xff, 0xff, 0xb0, 0x00, 0x00, 0x3e, 0xfe, 0x30, 0x00, 0x00, 0x00, 0x4e,
    0xe7, 0xee, 0x30, 0x00, 0x00, 0x5f, 0xc2, 0x02, 0xce, 0x40, 0x00, 0x00, 0x00, 0x00, 0x00, 0x00,
    0x00, 0x7f, 0xff, 0xff, 0xff, 0xff, 0xff, 0x67, 0xff, 0xff, 0xff, 0xff, 0xff, 0xf6, 0x7f, 0xe0,
    0x00, 0x00, 0x00, 0x00, 0x07, 0xfe, 0x00, 0x00, 0x00, 0x00, 0x00, 0x7f, 0xe0, 0x00, 0x00, 0x00,
    0x00, 0x07, 0xfe, 0x00, 0x00, 0x00, 0x00, 0x00, 0x7f, 0xe0, 0x00, 0x00, 0x00, 0x00, 0x07, 0xff,
    0xff, 0xff, 0xff, 0xff, 0x50, 0x7f, 0xff, 0xff, 0xff, 0xff, 0xf5, 0x07, 0xfe, 0x00, 0x00, 0x00,
    0x00, 0x00, 0x7f, 0xe0, 0x00, 0x00, 0x00, 0x00, 0x07, 0xfe, 0x00, 0x00, 0x00, 0x00, 0x00, 0x7f,
    0xe0, 0x00, 0x00, 0x00, 0x00, 0x07, 0xfe, 0x00, 0x00, 0x00, 0x00, 0x00, 0x7f, 0xe0, 0x00, 0x00,
    0x00, 0x00, 0x07, 0xff, 0xff, 0xff, 0xff, 0xff, 0xfb, 0x7f, 0xff, 0xff, 0xff, 0xff, 0xff, 0xb0,
    0x00, 0x00, 0x00, 0x00, 0x00, 0x00, 0x00, 0x00, 0xbe, 0x40, 0x4f, 0xa0, 0x00, 0x00, 0x0b, 0xe4,
    0x04, 0xea, 0x00, 0x00, 0x00, 0x00, 0x00, 0x00, 0x00, 0x00, 0x00, 0x00, 0x00, 0x00, 0x00, 0x00,
    0x07, 0xff, 0xff, 0xff, 0xff, 0xff, 0xf6, 0x7f, 0xff, 0xff, 0xff, 0xff, 0xff, 0x67, 0xfe, 0x00,
    0x00, 0x00, 0x00, 0x00, 0x7f, 0xe0, 0x00, 0x00, 0x00, 0x00, 0x07, 0xfe, 0x00, 0x00, 0x00, 0x00,
    0x00, 0x7f, 0xe0, 0x00, 0x00, 0x00, 0x00, 0x07, 0xfe, 0x00, 0x00, 0x00, 0x00, 0x00, 0x7f, 0xff,
    0xff, 0xff, 0xff, 0xf5, 0x07, 0xff, 0xff, 0xff, 0xff, 0xff, 0x50, 0x7f, 0xe0, 0x00, 0x00, 0x00,
    0x00, 0x07, 0xfe, 0x00, 0x00, 0x00, 0x00, 0x00, 0x7f, 0xe0, 0x00, 0x00, 0x00, 0x00, 0x07, 0xfe,
    0x00, 0x00, 0x00, 0x00, 0x00, 0x7f, 0xe0, 0x00, 0x00, 0x00, 0x00, 0x07, 0xfe, 0x00, 0x00, 0x00,
    0x00, 0x00, 0x7f, 0xff, 0xff, 0xff, 0xff, 0xff, 0xb7, 0xff, 0xff, 0xff, 0xff, 0xff, 0xfb, 0x3d,
    0xfb, 0x10, 0x00, 0x19, 0xfc, 0x10, 0x00, 0x05, 0xed, 0x20, 0x00, 0x00, 0x00, 0x00, 0x07, 0xfe,
    0x00, 0x00, 0x7f, 0xe0, 0x00, 0x07, 0xfe, 0x00, 0x00, 0x7f, 0xe0, 0x00, 0x07, 0xfe, 0x00, 0x00,
    0x7f, 0xe0, 0x00, 0x07, 0xfe, 0x00, 0x00, 0x7f, 0xe0, 0x00, 0x07, 0xfe, 0x00, 0x00, 0x7f, 0xe0,
    0x00, 0x07, 0xfe, 0x00, 0x00, 0x7f, 0xe0, 0x00, 0x07, 0xfe, 0x00, 0x00, 0x7f, 0xe0, 0x00, 0x07,
    0xfe, 0x00, 0x00, 0x7f, 0xe0, 0x00, 0x07, 0xfe, 0x00, 0x00, 0x6f, 0xf7, 0x00, 0x7f, 0xd3, 0x00,
    0x8f, 0xa1, 0x00, 0x00, 0x00, 0x00, 0x00, 0x7f, 0xe0, 0x00, 0x07, 0xfe, 0x00, 0x00, 0x7f, 0xe0,
    0x00, 0x07, 0xfe, 0x00, 0x00, 0x7f, 0xe0, 0x00, 0x07, 0xfe, 0x00, 0x00, 0x7f, 0xe0, 0x00, 0x07,
    0xfe, 0x00, 0x00, 0x7f, 0xe0, 0x00, 0x07, 0xfe, 0x00, 0x00, 0x7f, 0xe0, 0x00, 0x07, 0xfe, 0x00,
    0x00, 0x7f, 0xe0, 0x00, 0x07, 0xfe, 0x00, 0x00, 0x7f, 0xe0, 0x00, 0x07, 0xfe, 0x00, 0x00, 0x7f,
    0xe0, 0x00, 0x00, 0x00, 0x1c, 0xff, 0x60, 0x00, 0x2d, 0xf7, 0xcf, 0x60, 0x2d, 0xe3, 0x01, 0xaf,
    0x70, 0x00, 0x00, 0x00, 0x00, 0x00, 0x07, 0xfe, 0x00, 0x00, 0x00, 0x7f, 0xe0, 0x00, 0x00, 0x07,
    0xfe, 0x00, 0x00, 0x00, 0x7f, 0xe0, 0x00, 0x00, 0x07, 0xfe, 0x00, 0x00, 0x00, 0x7f, 0xe0, 0x00,
    0x00, 0x07, 0xfe, 0x00, 0x00, 0x00, 0x7f, 0xe0, 0x00, 0x00, 0x07, 0xfe, 0x00, 0x00, 0x00, 0x7f,
    0xe0, 0x00, 0x00, 0x07, 0xfe, 0x00, 0x00, 0x00, 0x7f, 0xe0, 0x00, 0x00, 0x07, 0xfe, 0x00, 0x00,
    0x00, 0x7f, 0xe0, 0x00, 0x00, 0x07, 0xfe, 0x00, 0x00, 0x00, 0x7f, 0xe0, 0x00, 0x00, 0x07, 0xfe,
    0x00, 0x00, 0x00, 0x00, 0x00, 0x00, 0x7f, 0x70, 0x2e, 0xd1, 0x7e, 0x70, 0x2d, 0xd1, 0x00, 0x00,
    0x00, 0x00, 0x00, 0x00, 0x00, 0x00, 0x00, 0x7f, 0xe0, 0x00, 0x00, 0x7f, 0xe0, 0x00, 0x00, 0x7f,
    0xe0, 0x00, 0x00, 0x7f, 0xe0, 0x00, 0x00, 0x7f, 0xe0, 0x00, 0x00, 0x7f, 0xe0, 0x00, 0x00, 0x7f,
    0xe0, 0x00, 0x00, 0x7f, 0xe0, 0x00, 0x00, 0x7f, 0xe0, 0x00, 0x00, 0x7f, 0xe0, 0x00, 0x00, 0x7f,
    0xe0, 0x00, 0x00, 0x7f, 0xe0, 0x00, 0x00, 0x7f, 0xe0, 0x00, 0x00, 0x7f, 0xe0, 0x00, 0x00, 0x7f,
    0xe0, 0x00, 0x00, 0x7f, 0xe0, 0x00, 0x00, 0x7f, 0xe0, 0x00, 0x00, 0x4f, 0xff, 0xff, 0xff, 0xed,
    0xa5, 0x00, 0x00, 0x00, 0x04, 0xff, 0xff, 0xff, 0xff, 0xff, 0xfd, 0x40, 0x00, 0x00, 0x4f, 0xf2,
    0x00, 0x01, 0x24, 0x9e, 0xff, 0x60, 0x00, 0x04, 0xff, 0x20, 0x00, 0x00, 0x00, 0x2b, 0xff, 0x40,
    0x00, 0x4f, 0xf2, 0x00, 0x00, 0x00, 0x00, 0x1c, 0xfd, 0x00, 0x04, 0xff, 0x20, 0x00, 0x00, 0x00,
    0x00, 0x4f, 0xf5, 0x00, 0x5f, 0xf2, 0x00, 0x00, 0x00, 0x00, 0x00, 0xdf, 0xab, 0xff, 0xff, 0xff,
    0xff, 0xd0, 0x00, 0x00, 0x0a, 0xfc, 0xbf, 0xff, 0xff, 0xff, 0xfd, 0x00, 0x00, 0x00, 0x9f, 0xd0,
    0x04, 0xff, 0x20, 0x00, 0x00, 0x00, 0x00, 0x0a, 0xfc, 0x00, 0x4f, 0xf2, 0x00, 0x00, 0x00, 0x00,
    0x00, 0xdf, 0xa0, 0x04, 0xff, 0x20, 0x00, 0x00, 0x00, 0x00, 0x4f, 0xf5, 0x00, 0x4f, 0xf2, 0x00,
    0x00, 0x00, 0x00, 0x1c, 0xfe, 0x00, 0x04, 0xff, 0x20, 0x00, 0x00, 0x00, 0x2b, 0xff, 0x40, 0x00,
    0x4f, 0xf2, 0x00, 0x01, 0x24, 0x9e, 0xff, 0x70, 0x00, 0x04, 0xff, 0xff, 0xff, 0xff, 0xff, 0xfd,
    0x40, 0x00, 0x00, 0x4f, 0xff, 0xff, 0xff, 0xfd, 0xa5, 0x00, 0x00, 0x00, 0x00, 0x00, 0x00, 0x00,
    0x00, 0x00, 0x00, 0x00, 0x00, 0x04, 0xde, 0x50, 0x09, 0xa0, 0x00, 0x00, 0x00, 0xef, 0xff, 0x62,
    0xe6, 0x00, 0x00, 0x00, 0x3f, 0x41, 0x8e, 0xfc, 0x10, 0x00, 0x00, 0x01, 0x30, 0x00, 0x02, 0x00,
    0x00, 0x00, 0x00, 0x00, 0x00, 0x00, 0x00, 0x00, 0x00, 0x7f, 0xc1, 0x00, 0x00, 0x00, 0x00, 0x7f,
    0xf7, 0xff, 0xa0, 0x00, 0x00, 0x00, 0x07, 0xff, 0x7f, 0xff, 0x70, 0x00, 0x00, 0x00, 0x7f, 0xf7,
    0xff, 0xff, 0x40, 0x00, 0x00, 0x07, 0xff, 0x7f, 0xed, 0xfe, 0x20, 0x00, 0x00, 0x7f, 0xf7, 0xfe,
    0x3e, 0xfc, 0x10, 0x00, 0x07, 0xff, 0x7f, 0xe0, 0x5f, 0xfa, 0x00, 0x00, 0x7f, 0xf7, 0xfe, 0x00,
    0x8f, 0xf7, 0x00, 0x07, 0xff, 0x7f, 0xe0, 0x00, 0xbf, 0xf4, 0x00, 0x7f, 0xf7, 0xfe, 0x00, 0x01,
    0xdf, 0xe2, 0x07, 0xff, 0x7f, 0xe0, 0x00, 0x03, 0xff, 0xc0, 0x7f, 0xf7, 0xfe, 0x00, 0x00, 0x06,
    0xff, 0x97, 0xff, 0x7f, 0xe0, 0x00, 0x00, 0x09, 0xff, 0xcf, 0xf7, 0xfe, 0x00, 0x00, 0x00, 0x0b,
    0xff, 0xff, 0x7f, 0xe0, 0x00, 0x00, 0x00, 0x1d, 0xff, 0xf7, 0xfe, 0x00, 0x00, 0x00, 0x00, 0x3f,
    0xff, 0x7f, 0xe0, 0x00, 0x00, 0x00, 0x00, 0x6f, 0xf0, 0x00, 0x00, 0x09, 0xfe, 0x40, 0x00, 0x00,
    0x00, 0x00, 0x00, 0x00, 0x00, 0x5e, 0xe4, 0x00, 0x00, 0x00, 0x00, 0x00, 0x00, 0x00, 0x02, 0xcf,
    0x50, 0x00, 0x00, 0x00, 0x00, 0x00, 0x00, 0x00, 0x00, 0x00, 0x00, 0x00, 0x00, 0x00, 0x00, 0x05,
    0xad, 0xef, 0xdb, 0x61, 0x00, 0x00, 0x00, 0x03, 0xdf, 0xff, 0xff, 0xff, 0xfe, 0x40, 0x00, 0x00,
    0x5f, 0xfe, 0x94, 0x21, 0x38, 0xef, 0xf7, 0x00, 0x03, 0xff, 0xc2, 0x00, 0x00, 0x00, 0x1a, 0xff,
    0x50, 0x0d, 0xfd, 0x10, 0x00, 0x00, 0x00, 0x00, 0xcf, 0xe1, 0x5f, 0xf4, 0x00, 0x00, 0x00, 0x00,
    0x00, 0x2f, 0xf7, 0x9f, 0xd0, 0x00, 0x00, 0x00, 0x00, 0x00, 0x0b, 0xfc, 0xcf, 0xa0, 0x00, 0x00,
    0x00, 0x00, 0x00, 0x08, 0xfe, 0xcf, 0x90, 0x00, 0x00, 0x00, 0x00, 0x00, 0x06, 0xff, 0xcf, 0xa0,
    0x00, 0x00, 0x00, 0x00, 0x00, 0x08, 0xfe, 0x9f, 0xd0, 0x00, 0x00, 0x00, 0x00, 0x00, 0x0b, 0xfc,
    0x5f, 0xf4, 0x00, 0x00, 0x00, 0x00, 0x00, 0x2f, 0xf7, 0x0d, 0xfd, 0x10, 0x00, 0x00, 0x00, 0x00,
    0xbf, 0xe1, 0x03, 0xff, 0xc2, 0x00, 0x00, 0x00, 0x1a, 0xff, 0x50, 0x00, 0x5f, 0xfe, 0x94, 0x21,
    0x38, 0xef, 0xf8, 0x00, 0x00, 0x03, 0xdf, 0xff, 0xff, 0xff, 0xfe, 0x40, 0x00, 0x00, 0x00, 0x05,
    0xad, 0xff, 0xdb, 0x61, 0x00, 0x00, 0x00, 0x00, 0x00, 0x00, 0x02, 0xdf, 0xb1, 0x00, 0x00, 0x00,
    0x00, 0x00, 0x00, 0x3d, 0xf7, 0x00, 0x00, 0x00, 0x00, 0x00, 0x00, 0x03, 0xed, 0x40, 0x00, 0x00,
    0x00, 0x00, 0x00, 0x00, 0x00, 0x00, 0x00, 0x00, 0x00, 0x00, 0x00, 0x00, 0x05, 0xad, 0xef, 0xdb,
    0x61, 0x00, 0x00, 0x00, 0x03, 0xdf, 0xff, 0xff, 0xff, 0xfe, 0x40, 0x00, 0x00, 0x5f, 0xfe, 0x94,
    0x21, 0x38, 0xef, 0xf7, 0x00, 0x03, 0xff, 0xc2, 0x00, 0x00, 0x00, 0x1a, 0xff, 0x50, 0x0d, 0xfd,
    0x10, 0x00, 0x00, 0x00, 0x00, 0xcf, 0xe1, 0x5f, 0xf4, 0x00, 0x00, 0x00, 0x00, 0x00, 0x2f, 0xf7,
    0x9f, 0xd0, 0x00, 0x00, 0x00, 0x00, 0x00, 0x0b, 0xfc, 0xcf, 0xa0, 0x00, 0x00, 0x00, 0x00, 0x00,
    0x08, 0xfe, 0xcf, 0x90, 0x00, 0x00, 0x00, 0x00, 0x00, 0x06, 0xff, 0xcf, 0xa0, 0x00, 0x00, 0x00,
    0x00, 0x00, 0x08, 0xfe, 0x9f, 0xd0, 0x00, 0x00, 0x00, 0x00, 0x00, 0x0b, 0xfc, 0x5f, 0xf4, 0x00,
    0x00, 0x00, 0x00, 0x00, 0x2f, 0xf7, 0x0d, 0xfd, 0x10, 0x00, 0x00, 0x00, 0x00, 0xbf, 0xe1, 0x03,
    0xff, 0xc2, 0x00, 0x00, 0x00, 0x1a, 0xff, 0x50, 0x00, 0x5f, 0xfe, 0x94, 0x21, 0x38, 0xef, 0xf8,
    0x00, 0x00, 0x03, 0xdf, 0xff, 0xff, 0xff, 0xfe, 0x40, 0x00, 0x00, 0x00, 0x05, 0xad, 0xff, 0xdb,
    0x61, 0x00, 0x00, 0x00, 0x00, 0x00, 0x08, 0xff, 0xa0, 0x00, 0x00, 0x00, 0x00, 0x00, 0x00, 0x9f,
    0xb8, 0xfb, 0x10, 0x00, 0x00, 0x00, 0x00, 0x0a, 0xf8, 0x00, 0x5e, 0xc1, 0x00, 0x00, 0x00, 0x00,
    0x00, 0x00, 0x00, 0x00, 0x00, 0x00, 0x00, 0x00, 0x00, 0x05, 0xad, 0xef, 0xdb, 0x61, 0x00, 0x00,
    0x00, 0x03, 0xdf, 0xff, 0xff, 0xff, 0xfe, 0x40, 0x00, 0x00, 0x5f, 0xfe, 0x94, 0x21, 0x38, 0xef,
    0xf7, 0x00, 0x03, 0xff, 0xc2, 0x00, 0x00, 0x00, 0x1a, 0xff, 0x50, 0x0d, 0xfd, 0x10, 0x00, 0x00,
    0x00, 0x00, 0xcf, 0xe1, 0x5f, 0xf4, 0x00, 0x00, 0x00, 0x00, 0x00, 0x2f, 0xf7, 0x9f, 0xd0, 0x00,
    0x00, 0x00, 0x00, 0x00, 0x0b, 0xfc, 0xcf, 0xa0, 0x00, 0x00, 0x00, 0x00, 0x00, 0x08, 0xfe, 0xcf,
    0x90, 0x00, 0x00, 0x00, 0x00, 0x00, 0x06, 0xff, 0xcf, 0xa0, 0x00, 0x00, 0x00, 0x00, 0x00, 0x08,
    0xfe, 0x9f, 0xd0, 0x00, 0x00, 0x00, 0x00, 0x00, 0x0b, 0xfc, 0x5f, 0xf4, 0x00, 0x00, 0x00, 0x00,
    0x00, 0x2f, 0xf7, 0x0d, 0xfd, 0x10, 0x00, 0x00, 0x00, 0x00, 0xbf, 0xe1, 0x03, 0xff, 0xc2, 0x00,
    0x00, 0x00, 0x1a, 0xff, 0x50, 0x00, 0x5f, 0xfe, 0x94, 0x21, 0x38, 0xef, 0xf8, 0x00, 0x00, 0x03,
    0xdf, 0xff, 0xff, 0xff, 0xfe, 0x40, 0x00, 0x00, 0x00, 0x05, 0xad, 0xff, 0xdb, 0x61, 0x00, 0x00,
    0x00, 0x00, 0x00, 0x00, 0x00, 0x00, 0x00, 0x00, 0x00, 0x00, 0x00, 0x01, 0xbf, 0xa0, 0x04, 0xf1,
    0x00, 0x00, 0x00, 0x00, 0x09, 0xff, 0xfb, 0x19, 0xc0, 0x00, 0x00, 0x00, 0x00, 0x0d, 0xa1, 0x5d,
    0xfe, 0x40, 0x00, 0x00, 0x00, 0x00, 0x02, 0x10, 0x00, 0x20, 0x00, 0x00, 0x00, 0x00, 0x00, 0x00,
    0x00, 0x00, 0x00, 0x00, 0x00, 0x00, 0x00, 0x00, 0x05, 0xad, 0xef, 0xdb, 0x61, 0x00, 0x00, 0x00,
    0x03, 0xdf, 0xff, 0xff, 0xff, 0xfe, 0x40, 0x00, 0x00, 0x5f, 0xfe, 0x94, 0x21, 0x38, 0xef, 0xf7,
    0x00, 0x03, 0xff, 0xc2, 0x00, 0x00, 0x00, 0x1a, 0xff, 0x50, 0x0d, 0xfd, 0x10, 0x00, 0x00, 0x00,
    0x00, 0xcf, 0xe1, 0x5f, 0xf4, 0x00, 0x00, 0x00, 0x00, 0x00, 0x2f, 0xf7, 0x9f, 0xd0, 0x00, 0x00,
    0x00, 0x00, 0x00, 0x0b, 0xfc, 0xcf, 0xa0, 0x00, 0x00, 0x00, 0x00, 0x00, 0x08, 0xfe, 0xcf, 0x90,
    0x00, 0x00, 0x00, 0x00, 0x00, 0x06, 0xff, 0xcf, 0xa0, 0x00, 0x00, 0x00, 0x00, 0x00, 0x08, 0xfe,
    0x9f, 0xd0, 0x00, 0x00, 0x00, 0x00, 0x00, 0x0b, 0xfc, 0x5f, 0xf4, 0x00, 0x00, 0x00, 0x00, 0x00,
    0x2f, 0xf7, 0x0d, 0xfd, 0x10, 0x00, 0x00, 0x00, 0x00, 0xbf, 0xe1, 0x03, 0xff, 0xc2, 0x00, 0x00,
    0x00, 0x1a, 0xff, 0x50, 0x00, 0x5f, 0xfe, 0x94, 0x21, 0x38, 0xef, 0xf8, 0x00, 0x00, 0x03, 0xdf,
    0xff, 0xff, 0xff, 0xfe, 0x40, 0x00, 0x00, 0x00, 0x05, 0xad, 0xff, 0xdb, 0x61, 0x00, 0x00, 0x00,
    0x00, 0x00, 0x00, 0x00, 0x00, 0x00, 0x00, 0x00, 0x00, 0x00, 0x03, 0xec, 0x00, 0xaf, 0x50, 0x00,
    0x00, 0x00, 0x00, 0x03, 0xec, 0x00, 0x9e, 0x50, 0x00, 0x00, 0x00, 0x00, 0x00, 0x00, 0x00, 0x00,
    0x00, 0x00, 0x00, 0x00, 0x00, 0x00, 0x00, 0x00, 0x00, 0x00, 0x00, 0x00, 0x00, 0x00, 0x05, 0xad,
    0xef, 0xdb, 0x61, 0x00, 0x00, 0x00, 0x03, 0xdf, 0xff, 0xff, 0xff, 0xfe, 0x40, 0x00, 0x00, 0x5f,
    0xfe, 0x94, 0x21, 0x38, 0xef, 0xf7, 0x00, 0x03, 0xff, 0xc2, 0x00, 0x00, 0x00, 0x1a, 0xff, 0x50,
    0x0d, 0xfd, 0x10, 0x00, 0x00, 0x00, 0x00, 0xcf, 0xe1, 0x5f, 0xf4, 0x00, 0x00, 0x00, 0x00, 0x00,
    0x2f, 0xf7, 0x9f, 0xd0, 0x00, 0x00, 0x00, 0x00, 0x00, 0x0b, 0xfc, 0xcf, 0xa0, 0x00, 0x00, 0x00,
    0x00, 0x00, 0x08, 0xfe, 0xcf, 0x90, 0x00, 0x00, 0x00, 0x00, 0x00, 0x06, 0xff, 0xcf, 0xa0, 0x00,
    0x00, 0x00, 0x00, 0x00, 0x08, 0xfe, 0x9f, 0xd0, 0x00, 0x00, 0x00, 0x00, 0x00, 0x0b, 0xfc, 0x5f,
    0xf4, 0x00, 0x00, 0x00, 0x00, 0x00, 0x2f, 0xf7, 0x0d, 0xfd, 0x10, 0x00, 0x00, 0x00, 0x00, 0xbf,
    0xe1, 0x03, 0xff, 0xc2, 0x00, 0x00, 0x00, 0x1a, 0xff, 0x50, 0x00, 0x5f, 0xfe, 0x94, 0x21, 0x38,
    0xef, 0xf8, 0x00, 0x00, 0x03, 0xdf, 0xff, 0xff, 0xff, 0xfe, 0x40, 0x00, 0x00, 0x00, 0x05, 0xad,
    0xff, 0xdb, 0x61, 0x00, 0x00, 0x08, 0x40, 0x00, 0x05, 0x70, 0x3f, 0xf4, 0x00, 0x4f, 0xf3, 0x06,
    0xff, 0x44, 0xff, 0x60, 0x00, 0x7f, 0xff, 0xf6, 0x00, 0x00, 0x09, 0xff, 0x90, 0x00, 0x00, 0x4f,
    0xff, 0xe4, 0x00, 0x04, 0xef, 0x67, 0xfe, 0x40, 0x3e, 0xf7, 0x00, 0x7f, 0xe3, 0x0b, 0x70, 0x00,
    0x07, 0xa0, 0x00, 0x00, 0x00, 0x00, 0x00, 0x00, 0x00, 0x00, 0x00, 0x00, 0x00, 0x00, 0x06, 0x71,
    0x00, 0x00, 0x00, 0x00, 0x00, 0x00, 0x00, 0x5f, 0x80, 0x00, 0x00, 0x05, 0xad, 0xef, 0xdb, 0x62,
    0xec, 0x00, 0x00, 0x03, 0xdf, 0xff, 0xff, 0xff, 0xff, 0xf3, 0x00, 0x00, 0x5f, 0xfe, 0x94, 0x21,
    0x38, 0xff, 0xf7, 0x00, 0x03, 0xff, 0xc2, 0x00, 0x00, 0x02, 0xff, 0xff, 0x50, 0x0d, 0xfd, 0x10,
    0x00, 0x00, 0x0c, 0xe2, 0xcf, 0xe1, 0x5f, 0xf4, 0x00, 0x00, 0x00, 0x8f, 0x50, 0x2f, 0xf7, 0x9f,
    0xd0, 0x00, 0x00, 0x04, 0xf9, 0x00, 0x0b, 0xfc, 0xcf, 0xa0, 0x00, 0x00, 0x1d, 0xd1, 0x00, 0x08,
    0xfe, 0xcf, 0x90, 0x00, 0x00, 0xaf, 0x30, 0x00, 0x06, 0xff, 0xcf, 0xa0, 0x00, 0x06, 0xf8, 0x00,
    0x00, 0x08, 0xfe, 0x9f, 0xd0, 0x00, 0x2e, 0xc0, 0x00, 0x00, 0x0b, 0xfc, 0x5f, 0xf4, 0x00, 0xbe,
    0x20, 0x00, 0x00, 0x2f, 0xf7, 0x0d, 0xfd, 0x17, 0xf6, 0x00, 0x00, 0x00, 0xbf, 0xe1, 0x03, 0xff,
    0xff, 0xa0, 0x00, 0x00, 0x1a, 0xff, 0x50, 0x00, 0x5f, 0xff, 0xa4, 0x21, 0x38, 0xef, 0xf8, 0x00,
    0x00, 0x0c, 0xff, 0xff, 0xff, 0xff, 0xfe, 0x40, 0x00, 0x00, 0x5f, 0x95, 0xad, 0xff, 0xdb, 0x61,
    0x00, 0x00, 0x01, 0xed, 0x00, 0x00, 0x00, 0x00, 0x00, 0x00, 0x00, 0x0b, 0xf3, 0x00, 0x00, 0x00,
    0x00, 0x00, 0x00, 0x00, 0x00, 0x04, 0xef, 0x90, 0x00, 0x00, 0x00, 0x00, 0x00, 0x02, 0xcf, 0xa0,
    0x00, 0x00, 0x00, 0x00, 0x00, 0x00, 0x8f, 0xb1, 0x00, 0x00, 0x00, 0x00, 0x00, 0x00, 0x00, 0x00,
    0x00, 0x00, 0x9f, 0xc0, 0x00, 0x00, 0x00, 0x00, 0xbf, 0x99, 0xfc, 0x00, 0x00, 0x00, 0x00, 0x0b,
    0xf9, 0x9f, 0xc0, 0x00, 0x00, 0x00, 0x00, 0xbf, 0x99, 0xfc, 0x00, 0x00, 0x00, 0x00, 0x0b, 0xf9,
    0x9f, 0xc0, 0x00, 0x00, 0x00, 0x00, 0xbf, 0x99, 0xfc, 0x00, 0x00, 0x00, 0x00, 0x0b, 0xf9, 0x9f,
    0xc0, 0x00, 0x00, 0x00, 0x00, 0xbf, 0x99, 0xfc, 0x00, 0x00, 0x00, 0x00, 0x0b, 0xf9, 0x9f, 0xc0,
    0x00, 0x00, 0x00, 0x00, 0xbf, 0x99, 0xfc, 0x00, 0x00, 0x00, 0x00, 0x0b, 0xf9, 0x8f, 0xd0, 0x00,
    0x00, 0x00, 0x00, 0xcf, 0x87, 0xff, 0x00, 0x00, 0x00, 0x00, 0x0e, 0xf6, 0x3f, 0xf5, 0x00, 0x00,
    0x00, 0x04, 0xff, 0x20, 0xcf, 0xd1, 0x00, 0x00, 0x01, 0xdf, 0xc0, 0x03, 0xff, 0xd6, 0x21, 0x26,
    0xdf, 0xf3, 0x00, 0x04, 0xef, 0xff, 0xff, 0xff, 0xe4, 0x00, 0x00, 0x01, 0x7c, 0xef, 0xec, 0x71,
    0x00, 0x00, 0x00, 0x00, 0x00, 0x00, 0x9f, 0xe4, 0x00, 0x00, 0x00, 0x00, 0x00, 0xaf, 0xb2, 0x00,
    0x00, 0x00, 0x00, 0x01, 0xbf, 0x80, 0x00, 0x00, 0x00, 0x00, 0x00, 0x00, 0x00, 0x00, 0x00, 0x00,
    0x9f, 0xc0, 0x00, 0x00, 0x00, 0x00, 0xbf, 0x99, 0xfc, 0x00, 0x00, 0x00, 0x00, 0x0b, 0xf9, 0x9f,
    0xc0, 0x00, 0x00, 0x00, 0x00, 0xbf, 0x99, 0xfc, 0x00, 0x00, 0x00, 0x00, 0x0b, 0xf9, 0x9f, 0xc0,
    0x00, 0x00, 0x00, 0x00, 0xbf, 0x99, 0xfc, 0x00, 0x00, 0x00, 0x00, 0x0b, 0xf9, 0x9f, 0xc0, 0x00,
    0x00, 0x00, 0x00, 0xbf, 0x99, 0xfc, 0x00, 0x00, 0x00, 0x00, 0x0b, 0xf9, 0x9f, 0xc0, 0x00, 0x00,
    0x00, 0x00, 0xbf, 0x99, 0xfc, 0x00, 0x00, 0x00, 0x00, 0x0b, 0xf9, 0x8f, 0xd0, 0x00, 0x00, 0x00,
    0x00, 0xcf, 0x87, 0xff, 0x00, 0x00, 0x00, 0x00, 0x0e, 0xf6, 0x3f, 0xf5, 0x00, 0x00, 0x00, 0x04,
    0xff, 0x20, 0xcf, 0xd1, 0x00, 0x00, 0x01, 0xdf, 0xc0, 0x03, 0xff, 0xd6, 0x21, 0x26, 0xdf, 0xf3,
    0x00, 0x04, 0xef, 0xff, 0xff, 0xff, 0xe4, 0x00, 0x00, 0x01, 0x7c, 0xef, 0xec, 0x71, 0x00, 0x00,
    0x00, 0x00, 0x03, 0xef, 0xe3, 0x00, 0x00, 0x00, 0x00, 0x04, 0xee, 0x7e, 0xe4, 0x00, 0x00, 0x00,
    0x04, 0xfc, 0x20, 0x2c, 0xf4, 0x00, 0x00, 0x00, 0x00, 0x00, 0x00, 0x00, 0x00, 0x00, 0x9f, 0xc0,
    0x00, 0x00, 0x00, 0x00, 0xbf, 0x99, 0xfc, 0x00, 0x00, 0x00, 0x00, 0x0b, 0xf9, 0x9f, 0xc0, 0x00,
    0x00, 0x00, 0x00, 0xbf, 0x99, 0xfc, 0x00, 0x00, 0x00, 0x00, 0x0b, 0xf9, 0x9f, 0xc0, 0x00, 0x00,
    0x00, 0x00, 0xbf, 0x99, 0xfc, 0x00, 0x00, 0x00, 0x00, 0x0b, 0xf9, 0x9f, 0xc0, 0x00, 0x00, 0x00,
    0x00, 0xbf, 0x99, 0xfc, 0x00, 0x00, 0x00, 0x00, 0x0b, 0xf9, 0x9f, 0xc0, 0x00, 0x00, 0x00, 0x00,
    0xbf, 0x99, 0xfc, 0x00, 0x00, 0x00, 0x00, 0x0b, 0xf9, 0x8f, 0xd0, 0x00, 0x00, 0x00, 0x00, 0xcf,
    0x87, 0xff, 0x00, 0x00, 0x00, 0x00, 0x0e, 0xf6, 0x3f, 0xf5, 0x00, 0x00, 0x00, 0x04, 0xff, 0x20,
    0xcf, 0xd1, 0x00, 0x00, 0x01, 0xdf, 0xc0, 0x03, 0xff, 0xd6, 0x21, 0x26, 0xdf, 0xf3, 0x00, 0x04,
    0xef, 0xff, 0xff, 0xff, 0xe4, 0x00, 0x00, 0x01, 0x7c, 0xef, 0xec, 0x71, 0x00, 0x00, 0x00, 0x00,
    0x00, 0x00, 0x00, 0x00, 0x00, 0x00, 0x00, 0x0a, 0xe4, 0x04, 0xea, 0x00, 0x00, 0x00, 0x00, 0xae,
    0x40, 0x4e, 0xa0, 0x00, 0x00, 0x00, 0x00, 0x00, 0x00, 0x00, 0x00, 0x00, 0x00, 0x00, 0x00, 0x00,
    0x00, 0x00, 0x00, 0x09, 0xfc, 0x00, 0x00, 0x00, 0x00, 0x0b, 0xf9, 0x9f, 0xc0, 0x00, 0x00, 0x00,
    0x00, 0xbf, 0x99, 0xfc, 0x00, 0x00, 0x00, 0x00, 0x0b, 0xf9, 0x9f, 0xc0, 0x00, 0x00, 0x00, 0x00,
    0xbf, 0x99, 0xfc, 0x00, 0x00, 0x00, 0x00, 0x0b, 0xf9, 0x9f, 0xc0, 0x00, 0x00, 0x00, 0x00, 0xbf,
    0x99, 0xfc, 0x00, 0x00, 0x00, 0x00, 0x0b, 0xf9, 0x9f, 0xc0, 0x00, 0x00, 0x00, 0x00, 0xbf, 0x99,
    0xfc, 0x00, 0x00, 0x00, 0x00, 0x0b, 0xf9, 0x9f, 0xc0, 0x00, 0x00, 0x00, 0x00, 0xbf, 0x98, 0xfd,
    0x00, 0x00, 0x00, 0x00, 0x0c, 0xf8, 0x7f, 0xf0, 0x00, 0x00, 0x00, 0x00, 0xef, 0x63, 0xff, 0x50,
    0x00, 0x00, 0x00, 0x4f, 0xf2, 0x0c, 0xfd, 0x10, 0x00, 0x00, 0x1d, 0xfc, 0x00, 0x3f, 0xfd, 0x62,
    0x12, 0x6d, 0xff, 0x30, 0x00, 0x4e, 0xff, 0xff, 0xff, 0xfe, 0x40, 0x00, 0x00, 0x17, 0xce, 0xfe,
    0xc7, 0x10, 0x00, 0x00, 0x00, 0x00, 0x00, 0x05, 0xff, 0x70, 0x00, 0x00, 0x00, 0x00, 0x00, 0x06,
    0xfd, 0x40, 0x00, 0x00, 0x00, 0x00, 0x00, 0x07, 0xfb, 0x10, 0x00, 0x00, 0x00, 0x00, 0x00, 0x00,
    0x00, 0x00, 0x00, 0x00, 0x00, 0x0c, 0xfb, 0x00, 0x00, 0x00, 0x00, 0x02, 0xef, 0x50, 0x3f, 0xf5,
    0x00, 0x00, 0x00, 0x00, 0xaf, 0xb0, 0x00, 0x9f, 0xe1, 0x00, 0x00, 0x00, 0x4f, 0xf2, 0x00, 0x01,
    0xef, 0x80, 0x00, 0x00, 0x0d, 0xf8, 0x00, 0x00, 0x06, 0xff, 0x30, 0x00, 0x07, 0xfd, 0x10, 0x00,
    0x00, 0x0c, 0xfb, 0x00, 0x02, 0xef, 0x50, 0x00, 0x00, 0x00, 0x3f, 0xf5, 0x00, 0xaf, 0xb0, 0x00,
    0x00, 0x00, 0x00, 0x9f, 0xe1, 0x4f, 0xf2, 0x00, 0x00, 0x00, 0x00, 0x01, 0xef, 0x9d, 0xf8, 0x00,
    0x00, 0x00, 0x00, 0x00, 0x06, 0xff, 0xfd, 0x10, 0x00, 0x00, 0x00, 0x00, 0x00, 0x0c, 0xff, 0x50,
    0x00, 0x00, 0x00, 0x00, 0x00, 0x00, 0x6f, 0xe0, 0x00, 0x00, 0x00, 0x00, 0x00, 0x00, 0x06, 0xfe,
    0x00, 0x00, 0x00, 0x00, 0x00, 0x00, 0x00, 0x6f, 0xe0, 0x00, 0x00, 0x00, 0x00, 0x00, 0x00, 0x06,
    0xfe, 0x00, 0x00, 0x00, 0x00, 0x00, 0x00, 0x00, 0x6f, 0xe0, 0x00, 0x00, 0x00, 0x00, 0x00, 0x00,
    0x06, 0xfe, 0x00, 0x00, 0x00, 0x00, 0x7f, 0xe0, 0x00, 0x00, 0x00, 0x00, 0x00, 0x07, 0xfe, 0x00,
    0x00, 0x00, 0x00, 0x00, 0x00, 0x7f, 0xff, 0xff, 0xff, 0xdb, 0x60, 0x00, 0x07, 0xff, 0xff, 0xff,
    0xff, 0xff, 0xd2, 0x00, 0x7f, 0xe0, 0x00, 0x01, 0x37, 0xef, 0xe1, 0x07, 0xfe, 0x00, 0x00, 0x00,
    0x03, 0xef, 0x90, 0x7f, 0xe0, 0x00, 0x00, 0x00, 0x09, 0xfd, 0x07, 0xfe, 0x00, 0x00, 0x00, 0x00,
    0x5f, 0xf0, 0x7f, 0xe0, 0x00, 0x00, 0x00, 0x05, 0xff, 0x17, 0xfe, 0x00, 0x00, 0x00, 0x00, 0x9f,
    0xe0, 0x7f, 0xe0, 0x00, 0x00, 0x00, 0x3e, 0xf9, 0x07, 0xfe, 0x00, 0x00, 0x13, 0x7e, 0xfe, 0x10,
    0x7f, 0xff, 0xff, 0xff, 0xff, 0xfd, 0x30, 0x07, 0xff, 0xff, 0xff, 0xfe, 0xb6, 0x00, 0x00, 0x7f,
    0xe0, 0x00, 0x00, 0x00, 0x00, 0x00, 0x07, 0xfe, 0x00, 0x00, 0x00, 0x00, 0x00, 0x00, 0x7f, 0xe0,
    0x00, 0x00, 0x00, 0x00, 0x00, 0x00, 0x00, 0x17, 0xce, 0xed, 0x93, 0x00, 0x00, 0x02, 0xdf, 0xff,
    0xff, 0xff, 0x60, 0x00, 0x0c, 0xfe, 0x62, 0x14, 0xbf, 0xf3, 0x00, 0x5f, 0xf3, 0x00, 0x00, 0x0c,
    0xf9, 0x00, 0xaf, 0xb0, 0x00, 0x00, 0x08, 0xfb, 0x00, 0xbf, 0x80, 0x00, 0x00, 0x08, 0xfa, 0x00,
    0xcf, 0x70, 0x00, 0x00, 0x1d, 0xf6, 0x00, 0xcf, 0x70, 0x00, 0x26, 0xdf, 0xb0, 0x00, 0xcf, 0x70,
    0x05, 0xff, 0xfe, 0x20, 0x00, 0xcf, 0x70, 0x05, 0xff, 0xff, 0xf7, 0x00, 0xcf, 0x70, 0x00, 0x01,
    0x39, 0xff, 0x60, 0xcf, 0x70, 0x00, 0x00, 0x00, 0x8f, 0xe0, 0xcf, 0x70, 0x00, 0x00, 0x00, 0x3f,
    0xf2, 0xcf, 0x70, 0x00, 0x00, 0x00, 0x3f, 0xf2, 0xcf, 0x70, 0x00, 0x00, 0x00, 0x8f, 0xe0, 0xcf,
    0x70, 0x03, 0x11, 0x39, 0xff, 0x70, 0xcf, 0x70, 0x2f, 0xff, 0xff, 0xfa, 0x00, 0xcf, 0x70, 0x3c,
    0xef, 0xda, 0x50, 0x00, 0x01, 0xaf, 0xd3, 0x00, 0x00, 0x00, 0x00, 0x06, 0xfe, 0x30, 0x00, 0x00,
    0x00, 0x00, 0x3d, 0xe4, 0x00, 0x00, 0x00, 0x00, 0x00, 0x00, 0x00, 0x00, 0x00, 0x00, 0x00, 0x00,
    0x00, 0x00, 0x01, 0x6a, 0xdf, 0xec, 0x81, 0x00, 0x3d, 0xff, 0xff, 0xff, 0xfd, 0x20, 0x1d, 0xa5,
    0x21, 0x26, 0xef, 0xa0, 0x01, 0x00, 0x00, 0x00, 0x5f, 0xf1, 0x00, 0x00, 0x00, 0x00, 0x2f, 0xf3,
    0x01, 0x8d, 0xff, 0xff, 0xff, 0xf4, 0x1d, 0xff, 0xff, 0xff, 0xff, 0xf4, 0x8f, 0xe6, 0x10, 0x00,
    0x1f, 0xf4, 0xbf, 0x90, 0x00, 0x00, 0x1f, 0xf4, 0xbf, 0x90, 0x00, 0x00, 0x8f, 0xf4, 0x7f, 0xf7,
    0x21, 0x39, 0xff, 0xf4, 0x1c, 0xff, 0xff, 0xff, 0x9e, 0xf4, 0x01, 0x8d, 0xfe, 0xc6, 0x0e, 0xf4,
    0x00, 0x00, 0x00, 0x3e, 0xfa, 0x10, 0x00, 0x00, 0x04, 0xee, 0x60, 0x00, 0x00, 0x00, 0x5f, 0xd3,
    0x00, 0x00, 0x00, 0x00, 0x00, 0x00, 0x00, 0x00, 0x00, 0x00, 0x00, 0x00, 0x00, 0x00, 0x01, 0x6a,
    0xdf, 0xec, 0x81, 0x00, 0x3d, 0xff, 0xff, 0xff, 0xfd, 0x20, 0x1d, 0xa5, 0x21, 0x26, 0xef, 0xa0,
    0x01, 0x00, 0x00, 0x00, 0x5f, 0xf1, 0x00, 0x00, 0x00, 0x00, 0x2f, 0xf3, 0x01, 0x8d, 0xff, 0xff,
    0xff, 0xf4, 0x1d, 0xff, 0xff, 0xff, 0xff, 0xf4, 0x8f, 0xe6, 0x10, 0x00, 0x1f, 0xf4, 0xbf, 0x90,
    0x00, 0x00, 0x1f, 0xf4, 0xbf, 0x90, 0x00, 0x00, 0x8f, 0xf4, 0x7f, 0xf7, 0x21, 0x39, 0xff, 0xf4,
    0x1c, 0xff, 0xff, 0xff, 0x9e, 0xf4, 0x01, 0x8d, 0xfe, 0xc6, 0x0e, 0xf4, 0x00, 0x00, 0x9f, 0xf9,
    0x00, 0x00, 0x00, 0x0a, 0xf9, 0xaf, 0xa0, 0x00, 0x01, 0xbf, 0x60, 0x07, 0xfb, 0x10, 0x00, 0x00,
    0x00, 0x00, 0x00, 0x00, 0x00, 0x00, 0x00, 0x00, 0x00, 0x00, 0x01, 0x6a, 0xdf, 0xec, 0x81, 0x00,
    0x3d, 0xff, 0xff, 0xff, 0xfd, 0x20, 0x1d, 0xa5, 0x21, 0x26, 0xef, 0xa0, 0x01, 0x00, 0x00, 0x00,
    0x5f, 0xf1, 0x00, 0x00, 0x00, 0x00, 0x2f, 0xf3, 0x01, 0x8d, 0xff, 0xff, 0xff, 0xf4, 0x1d, 0xff,
    0xff, 0xff, 0xff, 0xf4, 0x8f, 0xe6, 0x10, 0x00, 0x1f, 0xf4, 0xbf, 0x90, 0x00, 0x00, 0x1f, 0xf4,
    0xbf, 0x90, 0x00, 0x00, 0x8f, 0xf4, 0x7f, 0xf7, 0x21, 0x39, 0xff, 0xf4, 0x1c, 0xff, 0xff, 0xff,
    0x9e, 0xf4, 0x01, 0x8d, 0xfe, 0xc6, 0x0e, 0xf4, 0x00, 0x00, 0x00, 0x00, 0x00, 0x00, 0x00, 0x2c,
    0xf8, 0x00, 0x5e, 0x00, 0x00, 0xaf, 0xff, 0xa1, 0xba, 0x00, 0x00, 0xe8, 0x16, 0xdf, 0xe2, 0x00,
    0x00, 0x31, 0x00, 0x02, 0x00, 0x00, 0x00, 0x00, 0x00, 0x00, 0x00, 0x00, 0x01, 0x6a, 0xdf, 0xec,
    0x81, 0x00, 0x3d, 0xff, 0xff, 0xff, 0xfd, 0x20, 0x1d, 0xa5, 0x21, 0x26, 0xef, 0xa0, 0x01, 0x00,
    0x00, 0x00, 0x5f, 0xf1, 0x00, 0x00, 0x00, 0x00, 0x2f, 0xf3, 0x01, 0x8d, 0xff, 0xff, 0xff, 0xf4,
    0x1d, 0xff, 0xff, 0xff, 0xff, 0xf4, 0x8f, 0xe6, 0x10, 0x00, 0x1f, 0xf4, 0xbf, 0x90, 0x00, 0x00,
    0x1f, 0xf4, 0xbf, 0x90, 0x00, 0x00, 0x8f, 0xf4, 0x7f, 0xf7, 0x21, 0x39, 0xff, 0xf4, 0x1c, 0xff,
    0xff, 0xff, 0x9e, 0xf4, 0x01, 0x8d, 0xfe, 0xc6, 0x0e, 0xf4, 0x00, 0x00, 0x00, 0x00, 0x00, 0x00,
    0x00, 0x4e, 0xb0, 0x0b, 0xe3, 0x00, 0x00, 0x4e, 0xb0, 0x0b, 0xe3, 0x00, 0x00, 0x00, 0x00, 0x00,
    0x00, 0x00, 0x00, 0x00, 0x00, 0x00, 0x00, 0x00, 0x01, 0x6a, 0xdf, 0xec, 0x81, 0x00, 0x3d, 0xff,
    0xff, 0xff, 0xfd, 0x20, 0x1d, 0xa5, 0x21, 0x26, 0xef, 0xa0, 0x01, 0x00, 0x00, 0x00, 0x5f, 0xf1,
    0x00, 0x00, 0x00, 0x00, 0x2f, 0xf3, 0x01, 0x8d, 0xff, 0xff, 0xff, 0xf4, 0x1d, 0xff, 0xff, 0xff,
    0xff, 0xf4, 0x8f, 0xe6, 0x10, 0x00, 0x1f, 0xf4, 0xbf, 0x90, 0x00, 0x00, 0x1f, 0xf4, 0xbf, 0x90,
    0x00, 0x00, 0x8f, 0xf4, 0x7f, 0xf7, 0x21, 0x39, 0xff, 0xf4, 0x1c, 0xff, 0xff, 0xff, 0x9e, 0xf4,
    0x01, 0x8d, 0xfe, 0xc6, 0x0e, 0xf4, 0x00, 0x00, 0x8e, 0xe7, 0x00, 0x00, 0x00, 0x06, 0xc2, 0x2d,
    0x50, 0x00, 0x00, 0x09, 0x70, 0x08, 0x90, 0x00, 0x00, 0x06, 0xc2, 0x2c, 0x50, 0x00, 0x00, 0x00,
    0x8e, 0xe8, 0x00, 0x00, 0x00, 0x00, 0x00, 0x00, 0x00, 0x00, 0x01, 0x6a, 0xdf, 0xec, 0x81, 0x00,
    0x3d, 0xff, 0xff, 0xff, 0xfd, 0x20, 0x1d, 0xa5, 0x21, 0x26, 0xef, 0xa0, 0x01, 0x00, 0x00, 0x00,
    0x5f, 0xf1, 0x00, 0x00, 0x00, 0x00, 0x2f, 0xf3, 0x01, 0x8d, 0xff, 0xff, 0xff, 0xf4, 0x1d, 0xff,
    0xff, 0xff, 0xff, 0xf4, 0x8f, 0xe6, 0x10, 0x00, 0x1f, 0xf4, 0xbf, 0x90, 0x00, 0x00, 0x1f, 0xf4,
    0xbf, 0x90, 0x00, 0x00, 0x8f, 0xf4, 0x7f, 0xf7, 0x21, 0x39, 0xff, 0xf4, 0x1c, 0xff, 0xff, 0xff,
    0x9e, 0xf4, 0x01, 0x8d, 0xfe, 0xc6, 0x0e, 0xf4, 0x01, 0x6b, 0xdf, 0xec, 0x71, 0x00, 0x4a, 0xef,
    0xda, 0x30, 0x00, 0x3d, 0xff, 0xff, 0xff, 0xfd, 0x1a, 0xff, 0xff, 0xff, 0xf8, 0x00, 0x1d, 0xa5,
    0x21, 0x26, 0xef, 0xef, 0xe7, 0x21, 0x38, 0xff, 0x70, 0x01, 0x00, 0x00, 0x00, 0x5f, 0xfe, 0x20,
    0x00, 0x00, 0x4f, 0xf2, 0x00, 0x00, 0x00, 0x00, 0x1f, 0xf7, 0x00, 0x00, 0x00, 0x0b, 0xf7, 0x01,
    0x8c, 0xef, 0xff, 0xff, 0xff, 0xff, 0xff, 0xff, 0xff, 0xfa, 0x1d, 0xff, 0xff, 0xff, 0xff, 0xff,
    0xff, 0xff, 0xff, 0xff, 0xfb, 0x8f, 0xe6, 0x21, 0x00, 0x1f, 0xf6, 0x00, 0x00, 0x00, 0x00, 0x00,
    0xbf, 0x90, 0x00, 0x00, 0x3f, 0xfb, 0x00, 0x00, 0x00, 0x00, 0x00, 0xbf, 0x90, 0x00, 0x00, 0x9f,
    0xff, 0x50, 0x00, 0x00, 0x05, 0x00, 0x7f, 0xf7, 0x21, 0x39, 0xff, 0xbf, 0xf9, 0x31, 0x14, 0xbf,
    0x70, 0x1c, 0xff, 0xff, 0xff, 0xf5, 0x0a, 0xff, 0xff, 0xff, 0xfe, 0x40, 0x00, 0x7c, 0xee, 0xd9,
    0x30, 0x00, 0x4a, 0xdf, 0xec, 0x81, 0x00, 0x00, 0x04, 0xad, 0xee, 0xb6, 0x00, 0x00, 0x9f, 0xff,
    0xff, 0xff, 0xc1, 0x09, 0xff, 0x93, 0x12, 0x7e, 0xfa, 0x4f, 0xf6, 0x00, 0x00, 0x03, 0x91, 0xaf,
    0xc0, 0x00, 0x00, 0x00, 0x00, 0xdf, 0x70, 0x00, 0x00, 0x00, 0x00, 0xef, 0x60, 0x00, 0x00, 0x00,
    0x00, 0xdf, 0x70, 0x00, 0x00, 0x00, 0x00, 0xaf, 0xc0, 0x00, 0x00, 0x00, 0x00, 0x4f, 0xf6, 0x00,
    0x00, 0x03, 0x91, 0x09, 0xff, 0x93, 0x12, 0x7e, 0xfa, 0x00, 0x9f, 0xff, 0xff, 0xff, 0xc1, 0x00,
    0x04, 0xad, 0xfe, 0xb6, 0x00, 0x00, 0x00, 0x09, 0xa0, 0x00, 0x00, 0x00, 0x00, 0x0e, 0xd8, 0x00,
    0x00, 0x00, 0x00, 0x00, 0x5f, 0x70, 0x00, 0x00, 0x01, 0x30, 0x4f, 0x70, 0x00, 0x00, 0x05, 0xff,
    0xfb, 0x10, 0x00, 0x00, 0x00, 0x12, 0x10, 0x00, 0x00, 0x00, 0x6e, 0xf7, 0x00, 0x00, 0x00, 0x00,
    0x00, 0x3d, 0xf8, 0x00, 0x00, 0x00, 0x00, 0x00, 0x19, 0xf9, 0x00, 0x00, 0x00, 0x00, 0x00, 0x00,
    0x00, 0x00, 0x00, 0x00, 0x00, 0x00, 0x00, 0x00, 0x00, 0x00, 0x00, 0x5b, 0xdf, 0xda, 0x40, 0x00,
    0x01, 0xaf, 0xff, 0xff, 0xff, 0x80, 0x00, 0xaf, 0xd6, 0x21, 0x38, 0xef, 0x70, 0x5f, 0xd2, 0x00,
    0x00, 0x04, 0xff, 0x1a, 0xf7, 0x00, 0x00, 0x00, 0x0b, 0xf6, 0xdf, 0xff, 0xff, 0xff, 0xff, 0xff,
    0x9e, 0xff, 0xff, 0xff, 0xff, 0xff, 0xfa, 0xdf, 0x60, 0x00, 0x00, 0x00, 0x00, 0x0a, 0xfb, 0x00,
    0x00, 0x00, 0x00, 0x00, 0x4f, 0xf6, 0x00, 0x00, 0x00, 0x60, 0x00, 0xaf, 0xfa, 0x31, 0x14, 0xbf,
    0x80, 0x01, 0x9f, 0xff, 0xff, 0xff, 0xe4, 0x00, 0x00, 0x49, 0xde, 0xec, 0x81, 0x00, 0x00, 0x00,
    0x00, 0x0a, 0xfd, 0x30, 0x00, 0x00, 0x00, 0x1b, 0xfa, 0x10, 0x00, 0x00, 0x00, 0x1c, 0xf6, 0x00,
    0x00, 0x00, 0x00, 0x00, 0x00, 0x00, 0x00, 0x00, 0x00, 0x00, 0x00, 0x00, 0x00, 0x00, 0x00, 0x00,
    0x5b, 0xdf, 0xda, 0x40, 0x00, 0x01, 0xaf, 0xff, 0xff, 0xff, 0x80, 0x00, 0xaf, 0xd6, 0x21, 0x38,
    0xef, 0x70, 0x5f, 0xd2, 0x00, 0x00, 0x04, 0xff, 0x1a, 0xf7, 0x00, 0x00, 0x00, 0x0b, 0xf6, 0xdf,
    0xff, 0xff, 0xff, 0xff, 0xff, 0x9e, 0xff, 0xff, 0xff, 0xff, 0xff, 0xfa, 0xdf, 0x60, 0x00, 0x00,
    0x00, 0x00, 0x0a, 0xfb, 0x00, 0x00, 0x00, 0x00, 0x00, 0x4f, 0xf6, 0x00, 0x00, 0x00, 0x60, 0x00,
    0xaf, 0xfa, 0x31, 0x14, 0xbf, 0x80, 0x01, 0x9f, 0xff, 0xff, 0xff, 0xe4, 0x00, 0x00, 0x49, 0xde,
    0xec, 0x81, 0x00, 0x00, 0x00, 0x5f, 0xfd, 0x20, 0x00, 0x00, 0x00, 0x5f, 0xd7, 0xed, 0x20, 0x00,
    0x00, 0x6f, 0xb1, 0x03, 0xde, 0x30, 0x00, 0x00, 0x00, 0x00, 0x00, 0x00, 0x00, 0x00, 0x00, 0x00,
    0x00, 0x00, 0x00, 0x00, 0x00, 0x5b, 0xdf, 0xda, 0x40, 0x00, 0x01, 0xaf, 0xff, 0xff, 0xff, 0x80,
    0x00, 0xaf, 0xd6, 0x21, 0x38, 0xef, 0x70, 0x5f, 0xd2, 0x00, 0x00, 0x04, 0xff, 0x1a, 0xf7, 0x00,
    0x00, 0x00, 0x0b, 0xf6, 0xdf, 0xff, 0xff, 0xff, 0xff, 0xff, 0x9e, 0xff, 0xff, 0xff, 0xff, 0xff,
    0xfa, 0xdf, 0x60, 0x00, 0x00, 0x00, 0x00, 0x0a, 0xfb, 0x00, 0x00, 0x00, 0x00, 0x00, 0x4f, 0xf6,
    0x00, 0x00, 0x00, 0x60, 0x00, 0xaf, 0xfa, 0x31, 0x14, 0xbf, 0x80, 0x01, 0x9f, 0xff, 0xff, 0xff,
    0xe4, 0x00, 0x00, 0x49, 0xde, 0xec, 0x81, 0x00, 0x00, 0x00, 0x00, 0x00, 0x00, 0x00, 0x00, 0x00,
    0xce, 0x30, 0x6f, 0x80, 0x00, 0x00, 0x0c, 0xe2, 0x06, 0xe8, 0x00, 0x00, 0x00, 0x00, 0x00, 0x00,
    0x00, 0x00, 0x00, 0x00, 0x00, 0x00, 0x00, 0x00, 0x00, 0x00, 0x5b, 0xdf, 0xda, 0x40, 0x00, 0x01,
    0xaf, 0xff, 0xff, 0xff, 0x80, 0x00, 0xaf, 0xd6, 0x21, 0x38, 0xef, 0x70, 0x5f, 0xd2, 0x00, 0x00,
    0x04, 0xff, 0x1a, 0xf7, 0x00, 0x00, 0x00, 0x0b, 0xf6, 0xdf, 0xff, 0xff, 0xff, 0xff, 0xff, 0x9e,
    0xff, 0xff, 0xff, 0xff, 0xff, 0xfa, 0xdf, 0x60, 0x00, 0x00, 0x00, 0x00, 0x0a, 0xfb, 0x00, 0x00,
    0x00, 0x00, 0x00, 0x4f, 0xf6, 0x00, 0x00, 0x00, 0x60, 0x00, 0xaf, 0xfa, 0x31, 0x14, 0xbf, 0x80,
    0x01, 0x9f, 0xff, 0xff, 0xff, 0xe4, 0x00, 0x00, 0x49, 0xde, 0xec, 0x81, 0x00, 0x6f, 0xf6, 0x00,
    0x00, 0x3d, 0xf7, 0x00, 0x00, 0x1a, 0xf9, 0x00, 0x00, 0x00, 0x00, 0x00, 0x00, 0x00, 0x00, 0x00,
    0xcf, 0x70, 0x00, 0x0c, 0xf7, 0x00, 0x00, 0xcf, 0x70, 0x00, 0x0c, 0xf7, 0x00, 0x00, 0xcf, 0x70,
    0x00, 0x0c, 0xf7, 0x00, 0x00, 0xcf, 0x70, 0x00, 0x0c, 0xf7, 0x00, 0x00, 0xcf, 0x70, 0x00, 0x0c,
    0xf7, 0x00, 0x00, 0xcf, 0x70, 0x00, 0x0c, 0xf7, 0x00, 0x00, 0xcf, 0x70, 0x00, 0x1b, 0xfd, 0x30,
    0x1c, 0xfa, 0x10, 0x1c, 0xe6, 0x00, 0x00, 0x00, 0x00, 0x00, 0x00, 0x00, 0x00, 0x00, 0xcf, 0x70,
    0x00, 0x0c, 0xf7, 0x00, 0x00, 0xcf, 0x70, 0x00, 0x0c, 0xf7, 0x00, 0x00, 0xcf, 0x70, 0x00, 0x0c,
    0xf7, 0x00, 0x00, 0xcf, 0x70, 0x00, 0x0c, 0xf7, 0x00, 0x00, 0xcf, 0x70, 0x00, 0x0c, 0xf7, 0x00,
    0x00, 0xcf, 0x70, 0x00, 0x0c, 0xf7, 0x00, 0x00, 0xcf, 0x70, 0x00, 0x00, 0x3e, 0xfc, 0x10, 0x02,
    0xee, 0x9f, 0xb0, 0x1d, 0xe3, 0x07, 0xf9, 0x00, 0x00, 0x00, 0x00, 0x00, 0x00, 0x00, 0x00, 0x00,
    0x0c, 0xf7, 0x00, 0x00, 0x0c, 0xf7, 0x00, 0x00, 0x0c, 0xf7, 0x00, 0x00, 0x0c, 0xf7, 0x00, 0x00,
    0x0c, 0xf7, 0x00, 0x00, 0x0c, 0xf7, 0x00, 0x00, 0x0c, 0xf7, 0x00, 0x00, 0x0c, 0xf7, 0x00, 0x00,
    0x0c, 0xf7, 0x00, 0x00, 0x0c, 0xf7, 0x00, 0x00, 0x0c, 0xf7, 0x00, 0x00, 0x0c, 0xf7, 0x00, 0x00,
    0x0c, 0xf7, 0x00, 0x5e, 0x81, 0xdd, 0x16, 0xf9, 0x1d, 0xe1, 0x00, 0x00, 0x00, 0x00, 0x00, 0x00,
    0x00, 0x00, 0x00, 0x00, 0x00, 0x0c, 0xf7, 0x00, 0x00, 0xcf, 0x70, 0x00, 0x0c, 0xf7, 0x00, 0x00,
    0xcf, 0x70, 0x00, 0x0c, 0xf7, 0x00, 0x00, 0xcf, 0x70, 0x00, 0x0c, 0xf7, 0x00, 0x00, 0xcf, 0x70,
    0x00, 0x0c, 0xf7, 0x00, 0x00, 0xcf, 0x70, 0x00, 0x0c, 0xf7, 0x00, 0x00, 0xcf, 0x70, 0x00, 0x0c,
    0xf7, 0x00, 0x06, 0xbd, 0xef, 0xda, 0x50, 0x06, 0x00, 0x0a, 0xff, 0xff, 0xff, 0xfd, 0xef, 0x50,
    0x04, 0x62, 0x11, 0x7f, 0xff, 0xf9, 0x10, 0x00, 0x01, 0x7d, 0xff, 0xbc, 0xfc, 0x00, 0x00, 0x9f,
    0xfd, 0x82, 0x02, 0xef, 0x60, 0x00, 0x8b, 0x50, 0x00, 0x00, 0x8f, 0xc0, 0x00, 0x00, 0x00, 0x00,
    0x00, 0x4f, 0xf1, 0x00, 0x17, 0xce, 0xec, 0x81, 0x1f, 0xf3, 0x04, 0xef, 0xff, 0xff, 0xfd, 0x2f,
    0xf4, 0x2e, 0xfd, 0x62, 0x13, 0x9f, 0xcf, 0xf5, 0x9f, 0xe1, 0x00, 0x00, 0x06, 0xff, 0xf4, 0xdf,
    0x70, 0x00, 0x00, 0x00, 0xdf, 0xf3, 0xef, 0x50, 0x00, 0x00, 0x00, 0xaf, 0xe0, 0xdf, 0x70, 0x00,
    0x00, 0x00, 0xdf, 0xa0, 0x9f, 0xe1, 0x00, 0x00, 0x06, 0xff, 0x30, 0x2e, 0xfd, 0x62, 0x13, 0x9f,
    0xf8, 0x00, 0x04, 0xef, 0xff, 0xff, 0xff, 0x80, 0x00, 0x00, 0x18, 0xce, 0xfd, 0x93, 0x00, 0x00,
    0x00, 0x00, 0x00, 0x00, 0x00, 0x00, 0x00, 0x00, 0xaf, 0xb1, 0x01, 0xf3, 0x00, 0x00, 0x6f, 0xff,
    0xc2, 0x7e, 0x00, 0x00, 0x0b, 0xb1, 0x4c, 0xff, 0x50, 0x00, 0x00, 0x21, 0x00, 0x01, 0x10, 0x00,
    0x00, 0x00, 0x00, 0x00, 0x00, 0x00, 0x00, 0xcf, 0x61, 0x8c, 0xee, 0xc7, 0x10, 0x0c, 0xf9, 0xef,
    0xff, 0xff, 0xfc, 0x10, 0xcf, 0xff, 0x72, 0x13, 0x9f, 0xf9, 0x0c, 0xff, 0x50, 0x00, 0x00, 0xaf,
    0xe0, 0xcf, 0xc0, 0x00, 0x00, 0x03, 0xff, 0x2c, 0xf8, 0x00, 0x00, 0x00, 0x1f, 0xf4, 0xcf, 0x70,
    0x00, 0x00, 0x01, 0xff, 0x4c, 0xf7, 0x00, 0x00, 0x00, 0x1f, 0xf4, 0xcf, 0x70, 0x00, 0x00, 0x01,
    0xff, 0x4c, 0xf7, 0x00, 0x00, 0x00, 0x1f, 0xf4, 0xcf, 0x70, 0x00, 0x00, 0x01, 0xff, 0x4c, 0xf7,
    0x00, 0x00, 0x00, 0x1f, 0xf4, 0xcf, 0x70, 0x00, 0x00, 0x01, 0xff, 0x40, 0x00, 0x3d, 0xfa, 0x00,
    0x00, 0x00, 0x00, 0x00, 0x01, 0xaf, 0xb1, 0x00, 0x00, 0x00, 0x00, 0x00, 0x07, 0xfc, 0x10, 0x00,
    0x00, 0x00, 0x00, 0x00, 0x00, 0x00, 0x00, 0x00, 0x00, 0x00, 0x00, 0x00, 0x00, 0x00, 0x00, 0x00,
    0x04, 0xad, 0xfd, 0xb6, 0x00, 0x00, 0x01, 0xaf, 0xff, 0xff, 0xff, 0xc2, 0x00, 0x0a, 0xff, 0x93,
    0x12, 0x7e, 0xfd, 0x10, 0x4f, 0xf6, 0x00, 0x00, 0x03, 0xef, 0x80, 0xaf, 0xc0, 0x00, 0x00, 0x00,
    0x8f, 0xe0, 0xdf, 0x70, 0x00, 0x00, 0x00, 0x3f, 0xf2, 0xef, 0x60, 0x00, 0x00, 0x00, 0x2f, 0xf3,
    0xdf, 0x70, 0x00, 0x00, 0x00, 0x3f, 0xf2, 0xaf, 0xc0, 0x00, 0x00, 0x00, 0x8f, 0xe0, 0x4f, 0xf6,
    0x00, 0x00, 0x03, 0xff, 0x80, 0x0a, 0xff, 0x93, 0x12, 0x7e, 0xfc, 0x10, 0x00, 0x9f, 0xff, 0xff,
    0xff, 0xc2, 0x00, 0x00, 0x04, 0xad, 0xfe, 0xb6, 0x00, 0x00, 0x00, 0x00, 0x00, 0x07, 0xfe, 0x60,
    0x00, 0x00, 0x00, 0x00, 0x8f, 0xc2, 0x00, 0x00, 0x00, 0x00, 0x09, 0xf9, 0x10, 0x00, 0x00, 0x00,
    0x00, 0x00, 0x00, 0x00, 0x00, 0x00, 0x00, 0x00, 0x00, 0x00, 0x00, 0x00, 0x00, 0x00, 0x04, 0xad,
    0xfd, 0xb6, 0x00, 0x00, 0x01, 0xaf, 0xff, 0xff, 0xff, 0xc2, 0x00, 0x0a, 0xff, 0x93, 0x12, 0x7e,
    0xfd, 0x10, 0x4f, 0xf6, 0x00, 0x00, 0x03, 0xef, 0x80, 0xaf, 0xc0, 0x00, 0x00, 0x00, 0x8f, 0xe0,
    0xdf, 0x70, 0x00, 0x00, 0x00, 0x3f, 0xf2, 0xef, 0x60, 0x00, 0x00, 0x00, 0x2f, 0xf3, 0xdf, 0x70,
    0x00, 0x00, 0x00, 0x3f, 0xf2, 0xaf, 0xc0, 0x00, 0x00, 0x00, 0x8f, 0xe0, 0x4f, 0xf6, 0x00, 0x00,
    0x03, 0xff, 0x80, 0x0a, 0xff, 0x93, 0x12, 0x7e, 0xfc, 0x10, 0x00, 0x9f, 0xff, 0xff, 0xff, 0xc2,
    0x00, 0x00, 0x04, 0xad, 0xfe, 0xb6, 0x00, 0x00, 0x00, 0x00, 0x2d, 0xfe, 0x40, 0x00, 0x00, 0x00,
    0x03, 0xee, 0x7d, 0xf5, 0x00, 0x00, 0x00, 0x3e, 0xd3, 0x01, 0xbf, 0x60, 0x00, 0x00, 0x00, 0x00,
    0x00, 0x00, 0x00, 0x00, 0x00, 0x00, 0x00, 0x00, 0x00, 0x00, 0x00, 0x00, 0x04, 0xad, 0xfd, 0xb6,
    0x00, 0x00, 0x01, 0xaf, 0xff, 0xff, 0xff, 0xc2, 0x00, 0x0a, 0xff, 0x93, 0x12, 0x7e, 0xfd, 0x10,
    0x4f, 0xf6, 0x00, 0x00, 0x03, 0xef, 0x80, 0xaf, 0xc0, 0x00, 0x00, 0x00, 0x8f, 0xe0, 0xdf, 0x70,
    0x00, 0x00, 0x00, 0x3f, 0xf2, 0xef, 0x60, 0x00, 0x00, 0x00, 0x2f, 0xf3, 0xdf, 0x70, 0x00, 0x00,
    0x00, 0x3f, 0xf2, 0xaf, 0xc0, 0x00, 0x00, 0x00, 0x8f, 0xe0, 0x4f, 0xf6, 0x00, 0x00, 0x03, 0xff,
    0x80, 0x0a, 0xff, 0x93, 0x12, 0x7e, 0xfc, 0x10, 0x00, 0x9f, 0xff, 0xff, 0xff, 0xc2, 0x00, 0x00,
    0x04, 0xad, 0xfe, 0xb6, 0x00, 0x00, 0x00, 0x00, 0x00, 0x00, 0x00, 0x00, 0x00, 0x00, 0x05, 0xee,
    0x40, 0x0b, 0x80, 0x00, 0x00, 0x1e, 0xff, 0xf5, 0x2e, 0x50, 0x00, 0x00, 0x5f, 0x32, 0x9f, 0xfa,
    0x00, 0x00, 0x00, 0x12, 0x00, 0x01, 0x20, 0x00, 0x00, 0x00, 0x00, 0x00, 0x00, 0x00, 0x00, 0x00,
    0x00, 0x04, 0xad, 0xfd, 0xb6, 0x00, 0x00, 0x01, 0xaf, 0xff, 0xff, 0xff, 0xc2, 0x00, 0x0a, 0xff,
    0x93, 0x12, 0x7e, 0xfd, 0x10, 0x4f, 0xf6, 0x00, 0x00, 0x03, 0xef, 0x80, 0xaf, 0xc0, 0x00, 0x00,
    0x00, 0x8f, 0xe0, 0xdf, 0x70, 0x00, 0x00, 0x00, 0x3f, 0xf2, 0xef, 0x60, 0x00, 0x00, 0x00, 0x2f,
    0xf3, 0xdf, 0x70, 0x00, 0x00, 0x00, 0x3f, 0xf2, 0xaf, 0xc0, 0x00, 0x00, 0x00, 0x8f, 0xe0, 0x4f,
    0xf6, 0x00, 0x00, 0x03, 0xff, 0x80, 0x0a, 0xff, 0x93, 0x12, 0x7e, 0xfc, 0x10, 0x00, 0x9f, 0xff,
    0xff, 0xff, 0xc2, 0x00, 0x00, 0x04, 0xad, 0xfe, 0xb6, 0x00, 0x00, 0x00, 0x00, 0x00, 0x00, 0x00,
    0x00, 0x00, 0x00, 0x09, 0xf6, 0x03, 0xec, 0x00, 0x00, 0x00, 0x09, 0xe5, 0x03, 0xec, 0x00, 0x00,
    0x00, 0x00, 0x00, 0x00, 0x00, 0x00, 0x00, 0x00, 0x00, 0x00, 0x00, 0x00, 0x00, 0x00, 0x00, 0x04,
    0xad, 0xfd, 0xb6, 0x00, 0x00, 0x01, 0xaf, 0xff, 0xff, 0xff, 0xc2, 0x00, 0x0a, 0xff, 0x93, 0x12,
    0x7e, 0xfd, 0x10, 0x4f, 0xf6, 0x00, 0x00, 0x03, 0xef, 0x80, 0xaf, 0xc0, 0x00, 0x00, 0x00, 0x8f,
    0xe0, 0xdf, 0x70, 0x00, 0x00, 0x00, 0x3f, 0xf2, 0xef, 0x60, 0x00, 0x00, 0x00, 0x2f, 0xf3, 0xdf,
    0x70, 0x00, 0x00, 0x00, 0x3f, 0xf2, 0xaf, 0xc0, 0x00, 0x00, 0x00, 0x8f, 0xe0, 0x4f, 0xf6, 0x00,
    0x00, 0x03, 0xff, 0x80, 0x0a, 0xff, 0x93, 0x12, 0x7e, 0xfc, 0x10, 0x00, 0x9f, 0xff, 0xff, 0xff,
    0xc2, 0x00, 0x00, 0x04, 0xad, 0xfe, 0xb6, 0x00, 0x00, 0x00, 0x00, 0x1b, 0xb1, 0x00, 0x00, 0x00,
    0x00, 0x5f, 0xf5, 0x00, 0x00, 0x00, 0x00, 0x2d, 0xd1, 0x00, 0x00, 0x00, 0x00, 0x00, 0x00, 0x00,
    0x00, 0x00, 0x00, 0x00, 0x00, 0x00, 0x00, 0x00, 0x00, 0x00, 0x00, 0x00, 0x00, 0x6f, 0xff, 0xff,
    0xff, 0xff, 0xf5, 0x6f, 0xff, 0xff, 0xff, 0xff, 0xf5, 0x00, 0x00, 0x00, 0x00, 0x00, 0x00, 0x00,
    0x00, 0x00, 0x00, 0x00, 0x00, 0x00, 0x00, 0x1b, 0xb1, 0x00, 0x00, 0x00, 0x00, 0x5f, 0xf5, 0x00,
    0x00, 0x00, 0x00, 0x1d, 0xd1, 0x00, 0x00, 0x00, 0x00, 0x00, 0x00, 0x00, 0x3f, 0x40, 0x00, 0x04,
    0xad, 0xfd, 0xb6, 0xc9, 0x00, 0x01, 0xaf, 0xff, 0xff, 0xff, 0xf3, 0x00, 0x0a, 0xff, 0x93, 0x12,
    0x9f, 0xfd, 0x10, 0x4f, 0xf6, 0x00, 0x00, 0xcc, 0xef, 0x80, 0xaf, 0xc0, 0x00, 0x07, 0xe1, 0x8f,
    0xe0, 0xdf, 0x70, 0x00, 0x2e, 0x50, 0x3f, 0xf2, 0xef, 0x60, 0x00, 0xba, 0x00, 0x2f, 0xf3, 0xdf,
    0x70, 0x07, 0xe1, 0x00, 0x3f, 0xf2, 0xaf, 0xc0, 0x2e, 0x50, 0x00, 0x8f, 0xe0, 0x4f, 0xf6, 0xba,
    0x00, 0x03, 0xff, 0x80, 0x0a, 0xff, 0xf4, 0x12, 0x7e, 0xfc, 0x10, 0x00, 0xbf, 0xff, 0xff, 0xff,
    0xc2, 0x00, 0x00, 0xbe, 0xad, 0xfe, 0xb6, 0x00, 0x00, 0x06, 0xe1, 0x00, 0x00, 0x00, 0x00, 0x00,
    0x2e, 0x60, 0x00, 0x00, 0x00, 0x00, 0x00, 0x01, 0x9f, 0xe3, 0x00, 0x00, 0x00, 0x00, 0x00, 0x5e,
    0xe4, 0x00, 0x00, 0x00, 0x00, 0x00, 0x2c, 0xf5, 0x00, 0x00, 0x00, 0x00, 0x00, 0x00, 0x00, 0x00,
    0x00, 0x00, 0x00, 0x00, 0x00, 0x00, 0x00, 0x0e, 0xf6, 0x00, 0x00, 0x00, 0x4f, 0xf1, 0xef, 0x60,
    0x00, 0x00, 0x04, 0xff, 0x1e, 0xf6, 0x00, 0x00, 0x00, 0x4f, 0xf1, 0xef, 0x60, 0x00, 0x00, 0x04,
    0xff, 0x1e, 0xf6, 0x00, 0x00, 0x00, 0x4f, 0xf1, 0xef, 0x60, 0x00, 0x00, 0x04, 0xff, 0x1e, 0xf6,
    0x00, 0x00, 0x00, 0x4f, 0xf1, 0xef, 0x60, 0x00, 0x00, 0x05, 0xff, 0x1d, 0xf8, 0x00, 0x00, 0x00,
    0x8f, 0xf1, 0xaf, 0xe1, 0x00, 0x00, 0x2e, 0xff, 0x14, 0xff, 0xc4, 0x11, 0x6e, 0xff, 0xf1, 0x08,
    0xff, 0xff, 0xff, 0xf8, 0xff, 0x10, 0x04, 0xbe, 0xfd, 0xa3, 0x2f, 0xf1, 0x00, 0x00, 0x00, 0x2d,
    0xfb, 0x10, 0x00, 0x00, 0x00, 0x3e, 0xf7, 0x00, 0x00, 0x00, 0x00, 0x4e, 0xd3, 0x00, 0x00, 0x00,
    0x00, 0x00, 0x00, 0x00, 0x00, 0x00, 0x00, 0x00, 0x00, 0x00, 0x00, 0x00, 0x0e, 0xf6, 0x00, 0x00,
    0x00, 0x4f, 0xf1, 0xef, 0x60, 0x00, 0x00, 0x04, 0xff, 0x1e, 0xf6, 0x00, 0x00, 0x00, 0x4f, 0xf1,
    0xef, 0x60, 0x00, 0x00, 0x04, 0xff, 0x1e, 0xf6, 0x00, 0x00, 0x00, 0x4f, 0xf1, 0xef, 0x60, 0x00,
    0x00, 0x04, 0xff, 0x1e, 0xf6, 0x00, 0x00, 0x00, 0x4f, 0xf1, 0xef, 0x60, 0x00, 0x00, 0x05, 0xff,
    0x1d, 0xf8, 0x00, 0x00, 0x00, 0x8f, 0xf1, 0xaf, 0xe1, 0x00, 0x00, 0x2e, 0xff, 0x14, 0xff, 0xc4,
    0x11, 0x6e, 0xff, 0xf1, 0x08, 0xff, 0xff, 0xff, 0xf8, 0xff, 0x10, 0x04, 0xbe, 0xfd, 0xa3, 0x2f,
    0xf1, 0x00, 0x00, 0x8f, 0xfa, 0x00, 0x00, 0x00, 0x00, 0x9f, 0xa9, 0xfb, 0x10, 0x00, 0x00, 0xaf,
    0x70, 0x06, 0xfb, 0x10, 0x00, 0x00, 0x00, 0x00, 0x00, 0x00, 0x00, 0x00, 0x00, 0x00, 0x00, 0x00,
    0x00, 0x0e, 0xf6, 0x00, 0x00, 0x00, 0x4f, 0xf1, 0xef, 0x60, 0x00, 0x00, 0x04, 0xff, 0x1e, 0xf6,
    0x00, 0x00, 0x00, 0x4f, 0xf1, 0xef, 0x60, 0x00, 0x00, 0x04, 0xff, 0x1e, 0xf6, 0x00, 0x00, 0x00,
    0x4f, 0xf1, 0xef, 0x60, 0x00, 0x00, 0x04, 0xff, 0x1e, 0xf6, 0x00, 0x00, 0x00, 0x4f, 0xf1, 0xef,
    0x60, 0x00, 0x00, 0x05, 0xff, 0x1d, 0xf8, 0x00, 0x00, 0x00, 0x8f, 0xf1, 0xaf, 0xe1, 0x00, 0x00,
    0x2e, 0xff, 0x14, 0xff, 0xc4, 0x11, 0x6e, 0xff, 0xf1, 0x08, 0xff, 0xff, 0xff, 0xf8, 0xff, 0x10,
    0x04, 0xbe, 0xfd, 0xa3, 0x2f, 0xf1, 0x00, 0x00, 0x00, 0x00, 0x00, 0x00, 0x00, 0x03, 0xec, 0x00,
    0xaf, 0x40, 0x00, 0x00, 0x3e, 0xc0, 0x0a, 0xe4, 0x00, 0x00, 0x00, 0x00, 0x00, 0x00, 0x00, 0x00,
    0x00, 0x00, 0x00, 0x00, 0x00, 0x00, 0x0e, 0xf6, 0x00, 0x00, 0x00, 0x4f, 0xf1, 0xef, 0x60, 0x00,
    0x00, 0x04, 0xff, 0x1e, 0xf6, 0x00, 0x00, 0x00, 0x4f, 0xf1, 0xef, 0x60, 0x00, 0x00, 0x04, 0xff,
    0x1e, 0xf6, 0x00, 0x00, 0x00, 0x4f, 0xf1, 0xef, 0x60, 0x00, 0x00, 0x04, 0xff, 0x1e, 0xf6, 0x00,
    0x00, 0x00, 0x4f, 0xf1, 0xef, 0x60, 0x00, 0x00, 0x05, 0xff, 0x1d, 0xf8, 0x00, 0x00, 0x00, 0x8f,
    0xf1, 0xaf, 0xe1, 0x00, 0x00, 0x2e, 0xff, 0x14, 0xff, 0xc4, 0x11, 0x6e, 0xff, 0xf1, 0x08, 0xff,
    0xff, 0xff, 0xf8, 0xff, 0x10, 0x04, 0xbe, 0xfd, 0xa3, 0x2f, 0xf1, 0x00, 0x00, 0x00, 0x00, 0xaf,
    0xd3, 0x00, 0x00, 0x00, 0x00, 0x01, 0xbf, 0xa1, 0x00, 0x00, 0x00, 0x00, 0x01, 0xcf, 0x60, 0x00,
    0x00, 0x00, 0x00, 0x00, 0x00, 0x00, 0x00, 0x00, 0x00, 0x00, 0x00, 0x00, 0x00, 0x00, 0x00, 0x00,
    0x00, 0xcf, 0x90, 0x00, 0x00, 0x00, 0x1e, 0xf3, 0x06, 0xfe, 0x10, 0x00, 0x00, 0x07, 0xfc, 0x00,
    0x1e, 0xf6, 0x00, 0x00, 0x00, 0xdf, 0x50, 0x00, 0x8f, 0xc0, 0x00, 0x00, 0x4f, 0xe0, 0x00, 0x02,
    0xff, 0x40, 0x00, 0x0a, 0xf8, 0x00, 0x00, 0x0a, 0xfa, 0x00, 0x02, 0xff, 0x10, 0x00, 0x00, 0x4f,
    0xf2, 0x00, 0x8f, 0xa0, 0x00, 0x00, 0x00, 0xcf, 0x80, 0x0e, 0xf3, 0x00, 0x00, 0x00, 0x06, 0xfe,
    0x05, 0xfc, 0x00, 0x00, 0x00, 0x00, 0x1e, 0xf5, 0xcf, 0x50, 0x00, 0x00, 0x00, 0x00, 0x8f, 0xdf,
    0xe0, 0x00, 0x00, 0x00, 0x00, 0x02, 0xff, 0xf7, 0x00, 0x00, 0x00, 0x00, 0x00, 0x0a, 0xff, 0x10,
    0x00, 0x00, 0x00, 0x00, 0x00, 0x9f, 0xa0, 0x00, 0x00, 0x00, 0x00, 0x00, 0x2f, 0xf3, 0x00, 0x00,
    0x00, 0x0a, 0x41, 0x2c, 0xfb, 0x00, 0x00, 0x00, 0x05, 0xff, 0xff, 0xfe, 0x20, 0x00, 0x00, 0x00,
    0x18, 0xdf, 0xd9, 0x20, 0x00, 0x00, 0x00, 0x00, 0xcf, 0x70, 0x00, 0x00, 0x00, 0x00, 0x00, 0xcf,
    0x70, 0x00, 0x00, 0x00, 0x00, 0x00, 0xcf, 0x70, 0x00, 0x00, 0x00, 0x00, 0x00, 0xcf, 0x70, 0x00,
    0x00, 0x00, 0x00, 0x00, 0xcf, 0x70, 0x00, 0x00, 0x00, 0x00, 0x00, 0xcf, 0x71, 0x7c, 0xee, 0xc7,
    0x10, 0x00, 0xcf, 0x9d, 0xff, 0xff, 0xff, 0xd3, 0x00, 0xcf, 0xff, 0xa4, 0x12, 0x6e, 0xfe, 0x20,
    0xcf, 0xf8, 0x00, 0x00, 0x02, 0xef, 0xa0, 0xcf, 0xd0, 0x00, 0x00, 0x00, 0x6f, 0xf1, 0xcf, 0x90,
    0x00, 0x00, 0x00, 0x1f, 0xf4, 0xcf, 0x70, 0x00, 0x00, 0x00, 0x0f, 0xf5, 0xcf, 0x90, 0x00, 0x00,
    0x00, 0x1f, 0xf4, 0xcf, 0xd0, 0x00, 0x00, 0x00, 0x6f, 0xf1, 0xcf, 0xf8, 0x00, 0x00, 0x02, 0xef,
    0xa0, 0xcf, 0xff, 0xa3, 0x12, 0x6e, 0xfe, 0x20, 0xcf, 0x9d, 0xff, 0xff, 0xff, 0xe3, 0x00, 0xcf,
    0x71, 0x7c, 0xee, 0xc7, 0x10, 0x00, 0xcf, 0x70, 0x00, 0x00, 0x00, 0x00, 0x00, 0xcf, 0x70, 0x00,
    0x00, 0x00, 0x00, 0x00, 0xcf, 0x70, 0x00, 0x00, 0x00, 0x00, 0x00, 0xcf, 0x70, 0x00, 0x00, 0x00,
    0x00, 0x00, 0xcf, 0x70, 0x00, 0x00, 0x00, 0x00, 0x00, 0x00, 0x00, 0x00, 0x00, 0x00, 0x00, 0x00,
    0x00, 0x00, 0x0c, 0xe3, 0x06, 0xf9, 0x00, 0x00, 0x00, 0x00, 0xce, 0x30, 0x5e, 0x80, 0x00, 0x00,
    0x00, 0x00, 0x00, 0x00, 0x00, 0x00, 0x00, 0x00, 0x00, 0x00, 0x00, 0x00, 0x00, 0x00, 0x00, 0xcf,
    0x90, 0x00, 0x00, 0x00, 0x1e, 0xf3, 0x06, 0xfe, 0x10, 0x00, 0x00, 0x07, 0xfc, 0x00, 0x1e, 0xf6,
    0x00, 0x00, 0x00, 0xdf, 0x50, 0x00, 0x8f, 0xc0, 0x00, 0x00, 0x4f, 0xe0, 0x00, 0x02, 0xff, 0x40,
    0x00, 0x0a, 0xf8, 0x00, 0x00, 0x0a, 0xfa, 0x00, 0x02, 0xff, 0x10, 0x00, 0x00, 0x4f, 0xf2, 0x00,
    0x8f, 0xa0, 0x00, 0x00, 0x00, 0xcf, 0x80, 0x0e, 0xf3, 0x00, 0x00, 0x00, 0x06, 0xfe, 0x05, 0xfc,
    0x00, 0x00, 0x00, 0x00, 0x1e, 0xf5, 0xcf, 0x50, 0x00, 0x00, 0x00, 0x00, 0x8f, 0xdf, 0xe0, 0x00,
    0x00, 0x00, 0x00, 0x02, 0xff, 0xf7, 0x00, 0x00, 0x00, 0x00, 0x00, 0x0a, 0xff, 0x10, 0x00, 0x00,
    0x00, 0x00, 0x00, 0x9f, 0xa0, 0x00, 0x00, 0x00, 0x00, 0x00, 0x2f, 0xf3, 0x00, 0x00, 0x00, 0x0a,
    0x41, 0x2c, 0xfb, 0x00, 0x00, 0x00, 0x05, 0xff, 0xff, 0xfe, 0x20, 0x00, 0x00, 0x00, 0x18, 0xdf,
    0xd9, 0x20, 0x00, 0x00, 0x00, 0x00, 0x00, 0x00, 0x00, 0x00, 0x00, 0x00, 0x00, 0x00, 0x00, 0x00,
    0x00, 0x2f, 0xff, 0xff, 0xff, 0xb0, 0x00, 0x00, 0x00, 0x00, 0x2f, 0xff, 0xff, 0xff, 0xb0, 0x00,
    0x00, 0x00, 0x00, 0x00, 0x00, 0x00, 0x00, 0x00, 0x00, 0x00, 0x00, 0x00, 0x00, 0x00, 0x00, 0x00,
    0x00, 0x00, 0x00, 0x00, 0x00, 0x00, 0x0a, 0xff, 0x30, 0x00, 0x00, 0x00, 0x00, 0x00, 0x00, 0x2f,
    0xff, 0x90, 0x00, 0x00, 0x00, 0x00, 0x00, 0x00, 0x8f, 0xef, 0xf1, 0x00, 0x00, 0x00, 0x00, 0x00,
    0x01, 0xef, 0x5c, 0xf8, 0x00, 0x00, 0x00, 0x00, 0x00, 0x07, 0xfe, 0x06, 0xfe, 0x10, 0x00, 0x00,
    0x00, 0x00, 0x0d, 0xf7, 0x01, 0xef, 0x60, 0x00, 0x00, 0x00, 0x00, 0x5f, 0xf1, 0x00, 0x8f, 0xd0,
    0x00, 0x00, 0x00, 0x00, 0xcf, 0xa0, 0x00, 0x2f, 0xf5, 0x00, 0x00, 0x00, 0x03, 0xff, 0x30, 0x00,
    0x0a, 0xfc, 0x00, 0x00, 0x00, 0x0a, 0xfc, 0x00, 0x00, 0x04, 0xff, 0x30, 0x00, 0x00, 0x2f, 0xf5,
    0x00, 0x00, 0x00, 0xcf, 0xa0, 0x00, 0x00, 0x9f, 0xff, 0xff, 0xff, 0xff, 0xff, 0xf2, 0x00, 0x01,
    0xef, 0xee, 0xee, 0xee, 0xee, 0xef, 0xf9, 0x00, 0x07, 0xfe, 0x10, 0x00, 0x00, 0x00, 0x08, 0xfe,
    0x10, 0x0d, 0xf9, 0x00, 0x00, 0x00, 0x00, 0x01, 0xff, 0x70, 0x5f, 0xf2, 0x00, 0x00, 0x00, 0x00,
    0x00, 0x9f, 0xd0, 0xcf, 0xa0, 0x00, 0x00, 0x00, 0x00, 0x00, 0x2f, 0xf6, 0x00, 0x00, 0x00, 0x00,
    0x00, 0x00, 0x00, 0xef, 0xff, 0xff, 0xfe, 0x00, 0x00, 0xef, 0xff, 0xff, 0xfe, 0x00, 0x00, 0x00,
    0x00, 0x00, 0x00, 0x00, 0x00, 0x00, 0x00, 0x00, 0x00, 0x00, 0x00, 0x00, 0x00, 0x00, 0x00, 0x00,
    0x01, 0x6a, 0xdf, 0xec, 0x81, 0x00, 0x3d, 0xff, 0xff, 0xff, 0xfd, 0x20, 0x1d, 0xa5, 0x21, 0x26,
    0xef, 0xa0, 0x01, 0x00, 0x00, 0x00, 0x5f, 0xf1, 0x00, 0x00, 0x00, 0x00, 0x2f, 0xf3, 0x01, 0x8d,
    0xff, 0xff, 0xff, 0xf4, 0x1d, 0xff, 0xff, 0xff, 0xff, 0xf4, 0x8f, 0xe6, 0x10, 0x00, 0x1f, 0xf4,
    0xbf, 0x90, 0x00, 0x00, 0x1f, 0xf4, 0xbf, 0x90, 0x00, 0x00, 0x8f, 0xf4, 0x7f, 0xf7, 0x21, 0x39,
    0xff, 0xf4, 0x1c, 0xff, 0xff, 0xff, 0x9e, 0xf4, 0x01, 0x8d, 0xfe, 0xc6, 0x0e, 0xf4, 0x00, 0x00,
    0x05, 0x20, 0x00, 0x05, 0x30, 0x00, 0x00, 0x00, 0x00, 0x0e, 0xa0, 0x00, 0x1f, 0x80, 0x00, 0x00,
    0x00, 0x00, 0x08, 0xf6, 0x12, 0xbe, 0x20, 0x00, 0x00, 0x00, 0x00, 0x00, 0x7e, 0xff, 0xc3, 0x00,
    0x00, 0x00, 0x00, 0x00, 0x00, 0x00, 0x21, 0x00, 0x00, 0x00, 0x00, 0x00, 0x00, 0x00, 0x00, 0x00,
    0x00, 0x00, 0x00, 0x00, 0x00, 0x00, 0x00, 0x0a, 0xff, 0x30, 0x00, 0x00, 0x00, 0x00, 0x00, 0x00,
    0x2f, 0xff, 0x90, 0x00, 0x00, 0x00, 0x00, 0x00, 0x00, 0x8f, 0xef, 0xf1, 0x00, 0x00, 0x00, 0x00,
    0x00, 0x01, 0xef, 0x5c, 0xf8, 0x00, 0x00, 0x00, 0x00, 0x00, 0x07, 0xfe, 0x06, 0xfe, 0x10, 0x00,
    0x00, 0x00, 0x00, 0x0d, 0xf7, 0x01, 0xef, 0x60, 0x00, 0x00, 0x00, 0x00, 0x5f, 0xf1, 0x00, 0x8f,
    0xd0, 0x00, 0x00, 0x00, 0x00, 0xcf, 0xa0, 0x00, 0x2f, 0xf5, 0x00, 0x00, 0x00, 0x03, 0xff, 0x30,
    0x00, 0x0a, 0xfc, 0x00, 0x00, 0x00, 0x0a, 0xfc, 0x00, 0x00, 0x04, 0xff, 0x30, 0x00, 0x00, 0x2f,
    0xf5, 0x00, 0x00, 0x00, 0xcf, 0xa0, 0x00, 0x00, 0x9f, 0xff, 0xff, 0xff, 0xff, 0xff, 0xf2, 0x00,
    0x01, 0xef, 0xee, 0xee, 0xee, 0xee, 0xef, 0xf9, 0x00, 0x07, 0xfe, 0x10, 0x00, 0x00, 0x00, 0x08,
    0xfe, 0x10, 0x0d, 0xf9, 0x00, 0x00, 0x00, 0x00, 0x01, 0xff, 0x70, 0x5f, 0xf2, 0x00, 0x00, 0x00,
    0x00, 0x00, 0x9f, 0xd0, 0xcf, 0xa0, 0x00, 0x00, 0x00, 0x00, 0x00, 0x2f, 0xf6, 0x00, 0x43, 0x00,
    0x00, 0x44, 0x00, 0x00, 0xcd, 0x00, 0x00, 0xdb, 0x00, 0x00, 0x5f, 0x81, 0x19, 0xf5, 0x00, 0x00,
    0x05, 0xdf, 0xfd, 0x50, 0x00, 0x00, 0x00, 0x01, 0x10, 0x00, 0x00, 0x00, 0x00, 0x00, 0x00, 0x00,
    0x00, 0x01, 0x6a, 0xdf, 0xec, 0x81, 0x00, 0x3d, 0xff, 0xff, 0xff, 0xfd, 0x20, 0x1d, 0xa5, 0x21,
    0x26, 0xef, 0xa0, 0x01, 0x00, 0x00, 0x00, 0x5f, 0xf1, 0x00, 0x00, 0x00, 0x00, 0x2f, 0xf3, 0x01,
    0x8d, 0xff, 0xff, 0xff, 0xf4, 0x1d, 0xff, 0xff, 0xff, 0xff, 0xf4, 0x8f, 0xe6, 0x10, 0x00, 0x1f,
    0xf4, 0xbf, 0x90, 0x00, 0x00, 0x1f, 0xf4, 0xbf, 0x90, 0x00, 0x00, 0x8f, 0xf4, 0x7f, 0xf7, 0x21,
    0x39, 0xff, 0xf4, 0x1c, 0xff, 0xff, 0xff, 0x9e, 0xf4, 0x01, 0x8d, 0xfe, 0xc6, 0x0e, 0xf4, 0x00,
    0x00, 0x00, 0x0a, 0xff, 0x30, 0x00, 0x00, 0x00, 0x00, 0x00, 0x00, 0x02, 0xff, 0xf9, 0x00, 0x00,
    0x00, 0x00, 0x00, 0x00, 0x00, 0x8f, 0xef, 0xf1, 0x00, 0x00, 0x00, 0x00, 0x00, 0x00, 0x1e, 0xf5,
    0xcf, 0x80, 0x00, 0x00, 0x00, 0x00, 0x00, 0x07, 0xfe, 0x06, 0xfe, 0x10, 0x00, 0x00, 0x00, 0x00,
    0x00, 0xdf, 0x70, 0x1e, 0xf6, 0x00, 0x00, 0x00, 0x00, 0x00, 0x5f, 0xf1, 0x00, 0x8f, 0xd0, 0x00,
    0x00, 0x00, 0x00, 0x0c, 0xfa, 0x00, 0x02, 0xff, 0x50, 0x00, 0x00, 0x00, 0x03, 0xff, 0x30, 0x00,
    0x0a, 0xfc, 0x00, 0x00, 0x00, 0x00, 0xaf, 0xc0, 0x00, 0x00, 0x4f, 0xf3, 0x00, 0x00, 0x00, 0x2f,
    0xf5, 0x00, 0x00, 0x00, 0xcf, 0xa0, 0x00, 0x00, 0x09, 0xff, 0xff, 0xff, 0xff, 0xff, 0xff, 0x20,
    0x00, 0x01, 0xef, 0xee, 0xee, 0xee, 0xee, 0xef, 0xf9, 0x00, 0x00, 0x7f, 0xe1, 0x00, 0x00, 0x00,
    0x00, 0x8f, 0xe1, 0x00, 0x0d, 0xf9, 0x00, 0x00, 0x00, 0x00, 0x01, 0xff, 0x70, 0x05, 0xff, 0x20,
    0x00, 0x00, 0x00, 0x00, 0x09, 0xfd, 0x00, 0xcf, 0xa0, 0x00, 0x00, 0x00, 0x00, 0x00, 0x2f, 0xf8,
    0x00, 0x00, 0x00, 0x00, 0x00, 0x00, 0x00, 0x0a, 0xf8, 0x10, 0x00, 0x00, 0x00, 0x00, 0x00, 0x00,
    0x08, 0xf5, 0x00, 0x00, 0x00, 0x00, 0x00, 0x00, 0x00, 0x00, 0xdc, 0x00, 0x00, 0x00, 0x00, 0x00,
    0x00, 0x00, 0x00, 0x0c, 0xe2, 0x03, 0x00, 0x00, 0x00, 0x00, 0x00, 0x00, 0x00, 0x3d, 0xff, 0xd0,
    0x00, 0x00, 0x00, 0x00, 0x00, 0x00, 0x00, 0x02, 0x20, 0x00, 0x01, 0x6a, 0xdf, 0xec, 0x81, 0x00,
    0x3d, 0xff, 0xff, 0xff, 0xfd, 0x20, 0x1d, 0xa5, 0x21, 0x26, 0xef, 0xa0, 0x01, 0x00, 0x00, 0x00,
    0x5f, 0xf1, 0x00, 0x00, 0x00, 0x00, 0x2f, 0xf3, 0x01, 0x8d, 0xff, 0xff, 0xff, 0xf4, 0x1d, 0xff,
    0xff, 0xff, 0xff, 0xf4, 0x8f, 0xe6, 0x10, 0x00, 0x1f, 0xf4, 0xbf, 0x90, 0x00, 0x00, 0x1f, 0xf4,
    0xbf, 0x90, 0x00, 0x00, 0x8f, 0xf4, 0x7f, 0xf7, 0x21, 0x39, 0xff, 0xf4, 0x1c, 0xff, 0xff, 0xff,
    0x9e, 0xf4, 0x01, 0x8d, 0xfe, 0xc6, 0x1f, 0xf5, 0x00, 0x00, 0x00, 0x02, 0xdd, 0x50, 0x00, 0x00,
    0x00, 0x0c, 0xd1, 0x00, 0x00, 0x00, 0x00, 0x3f, 0x70, 0x00, 0x00, 0x00, 0x00, 0x2f, 0xb1, 0x12,
    0x00, 0x00, 0x00, 0x06, 0xef, 0xf8, 0x00, 0x00, 0x00, 0x00, 0x02, 0x10, 0x00, 0x00, 0x00, 0x00,
    0x04, 0xef, 0x80, 0x00, 0x00, 0x00, 0x00, 0x00, 0x5f, 0xe5, 0x00, 0x00, 0x00, 0x00, 0x00, 0x06,
    0xfc, 0x20, 0x00, 0x00, 0x00, 0x00, 0x00, 0x00, 0x00, 0x00, 0x00, 0x00, 0x00, 0x00, 0x05, 0xad,
    0xfe, 0xda, 0x60, 0x00, 0x00, 0x03, 0xdf, 0xff, 0xff, 0xff, 0xfd, 0x40, 0x00, 0x6f, 0xfe, 0x94,
    0x21, 0x37, 0xef, 0xf3, 0x03, 0xff, 0xc2, 0x00, 0x00, 0x00, 0x1b, 0x70, 0x0d, 0xfd, 0x10, 0x00,
    0x00, 0x00, 0x00, 0x00, 0x5f, 0xf4, 0x00, 0x00, 0x00, 0x00, 0x00, 0x00, 0x9f, 0xd0, 0x00, 0x00,
    0x00, 0x00, 0x00, 0x00, 0xcf, 0xa0, 0x00, 0x00, 0x00, 0x00, 0x00, 0x00, 0xcf, 0x90, 0x00, 0x00,
    0x00, 0x00, 0x00, 0x00, 0xcf, 0xa0, 0x00, 0x00, 0x00, 0x00, 0x00, 0x00, 0x9f, 0xd0, 0x00, 0x00,
    0x00, 0x00, 0x00, 0x00, 0x5f, 0xf4, 0x00, 0x00, 0x00, 0x00, 0x00, 0x00, 0x0d, 0xfd, 0x10, 0x00,
    0x00, 0x00, 0x00, 0x00, 0x03, 0xff, 0xc2, 0x00, 0x00, 0x00, 0x1b, 0x70, 0x00, 0x6f, 0xfe, 0x94,
    0x21, 0x37, 0xef, 0xf3, 0x00, 0x03, 0xdf, 0xff, 0xff, 0xff, 0xfd, 0x40, 0x00, 0x00, 0x05, 0xad,
    0xfe, 0xda, 0x60, 0x00, 0x00, 0x00, 0x00, 0x1b, 0xfc, 0x20, 0x00, 0x00, 0x01, 0xcf, 0x91, 0x00,
    0x00, 0x00, 0x2d, 0xe5, 0x00, 0x00, 0x00, 0x00, 0x00, 0x00, 0x00, 0x00, 0x00, 0x00, 0x00, 0x00,
    0x00, 0x00, 0x00, 0x04, 0xad, 0xee, 0xb6, 0x00, 0x00, 0x9f, 0xff, 0xff, 0xff, 0xc1, 0x09, 0xff,
    0x93, 0x12, 0x7e, 0xfa, 0x4f, 0xf6, 0x00, 0x00, 0x03, 0x91, 0xaf, 0xc0, 0x00, 0x00, 0x00, 0x00,
    0xdf, 0x70, 0x00, 0x00, 0x00, 0x00, 0xef, 0x60, 0x00, 0x00, 0x00, 0x00, 0xdf, 0x70, 0x00, 0x00,
    0x00, 0x00, 0xaf, 0xc0, 0x00, 0x00, 0x00, 0x00, 0x4f, 0xf6, 0x00, 0x00, 0x03, 0x91, 0x09, 0xff,
    0x93, 0x12, 0x7e, 0xfa, 0x00, 0x9f, 0xff, 0xff, 0xff, 0xc1, 0x00, 0x04, 0xad, 0xfe, 0xb6, 0x00,
    0x00, 0x00, 0x00, 0x1b, 0xff, 0x70, 0x00, 0x00, 0x00, 0x00, 0x01, 0xcf, 0x8b, 0xf8, 0x00, 0x00,
    0x00, 0x00, 0x1c, 0xe5, 0x00, 0x8f, 0x90, 0x00, 0x00, 0x00, 0x00, 0x00, 0x00, 0x00, 0x00, 0x00,
    0x00, 0x00, 0x05, 0xad, 0xfe, 0xda, 0x60, 0x00, 0x00, 0x03, 0xdf, 0xff, 0xff, 0xff, 0xfd, 0x40,
    0x00, 0x6f, 0xfe, 0x94, 0x21, 0x37, 0xef, 0xf3, 0x03, 0xff, 0xc2, 0x00, 0x00, 0x00, 0x1b, 0x70,
    0x0d, 0xfd, 0x10, 0x00, 0x00, 0x00, 0x00, 0x00, 0x5f, 0xf4, 0x00, 0x00, 0x00, 0x00, 0x00, 0x00,
    0x9f, 0xd0, 0x00, 0x00, 0x00, 0x00, 0x00, 0x00, 0xcf, 0xa0, 0x00, 0x00, 0x00, 0x00, 0x00, 0x00,
    0xcf, 0x90, 0x00, 0x00, 0x00, 0x00, 0x00, 0x00, 0xcf, 0xa0, 0x00, 0x00, 0x00, 0x00, 0x00, 0x00,
    0x9f, 0xd0, 0x00, 0x00, 0x00, 0x00, 0x00, 0x00, 0x5f, 0xf4, 0x00, 0x00, 0x00, 0x00, 0x00, 0x00,
    0x0d, 0xfd, 0x10, 0x00, 0x00, 0x00, 0x00, 0x00, 0x03, 0xff, 0xc2, 0x00, 0x00, 0x00, 0x1b, 0x70,
    0x00, 0x6f, 0xfe, 0x94, 0x21, 0x37, 0xef, 0xf3, 0x00, 0x03, 0xdf, 0xff, 0xff, 0xff, 0xfd, 0x40,
    0x00, 0x00, 0x05, 0xad, 0xfe, 0xda, 0x60, 0x00, 0x00, 0x00, 0x6f, 0xfc, 0x10, 0x00, 0x00, 0x07,
    0xfc, 0x7f, 0xd2, 0x00, 0x00, 0x7f, 0xa1, 0x04, 0xed, 0x20, 0x00, 0x00, 0x00, 0x00, 0x00, 0x00,
    0x00, 0x00, 0x00, 0x00, 0x00, 0x00, 0x00, 0x04, 0xad, 0xee, 0xb6, 0x00, 0x00, 0x9f, 0xff, 0xff,
    0xff, 0xc1, 0x09, 0xff, 0x93, 0x12, 0x7e, 0xfa, 0x4f, 0xf6, 0x00, 0x00, 0x03, 0x91, 0xaf, 0xc0,
    0x00, 0x00, 0x00, 0x00, 0xdf, 0x70, 0x00, 0x00, 0x00, 0x00, 0xef, 0x60, 0x00, 0x00, 0x00, 0x00,
    0xdf, 0x70, 0x00, 0x00, 0x00, 0x00, 0xaf, 0xc0, 0x00, 0x00, 0x00, 0x00, 0x4f, 0xf6, 0x00, 0x00,
    0x03, 0x91, 0x09, 0xff, 0x93, 0x12, 0x7e, 0xfa, 0x00, 0x9f, 0xff, 0xff, 0xff, 0xc1, 0x00, 0x04,
    0xad, 0xfe, 0xb6, 0x00, 0x00, 0x00, 0x00, 0x02, 0xca, 0x00, 0x00, 0x00, 0x00, 0x00, 0x00, 0x08,
    0xff, 0x40, 0x00, 0x00, 0x00, 0x00, 0x00, 0x03, 0xec, 0x10, 0x00, 0x00, 0x00, 0x00, 0x00, 0x00,
    0x00, 0x00, 0x00, 0x00, 0x00, 0x00, 0x00, 0x00, 0x00, 0x00, 0x00, 0x00, 0x00, 0x00, 0x05, 0xad,
    0xfe, 0xda, 0x60, 0x00, 0x00, 0x03, 0xdf, 0xff, 0xff, 0xff, 0xfd, 0x40, 0x00, 0x6f, 0xfe, 0x94,
    0x21, 0x37, 0xef, 0xf3, 0x03, 0xff, 0xc2, 0x00, 0x00, 0x00, 0x1b, 0x70, 0x0d, 0xfd, 0x10, 0x00,
    0x00, 0x00, 0x00, 0x00, 0x5f, 0xf4, 0x00, 0x00, 0x00, 0x00, 0x00, 0x00, 0x9f, 0xd0, 0x00, 0x00,
    0x00, 0x00, 0x00, 0x00, 0xcf, 0xa0, 0x00, 0x00, 0x00, 0x00, 0x00, 0x00, 0xcf, 0x90, 0x00, 0x00,
    0x00, 0x00, 0x00, 0x00, 0xcf, 0xa0, 0x00, 0x00, 0x00, 0x00, 0x00, 0x00, 0x9f, 0xd0, 0x00, 0x00,
    0x00, 0x00, 0x00, 0x00, 0x5f, 0xf4, 0x00, 0x00, 0x00, 0x00, 0x00, 0x00, 0x0d, 0xfd, 0x10, 0x00,
    0x00, 0x00, 0x00, 0x00, 0x03, 0xff, 0xc2, 0x00, 0x00, 0x00, 0x1b, 0x70, 0x00, 0x6f, 0xfe, 0x94,
    0x21, 0x37, 0xef, 0xf3, 0x00, 0x03, 0xdf, 0xff, 0xff, 0xff, 0xfd, 0x40, 0x00, 0x00, 0x05, 0xad,
    0xfe, 0xda, 0x60, 0x00, 0x00, 0x00, 0x08, 0xc3, 0x00, 0x00, 0x00, 0x00, 0x1f, 0xfa, 0x00, 0x00,
    0x00, 0x00, 0x0b, 0xe5, 0x00, 0x00, 0x00, 0x00, 0x00, 0x00, 0x00, 0x00, 0x00, 0x00, 0x00, 0x00,
    0x00, 0x00, 0x00, 0x04, 0xad, 0xee, 0xb6, 0x00, 0x00, 0x9f, 0xff, 0xff, 0xff, 0xc1, 0x09, 0xff,
    0x93, 0x12, 0x7e, 0xfa, 0x4f, 0xf6, 0x00, 0x00, 0x03, 0x91, 0xaf, 0xc0, 0x00, 0x00, 0x00, 0x00,
    0xdf, 0x70, 0x00, 0x00, 0x00, 0x00, 0xef, 0x60, 0x00, 0x00, 0x00, 0x00, 0xdf, 0x70, 0x00, 0x00,
    0x00, 0x00, 0xaf, 0xc0, 0x00, 0x00, 0x00, 0x00, 0x4f, 0xf6, 0x00, 0x00, 0x03, 0x91, 0x09, 0xff,
    0x93, 0x12, 0x7e, 0xfa, 0x00, 0x9f, 0xff, 0xff, 0xff, 0xc1, 0x00, 0x04, 0xad, 0xfe, 0xb6, 0x00,
    0x00, 0x00, 0x1c, 0xe5, 0x00, 0x8f, 0x90, 0x00, 0x00, 0x00, 0x01, 0xcf, 0x8b, 0xf8, 0x00, 0x00,
    0x00, 0x00, 0x00, 0x1b, 0xff, 0x80, 0x00, 0x00, 0x00, 0x00, 0x00, 0x00, 0x00, 0x00, 0x00, 0x00,
    0x00, 0x00, 0x05, 0xad, 0xfe, 0xda, 0x60, 0x00, 0x00, 0x03, 0xdf, 0xff, 0xff, 0xff, 0xfd, 0x40,
    0x00, 0x6f, 0xfe, 0x94, 0x21, 0x37, 0xef, 0xf3, 0x03, 0xff, 0xc2, 0x00, 0x00, 0x00, 0x1b, 0x70,
    0x0d, 0xfd, 0x10, 0x00, 0x00, 0x00, 0x00, 0x00, 0x5f, 0xf4, 0x00, 0x00, 0x00, 0x00, 0x00, 0x00,
    0x9f, 0xd0, 0x00, 0x00, 0x00, 0x00, 0x00, 0x00, 0xcf, 0xa0, 0x00, 0x00, 0x00, 0x00, 0x00, 0x00,
    0xcf, 0x90, 0x00, 0x00, 0x00, 0x00, 0x00, 0x00, 0xcf, 0xa0, 0x00, 0x00, 0x00, 0x00, 0x00, 0x00,
    0x9f, 0xd0, 0x00, 0x00, 0x00, 0x00, 0x00, 0x00, 0x5f, 0xf4, 0x00, 0x00, 0x00, 0x00, 0x00, 0x00,
    0x0d, 0xfd, 0x10, 0x00, 0x00, 0x00, 0x00, 0x00, 0x03, 0xff, 0xc2, 0x00, 0x00, 0x00, 0x1b, 0x70,
    0x00, 0x6f, 0xfe, 0x94, 0x21, 0x37, 0xef, 0xf3, 0x00, 0x03, 0xdf, 0xff, 0xff, 0xff, 0xfd, 0x40,
    0x00, 0x00, 0x05, 0xad, 0xfe, 0xda, 0x60, 0x00, 0x00, 0x8f, 0xa1, 0x04, 0xed, 0x20, 0x00, 0x07,
    0xfc, 0x7f, 0xd2, 0x00, 0x00, 0x00, 0x6f, 0xfc, 0x10, 0x00, 0x00, 0x00, 0x00, 0x00, 0x00, 0x00,
    0x00, 0x00, 0x00, 0x00, 0x00, 0x00, 0x00, 0x04, 0xad, 0xee, 0xb6, 0x00, 0x00, 0x9f, 0xff, 0xff,
    0xff, 0xc1, 0x09, 0xff, 0x93, 0x12, 0x7e, 0xfa, 0x4f, 0xf6, 0x00, 0x00, 0x03, 0x91, 0xaf, 0xc0,
    0x00, 0x00, 0x00, 0x00, 0xdf, 0x70, 0x00, 0x00, 0x00, 0x00, 0xef, 0x60, 0x00, 0x00, 0x00, 0x00,
    0xdf, 0x70, 0x00, 0x00, 0x00, 0x00, 0xaf, 0xc0, 0x00, 0x00, 0x00, 0x00, 0x4f, 0xf6, 0x00, 0x00,
    0x03, 0x91, 0x09, 0xff, 0x93, 0x12, 0x7e, 0xfa, 0x00, 0x9f, 0xff, 0xff, 0xff, 0xc1, 0x00, 0x04,
    0xad, 0xfe, 0xb6, 0x00, 0x00, 0x0a, 0xf8, 0x00, 0x5e, 0xc1, 0x00, 0x00, 0x00, 0x00, 0x09, 0xfb,
    0x9f, 0xb1, 0x00, 0x00, 0x00, 0x00, 0x00, 0x08, 0xff, 0xb0, 0x00, 0x00, 0x00, 0x00, 0x00, 0x00,
    0x00, 0x00, 0x00, 0x00, 0x00, 0x00, 0x7f, 0xff, 0xff, 0xff, 0xec, 0x94, 0x00, 0x00, 0x07, 0xff,
    0xff, 0xff, 0xff, 0xff, 0xfc, 0x20, 0x00, 0x7f, 0xe0, 0x00, 0x01, 0x24, 0xaf, 0xfe, 0x40, 0x07,
    0xfe, 0x00, 0x00, 0x00, 0x00, 0x3d, 0xfe, 0x20, 0x7f, 0xe0, 0x00, 0x00, 0x00, 0x00, 0x2e, 0xfb,
    0x07, 0xfe, 0x00, 0x00, 0x00, 0x00, 0x00, 0x6f, 0xf3, 0x7f, 0xe0, 0x00, 0x00, 0x00, 0x00, 0x01,
    0xff, 0x77, 0xfe, 0x00, 0x00, 0x00, 0x00, 0x00, 0x0d, 0xf9, 0x7f, 0xe0, 0x00, 0x00, 0x00, 0x00,
    0x00, 0xbf, 0xa7, 0xfe, 0x00, 0x00, 0x00, 0x00, 0x00, 0x0d, 0xf9, 0x7f, 0xe0, 0x00, 0x00, 0x00,
    0x00, 0x01, 0xff, 0x77, 0xfe, 0x00, 0x00, 0x00, 0x00, 0x00, 0x6f, 0xf3, 0x7f, 0xe0, 0x00, 0x00,
    0x00, 0x00, 0x2e, 0xfb, 0x07, 0xfe, 0x00, 0x00, 0x00, 0x00, 0x3d, 0xfe, 0x20, 0x7f, 0xe0, 0x00,
    0x01, 0x24, 0xaf, 0xfe, 0x40, 0x07, 0xff, 0xff, 0xff, 0xff, 0xff, 0xfc, 0x20, 0x00, 0x7f, 0xff,
    0xff, 0xff, 0xed, 0x94, 0x00, 0x00, 0x00, 0x00, 0x00, 0x00, 0x00, 0x00, 0x00, 0x00, 0x0a, 0xf3,
    0x00, 0x00, 0x00, 0x00, 0x00, 0x2f, 0xf3, 0x0a, 0xf2, 0x00, 0x00, 0x00, 0x00, 0x00, 0x2f, 0xf3,
    0x0a, 0xf1, 0x00, 0x00, 0x00, 0x00, 0x00, 0x2f, 0xf3, 0x0a, 0xf0, 0x00, 0x00, 0x00, 0x00, 0x00,
    0x2f, 0xf3, 0x0a, 0xe0, 0x00, 0x00, 0x00, 0x00, 0x00, 0x2f, 0xf3, 0x00, 0x00, 0x00, 0x05, 0xbd,
    0xfd, 0x92, 0x2f, 0xf3, 0x00, 0x00, 0x01, 0xbf, 0xff, 0xff, 0xff, 0x7f, 0xf3, 0x00, 0x00, 0x0b,
    0xff, 0x93, 0x12, 0x7e, 0xff, 0xf3, 0x00, 0x00, 0x5f, 0xf6, 0x00, 0x00, 0x03, 0xef, 0xf3, 0x00,
    0x00, 0xaf, 0xc0, 0x00, 0x00, 0x00, 0x8f, 0xf3, 0x00, 0x00, 0xdf, 0x70, 0x00, 0x00, 0x00, 0x3f,
    0xf3, 0x00, 0x00, 0xef, 0x60, 0x00, 0x00, 0x00, 0x2f, 0xf3, 0x00, 0x00, 0xdf, 0x70, 0x00, 0x00,
    0x00, 0x3f, 0xf3, 0x00, 0x00, 0xaf, 0xc0, 0x00, 0x00, 0x00, 0x8f, 0xf3, 0x00, 0x00, 0x5f, 0xf6,
    0x00, 0x00, 0x03, 0xff, 0xf3, 0x00, 0x00, 0x0b, 0xff, 0x93, 0x12, 0x7e, 0xff, 0xf3, 0x00, 0x00,
    0x01, 0xbf, 0xff, 0xff, 0xff, 0x6f, 0xf3, 0x00, 0x00, 0x00, 0x05, 0xbd, 0xfd, 0x93, 0x0f, 0xf3,
    0x00, 0x00, 0x00, 0x4f, 0xff, 0xff, 0xff, 0xed, 0xa5, 0x00, 0x00, 0x00, 0x04, 0xff, 0xff, 0xff,
    0xff, 0xff, 0xfd, 0x40, 0x00, 0x00, 0x4f, 0xf2, 0x00, 0x01, 0x24, 0x9e, 0xff, 0x60, 0x00, 0x04,
    0xff, 0x20, 0x00, 0x00, 0x00, 0x2b, 0xff, 0x40, 0x00, 0x4f, 0xf2, 0x00, 0x00, 0x00, 0x00, 0x1c,
    0xfd, 0x00, 0x04, 0xff, 0x20, 0x00, 0x00, 0x00, 0x00, 0x4f, 0xf5, 0x00, 0x5f, 0xf2, 0x00, 0x00,
    0x00, 0x00, 0x00, 0xdf, 0xab, 0xff, 0xff, 0xff, 0xff, 0xd0, 0x00, 0x00, 0x0a, 0xfc, 0xbf, 0xff,
    0xff, 0xff, 0xfd, 0x00, 0x00, 0x00, 0x9f, 0xd0, 0x04, 0xff, 0x20, 0x00, 0x00, 0x00, 0x00, 0x0a,
    0xfc, 0x00, 0x4f, 0xf2, 0x00, 0x00, 0x00, 0x00, 0x00, 0xdf, 0xa0, 0x04, 0xff, 0x20, 0x00, 0x00,
    0x00, 0x00, 0x4f, 0xf5, 0x00, 0x4f, 0xf2, 0x00, 0x00, 0x00, 0x00, 0x1c, 0xfe, 0x00, 0x04, 0xff,
    0x20, 0x00, 0x00, 0x00, 0x2b, 0xff, 0x40, 0x00, 0x4f, 0xf2, 0x00, 0x01, 0x24, 0x9e, 0xff, 0x70,
    0x00, 0x04, 0xff, 0xff, 0xff, 0xff, 0xff, 0xfd, 0x40, 0x00, 0x00, 0x4f, 0xff, 0xff, 0xff, 0xfd,
    0xa5, 0x00, 0x00, 0x00, 0x00, 0x00, 0x00, 0x00, 0x00, 0x2f, 0xf3, 0x00, 0x00, 0x00, 0x02, 0xff,
    0xff, 0xff, 0xff, 0xf5, 0x00, 0x00, 0x02, 0xff, 0xff, 0xff, 0xff, 0xf5, 0x00, 0x00, 0x00, 0x00,
    0x00, 0x2f, 0xf3, 0x00, 0x00, 0x00, 0x00, 0x00, 0x00, 0x2f, 0xf3, 0x00, 0x00, 0x05, 0xbd, 0xfd,
    0x92, 0x2f, 0xf3, 0x00, 0x01, 0xbf, 0xff, 0xff, 0xff, 0x7f, 0xf3, 0x00, 0x0b, 0xff, 0x93, 0x12,
    0x7e, 0xff, 0xf3, 0x00, 0x5f, 0xf6, 0x00, 0x00, 0x03, 0xef, 0xf3, 0x00, 0xaf, 0xc0, 0x00, 0x00,
    0x00, 0x8f, 0xf3, 0x00, 0xdf, 0x70, 0x00, 0x00, 0x00, 0x3f, 0xf3, 0x00, 0xef, 0x60, 0x00, 0x00,
    0x00, 0x2f, 0xf3, 0x00, 0xdf, 0x70, 0x00, 0x00, 0x00, 0x3f, 0xf3, 0x00, 0xaf, 0xc0, 0x00, 0x00,
    0x00, 0x8f, 0xf3, 0x00, 0x5f, 0xf6, 0x00, 0x00, 0x03, 0xff, 0xf3, 0x00, 0x0b, 0xff, 0x93, 0x12,
    0x7e, 0xff, 0xf3, 0x00, 0x01, 0xbf, 0xff, 0xff, 0xff, 0x6f, 0xf3, 0x00, 0x00, 0x05, 0xbd, 0xfd,
    0x93, 0x0f, 0xf3, 0x00, 0x00, 0x00, 0x00, 0x00, 0x00, 0x00, 0x00, 0x07, 0xff, 0xff, 0xff, 0xf6,
    0x00, 0x00, 0x7f, 0xff, 0xff, 0xff, 0x60, 0x00, 0x00, 0x00, 0x00, 0x00, 0x00, 0x00, 0x00, 0x00,
    0x00, 0x00, 0x00, 0x00, 0x07, 0xff, 0xff, 0xff, 0xff, 0xff, 0xf6, 0x7f, 0xff, 0xff, 0xff, 0xff,
    0xff, 0x67, 0xfe, 0x00, 0x00, 0x00, 0x00, 0x00, 0x7f, 0xe0, 0x00, 0x00, 0x00, 0x00, 0x07, 0xfe,
    0x00, 0x00, 0x00, 0x00, 0x00, 0x7f, 0xe0, 0x00, 0x00, 0x00, 0x00, 0x07, 0xfe, 0x00, 0x00, 0x00,
    0x00, 0x00, 0x7f, 0xff, 0xff, 0xff, 0xff, 0xf5, 0x07, 0xff, 0xff, 0xff, 0xff, 0xff, 0x50, 0x7f,
    0xe0, 0x00, 0x00, 0x00, 0x00, 0x07, 0xfe, 0x00, 0x00, 0x00, 0x00, 0x00, 0x7f, 0xe0, 0x00, 0x00,
    0x00, 0x00, 0x07, 0xfe, 0x00, 0x00, 0x00, 0x00, 0x00, 0x7f, 0xe0, 0x00, 0x00, 0x00, 0x00, 0x07,
    0xfe, 0x00, 0x00, 0x00, 0x00, 0x00, 0x7f, 0xff, 0xff, 0xff, 0xff, 0xff, 0xb7, 0xff, 0xff, 0xff,
    0xff, 0xff, 0xfb, 0x00, 0x00, 0x00, 0x00, 0x00, 0x00, 0x00, 0x08, 0xff, 0xff, 0xff, 0xf4, 0x00,
    0x00, 0x8f, 0xff, 0xff, 0xff, 0x40, 0x00, 0x00, 0x00, 0x00, 0x00, 0x00, 0x00, 0x00, 0x00, 0x00,
    0x00, 0x00, 0x00, 0x00, 0x00, 0x00, 0x00, 0x00, 0x00, 0x00, 0x00, 0x05, 0xbd, 0xfd, 0xa4, 0x00,
    0x00, 0x1a, 0xff, 0xff, 0xff, 0xf8, 0x00, 0x0a, 0xfd, 0x62, 0x13, 0x8e, 0xf7, 0x05, 0xfd, 0x20,
    0x00, 0x00, 0x4f, 0xf1, 0xaf, 0x70, 0x00, 0x00, 0x00, 0xbf, 0x6d, 0xff, 0xff, 0xff, 0xff, 0xff,
    0xf9, 0xef, 0xff, 0xff, 0xff, 0xff, 0xff, 0xad, 0xf6, 0x00, 0x00, 0x00, 0x00, 0x00, 0xaf, 0xb0,
    0x00, 0x00, 0x00, 0x00, 0x04, 0xff, 0x60, 0x00, 0x00, 0x06, 0x00, 0x0a, 0xff, 0xa3, 0x11, 0x4b,
    0xf8, 0x00, 0x19, 0xff, 0xff, 0xff, 0xfe, 0x40, 0x00, 0x04, 0x9d, 0xee, 0xc8, 0x10, 0x00, 0x00,
    0x25, 0x10, 0x00, 0x15, 0x20, 0x00, 0x04, 0xf5, 0x00, 0x06, 0xf3, 0x00, 0x00, 0x0d, 0xd3, 0x04,
    0xec, 0x00, 0x00, 0x00, 0x2a, 0xff, 0xfa, 0x10, 0x00, 0x00, 0x00, 0x00, 0x20, 0x00, 0x00, 0x00,
    0x00, 0x00, 0x00, 0x00, 0x00, 0x00, 0x7f, 0xff, 0xff, 0xff, 0xff, 0xff, 0x67, 0xff, 0xff, 0xff,
    0xff, 0xff, 0xf6, 0x7f, 0xe0, 0x00, 0x00, 0x00, 0x00, 0x07, 0xfe, 0x00, 0x00, 0x00, 0x00, 0x00,
    0x7f, 0xe0, 0x00, 0x00, 0x00, 0x00, 0x07, 0xfe, 0x00, 0x00, 0x00, 0x00, 0x00, 0x7f, 0xe0, 0x00,
    0x00, 0x00, 0x00, 0x07, 0xff, 0xff, 0xff, 0xff, 0xff, 0x50, 0x7f, 0xff, 0xff, 0xff, 0xff, 0xf5,
    0x07, 0xfe, 0x00, 0x00, 0x00, 0x00, 0x00, 0x7f, 0xe0, 0x00, 0x00, 0x00, 0x00, 0x07, 0xfe, 0x00,
    0x00, 0x00, 0x00, 0x00, 0x7f, 0xe0, 0x00, 0x00, 0x00, 0x00, 0x07, 0xfe, 0x00, 0x00, 0x00, 0x00,
    0x00, 0x7f, 0xe0, 0x00, 0x00, 0x00, 0x00, 0x07, 0xff, 0xff, 0xff, 0xff, 0xff, 0xfb, 0x7f, 0xff,
    0xff, 0xff, 0xff, 0xff, 0xb0, 0x00, 0x35, 0x00, 0x00, 0x25, 0x10, 0x00, 0x06, 0xf3, 0x00, 0x08,
    0xf2, 0x00, 0x00, 0x1e, 0xc3, 0x05, 0xea, 0x00, 0x00, 0x00, 0x2b, 0xff, 0xf9, 0x10, 0x00, 0x00,
    0x00, 0x01, 0x20, 0x00, 0x00, 0x00, 0x00, 0x00, 0x00, 0x00, 0x00, 0x00, 0x00, 0x05, 0xbd, 0xfd,
    0xa4, 0x00, 0x00, 0x1a, 0xff, 0xff, 0xff, 0xf8, 0x00, 0x0a, 0xfd, 0x62, 0x13, 0x8e, 0xf7, 0x05,
    0xfd, 0x20, 0x00, 0x00, 0x4f, 0xf1, 0xaf, 0x70, 0x00, 0x00, 0x00, 0xbf, 0x6d, 0xff, 0xff, 0xff,
    0xff, 0xff, 0xf9, 0xef, 0xff, 0xff, 0xff, 0xff, 0xff, 0xad, 0xf6, 0x00, 0x00, 0x00, 0x00, 0x00,
    0xaf, 0xb0, 0x00, 0x00, 0x00, 0x00, 0x04, 0xff, 0x60, 0x00, 0x00, 0x06, 0x00, 0x0a, 0xff, 0xa3,
    0x11, 0x4b, 0xf8, 0x00, 0x19, 0xff, 0xff, 0xff, 0xfe, 0x40, 0x00, 0x04, 0x9d, 0xee, 0xc8, 0x10,
    0x00, 0x00, 0x00, 0x06, 0xc6, 0x00, 0x00, 0x00, 0x00, 0x00, 0xdf, 0xd0, 0x00, 0x00, 0x00, 0x00,
    0x08, 0xe7, 0x00, 0x00, 0x00, 0x00, 0x00, 0x00, 0x00, 0x00, 0x00, 0x00, 0x00, 0x00, 0x00, 0x00,
    0x00, 0x07, 0xff, 0xff, 0xff, 0xff, 0xff, 0xf6, 0x7f, 0xff, 0xff, 0xff, 0xff, 0xff, 0x67, 0xfe,
    0x00, 0x00, 0x00, 0x00, 0x00, 0x7f, 0xe0, 0x00, 0x00, 0x00, 0x00, 0x07, 0xfe, 0x00, 0x00, 0x00,
    0x00, 0x00, 0x7f, 0xe0, 0x00, 0x00, 0x00, 0x00, 0x07, 0xfe, 0x00, 0x00, 0x00, 0x00, 0x00, 0x7f,
    0xff, 0xff, 0xff, 0xff, 0xf5, 0x07, 0xff, 0xff, 0xff, 0xff, 0xff, 0x50, 0x7f, 0xe0, 0x00, 0x00,
    0x00, 0x00, 0x07, 0xfe, 0x00, 0x00, 0x00, 0x00, 0x00, 0x7f, 0xe0, 0x00, 0x00, 0x00, 0x00, 0x07,
    0xfe, 0x00, 0x00, 0x00, 0x00, 0x00, 0x7f, 0xe0, 0x00, 0x00, 0x00, 0x00, 0x07, 0xfe, 0x00, 0x00,
    0x00, 0x00, 0x00, 0x7f, 0xff, 0xff, 0xff, 0xff, 0xff, 0xb7, 0xff, 0xff, 0xff, 0xff, 0xff, 0xfb,
    0x00, 0x00, 0x07, 0xc4, 0x00, 0x00, 0x00, 0x00, 0x00, 0xff, 0xb0, 0x00, 0x00, 0x00, 0x00, 0x09,
    0xe6, 0x00, 0x00, 0x00, 0x00, 0x00, 0x00, 0x00, 0x00, 0x00, 0x00, 0x00, 0x00, 0x00, 0x00, 0x00,
    0x00, 0x00, 0x5b, 0xdf, 0xda, 0x40, 0x00, 0x01, 0xaf, 0xff, 0xff, 0xff, 0x80, 0x00, 0xaf, 0xd6,
    0x21, 0x38, 0xef, 0x70, 0x5f, 0xd2, 0x00, 0x00, 0x04, 0xff, 0x1a, 0xf7, 0x00, 0x00, 0x00, 0x0b,
    0xf6, 0xdf, 0xff, 0xff, 0xff, 0xff, 0xff, 0x9e, 0xff, 0xff, 0xff, 0xff, 0xff, 0xfa, 0xdf, 0x60,
    0x00, 0x00, 0x00, 0x00, 0x0a, 0xfb, 0x00, 0x00, 0x00, 0x00, 0x00, 0x4f, 0xf6, 0x00, 0x00, 0x00,
    0x60, 0x00, 0xaf, 0xfa, 0x31, 0x14, 0xbf, 0x80, 0x01, 0x9f, 0xff, 0xff, 0xff, 0xe4, 0x00, 0x00,
    0x49, 0xde, 0xec, 0x81, 0x00, 0x7f, 0xff, 0xff, 0xff, 0xff, 0xff, 0x60, 0x7f, 0xff, 0xff, 0xff,
    0xff, 0xff, 0x60, 0x7f, 0xe0, 0x00, 0x00, 0x00, 0x00, 0x00, 0x7f, 0xe0, 0x00, 0x00, 0x00, 0x00,
    0x00, 0x7f, 0xe0, 0x00, 0x00, 0x00, 0x00, 0x00, 0x7f, 0xe0, 0x00, 0x00, 0x00, 0x00, 0x00, 0x7f,
    0xe0, 0x00, 0x00, 0x00, 0x00, 0x00, 0x7f, 0xff, 0xff, 0xff, 0xff, 0xf5, 0x00, 0x7f, 0xff, 0xff,
    0xff, 0xff, 0xf5, 0x00, 0x7f, 0xe0, 0x00, 0x00, 0x00, 0x00, 0x00, 0x7f, 0xe0, 0x00, 0x00, 0x00,
    0x00, 0x00, 0x7f, 0xe0, 0x00, 0x00, 0x00, 0x00, 0x00, 0x7f, 0xe0, 0x00, 0x00, 0x00, 0x00, 0x00,
    0x7f, 0xe0, 0x00, 0x00, 0x00, 0x00, 0x00, 0x7f, 0xe0, 0x00, 0x00, 0x00, 0x00, 0x00, 0x7f, 0xff,
    0xff, 0xff, 0xff, 0xff, 0xb0, 0x7f, 0xff, 0xff, 0xff, 0xff, 0xff, 0xe0, 0x00, 0x00, 0x00, 0x00,
    0x08, 0xf9, 0x10, 0x00, 0x00, 0x00, 0x00, 0x6f, 0x60, 0x00, 0x00, 0x00, 0x00, 0x00, 0xbe, 0x00,
    0x00, 0x00, 0x00, 0x00, 0x00, 0xaf, 0x30, 0x30, 0x00, 0x00, 0x00, 0x00, 0x2c, 0xff, 0xe1, 0x00,
    0x00, 0x00, 0x00, 0x00, 0x12, 0x00, 0x00, 0x05, 0xbd, 0xfd, 0xa4, 0x00, 0x00, 0x1a, 0xff, 0xff,
    0xff, 0xf8, 0x00, 0x0a, 0xfd, 0x62, 0x13, 0x8e, 0xf7, 0x05, 0xfd, 0x20, 0x00, 0x00, 0x4f, 0xf1,
    0xaf, 0x70, 0x00, 0x00, 0x00, 0xbf, 0x6d, 0xff, 0xff, 0xff, 0xff, 0xff, 0xf9, 0xef, 0xff, 0xff,
    0xff, 0xff, 0xff, 0xad, 0xf6, 0x00, 0x00, 0x00, 0x00, 0x00, 0xaf, 0xb0, 0x00, 0x00, 0x00, 0x00,
    0x04, 0xff, 0x60, 0x00, 0x00, 0x06, 0x00, 0x0a, 0xff, 0xa3, 0x11, 0x4b, 0xf8, 0x00, 0x19, 0xff,
    0xff, 0xff, 0xfe, 0x40, 0x00, 0x04, 0x9d, 0xef, 0xfe, 0x40, 0x00, 0x00, 0x00, 0x00, 0xaf, 0x40,
    0x00, 0x00, 0x00, 0x00, 0x3f, 0x80, 0x00, 0x00, 0x00, 0x00, 0x06, 0xf4, 0x00, 0x00, 0x00, 0x00,
    0x00, 0x4f, 0x80, 0x21, 0x00, 0x00, 0x00, 0x00, 0x8f, 0xff, 0x60, 0x00, 0x00, 0x00, 0x00, 0x12,
    0x10, 0x00, 0x00, 0x5f, 0xc2, 0x02, 0xce, 0x40, 0x00, 0x00, 0x4e, 0xe7, 0xee, 0x30, 0x00, 0x00,
    0x00, 0x3e, 0xfe, 0x30, 0x00, 0x00, 0x00, 0x00, 0x00, 0x00, 0x00, 0x00, 0x7f, 0xff, 0xff, 0xff,
    0xff, 0xff, 0x67, 0xff, 0xff, 0xff, 0xff, 0xff, 0xf6, 0x7f, 0xe0, 0x00, 0x00, 0x00, 0x00, 0x07,
    0xfe, 0x00, 0x00, 0x00, 0x00, 0x00, 0x7f, 0xe0, 0x00, 0x00, 0x00, 0x00, 0x07, 0xfe, 0x00, 0x00,
    0x00, 0x00, 0x00, 0x7f, 0xe0, 0x00, 0x00, 0x00, 0x00, 0x07, 0xff, 0xff, 0xff, 0xff, 0xff, 0x50,
    0x7f, 0xff, 0xff, 0xff, 0xff, 0xf5, 0x07, 0xfe, 0x00, 0x00, 0x00, 0x00, 0x00, 0x7f, 0xe0, 0x00,
    0x00, 0x00, 0x00, 0x07, 0xfe, 0x00, 0x00, 0x00, 0x00, 0x00, 0x7f, 0xe0, 0x00, 0x00, 0x00, 0x00,
    0x07, 0xfe, 0x00, 0x00, 0x00, 0x00, 0x00, 0x7f, 0xe0, 0x00, 0x00, 0x00, 0x00, 0x07, 0xff, 0xff,
    0xff, 0xff, 0xff, 0xfb, 0x7f, 0xff, 0xff, 0xff, 0xff, 0xff, 0xb0, 0x00, 0x6f, 0xb1, 0x03, 0xde,
    0x30, 0x00, 0x00, 0x5f, 0xd7, 0xed, 0x20, 0x00, 0x00, 0x00, 0x5f, 0xfd, 0x20, 0x00, 0x00, 0x00,
    0x00, 0x00, 0x00, 0x00, 0x00, 0x00, 0x00, 0x00, 0x00, 0x00, 0x00, 0x00, 0x00, 0x5b, 0xdf, 0xda,
    0x40, 0x00, 0x01, 0xaf, 0xff, 0xff, 0xff, 0x80, 0x00, 0xaf, 0xd6, 0x21, 0x38, 0xef, 0x70, 0x5f,
    0xd2, 0x00, 0x00, 0x04, 0xff, 0x1a, 0xf7, 0x00, 0x00, 0x00, 0x0b, 0xf6, 0xdf, 0xff, 0xff, 0xff,
    0xff, 0xff, 0x9e, 0xff, 0xff, 0xff, 0xff, 0xff, 0xfa, 0xdf, 0x60, 0x00, 0x00, 0x00, 0x00, 0x0a,
    0xfb, 0x00, 0x00, 0x00, 0x00, 0x00, 0x4f, 0xf6, 0x00, 0x00, 0x00, 0x60, 0x00, 0xaf, 0xfa, 0x31,
    0x14, 0xbf, 0x80, 0x01, 0x9f, 0xff, 0xff, 0xff, 0xe4, 0x00, 0x00, 0x49, 0xde, 0xec, 0x81, 0x00,
    0x00, 0x00, 0x00, 0x1b, 0xff, 0x70, 0x00, 0x00, 0x00, 0x00, 0x01, 0xcf, 0x8b, 0xf8, 0x00, 0x00,
    0x00, 0x00, 0x1c, 0xe5, 0x00, 0x8f, 0x90, 0x00, 0x00, 0x00, 0x00, 0x00, 0x00, 0x00, 0x00, 0x00,
    0x00, 0x00, 0x05, 0xad, 0xef, 0xdb, 0x71, 0x00, 0x00, 0x03, 0xdf, 0xff, 0xff, 0xff, 0xfe, 0x60,
    0x00, 0x5f, 0xfe, 0x94, 0x21, 0x26, 0xcf, 0xf5, 0x03, 0xff, 0xc2, 0x00, 0x00, 0x00, 0x07, 0x90,
    0x0d, 0xfd, 0x10, 0x00, 0x00, 0x00, 0x00, 0x00, 0x5f, 0xf4, 0x00, 0x00, 0x00, 0x00, 0x00, 0x00,
    0x9f, 0xd0, 0x00, 0x00, 0x00, 0x00, 0x00, 0x00, 0xcf, 0xa0, 0x00, 0x00, 0x00, 0x00, 0x00, 0x00,
    0xcf, 0x90, 0x00, 0x00, 0x00, 0x00, 0x08, 0x94, 0xcf, 0xa0, 0x00, 0x00, 0x00, 0x00, 0x0d, 0xf7,
    0x9f, 0xd0, 0x00, 0x00, 0x00, 0x00, 0x0d, 0xf7, 0x5f, 0xf4, 0x00, 0x00, 0x00, 0x00, 0x0d, 0xf7,
    0x0d, 0xfd, 0x10, 0x00, 0x00, 0x00, 0x0d, 0xf7, 0x03, 0xff, 0xc2, 0x00, 0x00, 0x00, 0x0d, 0xf7,
    0x00, 0x5f, 0xfe, 0x94, 0x21, 0x26, 0xcf, 0xf7, 0x00, 0x03, 0xdf, 0xff, 0xff, 0xff, 0xff, 0x91,
    0x00, 0x00, 0x05, 0xad, 0xff, 0xdb, 0x72, 0x00, 0x00, 0x00, 0x0b, 0xff, 0x80, 0x00, 0x00, 0x00,
    0x01, 0xbf, 0x8b, 0xf9, 0x00, 0x00, 0x00, 0x1c, 0xe5, 0x00, 0x8f, 0xa0, 0x00, 0x00, 0x00, 0x00,
    0x00, 0x00, 0x00, 0x00, 0x00, 0x00, 0x00, 0x00, 0x00, 0x00, 0x00, 0x00, 0x05, 0xad, 0xfd, 0xa4,
    0x0c, 0xf5, 0x01, 0xaf, 0xff, 0xff, 0xff, 0x8c, 0xf5, 0x0a, 0xff, 0x93, 0x12, 0x6d, 0xff, 0xf5,
    0x5f, 0xf6, 0x00, 0x00, 0x01, 0xdf, 0xf5, 0xaf, 0xb0, 0x00, 0x00, 0x00, 0x5f, 0xf5, 0xdf, 0x70,
    0x00, 0x00, 0x00, 0x0f, 0xf5, 0xef, 0x60, 0x00, 0x00, 0x00, 0x0e, 0xf5, 0xdf, 0x70, 0x00, 0x00,
    0x00, 0x1f, 0xf5, 0xaf, 0xc0, 0x00, 0x00, 0x00, 0x5f, 0xf5, 0x5f, 0xf7, 0x00, 0x00, 0x02, 0xdf,
    0xf5, 0x0a, 0xff, 0x93, 0x12, 0x6e, 0xff, 0xf5, 0x01, 0xaf, 0xff, 0xff, 0xff, 0x8e, 0xf5, 0x00,
    0x05, 0xbd, 0xfe, 0xa4, 0x0f, 0xf4, 0x00, 0x00, 0x00, 0x00, 0x00, 0x3f, 0xf2, 0x03, 0x20, 0x00,
    0x00, 0x00, 0xaf, 0xd0, 0x1d, 0xe9, 0x52, 0x11, 0x4b, 0xff, 0x50, 0x1a, 0xff, 0xff, 0xff, 0xff,
    0xf7, 0x00, 0x00, 0x38, 0xce, 0xfe, 0xd9, 0x30, 0x00, 0x00, 0x00, 0x05, 0x30, 0x00, 0x04, 0x40,
    0x00, 0x00, 0x00, 0x0e, 0xb0, 0x00, 0x1f, 0x90, 0x00, 0x00, 0x00, 0x07, 0xf7, 0x12, 0xaf, 0x30,
    0x00, 0x00, 0x00, 0x00, 0x7e, 0xff, 0xc4, 0x00, 0x00, 0x00, 0x00, 0x00, 0x00, 0x21, 0x00, 0x00,
    0x00, 0x00, 0x00, 0x00, 0x00, 0x00, 0x00, 0x00, 0x00, 0x00, 0x00, 0x05, 0xad, 0xef, 0xdb, 0x71,
    0x00, 0x00, 0x03, 0xdf, 0xff, 0xff, 0xff, 0xfe, 0x60, 0x00, 0x5f, 0xfe, 0x94, 0x21, 0x26, 0xcf,
    0xf5, 0x03, 0xff, 0xc2, 0x00, 0x00, 0x00, 0x07, 0x90, 0x0d, 0xfd, 0x10, 0x00, 0x00, 0x00, 0x00,
    0x00, 0x5f, 0xf4, 0x00, 0x00, 0x00, 0x00, 0x00, 0x00, 0x9f, 0xd0, 0x00, 0x00, 0x00, 0x00, 0x00,
    0x00, 0xcf, 0xa0, 0x00, 0x00, 0x00, 0x00, 0x00, 0x00, 0xcf, 0x90, 0x00, 0x00, 0x00, 0x00, 0x08,
    0x94, 0xcf, 0xa0, 0x00, 0x00, 0x00, 0x00, 0x0d, 0xf7, 0x9f, 0xd0, 0x00, 0x00, 0x00, 0x00, 0x0d,
    0xf7, 0x5f, 0xf4, 0x00, 0x00, 0x00, 0x00, 0x0d, 0xf7, 0x0d, 0xfd, 0x10, 0x00, 0x00, 0x00, 0x0d,
    0xf7, 0x03, 0xff, 0xc2, 0x00, 0x00, 0x00, 0x0d, 0xf7, 0x00, 0x5f, 0xfe, 0x94, 0x21, 0x26, 0xcf,
    0xf7, 0x00, 0x03, 0xdf, 0xff, 0xff, 0xff, 0xff, 0x91, 0x00, 0x00, 0x05, 0xad, 0xff, 0xdb, 0x72,
    0x00, 0x00, 0x05, 0x30, 0x00, 0x04, 0x40, 0x00, 0x00, 0x0d, 0xb0, 0x00, 0x0e, 0xa0, 0x00, 0x00,
    0x07, 0xf7, 0x11, 0xaf, 0x40, 0x00, 0x00, 0x00, 0x6e, 0xff, 0xd4, 0x00, 0x00, 0x00, 0x00, 0x00,
    0x21, 0x00, 0x00, 0x00, 0x00, 0x00, 0x00, 0x00, 0x00, 0x00, 0x00, 0x00, 0x05, 0xad, 0xfd, 0xa4,
    0x0c, 0xf5, 0x01, 0xaf, 0xff, 0xff, 0xff, 0x8c, 0xf5, 0x0a, 0xff, 0x93, 0x12, 0x6d, 0xff, 0xf5,
    0x5f, 0xf6, 0x00, 0x00, 0x01, 0xdf, 0xf5, 0xaf, 0xb0, 0x00, 0x00, 0x00, 0x5f, 0xf5, 0xdf, 0x70,
    0x00, 0x00, 0x00, 0x0f, 0xf5, 0xef, 0x60, 0x00, 0x00, 0x00, 0x0e, 0xf5, 0xdf, 0x70, 0x00, 0x00,
    0x00, 0x1f, 0xf5, 0xaf, 0xc0, 0x00, 0x00, 0x00, 0x5f, 0xf5, 0x5f, 0xf7, 0x00, 0x00, 0x02, 0xdf,
    0xf5, 0x0a, 0xff, 0x93, 0x12, 0x6e, 0xff, 0xf5, 0x01, 0xaf, 0xff, 0xff, 0xff, 0x8e, 0xf5, 0x00,
    0x05, 0xbd, 0xfe, 0xa4, 0x0f, 0xf4, 0x00, 0x00, 0x00, 0x00, 0x00, 0x3f, 0xf2, 0x03, 0x20, 0x00,
    0x00, 0x00, 0xaf, 0xd0, 0x1d, 0xe9, 0x52, 0x11, 0x4b, 0xff, 0x50, 0x1a, 0xff, 0xff, 0xff, 0xff,
    0xf7, 0x00, 0x00, 0x38, 0xce, 0xfe, 0xd9, 0x30, 0x00, 0x00, 0x00, 0x00, 0x02, 0xca, 0x00, 0x00,
    0x00, 0x00, 0x00, 0x00, 0x08, 0xff, 0x30, 0x00, 0x00, 0x00, 0x00, 0x00, 0x03, 0xec, 0x10, 0x00,
    0x00, 0x00, 0x00, 0x00, 0x00, 0x00, 0x00, 0x00, 0x00, 0x00, 0x00, 0x00, 0x00, 0x00, 0x00, 0x00,
    0x00, 0x00, 0x00, 0x05, 0xad, 0xef, 0xdb, 0x71, 0x00, 0x00, 0x03, 0xdf, 0xff, 0xff, 0xff, 0xfe,
    0x60, 0x00, 0x5f, 0xfe, 0x94, 0x21, 0x26, 0xcf, 0xf5, 0x03, 0xff, 0xc2, 0x00, 0x00, 0x00, 0x07,
    0x90, 0x0d, 0xfd, 0x10, 0x00, 0x00, 0x00, 0x00, 0x00, 0x5f, 0xf4, 0x00, 0x00, 0x00, 0x00, 0x00,
    0x00, 0x9f, 0xd0, 0x00, 0x00, 0x00, 0x00, 0x00, 0x00, 0xcf, 0xa0, 0x00, 0x00, 0x00, 0x00, 0x00,
    0x00, 0xcf, 0x90, 0x00, 0x00, 0x00, 0x00, 0x08, 0x94, 0xcf, 0xa0, 0x00, 0x00, 0x00, 0x00, 0x0d,
    0xf7, 0x9f, 0xd0, 0x00, 0x00, 0x00, 0x00, 0x0d, 0xf7, 0x5f, 0xf4, 0x00, 0x00, 0x00, 0x00, 0x0d,
    0xf7, 0x0d, 0xfd, 0x10, 0x00, 0x00, 0x00, 0x0d, 0xf7, 0x03, 0xff, 0xc2, 0x00, 0x00, 0x00, 0x0d,
    0xf7, 0x00, 0x5f, 0xfe, 0x94, 0x21, 0x26, 0xcf, 0xf7, 0x00, 0x03, 0xdf, 0xff, 0xff, 0xff, 0xff,
    0x91, 0x00, 0x00, 0x05, 0xad, 0xff, 0xdb, 0x72, 0x00, 0x00, 0x00, 0x02, 0xba, 0x00, 0x00, 0x00,
    0x00, 0x00, 0x07, 0xff, 0x40, 0x00, 0x00, 0x00, 0x00, 0x03, 0xdc, 0x10, 0x00, 0x00, 0x00, 0x00,
    0x00, 0x00, 0x00, 0x00, 0x00, 0x00, 0x00, 0x00, 0x00, 0x00, 0x00, 0x00, 0x00, 0x05, 0xad, 0xfd,
    0xa4, 0x0c, 0xf5, 0x01, 0xaf, 0xff, 0xff, 0xff, 0x8c, 0xf5, 0x0a, 0xff, 0x93, 0x12, 0x6d, 0xff,
    0xf5, 0x5f, 0xf6, 0x00, 0x00, 0x01, 0xdf, 0xf5, 0xaf, 0xb0, 0x00, 0x00, 0x00, 0x5f, 0xf5, 0xdf,
    0x70, 0x00, 0x00, 0x00, 0x0f, 0xf5, 0xef, 0x60, 0x00, 0x00, 0x00, 0x0e, 0xf5, 0xdf, 0x70, 0x00,
    0x00, 0x00, 0x1f, 0xf5, 0xaf, 0xc0, 0x00, 0x00, 0x00, 0x5f, 0xf5, 0x5f, 0xf7, 0x00, 0x00, 0x02,
    0xdf, 0xf5, 0x0a, 0xff, 0x93, 0x12, 0x6e, 0xff, 0xf5, 0x01, 0xaf, 0xff, 0xff, 0xff, 0x8e, 0xf5,
    0x00, 0x05, 0xbd, 0xfe, 0xa4, 0x0f, 0xf4, 0x00, 0x00, 0x00, 0x00, 0x00, 0x3f, 0xf2, 0x03, 0x20,
    0x00, 0x00, 0x00, 0xaf, 0xd0, 0x1d, 0xe9, 0x52, 0x11, 0x4b, 0xff, 0x50, 0x1a, 0xff, 0xff, 0xff,
    0xff, 0xf7, 0x00, 0x00, 0x38, 0xce, 0xfe, 0xd9, 0x30, 0x00, 0x00, 0x00, 0x05, 0xad, 0xef, 0xdb,
    0x71, 0x00, 0x00, 0x03, 0xdf, 0xff, 0xff, 0xff, 0xfe, 0x60, 0x00, 0x5f, 0xfe, 0x94, 0x21, 0x26,
    0xcf, 0xf5, 0x03, 0xff, 0xc2, 0x00, 0x00, 0x00, 0x07, 0x90, 0x0d, 0xfd, 0x10, 0x00, 0x00, 0x00,
    0x00, 0x00, 0x5f, 0xf4, 0x00, 0x00, 0x00, 0x00, 0x00, 0x00, 0x9f, 0xd0, 0x00, 0x00, 0x00, 0x00,
    0x00, 0x00, 0xcf, 0xa0, 0x00, 0x00, 0x00, 0x00, 0x00, 0x00, 0xcf, 0x90, 0x00, 0x00, 0x00, 0x00,
    0x08, 0x94, 0xcf, 0xa0, 0x00, 0x00, 0x00, 0x00, 0x0d, 0xf7, 0x9f, 0xd0, 0x00, 0x00, 0x00, 0x00,
    0x0d, 0xf7, 0x5f, 0xf4, 0x00, 0x00, 0x00, 0x00, 0x0d, 0xf7, 0x0d, 0xfd, 0x10, 0x00, 0x00, 0x00,
    0x0d, 0xf7, 0x03, 0xff, 0xc2, 0x00, 0x00, 0x00, 0x0d, 0xf7, 0x00, 0x5f, 0xfe, 0x94, 0x21, 0x26,
    0xcf, 0xf7, 0x00, 0x03, 0xdf, 0xff, 0xff, 0xff, 0xff, 0x91, 0x00, 0x00, 0x05, 0xad, 0xff, 0xdb,
    0x72, 0x00, 0x00, 0x00, 0x00, 0x00, 0x00, 0x00, 0x00, 0x00, 0x00, 0x00, 0x00, 0x00, 0x00, 0x00,
    0x00, 0x00, 0x00, 0x00, 0x00, 0x04, 0xea, 0x00, 0x00, 0x00, 0x00, 0x00, 0x00, 0x05, 0xfd, 0x00,
    0x00, 0x00, 0x00, 0x00, 0x00, 0x00, 0xd8, 0x00, 0x00, 0x00, 0x00, 0x00, 0x00, 0x02, 0xf2, 0x00,
    0x00, 0x00, 0x00, 0x00, 0x00, 0x6e, 0x00, 0x00, 0x00, 0x00, 0x00, 0x00, 0xbb, 0x00, 0x00, 0x00,
    0x00, 0x00, 0x02, 0xf8, 0x00, 0x00, 0x00, 0x00, 0x00, 0x06, 0xff, 0x20, 0x00, 0x00, 0x00, 0x00,
    0x03, 0xed, 0x10, 0x00, 0x00, 0x00, 0x00, 0x00, 0x00, 0x00, 0x00, 0x00, 0x00, 0x00, 0x00, 0x00,
    0x00, 0x00, 0x00, 0x00, 0x05, 0xad, 0xfd, 0xa4, 0x0c, 0xf5, 0x01, 0xaf, 0xff, 0xff, 0xff, 0x8c,
    0xf5, 0x0a, 0xff, 0x93, 0x12, 0x6d, 0xff, 0xf5, 0x5f, 0xf6, 0x00, 0x00, 0x01, 0xdf, 0xf5, 0xaf,
    0xb0, 0x00, 0x00, 0x00, 0x5f, 0xf5, 0xdf, 0x70, 0x00, 0x00, 0x00, 0x0f, 0xf5, 0xef, 0x60, 0x00,
    0x00, 0x00, 0x0e, 0xf5, 0xdf, 0x70, 0x00, 0x00, 0x00, 0x1f, 0xf5, 0xaf, 0xc0, 0x00, 0x00, 0x00,
    0x5f, 0xf5, 0x5f, 0xf7, 0x00, 0x00, 0x02, 0xdf, 0xf5, 0x0a, 0xff, 0x93, 0x12, 0x6e, 0xff, 0xf5,
    0x01, 0xaf, 0xff, 0xff, 0xff, 0x8e, 0xf5, 0x00, 0x05, 0xbd, 0xfe, 0xa4, 0x0f, 0xf4, 0x00, 0x00,
    0x00, 0x00, 0x00, 0x3f, 0xf2, 0x03, 0x20, 0x00, 0x00, 0x00, 0xaf, 0xd0, 0x1d, 0xe9, 0x52, 0x11,
    0x4b, 0xff, 0x50, 0x1a, 0xff, 0xff, 0xff, 0xff, 0xf7, 0x00, 0x00, 0x38, 0xce, 0xfe, 0xd9, 0x30,
    0x00, 0x00, 0x00, 0x01, 0xcf, 0xf6, 0x00, 0x00, 0x00, 0x00, 0x02, 0xdf, 0x7c, 0xf6, 0x00, 0x00,
    0x00, 0x02, 0xde, 0x30, 0x1a, 0xf7, 0x00, 0x00, 0x00, 0x00, 0x00, 0x00, 0x00, 0x00, 0x00, 0x7f,
    0xe0, 0x00, 0x00, 0x00, 0x00, 0x7f, 0xf7, 0xfe, 0x00, 0x00, 0x00, 0x00, 0x07, 0xff, 0x7f, 0xe0,
    0x00, 0x00, 0x00, 0x00, 0x7f, 0xf7, 0xfe, 0x00, 0x00, 0x00, 0x00, 0x07, 0xff, 0x7f, 0xe0, 0x00,
    0x00, 0x00, 0x00, 0x7f, 0xf7, 0xfe, 0x00, 0x00, 0x00, 0x00, 0x07, 0xff, 0x7f, 0xe0, 0x00, 0x00,
    0x00, 0x00, 0x7f, 0xf7, 0xff, 0xff, 0xff, 0xff, 0xff, 0xff, 0xff, 0x7f, 0xff, 0xff, 0xff, 0xff,
    0xff, 0xff, 0xf7, 0xfe, 0x00, 0x00, 0x00, 0x00, 0x07, 0xff, 0x7f, 0xe0, 0x00, 0x00, 0x00, 0x00,
    0x7f, 0xf7, 0xfe, 0x00, 0x00, 0x00, 0x00, 0x07, 0xff, 0x7f, 0xe0, 0x00, 0x00, 0x00, 0x00, 0x7f,
    0xf7, 0xfe, 0x00, 0x00, 0x00, 0x00, 0x07, 0xff, 0x7f, 0xe0, 0x00, 0x00, 0x00, 0x00, 0x7f, 0xf7,
    0xfe, 0x00, 0x00, 0x00, 0x00, 0x07, 0xff, 0x7f, 0xe0, 0x00, 0x00, 0x00, 0x00, 0x7f, 0xf0, 0x00,
    0x5f, 0xfd, 0x20, 0x00, 0x00, 0x00, 0x00, 0x06, 0xfd, 0x7f, 0xd2, 0x00, 0x00, 0x00, 0x00, 0x7f,
    0xa1, 0x03, 0xde, 0x30, 0x00, 0x00, 0x00, 0x00, 0x00, 0x00, 0x00, 0x00, 0x00, 0x00, 0x00, 0x00,
    0x0c, 0xf7, 0x00, 0x00, 0x00, 0x00, 0x00, 0x00, 0x0c, 0xf7, 0x00, 0x00, 0x00, 0x00, 0x00, 0x00,
    0x0c, 0xf7, 0x00, 0x00, 0x00, 0x00, 0x00, 0x00, 0x0c, 0xf7, 0x00, 0x00, 0x00, 0x00, 0x00, 0x00,
    0x0c, 0xf7, 0x00, 0x00, 0x00, 0x00, 0x00, 0x00, 0x0c, 0xf7, 0x18, 0xce, 0xec, 0x71, 0x00, 0x00,
    0x0c, 0xfa, 0xef, 0xff, 0xff, 0xfc, 0x10, 0x00, 0x0c, 0xff, 0xf7, 0x21, 0x39, 0xff, 0x90, 0x00,
    0x0c, 0xff, 0x50, 0x00, 0x00, 0xaf, 0xe0, 0x00, 0x0c, 0xfc, 0x00, 0x00, 0x00, 0x3f, 0xf2, 0x00,
    0x0c, 0xf8, 0x00, 0x00, 0x00, 0x1f, 0xf4, 0x00, 0x0c, 0xf7, 0x00, 0x00, 0x00, 0x1f, 0xf4, 0x00,
    0x0c, 0xf7, 0x00, 0x00, 0x00, 0x1f, 0xf4, 0x00, 0x0c, 0xf7, 0x00, 0x00, 0x00, 0x1f, 0xf4, 0x00,
    0x0c, 0xf7, 0x00, 0x00, 0x00, 0x1f, 0xf4, 0x00, 0x0c, 0xf7, 0x00, 0x00, 0x00, 0x1f, 0xf4, 0x00,
    0x0c, 0xf7, 0x00, 0x00, 0x00, 0x1f, 0xf4, 0x00, 0x0c, 0xf7, 0x00, 0x00, 0x00, 0x1f, 0xf4, 0x00,
    0x4f, 0xf2, 0x00, 0x00, 0x00, 0x00, 0x4f, 0xf2, 0x00, 0x00, 0x5f, 0xf2, 0x00, 0x00, 0x00, 0x00,
    0x4f, 0xf3, 0x00, 0xcf, 0xff, 0xff, 0xff, 0xff, 0xff, 0xff, 0xff, 0xff, 0xf9, 0xcf, 0xff, 0xff,
    0xff, 0xff, 0xff, 0xff, 0xff, 0xff, 0xf9, 0x00, 0x4f, 0xf2, 0x00, 0x00, 0x00, 0x00, 0x4f, 0xf2,
    0x00, 0x00, 0x4f, 0xf2, 0x00, 0x00, 0x00, 0x00, 0x4f, 0xf2, 0x00, 0x00, 0x4f, 0xf2, 0x00, 0x00,
    0x00, 0x00, 0x4f, 0xf2, 0x00, 0x00, 0x4f, 0xff, 0xff, 0xff, 0xff, 0xff, 0xff, 0xf2, 0x00, 0x00,
    0x4f, 0xff, 0xff, 0xff, 0xff, 0xff, 0xff, 0xf2, 0x00, 0x00, 0x4f, 0xf2, 0x00, 0x00, 0x00, 0x00,
    0x4f, 0xf2, 0x00, 0x00, 0x4f, 0xf2, 0x00, 0x00, 0x00, 0x00, 0x4f, 0xf2, 0x00, 0x00, 0x4f, 0xf2,
    0x00, 0x00, 0x00, 0x00, 0x4f, 0xf2, 0x00, 0x00, 0x4f, 0xf2, 0x00, 0x00, 0x00, 0x00, 0x4f, 0xf2,
    0x00, 0x00, 0x4f, 0xf2, 0x00, 0x00, 0x00, 0x00, 0x4f, 0xf2, 0x00, 0x00, 0x4f, 0xf2, 0x00, 0x00,
    0x00, 0x00, 0x4f, 0xf2, 0x00, 0x00, 0x4f, 0xf2, 0x00, 0x00, 0x00, 0x00, 0x4f, 0xf2, 0x00, 0x00,
    0x4f, 0xf2, 0x00, 0x00, 0x00, 0x00, 0x4f, 0xf2, 0x00, 0x00, 0xdf, 0x80, 0x00, 0x00, 0x00, 0x00,
    0x0f, 0xff, 0xff, 0xff, 0xff, 0x80, 0x00, 0x00, 0xff, 0xff, 0xff, 0xff, 0xf8, 0x00, 0x00, 0x00,
    0x0c, 0xf7, 0x00, 0x00, 0x00, 0x00, 0x00, 0x00, 0xcf, 0x70, 0x00, 0x00, 0x00, 0x00, 0x00, 0x0c,
    0xf7, 0x18, 0xce, 0xec, 0x71, 0x00, 0x00, 0xcf, 0xae, 0xff, 0xff, 0xff, 0xc1, 0x00, 0x0c, 0xff,
    0xf7, 0x21, 0x39, 0xff, 0x90, 0x00, 0xcf, 0xf5, 0x00, 0x00, 0x0a, 0xfe, 0x00, 0x0c, 0xfc, 0x00,
    0x00, 0x00, 0x3f, 0xf2, 0x00, 0xcf, 0x80, 0x00, 0x00, 0x01, 0xff, 0x40, 0x0c, 0xf7, 0x00, 0x00,
    0x00, 0x1f, 0xf4, 0x00, 0xcf, 0x70, 0x00, 0x00, 0x01, 0xff, 0x40, 0x0c, 0xf7, 0x00, 0x00, 0x00,
    0x1f, 0xf4, 0x00, 0xcf, 0x70, 0x00, 0x00, 0x01, 0xff, 0x40, 0x0c, 0xf7, 0x00, 0x00, 0x00, 0x1f,
    0xf4, 0x00, 0xcf, 0x70, 0x00, 0x00, 0x01, 0xff, 0x40, 0x0c, 0xf7, 0x00, 0x00, 0x00, 0x1f, 0xf4,
    0x00, 0x00, 0x00, 0x00, 0x00, 0x4d, 0xe5, 0x00, 0x9a, 0x0e, 0xff, 0xf6, 0x2e, 0x63, 0xf4, 0x18,
    0xef, 0xc1, 0x13, 0x00, 0x00, 0x20, 0x00, 0x00, 0x00, 0x00, 0x00, 0x00, 0x07, 0xfe, 0x00, 0x00,
    0x00, 0x7f, 0xe0, 0x00, 0x00, 0x07, 0xfe, 0x00, 0x00, 0x00, 0x7f, 0xe0, 0x00, 0x00, 0x07, 0xfe,
    0x00, 0x00, 0x00, 0x7f, 0xe0, 0x00, 0x00, 0x07, 0xfe, 0x00, 0x00, 0x00, 0x7f, 0xe0, 0x00, 0x00,
    0x07, 0xfe, 0x00, 0x00, 0x00, 0x7f, 0xe0, 0x00, 0x00, 0x07, 0xfe, 0x00, 0x00, 0x00, 0x7f, 0xe0,
    0x00, 0x00, 0x07, 0xfe, 0x00, 0x00, 0x00, 0x7f, 0xe0, 0x00, 0x00, 0x07, 0xfe, 0x00, 0x00, 0x00,
    0x7f, 0xe0, 0x00, 0x00, 0x07, 0xfe, 0x00, 0x00, 0x04, 0xdc, 0x20, 0x9b, 0x0c, 0xff, 0xd3, 0xc8,
    0x0f, 0x73, 0xcf, 0xe2, 0x04, 0x10, 0x03, 0x10, 0x00, 0x00, 0x00, 0x00, 0x00, 0x0c, 0xf7, 0x00,
    0x00, 0x0c, 0xf7, 0x00, 0x00, 0x0c, 0xf7, 0x00, 0x00, 0x0c, 0xf7, 0x00, 0x00, 0x0c, 0xf7, 0x00,
    0x00, 0x0c, 0xf7, 0x00, 0x00, 0x0c, 0xf7, 0x00, 0x00, 0x0c, 0xf7, 0x00, 0x00, 0x0c, 0xf7, 0x00,
    0x00, 0x0c, 0xf7, 0x00, 0x00, 0x0c, 0xf7, 0x00, 0x00, 0x0c, 0xf7, 0x00, 0x00, 0x0c, 0xf7, 0x00,
    0x00, 0x00, 0x00, 0x07, 0xff, 0xff, 0xfe, 0x7f, 0xff, 0xff, 0xe0, 0x00, 0x00, 0x00, 0x00, 0x00,
    0x00, 0x00, 0x07, 0xfe, 0x00, 0x00, 0x7f, 0xe0, 0x00, 0x07, 0xfe, 0x00, 0x00, 0x7f, 0xe0, 0x00,
    0x07, 0xfe, 0x00, 0x00, 0x7f, 0xe0, 0x00, 0x07, 0xfe, 0x00, 0x00, 0x7f, 0xe0, 0x00, 0x07, 0xfe,
    0x00, 0x00, 0x7f, 0xe0, 0x00, 0x07, 0xfe, 0x00, 0x00, 0x7f, 0xe0, 0x00, 0x07, 0xfe, 0x00, 0x00,
    0x7f, 0xe0, 0x00, 0x07, 0xfe, 0x00, 0x00, 0x7f, 0xe0, 0x00, 0x07, 0xfe, 0x00, 0xdf, 0xff, 0xff,
    0x8d, 0xff, 0xff, 0xf8, 0x00, 0x00, 0x00, 0x00, 0x00, 0x00, 0x00, 0x00, 0xcf, 0x70, 0x00, 0x0c,
    0xf7, 0x00, 0x00, 0xcf, 0x70, 0x00, 0x0c, 0xf7, 0x00, 0x00, 0xcf, 0x70, 0x00, 0x0c, 0xf7, 0x00,
    0x00, 0xcf, 0x70, 0x00, 0x0c, 0xf7, 0x00, 0x00, 0xcf, 0x70, 0x00, 0x0c, 0xf7, 0x00, 0x00, 0xcf,
    0x70, 0x00, 0x0c, 0xf7, 0x00, 0x00, 0xcf, 0x70, 0x00, 0x15, 0x20, 0x00, 0x05, 0x31, 0xf9, 0x00,
    0x02, 0xf7, 0x09, 0xf5, 0x12, 0xce, 0x20, 0x08, 0xef, 0xfc, 0x30, 0x00, 0x00, 0x21, 0x00, 0x00,
    0x00, 0x00, 0x00, 0x00, 0x00, 0x07, 0xfe, 0x00, 0x00, 0x00, 0x7f, 0xe0, 0x00, 0x00, 0x07, 0xfe,
    0x00, 0x00, 0x00, 0x7f, 0xe0, 0x00, 0x00, 0x07, 0xfe, 0x00, 0x00, 0x00, 0x7f, 0xe0, 0x00, 0x00,
    0x07, 0xfe, 0x00, 0x00, 0x00, 0x7f, 0xe0, 0x00, 0x00, 0x07, 0xfe, 0x00, 0x00, 0x00, 0x7f, 0xe0,
    0x00, 0x00, 0x07, 0xfe, 0x00, 0x00, 0x00, 0x7f, 0xe0, 0x00, 0x00, 0x07, 0xfe, 0x00, 0x00, 0x00,
    0x7f, 0xe0, 0x00, 0x00, 0x07, 0xfe, 0x00, 0x00, 0x00, 0x7f, 0xe0, 0x00, 0x00, 0x07, 0xfe, 0x00,
    0x00, 0xd9, 0x00, 0x0e, 0x88, 0xe3, 0x17, 0xf4, 0x1a, 0xff, 0xe6, 0x00, 0x01, 0x20, 0x00, 0x00,
    0x00, 0x00, 0x00, 0x0c, 0xf7, 0x00, 0x00, 0xcf, 0x70, 0x00, 0x0c, 0xf7, 0x00, 0x00, 0xcf, 0x70,
    0x00, 0x0c, 0xf7, 0x00, 0x00, 0xcf, 0x70, 0x00, 0x0c, 0xf7, 0x00, 0x00, 0xcf, 0x70, 0x00, 0x0c,
    0xf7, 0x00, 0x00, 0xcf, 0x70, 0x00, 0x0c, 0xf7, 0x00, 0x00, 0xcf, 0x70, 0x00, 0x0c, 0xf7, 0x00,
    0x07, 0xfe, 0x00, 0x7f, 0xe0, 0x07, 0xfe, 0x00, 0x7f, 0xe0, 0x07, 0xfe, 0x00, 0x7f, 0xe0, 0x07,
    0xfe, 0x00, 0x7f, 0xe0, 0x07, 0xfe, 0x00, 0x7f, 0xe0, 0x07, 0xfe, 0x00, 0x7f, 0xe0, 0x07, 0xfe,
    0x00, 0x7f, 0xe0, 0x07, 0xfe, 0x00, 0x7f, 0xe0, 0x07, 0xff, 0x00, 0x4f, 0x70, 0x0c, 0xc0, 0x01,
    0xf8, 0x00, 0x0f, 0xb1, 0x10, 0x7f, 0xf9, 0x00, 0x12, 0x00, 0x0b, 0xe6, 0x03, 0xff, 0xd0, 0x0b,
    0xe6, 0x00, 0x00, 0x00, 0x00, 0x00, 0x00, 0xcf, 0x70, 0x0c, 0xf7, 0x00, 0xcf, 0x70, 0x0c, 0xf7,
    0x00, 0xcf, 0x70, 0x0c, 0xf7, 0x00, 0xcf, 0x70, 0x0c, 0xf7, 0x00, 0xcf, 0x70, 0x0c, 0xf7, 0x00,
    0xcf, 0x70, 0x0c, 0xf7, 0x00, 0xdf, 0x90, 0x0a, 0xd2, 0x04, 0xf5, 0x00, 0x8f, 0x10, 0x07, 0xf5,
    0x10, 0x1c, 0xff, 0x30, 0x02, 0x10, 0x3c, 0x90, 0xaf, 0xf1, 0x5e, 0xb0, 0x00, 0x00, 0x00, 0x00,
    0x7f, 0xe0, 0x7f, 0xe0, 0x7f, 0xe0, 0x7f, 0xe0, 0x7f, 0xe0, 0x7f, 0xe0, 0x7f, 0xe0, 0x7f, 0xe0,
    0x7f, 0xe0, 0x7f, 0xe0, 0x7f, 0xe0, 0x7f, 0xe0, 0x7f, 0xe0, 0x7f, 0xe0, 0x7f, 0xe0, 0x7f, 0xe0,
    0x7f, 0xe0, 0xcf, 0x7c, 0xf7, 0xcf, 0x7c, 0xf7, 0xcf, 0x7c, 0xf7, 0xcf, 0x7c, 0xf7, 0xcf, 0x7c,
    0xf7, 0xcf, 0x7c, 0xf7, 0xcf, 0x70, 0x9f, 0xc0, 0x00, 0x00, 0x00, 0x8f, 0xe9, 0xfc, 0x00, 0x00,
    0x00, 0x08, 0xfe, 0x9f, 0xc0, 0x00, 0x00, 0x00, 0x8f, 0xe9, 0xfc, 0x00, 0x00, 0x00, 0x08, 0xfe,
    0x9f, 0xc0, 0x00, 0x00, 0x00, 0x8f, 0xe9, 0xfc, 0x00, 0x00, 0x00, 0x08, 0xfe, 0x9f, 0xc0, 0x00,
    0x00, 0x00, 0x8f, 0xe9, 0xfc, 0x00, 0x00, 0x00, 0x08, 0xfe, 0x9f, 0xc0, 0x00, 0x00, 0x00, 0x8f,
    0xe9, 0xfc, 0x00, 0x00, 0x00, 0x08, 0xfd, 0x00, 0x00, 0x00, 0x00, 0x00, 0x8f, 0xc0, 0x00, 0x00,
    0x00, 0x00, 0x0a, 0xfb, 0x00, 0x00, 0x00, 0x00, 0x01, 0xef, 0x70, 0x20, 0x00, 0x00, 0x00, 0x9f,
    0xf1, 0x7f, 0xa5, 0x21, 0x14, 0xbf, 0xf6, 0x08, 0xff, 0xff, 0xff, 0xff, 0xf7, 0x00, 0x02, 0x7b,
    0xef, 0xed, 0x92, 0x00, 0x00, 0x0b, 0xe6, 0x00, 0x01, 0xce, 0x43, 0xff, 0xd0, 0x00, 0x5f, 0xfa,
    0x0b, 0xe6, 0x00, 0x01, 0xce, 0x40, 0x00, 0x00, 0x00, 0x00, 0x00, 0x00, 0x00, 0x00, 0x00, 0x00,
    0x00, 0xcf, 0x70, 0x00, 0x0f, 0xf5, 0x0c, 0xf7, 0x00, 0x00, 0xff, 0x50, 0xcf, 0x70, 0x00, 0x0f,
    0xf5, 0x0c, 0xf7, 0x00, 0x00, 0xff, 0x50, 0xcf, 0x70, 0x00, 0x0f, 0xf5, 0x0c, 0xf7, 0x00, 0x00,
    0xff, 0x50, 0xcf, 0x70, 0x00, 0x0f, 0xf5, 0x0c, 0xf7, 0x00, 0x00, 0xff, 0x50, 0xcf, 0x70, 0x00,
    0x0f, 0xf5, 0x0c, 0xf7, 0x00, 0x00, 0xff, 0x50, 0xcf, 0x70, 0x00, 0x0f, 0xf5, 0x0c, 0xf7, 0x00,
    0x00, 0xff, 0x50, 0xcf, 0x70, 0x00, 0x0f, 0xf5, 0x00, 0x00, 0x00, 0x00, 0xff, 0x50, 0x00, 0x00,
    0x00, 0x2f, 0xf4, 0x00, 0x00, 0x51, 0x19, 0xfe, 0x10, 0x00, 0x3f, 0xff, 0xff, 0x70, 0x00, 0x03,
    0xbe, 0xfd, 0x60, 0x00, 0x00, 0x00, 0x1c, 0xff, 0x60, 0x00, 0x00, 0x2d, 0xf7, 0xcf, 0x70, 0x00,
    0x2d, 0xe4, 0x01, 0xaf, 0x70, 0x00, 0x00, 0x00, 0x00, 0x00, 0x00, 0x8f, 0xff, 0xff, 0xff, 0xe0,
    0x08, 0xff, 0xff, 0xff, 0xfe, 0x00, 0x00, 0x00, 0x00, 0x7f, 0xe0, 0x00, 0x00, 0x00, 0x07, 0xfe,
    0x00, 0x00, 0x00, 0x00, 0x7f, 0xe0, 0x00, 0x00, 0x00, 0x07, 0xfe, 0x00, 0x00, 0x00, 0x00, 0x7f,
    0xe0, 0x00, 0x00, 0x00, 0x07, 0xfe, 0x00, 0x00, 0x00, 0x00, 0x7f, 0xe0, 0x00, 0x00, 0x00, 0x07,
    0xfe, 0x00, 0x00, 0x00, 0x00, 0x7f, 0xe0, 0x00, 0x00, 0x00, 0x07, 0xfe, 0x00, 0x00, 0x00, 0x00,
    0x8f, 0xd0, 0x49, 0x00, 0x00, 0x0d, 0xfa, 0x1e, 0xfb, 0x41, 0x3a, 0xff, 0x50, 0x6f, 0xff, 0xff,
    0xff, 0x90, 0x00, 0x29, 0xdf, 0xeb, 0x60, 0x00, 0x00, 0x00, 0x2e, 0xfd, 0x10, 0x00, 0x00, 0x1d,
    0xf8, 0xfc, 0x10, 0x00, 0x0b, 0xe4, 0x05, 0xfa, 0x00, 0x00, 0x00, 0x00, 0x00, 0x00, 0x00, 0x00,
    0x00, 0x00, 0x00, 0x00, 0x00, 0x00, 0xbf, 0x90, 0x00, 0x00, 0x00, 0x0b, 0xf9, 0x00, 0x00, 0x00,
    0x00, 0xbf, 0x90, 0x00, 0x00, 0x00, 0x0b, 0xf9, 0x00, 0x00, 0x00, 0x00, 0xbf, 0x90, 0x00, 0x00,
    0x00, 0x0b, 0xf9, 0x00, 0x00, 0x00, 0x00, 0xbf, 0x90, 0x00, 0x00, 0x00, 0x0b, 0xf9, 0x00, 0x00,
    0x00, 0x00, 0xbf, 0x90, 0x00, 0x00, 0x00, 0x0b, 0xf9, 0x00, 0x00, 0x00, 0x00, 0xbf, 0x90, 0x00,
    0x00, 0x00, 0x0b, 0xf9, 0x00, 0x00, 0x00, 0x00, 0xbf, 0x90, 0x00, 0x00, 0x00, 0x0b, 0xf9, 0x00,
    0x00, 0x00, 0x00, 0xcf, 0x80, 0x00, 0x04, 0x20, 0x5f, 0xf5, 0x00, 0x00, 0xdf, 0xff, 0xfc, 0x00,
    0x00, 0x19, 0xdf, 0xe9, 0x10, 0x00, 0x00, 0x7f, 0xe0, 0x00, 0x00, 0x00, 0x07, 0xff, 0x50, 0x7f,
    0xe0, 0x00, 0x00, 0x00, 0x6f, 0xf6, 0x00, 0x7f, 0xe0, 0x00, 0x00, 0x05, 0xff, 0x70, 0x00, 0x7f,
    0xe0, 0x00, 0x00, 0x5f, 0xf7, 0x00, 0x00, 0x7f, 0xe0, 0x00, 0x04, 0xff, 0x80, 0x00, 0x00, 0x7f,
    0xe0, 0x00, 0x4f, 0xf9, 0x00, 0x00, 0x00, 0x7f, 0xe0, 0x04, 0xef, 0xa0, 0x00, 0x00, 0x00, 0x7f,
    0xe0, 0x3e, 0xfc, 0x00, 0x00, 0x00, 0x00, 0x7f, 0xe3, 0xef, 0xff, 0x40, 0x00, 0x00, 0x00, 0x7f,
    0xee, 0xfd, 0xdf, 0xe2, 0x00, 0x00, 0x00, 0x7f, 0xff, 0xd2, 0x3e, 0xfd, 0x10, 0x00, 0x00, 0x7f,
    0xfd, 0x20, 0x05, 0xff, 0xb0, 0x00, 0x00, 0x7f, 0xf2, 0x00, 0x00, 0x7f, 0xf8, 0x00, 0x00, 0x7f,
    0xe0, 0x00, 0x00, 0x09, 0xff, 0x60, 0x00, 0x7f, 0xe0, 0x00, 0x00, 0x00, 0xbf, 0xf3, 0x00, 0x7f,
    0xe0, 0x00, 0x00, 0x00, 0x1c, 0xfe, 0x20, 0x7f, 0xe0, 0x00, 0x00, 0x00, 0x02, 0xdf, 0xc0, 0x00,
    0x00, 0x00, 0x00, 0x00, 0x00, 0x00, 0x00, 0x00, 0x00, 0x00, 0x00, 0x00, 0x00, 0x00, 0x00, 0x00,
    0x00, 0x01, 0xdd, 0x10, 0x00, 0x00, 0x00, 0x00, 0x00, 0x01, 0xef, 0x20, 0x00, 0x00, 0x00, 0x00,
    0x00, 0x00, 0x9c, 0x00, 0x00, 0x00, 0x00, 0x00, 0x00, 0x00, 0xd6, 0x00, 0x00, 0x00, 0x00, 0xcf,
    0x70, 0x00, 0x00, 0x00, 0x00, 0x0c, 0xf7, 0x00, 0x00, 0x00, 0x00, 0x00, 0xcf, 0x70, 0x00, 0x00,
    0x00, 0x00, 0x0c, 0xf7, 0x00, 0x00, 0x00, 0x00, 0x00, 0xcf, 0x70, 0x00, 0x00, 0x00, 0x00, 0x0c,
    0xf7, 0x00, 0x00, 0x03, 0xef, 0xa0, 0xcf, 0x70, 0x00, 0x03, 0xef, 0xb0, 0x0c, 0xf7, 0x00, 0x04,
    0xef, 0xb0, 0x00, 0xcf, 0x70, 0x05, 0xff, 0xb1, 0x00, 0x0c, 0xf7, 0x05, 0xff, 0xb1, 0x00, 0x00,
    0xcf, 0x76, 0xff, 0xf1, 0x00, 0x00, 0x0c, 0xfd, 0xff, 0xff, 0xa0, 0x00, 0x00, 0xcf, 0xff, 0x98,
    0xff, 0x70, 0x00, 0x0c, 0xff, 0x80, 0x0b, 0xff, 0x40, 0x00, 0xcf, 0x90, 0x00, 0x1d, 0xfe, 0x20,
    0x0c, 0xf7, 0x00, 0x00, 0x2e, 0xfc, 0x00, 0xcf, 0x70, 0x00, 0x00, 0x5f, 0xf8, 0x0c, 0xf7, 0x00,
    0x00, 0x00, 0x7f, 0xf5, 0x00, 0x00, 0x00, 0x00, 0x00, 0x00, 0x00, 0x00, 0x00, 0x00, 0x00, 0x00,
    0x00, 0x00, 0x00, 0x7e, 0x70, 0x00, 0x00, 0x00, 0x00, 0x08, 0xfa, 0x00, 0x00, 0x00, 0x00, 0x00,
    0x1f, 0x50, 0x00, 0x00, 0x00, 0x00, 0x05, 0xd0, 0x00, 0x00, 0x00, 0xcf, 0x70, 0x00, 0x00, 0x3e,
    0xfa, 0x0c, 0xf7, 0x00, 0x00, 0x3e, 0xfb, 0x00, 0xcf, 0x70, 0x00, 0x4e, 0xfb, 0x00, 0x0c, 0xf7,
    0x00, 0x5f, 0xfb, 0x10, 0x00, 0xcf, 0x70, 0x5f, 0xfb, 0x10, 0x00, 0x0c, 0xf7, 0x6f, 0xff, 0x10,
    0x00, 0x00, 0xcf, 0xdf, 0xff, 0xfa, 0x00, 0x00, 0x0c, 0xff, 0xf9, 0x8f, 0xf7, 0x00, 0x00, 0xcf,
    0xf8, 0x00, 0xbf, 0xf4, 0x00, 0x0c, 0xf9, 0x00, 0x01, 0xdf, 0xe2, 0x00, 0xcf, 0x70, 0x00, 0x02,
    0xef, 0xc0, 0x0c, 0xf7, 0x00, 0x00, 0x05, 0xff, 0x80, 0xcf, 0x70, 0x00, 0x00, 0x07, 0xff, 0x50,
    0x00, 0x6f, 0xf7, 0x00, 0x00, 0x00, 0x00, 0x7f, 0xd3, 0x00, 0x00, 0x00, 0x00, 0x8f, 0xa1, 0x00,
    0x00, 0x00, 0x00, 0x00, 0x00, 0x00, 0x00, 0x00, 0x00, 0x00, 0x7f, 0xe0, 0x00, 0x00, 0x00, 0x00,
    0x07, 0xfe, 0x00, 0x00, 0x00, 0x00, 0x00, 0x7f, 0xe0, 0x00, 0x00, 0x00, 0x00, 0x07, 0xfe, 0x00,
    0x00, 0x00, 0x00, 0x00, 0x7f, 0xe0, 0x00, 0x00, 0x00, 0x00, 0x07, 0xfe, 0x00, 0x00, 0x00, 0x00,
    0x00, 0x7f, 0xe0, 0x00, 0x00, 0x00, 0x00, 0x07, 0xfe, 0x00, 0x00, 0x00, 0x00, 0x00, 0x7f, 0xe0,
    0x00, 0x00, 0x00, 0x00, 0x07, 0xfe, 0x00, 0x00, 0x00, 0x00, 0x00, 0x7f, 0xe0, 0x00, 0x00, 0x00,
    0x00, 0x07, 0xfe, 0x00, 0x00, 0x00, 0x00, 0x00, 0x7f, 0xe0, 0x00, 0x00, 0x00, 0x00, 0x07, 0xfe,
    0x00, 0x00, 0x00, 0x00, 0x00, 0x7f, 0xe2, 0x22, 0x22, 0x22, 0x22, 0x07, 0xff, 0xff, 0xff, 0xff,
    0xff, 0xf0, 0x7f, 0xff, 0xff, 0xff, 0xff, 0xff, 0x00, 0x00, 0x1b, 0xfd, 0x30, 0x1c, 0xfa, 0x10,
    0x1c, 0xe6, 0x00, 0x00, 0x00, 0x00, 0x00, 0x00, 0x00, 0x00, 0x00, 0xcf, 0x70, 0x00, 0x0c, 0xf7,
    0x00, 0x00, 0xcf, 0x70, 0x00, 0x0c, 0xf7, 0x00, 0x00, 0xcf, 0x70, 0x00, 0x0c, 0xf7, 0x00, 0x00,
    0xcf, 0x70, 0x00, 0x0c, 0xf7, 0x00, 0x00, 0xcf, 0x70, 0x00, 0x0c, 0xf7, 0x00, 0x00, 0xcf, 0x70,
    0x00, 0x0c, 0xf7, 0x00, 0x00, 0xcf, 0x70, 0x00, 0x0c, 0xf7, 0x00, 0x00, 0xcf, 0x70, 0x00, 0x0c,
    0xf7, 0x00, 0x00, 0xcf, 0x70, 0x00, 0x0c, 0xf7, 0x00, 0x00, 0x7f, 0xe0, 0x00, 0x00, 0x00, 0x00,
    0x07, 0xfe, 0x00, 0x00, 0x00, 0x00, 0x00, 0x7f, 0xe0, 0x00, 0x00, 0x00, 0x00, 0x07, 0xfe, 0x00,
    0x00, 0x00, 0x00, 0x00, 0x7f, 0xe0, 0x00, 0x00, 0x00, 0x00, 0x07, 0xfe, 0x00, 0x00, 0x00, 0x00,
    0x00, 0x7f, 0xe0, 0x00, 0x00, 0x00, 0x00, 0x07, 0xfe, 0x00, 0x00, 0x00, 0x00, 0x00, 0x7f, 0xe0,
    0x00, 0x00, 0x00, 0x00, 0x07, 0xfe, 0x00, 0x00, 0x00, 0x00, 0x00, 0x7f, 0xe0, 0x00, 0x00, 0x00,
    0x00, 0x07, 0xfe, 0x00, 0x00, 0x00, 0x00, 0x00, 0x7f, 0xe0, 0x00, 0x00, 0x00, 0x00, 0x07, 0xfe,
    0x00, 0x00, 0x00, 0x00, 0x00, 0x7f, 0xe2, 0x22, 0x22, 0x22, 0x22, 0x07, 0xff, 0xff, 0xff, 0xff,
    0xff, 0xf0, 0x7f, 0xff, 0xff, 0xff, 0xff, 0xff, 0x00, 0x00, 0x00, 0x00, 0x00, 0x00, 0x00, 0x00,
    0x00, 0x00, 0x00, 0x00, 0x00, 0x00, 0x00, 0x00, 0x6e, 0x80, 0x00, 0x00, 0x00, 0x00, 0x08, 0xfb,
    0x00, 0x00, 0x00, 0x00, 0x00, 0x1f, 0x60, 0x00, 0x00, 0x00, 0x00, 0x05, 0xe0, 0x00, 0x00, 0x00,
    0xcf, 0x7c, 0xf7, 0xcf, 0x7c, 0xf7, 0xcf, 0x7c, 0xf7, 0xcf, 0x7c, 0xf7, 0xcf, 0x7c, 0xf7, 0xcf,
    0x7c, 0xf7, 0xcf, 0x7c, 0xf7, 0xcf, 0x7c, 0xf7, 0xcf, 0x7c, 0xf7, 0x00, 0x00, 0x00, 0x9e, 0x5b,
    0xf7, 0x4f, 0x28, 0xb0, 0x00, 0x00, 0x00, 0x00, 0x7f, 0x60, 0x07, 0xfe, 0x00, 0x00, 0x07, 0xf5,
    0x00, 0x7f, 0xe0, 0x00, 0x00, 0x7f, 0x40, 0x07, 0xfe, 0x00, 0x00, 0x07, 0xf3, 0x00, 0x7f, 0xe0,
    0x00, 0x00, 0x7f, 0x20, 0x07, 0xfe, 0x00, 0x00, 0x00, 0x00, 0x00, 0x7f, 0xe0, 0x00, 0x00, 0x00,
    0x00, 0x07, 0xfe, 0x00, 0x00, 0x00, 0x00, 0x00, 0x7f, 0xe0, 0x00, 0x00, 0x00, 0x00, 0x07, 0xfe,
    0x00, 0x00, 0x00, 0x00, 0x00, 0x7f, 0xe0, 0x00, 0x00, 0x00, 0x00, 0x07, 0xfe, 0x00, 0x00, 0x00,
    0x00, 0x00, 0x7f, 0xe0, 0x00, 0x00, 0x00, 0x00, 0x07, 0xfe, 0x00, 0x00, 0x00, 0x00, 0x00, 0x7f,
    0xe0, 0x00, 0x00, 0x00, 0x00, 0x07, 0xfe, 0x22, 0x22, 0x22, 0x22, 0x20, 0x7f, 0xff, 0xff, 0xff,
    0xff, 0xff, 0x07, 0xff, 0xff, 0xff, 0xff, 0xff, 0xf0, 0x00, 0x00, 0x6f, 0x7c, 0xf7, 0x06, 0xf7,
    0xcf, 0x70, 0x6f, 0x6c, 0xf7, 0x06, 0xf5, 0xcf, 0x70, 0x6f, 0x4c, 0xf7, 0x00, 0x00, 0xcf, 0x70,
    0x00, 0x0c, 0xf7, 0x00, 0x00, 0xcf, 0x70, 0x00, 0x0c, 0xf7, 0x00, 0x00, 0xcf, 0x70, 0x00, 0x0c,
    0xf7, 0x00, 0x00, 0xcf, 0x70, 0x00, 0x0c, 0xf7, 0x00, 0x00, 0xcf, 0x70, 0x00, 0x0c, 0xf7, 0x00,
    0x00, 0xcf, 0x70, 0x00, 0x0c, 0xf7, 0x00, 0x00, 0xcf, 0x70, 0x00, 0x00, 0x7f, 0xe0, 0x00, 0x00,
    0x00, 0x00, 0x07, 0xfe, 0x00, 0x00, 0x00, 0x00, 0x00, 0x7f, 0xe0, 0x00, 0x00, 0x00, 0x00, 0x07,
    0xfe, 0x00, 0x00, 0x00, 0x00, 0x00, 0x7f, 0xe0, 0x00, 0x00, 0x00, 0x00, 0x07, 0xfe, 0x00, 0x00,
    0x00, 0x00, 0x00, 0x7f, 0xe0, 0x00, 0x03, 0xec, 0x10, 0x07, 0xfe, 0x00, 0x00, 0x9f, 0xf4, 0x00,
    0x7f, 0xe0, 0x00, 0x03, 0xec, 0x10, 0x07, 0xfe, 0x00, 0x00, 0x00, 0x00, 0x00, 0x7f, 0xe0, 0x00,
    0x00, 0x00, 0x00, 0x07, 0xfe, 0x00, 0x00, 0x00, 0x00, 0x00, 0x7f, 0xe0, 0x00, 0x00, 0x00, 0x00,
    0x07, 0xfe, 0x00, 0x00, 0x00, 0x00, 0x00, 0x7f, 0xe2, 0x22, 0x22, 0x22, 0x22, 0x07, 0xff, 0xff,
    0xff, 0xff, 0xff, 0xf0, 0x7f, 0xff, 0xff, 0xff, 0xff, 0xff, 0x00, 0xcf, 0x70, 0x00, 0x0c, 0xf7,
    0x00, 0x00, 0xcf, 0x70, 0x00, 0x0c, 0xf7, 0x00, 0x00, 0xcf, 0x70, 0x00, 0x0c, 0xf7, 0x00, 0x00,
    0xcf, 0x70, 0x00, 0x0c, 0xf7, 0x00, 0x00, 0xcf, 0x70, 0x5c, 0x5c, 0xf7, 0x0d, 0xfc, 0xcf, 0x70,
    0x8e, 0x7c, 0xf7, 0x00, 0x00, 0xcf, 0x70, 0x00, 0x0c, 0xf7, 0x00, 0x00, 0xcf, 0x70, 0x00, 0x0c,
    0xf7, 0x00, 0x00, 0xcf, 0x70, 0x00, 0x0c, 0xf7, 0x00, 0x00, 0x00, 0x4f, 0xf2, 0x00, 0x00, 0x00,
    0x00, 0x00, 0x04, 0xff, 0x20, 0x00, 0x00, 0x00, 0x00, 0x00, 0x4f, 0xf2, 0x00, 0x00, 0x00, 0x00,
    0x00, 0x04, 0xff, 0x20, 0x10, 0x00, 0x00, 0x00, 0x00, 0x4f, 0xf2, 0x4e, 0x60, 0x00, 0x00, 0x00,
    0x04, 0xff, 0x9f, 0xe5, 0x00, 0x00, 0x00, 0x00, 0x4f, 0xff, 0xc2, 0x00, 0x00, 0x00, 0x00, 0x08,
    0xff, 0xb1, 0x00, 0x00, 0x00, 0x00, 0x07, 0xff, 0xf2, 0x00, 0x00, 0x00, 0x00, 0x08, 0xff, 0xff,
    0x20, 0x00, 0x00, 0x00, 0x00, 0x19, 0x5f, 0xf2, 0x00, 0x00, 0x00, 0x00, 0x00, 0x04, 0xff, 0x20,
    0x00, 0x00, 0x00, 0x00, 0x00, 0x4f, 0xf2, 0x00, 0x00, 0x00, 0x00, 0x00, 0x04, 0xff, 0x20, 0x00,
    0x00, 0x00, 0x00, 0x00, 0x4f, 0xf3, 0x22, 0x22, 0x22, 0x22, 0x00, 0x04, 0xff, 0xff, 0xff, 0xff,
    0xff, 0xf3, 0x00, 0x4f, 0xff, 0xff, 0xff, 0xff, 0xff, 0x30, 0x00, 0x09, 0xfa, 0x00, 0x00, 0x00,
    0x9f, 0xa0, 0x00, 0x00, 0x09, 0xfa, 0x00, 0x00, 0x00, 0x9f, 0xa0, 0x00, 0x00, 0x09, 0xfa, 0x00,
    0x00, 0x00, 0x9f, 0xa0, 0x00, 0x00, 0x09, 0xfa, 0x12, 0x00, 0x00, 0x9f, 0xcc, 0xc0, 0x00, 0x09,
    0xff, 0xf8, 0x00, 0x00, 0xff, 0xf5, 0x00, 0x02, 0xcf, 0xfc, 0x00, 0x00, 0xdf, 0xff, 0xa0, 0x00,
    0x06, 0x59, 0xfa, 0x00, 0x00, 0x00, 0x9f, 0xa0, 0x00, 0x00, 0x09, 0xfa, 0x00, 0x00, 0x00, 0x9f,
    0xa0, 0x00, 0x00, 0x09, 0xfa, 0x00, 0x00, 0x00, 0x9f, 0xa0, 0x00, 0x00, 0x00, 0x00, 0x00, 0x6f,
    0xf7, 0x00, 0x00, 0x00, 0x00, 0x00, 0x7f, 0xd3, 0x00, 0x00, 0x00, 0x00, 0x00, 0x8f, 0xa1, 0x00,
    0x00, 0x00, 0x00, 0x00, 0x00, 0x00, 0x00, 0x00, 0x00, 0x7f, 0xc1, 0x00, 0x00, 0x00, 0x00, 0x7f,
    0xf7, 0xff, 0xa0, 0x00, 0x00, 0x00, 0x07, 0xff, 0x7f, 0xff, 0x70, 0x00, 0x00, 0x00, 0x7f, 0xf7,
    0xff, 0xff, 0x40, 0x00, 0x00, 0x07, 0xff, 0x7f, 0xed, 0xfe, 0x20, 0x00, 0x00, 0x7f, 0xf7, 0xfe,
    0x3e, 0xfc, 0x10, 0x00, 0x07, 0xff, 0x7f, 0xe0, 0x5f, 0xfa, 0x00, 0x00, 0x7f, 0xf7, 0xfe, 0x00,
    0x8f, 0xf7, 0x00, 0x07, 0xff, 0x7f, 0xe0, 0x00, 0xbf, 0xf4, 0x00, 0x7f, 0xf7, 0xfe, 0x00, 0x01,
    0xdf, 0xe2, 0x07, 0xff, 0x7f, 0xe0, 0x00, 0x03, 0xff, 0xc0, 0x7f, 0xf7, 0xfe, 0x00, 0x00, 0x06,
    0xff, 0x97, 0xff, 0x7f, 0xe0, 0x00, 0x00, 0x09, 0xff, 0xcf, 0xf7, 0xfe, 0x00, 0x00, 0x00, 0x0b,
    0xff, 0xff, 0x7f, 0xe0, 0x00, 0x00, 0x00, 0x1d, 0xff, 0xf7, 0xfe, 0x00, 0x00, 0x00, 0x00, 0x3f,
    0xff, 0x7f, 0xe0, 0x00, 0x00, 0x00, 0x00, 0x6f, 0xf0, 0x00, 0x00, 0x00, 0x1c, 0xfc, 0x20, 0x00,
    0x00, 0x00, 0x2c, 0xf9, 0x00, 0x00, 0x00, 0x00, 0x2d, 0xe5, 0x00, 0x00, 0x00, 0x00, 0x00, 0x00,
    0x00, 0x00, 0x00, 0x00, 0x00, 0x00, 0x00, 0x00, 0x00, 0x0c, 0xf6, 0x18, 0xce, 0xec, 0x71, 0x00,
    0xcf, 0x9e, 0xff, 0xff, 0xff, 0xc1, 0x0c, 0xff, 0xf7, 0x21, 0x39, 0xff, 0x90, 0xcf, 0xf5, 0x00,
    0x00, 0x0a, 0xfe, 0x0c, 0xfc, 0x00, 0x00, 0x00, 0x3f, 0xf2, 0xcf, 0x80, 0x00, 0x00, 0x01, 0xff,
    0x4c, 0xf7, 0x00, 0x00, 0x00, 0x1f, 0xf4, 0xcf, 0x70, 0x00, 0x00, 0x01, 0xff, 0x4c, 0xf7, 0x00,
    0x00, 0x00, 0x1f, 0xf4, 0xcf, 0x70, 0x00, 0x00, 0x01, 0xff, 0x4c, 0xf7, 0x00, 0x00, 0x00, 0x1f,
    0xf4, 0xcf, 0x70, 0x00, 0x00, 0x01, 0xff, 0x4c, 0xf7, 0x00, 0x00, 0x00, 0x1f, 0xf4, 0x7f, 0xc1,
    0x00, 0x00, 0x00, 0x00, 0x7f, 0xf7, 0xff, 0xa0, 0x00, 0x00, 0x00, 0x07, 0xff, 0x7f, 0xff, 0x70,
    0x00, 0x00, 0x00, 0x7f, 0xf7, 0xff, 0xff, 0x40, 0x00, 0x00, 0x07, 0xff, 0x7f, 0xed, 0xfe, 0x20,
    0x00, 0x00, 0x7f, 0xf7, 0xfe, 0x3e, 0xfc, 0x10, 0x00, 0x07, 0xff, 0x7f, 0xe0, 0x5f, 0xfa, 0x00,
    0x00, 0x7f, 0xf7, 0xfe, 0x00, 0x8f, 0xf7, 0x00, 0x07, 0xff, 0x7f, 0xe0, 0x00, 0xbf, 0xf4, 0x00,
    0x7f, 0xf7, 0xfe, 0x00, 0x01, 0xdf, 0xe2, 0x07, 0xff, 0x7f, 0xe0, 0x00, 0x03, 0xff, 0xc0, 0x7f,
    0xf7, 0xfe, 0x00, 0x00, 0x06, 0xff, 0x97, 0xff, 0x7f, 0xe0, 0x00, 0x00, 0x09, 0xff, 0xcf, 0xf7,
    0xfe, 0x00, 0x00, 0x00, 0x0b, 0xff, 0xff, 0x7f, 0xe0, 0x00, 0x00, 0x00, 0x1d, 0xff, 0xf7, 0xfe,
    0x00, 0x00, 0x00, 0x00, 0x3f, 0xff, 0x7f, 0xe0, 0x00, 0x00, 0x00, 0x00, 0x6f, 0xf0, 0x00, 0x00,
    0x00, 0x00, 0x00, 0x00, 0x00, 0x00, 0x00, 0x00, 0x00, 0x00, 0x00, 0x00, 0x00, 0x00, 0x00, 0x04,
    0xea, 0x00, 0x00, 0x00, 0x00, 0x00, 0x00, 0x5f, 0xd0, 0x00, 0x00, 0x00, 0x00, 0x00, 0x00, 0xd8,
    0x00, 0x00, 0x00, 0x00, 0x00, 0x00, 0x2f, 0x20, 0x00, 0x00, 0x00, 0xcf, 0x61, 0x8c, 0xee, 0xc7,
    0x10, 0x0c, 0xf9, 0xef, 0xff, 0xff, 0xfc, 0x10, 0xcf, 0xff, 0x72, 0x13, 0x9f, 0xf9, 0x0c, 0xff,
    0x50, 0x00, 0x00, 0xaf, 0xe0, 0xcf, 0xc0, 0x00, 0x00, 0x03, 0xff, 0x2c, 0xf8, 0x00, 0x00, 0x00,
    0x1f, 0xf4, 0xcf, 0x70, 0x00, 0x00, 0x01, 0xff, 0x4c, 0xf7, 0x00, 0x00, 0x00, 0x1f, 0xf4, 0xcf,
    0x70, 0x00, 0x00, 0x01, 0xff, 0x4c, 0xf7, 0x00, 0x00, 0x00, 0x1f, 0xf4, 0xcf, 0x70, 0x00, 0x00,
    0x01, 0xff, 0x4c, 0xf7, 0x00, 0x00, 0x00, 0x1f, 0xf4, 0xcf, 0x70, 0x00, 0x00, 0x01, 0xff, 0x40,
    0x00, 0x00, 0x00, 0x00, 0x00, 0x00, 0x00, 0x00, 0x00, 0x00, 0x00, 0x00, 0x00, 0x00, 0x00, 0xbe,
    0x40, 0x00, 0x00, 0x00, 0x00, 0x0c, 0xf6, 0x00, 0x00, 0x00, 0x00, 0x00, 0x5f, 0x10, 0x00, 0x00,
    0x00, 0x00, 0x09, 0xa0, 0x00, 0x00, 0x00, 0x00, 0x02, 0xde, 0x40, 0x1a, 0xf7, 0x00, 0x00, 0x00,
    0x02, 0xdf, 0x7c, 0xf6, 0x00, 0x00, 0x00, 0x00, 0x01, 0xcf, 0xf6, 0x00, 0x00, 0x00, 0x00, 0x00,
    0x00, 0x00, 0x00, 0x00, 0x00, 0x7f, 0xc1, 0x00, 0x00, 0x00, 0x00, 0x7f, 0xf7, 0xff, 0xa0, 0x00,
    0x00, 0x00, 0x07, 0xff, 0x7f, 0xff, 0x70, 0x00, 0x00, 0x00, 0x7f, 0xf7, 0xff, 0xff, 0x40, 0x00,
    0x00, 0x07, 0xff, 0x7f, 0xed, 0xfe, 0x20, 0x00, 0x00, 0x7f, 0xf7, 0xfe, 0x3e, 0xfc, 0x10, 0x00,
    0x07, 0xff, 0x7f, 0xe0, 0x5f, 0xfa, 0x00, 0x00, 0x7f, 0xf7, 0xfe, 0x00, 0x8f, 0xf7, 0x00, 0x07,
    0xff, 0x7f, 0xe0, 0x00, 0xbf, 0xf4, 0x00, 0x7f, 0xf7, 0xfe, 0x00, 0x01, 0xdf, 0xe2, 0x07, 0xff,
    0x7f, 0xe0, 0x00, 0x03, 0xff, 0xc0, 0x7f, 0xf7, 0xfe, 0x00, 0x00, 0x06, 0xff, 0x97, 0xff, 0x7f,
    0xe0, 0x00, 0x00, 0x09, 0xff, 0xcf, 0xf7, 0xfe, 0x00, 0x00, 0x00, 0x0b, 0xff, 0xff, 0x7f, 0xe0,
    0x00, 0x00, 0x00, 0x1d, 0xff, 0xf7, 0xfe, 0x00, 0x00, 0x00, 0x00, 0x3f, 0xff, 0x7f, 0xe0, 0x00,
    0x00, 0x00, 0x00, 0x6f, 0xf0, 0x00, 0x8f, 0x90, 0x04, 0xed, 0x20, 0x00, 0x00, 0x7f, 0xc7, 0xfd,
    0x20, 0x00, 0x00, 0x00, 0x6f, 0xfc, 0x10, 0x00, 0x00, 0x00, 0x00, 0x00, 0x00, 0x00, 0x00, 0x00,
    0x00, 0x00, 0x00, 0x00, 0x00, 0x0c, 0xf6, 0x18, 0xce, 0xec, 0x71, 0x00, 0xcf, 0x9e, 0xff, 0xff,
    0xff, 0xc1, 0x0c, 0xff, 0xf7, 0x21, 0x39, 0xff, 0x90, 0xcf, 0xf5, 0x00, 0x00, 0x0a, 0xfe, 0x0c,
    0xfc, 0x00, 0x00, 0x00, 0x3f, 0xf2, 0xcf, 0x80, 0x00, 0x00, 0x01, 0xff, 0x4c, 0xf7, 0x00, 0x00,
    0x00, 0x1f, 0xf4, 0xcf, 0x70, 0x00, 0x00, 0x01, 0xff, 0x4c, 0xf7, 0x00, 0x00, 0x00, 0x1f, 0xf4,
    0xcf, 0x70, 0x00, 0x00, 0x01, 0xff, 0x4c, 0xf7, 0x00, 0x00, 0x00, 0x1f, 0xf4, 0xcf, 0x70, 0x00,
    0x00, 0x01, 0xff, 0x4c, 0xf7, 0x00, 0x00, 0x00, 0x1f, 0xf4, 0xad, 0x00, 0x00, 0x00, 0x00, 0x00,
    0x00, 0x00, 0xac, 0x00, 0x00, 0x00, 0x00, 0x00, 0x00, 0x00, 0xab, 0x00, 0x00, 0x00, 0x00, 0x00,
    0x00, 0x00, 0xbb, 0x00, 0x00, 0x00, 0x00, 0x00, 0x00, 0x00, 0xba, 0x0a, 0xf8, 0x17, 0xce, 0xfd,
    0x81, 0x00, 0xb9, 0x0a, 0xfa, 0xdf, 0xff, 0xff, 0xfd, 0x20, 0x00, 0x0a, 0xff, 0xf9, 0x31, 0x38,
    0xff, 0xb0, 0x00, 0x0a, 0xff, 0x70, 0x00, 0x00, 0x7f, 0xf2, 0x00, 0x0a, 0xfe, 0x00, 0x00, 0x00,
    0x1f, 0xf5, 0x00, 0x0a, 0xfb, 0x00, 0x00, 0x00, 0x0e, 0xf6, 0x00, 0x0a, 0xfa, 0x00, 0x00, 0x00,
    0x0d, 0xf6, 0x00, 0x0a, 0xfa, 0x00, 0x00, 0x00, 0x0d, 0xf6, 0x00, 0x0a, 0xfa, 0x00, 0x00, 0x00,
    0x0d, 0xf6, 0x00, 0x0a, 0xfa, 0x00, 0x00, 0x00, 0x0d, 0xf6, 0x00, 0x0a, 0xfa, 0x00, 0x00, 0x00,
    0x0d, 0xf6, 0x00, 0x0a, 0xfa, 0x00, 0x00, 0x00, 0x0d, 0xf6, 0x00, 0x0a, 0xfa, 0x00, 0x00, 0x00,
    0x0d, 0xf6, 0x7f, 0xc1, 0x00, 0x00, 0x00, 0x00, 0x7f, 0xf7, 0xff, 0xa0, 0x00, 0x00, 0x00, 0x07,
    0xff, 0x7f, 0xff, 0x70, 0x00, 0x00, 0x00, 0x7f, 0xf7, 0xff, 0xff, 0x40, 0x00, 0x00, 0x07, 0xff,
    0x7f, 0xed, 0xfe, 0x20, 0x00, 0x00, 0x7f, 0xf7, 0xfe, 0x3e, 0xfc, 0x10, 0x00, 0x07, 0xff, 0x7f,
    0xe0, 0x5f, 0xfa, 0x00, 0x00, 0x7f, 0xf7, 0xfe, 0x00, 0x8f, 0xf7, 0x00, 0x07, 0xff, 0x7f, 0xe0,
    0x00, 0xbf, 0xf4, 0x00, 0x7f, 0xf7, 0xfe, 0x00, 0x01, 0xdf, 0xe2, 0x07, 0xff, 0x7f, 0xe0, 0x00,
    0x03, 0xff, 0xc0, 0x7f, 0xf7, 0xfe, 0x00, 0x00, 0x06, 0xff, 0x97, 0xff, 0x7f, 0xe0, 0x00, 0x00,
    0x09, 0xff, 0xcf, 0xf7, 0xfe, 0x00, 0x00, 0x00, 0x0c, 0xff, 0xff, 0x7f, 0xe0, 0x00, 0x00, 0x00,
    0x1e, 0xff, 0xf7, 0xfe, 0x00, 0x00, 0x00, 0x00, 0x3f, 0xff, 0x7f, 0xe0, 0x00, 0x00, 0x00, 0x00,
    0x8f, 0xe0, 0x00, 0x00, 0x00, 0x00, 0x00, 0x09, 0xfd, 0x00, 0x00, 0x00, 0x51, 0x00, 0x00, 0xdf,
    0xa0, 0x00, 0x00, 0x3f, 0xc4, 0x12, 0xaf, 0xf5, 0x00, 0x00, 0x03, 0xef, 0xff, 0xff, 0xfa, 0x00,
    0x00, 0x00, 0x01, 0x8d, 0xfe, 0xc6, 0x00, 0xcf, 0x61, 0x8c, 0xee, 0xc7, 0x00, 0x0c, 0xf9, 0xef,
    0xff, 0xff, 0xfc, 0x10, 0xcf, 0xff, 0x72, 0x13, 0x9f, 0xf8, 0x0c, 0xff, 0x50, 0x00, 0x00, 0xaf,
    0xe0, 0xcf, 0xc0, 0x00, 0x00, 0x03, 0xff, 0x2c, 0xf8, 0x00, 0x00, 0x00, 0x1f, 0xf4, 0xcf, 0x70,
    0x00, 0x00, 0x01, 0xff, 0x4c, 0xf7, 0x00, 0x00, 0x00, 0x1f, 0xf4, 0xcf, 0x70, 0x00, 0x00, 0x01,
    0xff, 0x4c, 0xf7, 0x00, 0x00, 0x00, 0x1f, 0xf4, 0xcf, 0x70, 0x00, 0x00, 0x01, 0xff, 0x4c, 0xf7,
    0x00, 0x00, 0x00, 0x1f, 0xf4, 0xcf, 0x70, 0x00, 0x00, 0x01, 0xff, 0x40, 0x00, 0x00, 0x00, 0x00,
    0x1f, 0xf4, 0x00, 0x00, 0x00, 0x00, 0x03, 0xff, 0x30, 0x00, 0x00, 0x06, 0x22, 0xbf, 0xe0, 0x00,
    0x00, 0x04, 0xff, 0xff, 0xf7, 0x00, 0x00, 0x00, 0x3b, 0xef, 0xc6, 0x00, 0x00, 0x00, 0x00, 0x00,
    0x00, 0x00, 0x00, 0x00, 0x00, 0x00, 0x00, 0x0c, 0xff, 0xff, 0xff, 0xf0, 0x00, 0x00, 0x00, 0x00,
    0x0c, 0xff, 0xff, 0xff, 0xf0, 0x00, 0x00, 0x00, 0x00, 0x00, 0x00, 0x00, 0x00, 0x00, 0x00, 0x00,
    0x00, 0x00, 0x00, 0x00, 0x00, 0x00, 0x00, 0x00, 0x00, 0x00, 0x00, 0x05, 0xad, 0xef, 0xdb, 0x61,
    0x00, 0x00, 0x00, 0x03, 0xdf, 0xff, 0xff, 0xff, 0xfe, 0x40, 0x00, 0x00, 0x5f, 0xfe, 0x94, 0x21,
    0x38, 0xef, 0xf7, 0x00, 0x03, 0xff, 0xc2, 0x00, 0x00, 0x00, 0x1a, 0xff, 0x50, 0x0d, 0xfd, 0x10,
    0x00, 0x00, 0x00, 0x00, 0xcf, 0xe1, 0x5f, 0xf4, 0x00, 0x00, 0x00, 0x00, 0x00, 0x2f, 0xf7, 0x9f,
    0xd0, 0x00, 0x00, 0x00, 0x00, 0x00, 0x0b, 0xfc, 0xcf, 0xa0, 0x00, 0x00, 0x00, 0x00, 0x00, 0x08,
    0xfe, 0xcf, 0x90, 0x00, 0x00, 0x00, 0x00, 0x00, 0x06, 0xff, 0xcf, 0xa0, 0x00, 0x00, 0x00, 0x00,
    0x00, 0x08, 0xfe, 0x9f, 0xd0, 0x00, 0x00, 0x00, 0x00, 0x00, 0x0b, 0xfc, 0x5f, 0xf4, 0x00, 0x00,
    0x00, 0x00, 0x00, 0x2f, 0xf7, 0x0d, 0xfd, 0x10, 0x00, 0x00, 0x00, 0x00, 0xbf, 0xe1, 0x03, 0xff,
    0xc2, 0x00, 0x00, 0x00, 0x1a, 0xff, 0x50, 0x00, 0x5f, 0xfe, 0x94, 0x21, 0x38, 0xef, 0xf8, 0x00,
    0x00, 0x03, 0xdf, 0xff, 0xff, 0xff, 0xfe, 0x40, 0x00, 0x00, 0x00, 0x05, 0xad, 0xff, 0xdb, 0x61,
    0x00, 0x00, 0x00, 0x00, 0x00, 0x00, 0x00, 0x00, 0x00, 0x00, 0x4f, 0xff, 0xff, 0xff, 0x80, 0x00,
    0x00, 0x4f, 0xff, 0xff, 0xff, 0x80, 0x00, 0x00, 0x00, 0x00, 0x00, 0x00, 0x00, 0x00, 0x00, 0x00,
    0x00, 0x00, 0x00, 0x00, 0x00, 0x00, 0x00, 0x00, 0x00, 0x00, 0x00, 0x00, 0x00, 0x04, 0xad, 0xfd,
    0xb6, 0x00, 0x00, 0x01, 0xaf, 0xff, 0xff, 0xff, 0xc2, 0x00, 0x0a, 0xff, 0x93, 0x12, 0x7e, 0xfd,
    0x10, 0x4f, 0xf6, 0x00, 0x00, 0x03, 0xef, 0x80, 0xaf, 0xc0, 0x00, 0x00, 0x00, 0x8f, 0xe0, 0xdf,
    0x70, 0x00, 0x00, 0x00, 0x3f, 0xf2, 0xef, 0x60, 0x00, 0x00, 0x00, 0x2f, 0xf3, 0xdf, 0x70, 0x00,
    0x00, 0x00, 0x3f, 0xf2, 0xaf, 0xc0, 0x00, 0x00, 0x00, 0x8f, 0xe0, 0x4f, 0xf6, 0x00, 0x00, 0x03,
    0xff, 0x80, 0x0a, 0xff, 0x93, 0x12, 0x7e, 0xfc, 0x10, 0x00, 0x9f, 0xff, 0xff, 0xff, 0xc2, 0x00,
    0x00, 0x04, 0xad, 0xfe, 0xb6, 0x00, 0x00, 0x00, 0x00, 0x04, 0x40, 0x00, 0x03, 0x50, 0x00, 0x00,
    0x00, 0x00, 0x0a, 0xe0, 0x00, 0x0c, 0xd0, 0x00, 0x00, 0x00, 0x00, 0x04, 0xfa, 0x11, 0x8f, 0x60,
    0x00, 0x00, 0x00, 0x00, 0x00, 0x4d, 0xff, 0xe6, 0x00, 0x00, 0x00, 0x00, 0x00, 0x00, 0x00, 0x12,
    0x00, 0x00, 0x00, 0x00, 0x00, 0x00, 0x00, 0x00, 0x00, 0x00, 0x00, 0x00, 0x00, 0x00, 0x00, 0x05,
    0xad, 0xef, 0xdb, 0x61, 0x00, 0x00, 0x00, 0x03, 0xdf, 0xff, 0xff, 0xff, 0xfe, 0x40, 0x00, 0x00,
    0x5f, 0xfe, 0x94, 0x21, 0x38, 0xef, 0xf7, 0x00, 0x03, 0xff, 0xc2, 0x00, 0x00, 0x00, 0x1a, 0xff,
    0x50, 0x0d, 0xfd, 0x10, 0x00, 0x00, 0x00, 0x00, 0xcf, 0xe1, 0x5f, 0xf4, 0x00, 0x00, 0x00, 0x00,
    0x00, 0x2f, 0xf7, 0x9f, 0xd0, 0x00, 0x00, 0x00, 0x00, 0x00, 0x0b, 0xfc, 0xcf, 0xa0, 0x00, 0x00,
    0x00, 0x00, 0x00, 0x08, 0xfe, 0xcf, 0x90, 0x00, 0x00, 0x00, 0x00, 0x00, 0x06, 0xff, 0xcf, 0xa0,
    0x00, 0x00, 0x00, 0x00, 0x00, 0x08, 0xfe, 0x9f, 0xd0, 0x00, 0x00, 0x00, 0x00, 0x00, 0x0b, 0xfc,
    0x5f, 0xf4, 0x00, 0x00, 0x00, 0x00, 0x00, 0x2f, 0xf7, 0x0d, 0xfd, 0x10, 0x00, 0x00, 0x00, 0x00,
    0xbf, 0xe1, 0x03, 0xff, 0xc2, 0x00, 0x00, 0x00, 0x1a, 0xff, 0x50, 0x00, 0x5f, 0xfe, 0x94, 0x21,
    0x38, 0xef, 0xf8, 0x00, 0x00, 0x03, 0xdf, 0xff, 0xff, 0xff, 0xfe, 0x40, 0x00, 0x00, 0x00, 0x05,
    0xad, 0xff, 0xdb, 0x61, 0x00, 0x00, 0x00, 0x15, 0x20, 0x00, 0x05, 0x20, 0x00, 0x00, 0x2f, 0x70,
    0x00, 0x4f, 0x60, 0x00, 0x00, 0x0b, 0xe4, 0x03, 0xdd, 0x10, 0x00, 0x00, 0x01, 0x9f, 0xff, 0xb2,
    0x00, 0x00, 0x00, 0x00, 0x00, 0x21, 0x00, 0x00, 0x00, 0x00, 0x00, 0x00, 0x00, 0x00, 0x00, 0x00,
    0x00, 0x04, 0xad, 0xfd, 0xb6, 0x00, 0x00, 0x01, 0xaf, 0xff, 0xff, 0xff, 0xc2, 0x00, 0x0a, 0xff,
    0x93, 0x12, 0x7e, 0xfd, 0x10, 0x4f, 0xf6, 0x00, 0x00, 0x03, 0xef, 0x80, 0xaf, 0xc0, 0x00, 0x00,
    0x00, 0x8f, 0xe0, 0xdf, 0x70, 0x00, 0x00, 0x00, 0x3f, 0xf2, 0xef, 0x60, 0x00, 0x00, 0x00, 0x2f,
    0xf3, 0xdf, 0x70, 0x00, 0x00, 0x00, 0x3f, 0xf2, 0xaf, 0xc0, 0x00, 0x00, 0x00, 0x8f, 0xe0, 0x4f,
    0xf6, 0x00, 0x00, 0x03, 0xff, 0x80, 0x0a, 0xff, 0x93, 0x12, 0x7e, 0xfc, 0x10, 0x00, 0x9f, 0xff,
    0xff, 0xff, 0xc2, 0x00, 0x00, 0x04, 0xad, 0xfe, 0xb6, 0x00, 0x00, 0x00, 0x00, 0x00, 0x03, 0xfe,
    0x31, 0xef, 0x50, 0x00, 0x00, 0x00, 0x00, 0x1d, 0xf5, 0x0b, 0xf7, 0x00, 0x00, 0x00, 0x00, 0x00,
    0x9f, 0x60, 0x6f, 0x90, 0x00, 0x00, 0x00, 0x00, 0x00, 0x00, 0x00, 0x00, 0x00, 0x00, 0x00, 0x00,
    0x00, 0x05, 0xad, 0xef, 0xdb, 0x61, 0x00, 0x00, 0x00, 0x03, 0xdf, 0xff, 0xff, 0xff, 0xfe, 0x40,
    0x00, 0x00, 0x5f, 0xfe, 0x94, 0x21, 0x38, 0xef, 0xf7, 0x00, 0x03, 0xff, 0xc2, 0x00, 0x00, 0x00,
    0x1a, 0xff, 0x50, 0x0d, 0xfd, 0x10, 0x00, 0x00, 0x00, 0x00, 0xcf, 0xe1, 0x5f, 0xf4, 0x00, 0x00,
    0x00, 0x00, 0x00, 0x2f, 0xf7, 0x9f, 0xd0, 0x00, 0x00, 0x00, 0x00, 0x00, 0x0b, 0xfc, 0xcf, 0xa0,
    0x00, 0x00, 0x00, 0x00, 0x00, 0x08, 0xfe, 0xcf, 0x90, 0x00, 0x00, 0x00, 0x00, 0x00, 0x06, 0xff,
    0xcf, 0xa0, 0x00, 0x00, 0x00, 0x00, 0x00, 0x08, 0xfe, 0x9f, 0xd0, 0x00, 0x00, 0x00, 0x00, 0x00,
    0x0b, 0xfc, 0x5f, 0xf4, 0x00, 0x00, 0x00, 0x00, 0x00, 0x2f, 0xf7, 0x0d, 0xfd, 0x10, 0x00, 0x00,
    0x00, 0x00, 0xbf, 0xe1, 0x03, 0xff, 0xc2, 0x00, 0x00, 0x00, 0x1a, 0xff, 0x50, 0x00, 0x5f, 0xfe,
    0x94, 0x21, 0x38, 0xef, 0xf8, 0x00, 0x00, 0x03, 0xdf, 0xff, 0xff, 0xff, 0xfe, 0x40, 0x00, 0x00,
    0x00, 0x05, 0xad, 0xff, 0xdb, 0x61, 0x00, 0x00, 0x00, 0x00, 0x0a, 0xfa, 0x07, 0xfc, 0x10, 0x00,
    0x00, 0x6f, 0xc1, 0x3f, 0xd2, 0x00, 0x00, 0x02, 0xed, 0x11, 0xde, 0x30, 0x00, 0x00, 0x00, 0x00,
    0x00, 0x00, 0x00, 0x00, 0x00, 0x00, 0x00, 0x00, 0x00, 0x00, 0x00, 0x00, 0x04, 0xad, 0xfd, 0xb6,
    0x00, 0x00, 0x01, 0xaf, 0xff, 0xff, 0xff, 0xc2, 0x00, 0x0a, 0xff, 0x93, 0x12, 0x7e, 0xfd, 0x10,
    0x4f, 0xf6, 0x00, 0x00, 0x03, 0xef, 0x80, 0xaf, 0xc0, 0x00, 0x00, 0x00, 0x8f, 0xe0, 0xdf, 0x70,
    0x00, 0x00, 0x00, 0x3f, 0xf2, 0xef, 0x60, 0x00, 0x00, 0x00, 0x2f, 0xf3, 0xdf, 0x70, 0x00, 0x00,
    0x00, 0x3f, 0xf2, 0xaf, 0xc0, 0x00, 0x00, 0x00, 0x8f, 0xe0, 0x4f, 0xf6, 0x00, 0x00, 0x03, 0xff,
    0x80, 0x0a, 0xff, 0x93, 0x12, 0x7e, 0xfc, 0x10, 0x00, 0x9f, 0xff, 0xff, 0xff, 0xc2, 0x00, 0x00,
    0x04, 0xad, 0xfe, 0xb6, 0x00, 0x00, 0x00, 0x00, 0x05, 0xad, 0xef, 0xff, 0xff, 0xff, 0xff, 0xff,
    0xff, 0xff, 0x50, 0x00, 0x3d, 0xff, 0xff, 0xff, 0xff, 0xff, 0xff, 0xff, 0xff, 0xff, 0xf5, 0x00,
    0x6f, 0xfe, 0x94, 0x21, 0x00, 0x8f, 0xd0, 0x00, 0x00, 0x00, 0x00, 0x00, 0x4f, 0xfb, 0x20, 0x00,
    0x00, 0x08, 0xfd, 0x00, 0x00, 0x00, 0x00, 0x00, 0x0d, 0xfd, 0x10, 0x00, 0x00, 0x00, 0x8f, 0xd0,
    0x00, 0x00, 0x00, 0x00, 0x05, 0xff, 0x40, 0x00, 0x00, 0x00, 0x08, 0xfd, 0x00, 0x00, 0x00, 0x00,
    0x00, 0x9f, 0xd0, 0x00, 0x00, 0x00, 0x00, 0x8f, 0xd0, 0x00, 0x00, 0x00, 0x00, 0x0c, 0xfa, 0x00,
    0x00, 0x00, 0x00, 0x08, 0xff, 0xff, 0xff, 0xff, 0xff, 0x40, 0xcf, 0x90, 0x00, 0x00, 0x00, 0x00,
    0x8f, 0xff, 0xff, 0xff, 0xff, 0xf4, 0x0c, 0xfa, 0x00, 0x00, 0x00, 0x00, 0x08, 0xfd, 0x00, 0x00,
    0x00, 0x00, 0x00, 0x9f, 0xd0, 0x00, 0x00, 0x00, 0x00, 0x8f, 0xd0, 0x00, 0x00, 0x00, 0x00, 0x05,
    0xff, 0x40, 0x00, 0x00, 0x00, 0x08, 0xfd, 0x00, 0x00, 0x00, 0x00, 0x00, 0x0d, 0xfc, 0x10, 0x00,
    0x00, 0x00, 0x8f, 0xd0, 0x00, 0x00, 0x00, 0x00, 0x00, 0x4f, 0xfb, 0x20, 0x00, 0x00, 0x08, 0xfd,
    0x00, 0x00, 0x00, 0x00, 0x00, 0x00, 0x6f, 0xfe, 0x94, 0x21, 0x00, 0x8f, 0xd0, 0x00, 0x00, 0x00,
    0x00, 0x00, 0x00, 0x4d, 0xff, 0xff, 0xff, 0xff, 0xff, 0xff, 0xff, 0xff, 0xff, 0xfa, 0x00, 0x00,
    0x05, 0xad, 0xff, 0xff, 0xff, 0xff, 0xff, 0xff, 0xff, 0xff, 0xa0, 0x00, 0x04, 0xad, 0xfe, 0xb6,
    0x00, 0x00, 0x6b, 0xee, 0xd9, 0x30, 0x00, 0x01, 0xaf, 0xff, 0xff, 0xff, 0xc1, 0x1b, 0xff, 0xff,
    0xff, 0xf7, 0x00, 0x0a, 0xff, 0x93, 0x12, 0x7e, 0xfc, 0xbf, 0xd6, 0x21, 0x39, 0xff, 0x50, 0x4f,
    0xf6, 0x00, 0x00, 0x03, 0xef, 0xfd, 0x10, 0x00, 0x00, 0x5f, 0xe0, 0xaf, 0xc0, 0x00, 0x00, 0x00,
    0x8f, 0xf6, 0x00, 0x00, 0x00, 0x0c, 0xf5, 0xdf, 0x70, 0x00, 0x00, 0x00, 0x3f, 0xff, 0xff, 0xff,
    0xff, 0xff, 0xf7, 0xef, 0x60, 0x00, 0x00, 0x00, 0x2f, 0xff, 0xff, 0xff, 0xff, 0xff, 0xf8, 0xdf,
    0x70, 0x00, 0x00, 0x00, 0x3f, 0xf5, 0x00, 0x00, 0x00, 0x00, 0x00, 0xaf, 0xc0, 0x00, 0x00, 0x00,
    0x8f, 0xfa, 0x00, 0x00, 0x00, 0x00, 0x00, 0x4f, 0xf6, 0x00, 0x00, 0x03, 0xff, 0xff, 0x50, 0x00,
    0x00, 0x06, 0x00, 0x0a, 0xff, 0x93, 0x12, 0x7e, 0xfb, 0x9f, 0xf9, 0x31, 0x15, 0xcf, 0x60, 0x00,
    0x9f, 0xff, 0xff, 0xff, 0xb1, 0x09, 0xff, 0xff, 0xff, 0xfe, 0x30, 0x00, 0x04, 0xad, 0xfe, 0xb5,
    0x00, 0x00, 0x4a, 0xdf, 0xec, 0x71, 0x00, 0x00, 0x00, 0x00, 0x03, 0xef, 0x90, 0x00, 0x00, 0x00,
    0x00, 0x04, 0xee, 0x50, 0x00, 0x00, 0x00, 0x00, 0x05, 0xfc, 0x20, 0x00, 0x00, 0x00, 0x00, 0x00,
    0x00, 0x00, 0x00, 0x00, 0x00, 0x7f, 0xff, 0xff, 0xff, 0xdb, 0x60, 0x00, 0x07, 0xff, 0xff, 0xff,
    0xff, 0xff, 0xd2, 0x00, 0x7f, 0xe0, 0x00, 0x01, 0x37, 0xef, 0xe1, 0x07, 0xfe, 0x00, 0x00, 0x00,
    0x03, 0xef, 0x90, 0x7f, 0xe0, 0x00, 0x00, 0x00, 0x09, 0xfd, 0x07, 0xfe, 0x00, 0x00, 0x00, 0x00,
    0x5f, 0xf0, 0x7f, 0xe0, 0x00, 0x00, 0x00, 0x05, 0xff, 0x07, 0xfe, 0x00, 0x00, 0x00, 0x00, 0x9f,
    0xd0, 0x7f, 0xe0, 0x00, 0x00, 0x00, 0x3e, 0xf8, 0x07, 0xfe, 0x00, 0x00, 0x13, 0x7e, 0xfd, 0x10,
    0x7f, 0xff, 0xff, 0xff, 0xff, 0xfd, 0x20, 0x07, 0xff, 0xff, 0xff, 0xff, 0xfa, 0x00, 0x00, 0x7f,
    0xe0, 0x00, 0x00, 0x7f, 0xe3, 0x00, 0x07, 0xfe, 0x00, 0x00, 0x00, 0xbf, 0xc0, 0x00, 0x7f, 0xe0,
    0x00, 0x00, 0x02, 0xef, 0x90, 0x07, 0xfe, 0x00, 0x00, 0x00, 0x05, 0xff, 0x40, 0x7f, 0xe0, 0x00,
    0x00, 0x00, 0x09, 0xfe, 0x10, 0x00, 0x00, 0x7f, 0xe6, 0x00, 0x08, 0xfc, 0x20, 0x00, 0x9f, 0x91,
    0x00, 0x00, 0x00, 0x00, 0x00, 0x00, 0x00, 0x00, 0x00, 0xcf, 0x61, 0x8d, 0xe0, 0xcf, 0x8e, 0xff,
    0xf0, 0xcf, 0xff, 0x72, 0x10, 0xcf, 0xf5, 0x00, 0x00, 0xcf, 0xc0, 0x00, 0x00, 0xcf, 0x80, 0x00,
    0x00, 0xcf, 0x70, 0x00, 0x00, 0xcf, 0x70, 0x00, 0x00, 0xcf, 0x70, 0x00, 0x00, 0xcf, 0x70, 0x00,
    0x00, 0xcf, 0x70, 0x00, 0x00, 0xcf, 0x70, 0x00, 0x00, 0xcf, 0x70, 0x00, 0x00, 0x7f, 0xff, 0xff,
    0xff, 0xdb, 0x60, 0x00, 0x07, 0xff, 0xff, 0xff, 0xff, 0xff, 0xd2, 0x00, 0x7f, 0xe0, 0x00, 0x01,
    0x37, 0xef, 0xe1, 0x07, 0xfe, 0x00, 0x00, 0x00, 0x03, 0xef, 0x90, 0x7f, 0xe0, 0x00, 0x00, 0x00,
    0x09, 0xfd, 0x07, 0xfe, 0x00, 0x00, 0x00, 0x00, 0x5f, 0xf0, 0x7f, 0xe0, 0x00, 0x00, 0x00, 0x05,
    0xff, 0x07, 0xfe, 0x00, 0x00, 0x00, 0x00, 0x9f, 0xd0, 0x7f, 0xe0, 0x00, 0x00, 0x00, 0x3e, 0xf8,
    0x07, 0xfe, 0x00, 0x00, 0x13, 0x7e, 0xfd, 0x10, 0x7f, 0xff, 0xff, 0xff, 0xff, 0xfd, 0x20, 0x07,
    0xff, 0xff, 0xff, 0xff, 0xfa, 0x00, 0x00, 0x7f, 0xe0, 0x00, 0x00, 0x7f, 0xe3, 0x00, 0x07, 0xfe,
    0x00, 0x00, 0x00, 0xbf, 0xc0, 0x00, 0x7f, 0xe0, 0x00, 0x00, 0x02, 0xef, 0x90, 0x07, 0xfe, 0x00,
    0x00, 0x00, 0x05, 0xff, 0x40, 0x7f, 0xe0, 0x00, 0x00, 0x00, 0x09, 0xfe, 0x10, 0x00, 0x00, 0x00,
    0x00, 0x00, 0x00, 0x00, 0x00, 0x00, 0x00, 0x00, 0x00, 0x00, 0x00, 0x00, 0x00, 0x00, 0x2d, 0xc0,
    0x00, 0x00, 0x00, 0x00, 0x00, 0x03, 0xff, 0x10, 0x00, 0x00, 0x00, 0x00, 0x00, 0x0a, 0xb0, 0x00,
    0x00, 0x00, 0x00, 0x00, 0x00, 0xe5, 0x00, 0x00, 0x00, 0x00, 0xcf, 0x61, 0x8d, 0xe0, 0xcf, 0x8e,
    0xff, 0xf0, 0xcf, 0xff, 0x72, 0x10, 0xcf, 0xf5, 0x00, 0x00, 0xcf, 0xc0, 0x00, 0x00, 0xcf, 0x80,
    0x00, 0x00, 0xcf, 0x70, 0x00, 0x00, 0xcf, 0x70, 0x00, 0x00, 0xcf, 0x70, 0x00, 0x00, 0xcf, 0x70,
    0x00, 0x00, 0xcf, 0x70, 0x00, 0x00, 0xcf, 0x70, 0x00, 0x00, 0xcf, 0x70, 0x00, 0x00, 0x00, 0x00,
    0x00, 0x00, 0x00, 0x00, 0x00, 0x00, 0x9e, 0x50, 0x00, 0x00, 0xbf, 0x70, 0x00, 0x00, 0x4f, 0x20,
    0x00, 0x00, 0x8b, 0x00, 0x00, 0x00, 0x00, 0x1c, 0xe5, 0x00, 0x8f, 0xa0, 0x00, 0x00, 0x00, 0x1b,
    0xf9, 0xbf, 0x90, 0x00, 0x00, 0x00, 0x00, 0x0a, 0xff, 0x80, 0x00, 0x00, 0x00, 0x00, 0x00, 0x00,
    0x00, 0x00, 0x00, 0x00, 0x7f, 0xff, 0xff, 0xff, 0xdb, 0x60, 0x00, 0x07, 0xff, 0xff, 0xff, 0xff,
    0xff, 0xd2, 0x00, 0x7f, 0xe0, 0x00, 0x01, 0x37, 0xef, 0xe1, 0x07, 0xfe, 0x00, 0x00, 0x00, 0x03,
    0xef, 0x90, 0x7f, 0xe0, 0x00, 0x00, 0x00, 0x09, 0xfd, 0x07, 0xfe, 0x00, 0x00, 0x00, 0x00, 0x5f,
    0xf0, 0x7f, 0xe0, 0x00, 0x00, 0x00, 0x05, 0xff, 0x07, 0xfe, 0x00, 0x00, 0x00, 0x00, 0x9f, 0xd0,
    0x7f, 0xe0, 0x00, 0x00, 0x00, 0x3e, 0xf8, 0x07, 0xfe, 0x00, 0x00, 0x13, 0x7e, 0xfd, 0x10, 0x7f,
    0xff, 0xff, 0xff, 0xff, 0xfd, 0x20, 0x07, 0xff, 0xff, 0xff, 0xff, 0xfa, 0x00, 0x00, 0x7f, 0xe0,
    0x00, 0x00, 0x7f, 0xe3, 0x00, 0x07, 0xfe, 0x00, 0x00, 0x00, 0xbf, 0xc0, 0x00, 0x7f, 0xe0, 0x00,
    0x00, 0x02, 0xef, 0x90, 0x07, 0xfe, 0x00, 0x00, 0x00, 0x05, 0xff, 0x40, 0x7f, 0xe0, 0x00, 0x00,
    0x00, 0x09, 0xfe, 0x10, 0x3e, 0xd3, 0x01, 0xbf, 0x60, 0x3e, 0xe7, 0xdf, 0x50, 0x00, 0x2d, 0xfe,
    0x40, 0x00, 0x00, 0x00, 0x00, 0x00, 0x00, 0x00, 0x00, 0x00, 0x00, 0xcf, 0x61, 0x8d, 0xe0, 0x0c,
    0xf8, 0xef, 0xff, 0x00, 0xcf, 0xff, 0x72, 0x10, 0x0c, 0xff, 0x50, 0x00, 0x00, 0xcf, 0xc0, 0x00,
    0x00, 0x0c, 0xf8, 0x00, 0x00, 0x00, 0xcf, 0x70, 0x00, 0x00, 0x0c, 0xf7, 0x00, 0x00, 0x00, 0xcf,
    0x70, 0x00, 0x00, 0x0c, 0xf7, 0x00, 0x00, 0x00, 0xcf, 0x70, 0x00, 0x00, 0x0c, 0xf7, 0x00, 0x00,
    0x00, 0xcf, 0x70, 0x00, 0x00, 0x00, 0x00, 0x00, 0x06, 0xff, 0x70, 0x00, 0x00, 0x00, 0x07, 0xfd,
    0x30, 0x00, 0x00, 0x00, 0x08, 0xfa, 0x10, 0x00, 0x00, 0x00, 0x00, 0x00, 0x00, 0x00, 0x00, 0x00,
    0x16, 0xbd, 0xfe, 0xda, 0x50, 0x00, 0x3d, 0xff, 0xff, 0xff, 0xff, 0xd1, 0x1d, 0xfe, 0x62, 0x11,
    0x48, 0xec, 0x06, 0xff, 0x20, 0x00, 0x00, 0x01, 0x30, 0x9f, 0xc0, 0x00, 0x00, 0x00, 0x00, 0x08,
    0xfe, 0x10, 0x00, 0x00, 0x00, 0x00, 0x3f, 0xfc, 0x30, 0x00, 0x00, 0x00, 0x00, 0x8f, 0xff, 0xd9,
    0x62, 0x00, 0x00, 0x00, 0x4b, 0xff, 0xff, 0xfc, 0x60, 0x00, 0x00, 0x01, 0x59, 0xdf, 0xff, 0xb0,
    0x00, 0x00, 0x00, 0x00, 0x3a, 0xff, 0x70, 0x00, 0x00, 0x00, 0x00, 0x0b, 0xfc, 0x00, 0x00, 0x00,
    0x00, 0x00, 0x7f, 0xd5, 0x70, 0x00, 0x00, 0x00, 0x0b, 0xfb, 0xcf, 0xe8, 0x42, 0x11, 0x4b, 0xff,
    0x44, 0xdf, 0xff, 0xff, 0xff, 0xff, 0x60, 0x00, 0x59, 0xce, 0xfe, 0xc8, 0x20, 0x00, 0x00, 0x00,
    0x00, 0x3e, 0xf9, 0x10, 0x00, 0x00, 0x04, 0xee, 0x60, 0x00, 0x00, 0x00, 0x5f, 0xc2, 0x00, 0x00,
    0x00, 0x00, 0x00, 0x00, 0x00, 0x00, 0x00, 0x00, 0x00, 0x00, 0x00, 0x00, 0x00, 0x18, 0xce, 0xfe,
    0xb7, 0x10, 0x02, 0xef, 0xff, 0xff, 0xff, 0xb0, 0x0b, 0xfd, 0x52, 0x12, 0x6d, 0x40, 0x0f, 0xf5,
    0x00, 0x00, 0x00, 0x00, 0x0e, 0xf8, 0x00, 0x00, 0x00, 0x00, 0x08, 0xff, 0xd8, 0x52, 0x00, 0x00,
    0x00, 0x8e, 0xff, 0xff, 0xe8, 0x10, 0x00, 0x00, 0x46, 0x9d, 0xff, 0xc0, 0x00, 0x00, 0x00, 0x00,
    0x5f, 0xf3, 0x02, 0x00, 0x00, 0x00, 0x1f, 0xf4, 0x0d, 0xc6, 0x31, 0x13, 0xaf, 0xf1, 0x3e, 0xff,
    0xff, 0xff, 0xff, 0x60, 0x01, 0x7b, 0xef, 0xfd, 0x93, 0x00, 0x00, 0x00, 0x1c, 0xff, 0x60, 0x00,
    0x00, 0x00, 0x2d, 0xf7, 0xcf, 0x60, 0x00, 0x00, 0x2d, 0xe3, 0x01, 0xaf, 0x70, 0x00, 0x00, 0x00,
    0x00, 0x00, 0x00, 0x00, 0x00, 0x16, 0xbd, 0xfe, 0xda, 0x50, 0x00, 0x3d, 0xff, 0xff, 0xff, 0xff,
    0xd1, 0x1d, 0xfe, 0x62, 0x11, 0x48, 0xec, 0x06, 0xff, 0x20, 0x00, 0x00, 0x01, 0x30, 0x9f, 0xc0,
    0x00, 0x00, 0x00, 0x00, 0x08, 0xfe, 0x10, 0x00, 0x00, 0x00, 0x00, 0x3f, 0xfc, 0x30, 0x00, 0x00,
    0x00, 0x00, 0x8f, 0xff, 0xd9, 0x62, 0x00, 0x00, 0x00, 0x4b, 0xff, 0xff, 0xfc, 0x60, 0x00, 0x00,
    0x01, 0x59, 0xdf, 0xff, 0xb0, 0x00, 0x00, 0x00, 0x00, 0x3a, 0xff, 0x70, 0x00, 0x00, 0x00, 0x00,
    0x0b, 0xfc, 0x00, 0x00, 0x00, 0x00, 0x00, 0x7f, 0xd5, 0x70, 0x00, 0x00, 0x00, 0x0b, 0xfb, 0xcf,
    0xe8, 0x42, 0x11, 0x4b, 0xff, 0x44, 0xdf, 0xff, 0xff, 0xff, 0xff, 0x60, 0x00, 0x59, 0xce, 0xfe,
    0xc8, 0x20, 0x00, 0x00, 0x00, 0xaf, 0xf9, 0x00, 0x00, 0x00, 0x1b, 0xf9, 0xaf, 0xa0, 0x00, 0x01,
    0xbf, 0x60, 0x07, 0xfa, 0x00, 0x00, 0x00, 0x00, 0x00, 0x00, 0x00, 0x00, 0x00, 0x00, 0x00, 0x00,
    0x00, 0x00, 0x18, 0xce, 0xfe, 0xb7, 0x10, 0x02, 0xef, 0xff, 0xff, 0xff, 0xb0, 0x0b, 0xfd, 0x52,
    0x12, 0x6d, 0x40, 0x0f, 0xf5, 0x00, 0x00, 0x00, 0x00, 0x0e, 0xf8, 0x00, 0x00, 0x00, 0x00, 0x08,
    0xff, 0xd8, 0x52, 0x00, 0x00, 0x00, 0x8e, 0xff, 0xff, 0xe8, 0x10, 0x00, 0x00, 0x46, 0x9d, 0xff,
    0xc0, 0x00, 0x00, 0x00, 0x00, 0x5f, 0xf3, 0x02, 0x00, 0x00, 0x00, 0x1f, 0xf4, 0x0d, 0xc6, 0x31,
    0x13, 0xaf, 0xf1, 0x3e, 0xff, 0xff, 0xff, 0xff, 0x60, 0x01, 0x7b, 0xef, 0xfd, 0x93, 0x00, 0x00,
    0x16, 0xbd, 0xfe, 0xda, 0x50, 0x00, 0x3d, 0xff, 0xff, 0xff, 0xff, 0xd1, 0x1d, 0xfe, 0x62, 0x11,
    0x48, 0xec, 0x06, 0xff, 0x20, 0x00, 0x00, 0x01, 0x30, 0x9f, 0xc0, 0x00, 0x00, 0x00, 0x00, 0x08,
    0xfe, 0x10, 0x00, 0x00, 0x00, 0x00, 0x3f, 0xfc, 0x30, 0x00, 0x00, 0x00, 0x00, 0x8f, 0xff, 0xd9,
    0x62, 0x00, 0x00, 0x00, 0x4b, 0xff, 0xff, 0xfc, 0x60, 0x00, 0x00, 0x01, 0x59, 0xdf, 0xff, 0xb0,
    0x00, 0x00, 0x00, 0x00, 0x3a, 0xff, 0x70, 0x00, 0x00, 0x00, 0x00, 0x0b, 0xfc, 0x00, 0x00, 0x00,
    0x00, 0x00, 0x7f, 0xd5, 0x70, 0x00, 0x00, 0x00, 0x0b, 0xfb, 0xcf, 0xe8, 0x42, 0x11, 0x4b, 0xff,
    0x44, 0xdf, 0xff, 0xff, 0xff, 0xff, 0x60, 0x00, 0x59, 0xce, 0xfe, 0xc8, 0x20, 0x00, 0x00, 0x00,
    0x2f, 0x30, 0x00, 0x00, 0x00, 0x00, 0x06, 0xfb, 0x40, 0x00, 0x00, 0x00, 0x00, 0x01, 0xbe, 0x00,
    0x00, 0x00, 0x00, 0x31, 0x1b, 0xf0, 0x00, 0x00, 0x00, 0x0c, 0xff, 0xe5, 0x00, 0x00, 0x00, 0x00,
    0x02, 0x20, 0x00, 0x00, 0x00, 0x00, 0x18, 0xce, 0xfe, 0xb7, 0x10, 0x02, 0xef, 0xff, 0xff, 0xff,
    0xb0, 0x0b, 0xfd, 0x52, 0x12, 0x6d, 0x40, 0x0f, 0xf5, 0x00, 0x00, 0x00, 0x00, 0x0e, 0xf8, 0x00,
    0x00, 0x00, 0x00, 0x08, 0xff, 0xd8, 0x52, 0x00, 0x00, 0x00, 0x8e, 0xff, 0xff, 0xe8, 0x10, 0x00,
    0x00, 0x46, 0x9d, 0xff, 0xc0, 0x00, 0x00, 0x00, 0x00, 0x5f, 0xf3, 0x02, 0x00, 0x00, 0x00, 0x1f,
    0xf4, 0x0d, 0xc6, 0x31, 0x13, 0xaf, 0xf1, 0x3e, 0xff, 0xff, 0xff, 0xff, 0x60, 0x01, 0x7b, 0xef,
    0xfd, 0x93, 0x00, 0x00, 0x00, 0x0d, 0x70, 0x00, 0x00, 0x00, 0x00, 0x3f, 0xc6, 0x00, 0x00, 0x00,
    0x00, 0x00, 0x8f, 0x30, 0x00, 0x00, 0x02, 0x20, 0x8f, 0x30, 0x00, 0x00, 0x08, 0xff, 0xf8, 0x00,
    0x00, 0x00, 0x00, 0x12, 0x10, 0x00, 0x00, 0x00, 0x2d, 0xe4, 0x01, 0xaf, 0x70, 0x00, 0x00, 0x2d,
    0xf7, 0xcf, 0x60, 0x00, 0x00, 0x00, 0x1c, 0xff, 0x60, 0x00, 0x00, 0x00, 0x00, 0x00, 0x00, 0x00,
    0x00, 0x00, 0x16, 0xbd, 0xfe, 0xda, 0x50, 0x00, 0x3d, 0xff, 0xff, 0xff, 0xff, 0xd1, 0x1d, 0xfe,
    0x62, 0x11, 0x48, 0xec, 0x06, 0xff, 0x20, 0x00, 0x00, 0x01, 0x30, 0x9f, 0xc0, 0x00, 0x00, 0x00,
    0x00, 0x08, 0xfe, 0x10, 0x00, 0x00, 0x00, 0x00, 0x3f, 0xfc, 0x30, 0x00, 0x00, 0x00, 0x00, 0x8f,
    0xff, 0xd9, 0x62, 0x00, 0x00, 0x00, 0x4b, 0xff, 0xff, 0xfc, 0x60, 0x00, 0x00, 0x01, 0x59, 0xdf,
    0xff, 0xb0, 0x00, 0x00, 0x00, 0x00, 0x3a, 0xff, 0x70, 0x00, 0x00, 0x00, 0x00, 0x0b, 0xfc, 0x00,
    0x00, 0x00, 0x00, 0x00, 0x7f, 0xd5, 0x70, 0x00, 0x00, 0x00, 0x0b, 0xfb, 0xcf, 0xe8, 0x42, 0x11,
    0x4b, 0xff, 0x44, 0xdf, 0xff, 0xff, 0xff, 0xff, 0x60, 0x00, 0x59, 0xce, 0xfe, 0xc8, 0x20, 0x00,
    0x01, 0xbf, 0x60, 0x07, 0xfa, 0x00, 0x00, 0x1b, 0xf9, 0xaf, 0xa0, 0x00, 0x00, 0x00, 0xaf, 0xf9,
    0x00, 0x00, 0x00, 0x00, 0x00, 0x00, 0x00, 0x00, 0x00, 0x00, 0x00, 0x00, 0x00, 0x00, 0x00, 0x18,
    0xce, 0xfe, 0xb7, 0x10, 0x02, 0xef, 0xff, 0xff, 0xff, 0xb0, 0x0b, 0xfd, 0x52, 0x12, 0x6d, 0x40,
    0x0f, 0xf5, 0x00, 0x00, 0x00, 0x00, 0x0e, 0xf8, 0x00, 0x00, 0x00, 0x00, 0x08, 0xff, 0xd8, 0x52,
    0x00, 0x00, 0x00, 0x8e, 0xff, 0xff, 0xe8, 0x10, 0x00, 0x00, 0x46, 0x9d, 0xff, 0xc0, 0x00, 0x00,
    0x00, 0x00, 0x5f, 0xf3, 0x02, 0x00, 0x00, 0x00, 0x1f, 0xf4, 0x0d, 0xc6, 0x31, 0x13, 0xaf, 0xf1,
    0x3e, 0xff, 0xff, 0xff, 0xff, 0x60, 0x01, 0x7b, 0xef, 0xfd, 0x93, 0x00, 0xef, 0xff, 0xff, 0xff,
    0xff, 0xff, 0xff, 0xef, 0xff, 0xff, 0xff, 0xff, 0xff, 0xff, 0x00, 0x00, 0x02, 0xff, 0x40, 0x00,
    0x00, 0x00, 0x00, 0x02, 0xff, 0x40, 0x00, 0x00, 0x00, 0x00, 0x02, 0xff, 0x40, 0x00, 0x00, 0x00,
    0x00, 0x02, 0xff, 0x40, 0x00, 0x00, 0x00, 0x00, 0x02, 0xff, 0x40, 0x00, 0x00, 0x00, 0x00, 0x02,
    0xff, 0x40, 0x00, 0x00, 0x00, 0x00, 0x02, 0xff, 0x40, 0x00, 0x00, 0x00, 0x00, 0x02, 0xff, 0x40,
    0x00, 0x00, 0x00, 0x00, 0x02, 0xff, 0x40, 0x00, 0x00, 0x00, 0x00, 0x02, 0xff, 0x40, 0x00, 0x00,
    0x00, 0x00, 0x02, 0xff, 0x40, 0x00, 0x00, 0x00, 0x00, 0x02, 0xff, 0x40, 0x00, 0x00, 0x00, 0x00,
    0x02, 0xff, 0x40, 0x00, 0x00, 0x00, 0x00, 0x02, 0xff, 0x40, 0x00, 0x00, 0x00, 0x00, 0x02, 0xff,
    0x40, 0x00, 0x00, 0x00, 0x00, 0x00, 0xc8, 0x00, 0x00, 0x00, 0x00, 0x00, 0x01, 0xfd, 0x70, 0x00,
    0x00, 0x00, 0x00, 0x00, 0x07, 0xf4, 0x00, 0x00, 0x00, 0x00, 0x22, 0x07, 0xf5, 0x00, 0x00, 0x00,
    0x00, 0x7f, 0xff, 0x90, 0x00, 0x00, 0x00, 0x00, 0x01, 0x21, 0x00, 0x00, 0x00, 0x00, 0x7f, 0xc0,
    0x00, 0x00, 0x00, 0x7f, 0xc0, 0x00, 0x00, 0x00, 0x7f, 0xc0, 0x00, 0x00, 0xaf, 0xff, 0xff, 0xff,
    0x70, 0xaf, 0xff, 0xff, 0xff, 0x70, 0x00, 0x8f, 0xd0, 0x00, 0x00, 0x00, 0x7f, 0xc0, 0x00, 0x00,
    0x00, 0x7f, 0xc0, 0x00, 0x00, 0x00, 0x7f, 0xc0, 0x00, 0x00, 0x00, 0x7f, 0xc0, 0x00, 0x00, 0x00,
    0x7f, 0xc0, 0x00, 0x00, 0x00, 0x7f, 0xc0, 0x00, 0x00, 0x00, 0x7f, 0xe0, 0x00, 0x00, 0x00, 0x4f,
    0xf7, 0x01, 0x40, 0x00, 0x0c, 0xff, 0xff, 0xf1, 0x00, 0x01, 0x9e, 0xfd, 0x81, 0x00, 0x00, 0x0c,
    0x80, 0x00, 0x00, 0x00, 0x1f, 0xd7, 0x00, 0x00, 0x00, 0x00, 0x7f, 0x40, 0x00, 0x01, 0x20, 0x6f,
    0x50, 0x00, 0x07, 0xff, 0xf9, 0x00, 0x00, 0x00, 0x12, 0x10, 0x00, 0x00, 0x0b, 0xf7, 0x00, 0x6f,
    0xb1, 0x00, 0x00, 0x00, 0xaf, 0xa9, 0xfb, 0x00, 0x00, 0x00, 0x00, 0x09, 0xff, 0xa0, 0x00, 0x00,
    0x00, 0x00, 0x00, 0x00, 0x00, 0x00, 0x00, 0xef, 0xff, 0xff, 0xff, 0xff, 0xff, 0xff, 0xef, 0xff,
    0xff, 0xff, 0xff, 0xff, 0xff, 0x00, 0x00, 0x02, 0xff, 0x40, 0x00, 0x00, 0x00, 0x00, 0x02, 0xff,
    0x40, 0x00, 0x00, 0x00, 0x00, 0x02, 0xff, 0x40, 0x00, 0x00, 0x00, 0x00, 0x02, 0xff, 0x40, 0x00,
    0x00, 0x00, 0x00, 0x02, 0xff, 0x40, 0x00, 0x00, 0x00, 0x00, 0x02, 0xff, 0x40, 0x00, 0x00, 0x00,
    0x00, 0x02, 0xff, 0x40, 0x00, 0x00, 0x00, 0x00, 0x02, 0xff, 0x40, 0x00, 0x00, 0x00, 0x00, 0x02,
    0xff, 0x40, 0x00, 0x00, 0x00, 0x00, 0x02, 0xff, 0x40, 0x00, 0x00, 0x00, 0x00, 0x02, 0xff, 0x40,
    0x00, 0x00, 0x00, 0x00, 0x02, 0xff, 0x40, 0x00, 0x00, 0x00, 0x00, 0x02, 0xff, 0x40, 0x00, 0x00,
    0x00, 0x00, 0x02, 0xff, 0x40, 0x00, 0x00, 0x00, 0x00, 0x02, 0xff, 0x40, 0x00, 0x00, 0x00, 0x00,
    0x00, 0x2f, 0xa0, 0x00, 0x00, 0x00, 0x2f, 0x90, 0x00, 0x7f, 0xc0, 0x2f, 0x80, 0x00, 0x7f, 0xc0,
    0x2f, 0x70, 0x00, 0x7f, 0xc0, 0x00, 0x00, 0xaf, 0xff, 0xff, 0xff, 0x70, 0xaf, 0xff, 0xff, 0xff,
    0x70, 0x00, 0x8f, 0xd0, 0x00, 0x00, 0x00, 0x7f, 0xc0, 0x00, 0x00, 0x00, 0x7f, 0xc0, 0x00, 0x00,
    0x00, 0x7f, 0xc0, 0x00, 0x00, 0x00, 0x7f, 0xc0, 0x00, 0x00, 0x00, 0x7f, 0xc0, 0x00, 0x00, 0x00,
    0x7f, 0xc0, 0x00, 0x00, 0x00, 0x7f, 0xe0, 0x00, 0x00, 0x00, 0x4f, 0xf7, 0x01, 0x40, 0x00, 0x0c,
    0xff, 0xff, 0xf1, 0x00, 0x01, 0x9d, 0xfd, 0x81, 0xef, 0xff, 0xff, 0xff, 0xff, 0xff, 0xff, 0xef,
    0xff, 0xff, 0xff, 0xff, 0xff, 0xff, 0x00, 0x00, 0x02, 0xff, 0x40, 0x00, 0x00, 0x00, 0x00, 0x02,
    0xff, 0x40, 0x00, 0x00, 0x00, 0x00, 0x02, 0xff, 0x40, 0x00, 0x00, 0x00, 0x00, 0x02, 0xff, 0x40,
    0x00, 0x00, 0x00, 0x00, 0x03, 0xff, 0x40, 0x00, 0x00, 0x00, 0xcf, 0xff, 0xff, 0xff, 0xfc, 0x00,
    0x00, 0xcf, 0xff, 0xff, 0xff, 0xfc, 0x00, 0x00, 0x00, 0x02, 0xff, 0x40, 0x00, 0x00, 0x00, 0x00,
    0x02, 0xff, 0x40, 0x00, 0x00, 0x00, 0x00, 0x02, 0xff, 0x40, 0x00, 0x00, 0x00, 0x00, 0x02, 0xff,
    0x40, 0x00, 0x00, 0x00, 0x00, 0x02, 0xff, 0x40, 0x00, 0x00, 0x00, 0x00, 0x02, 0xff, 0x40, 0x00,
    0x00, 0x00, 0x00, 0x02, 0xff, 0x40, 0x00, 0x00, 0x00, 0x00, 0x02, 0xff, 0x40, 0x00, 0x00, 0x00,
    0x5f, 0xe0, 0x00, 0x00, 0x00, 0x5f, 0xe0, 0x00, 0x00, 0x00, 0x5f, 0xe0, 0x00, 0x00, 0x8f, 0xff,
    0xff, 0xff, 0x90, 0x8f, 0xff, 0xff, 0xff, 0x90, 0x00, 0x6f, 0xe0, 0x00, 0x00, 0x00, 0x5f, 0xe0,
    0x00, 0x00, 0x00, 0x5f, 0xe0, 0x00, 0x00, 0x29, 0xff, 0xf9, 0x99, 0x30, 0x3f, 0xff, 0xff, 0xff,
    0x50, 0x00, 0x5f, 0xe0, 0x00, 0x00, 0x00, 0x5f, 0xe0, 0x00, 0x00, 0x00, 0x5f, 0xf1, 0x00, 0x00,
    0x00, 0x2f, 0xf8, 0x00, 0x50, 0x00, 0x0a, 0xff, 0xff, 0xf3, 0x00, 0x00, 0x8d, 0xfd, 0x92, 0x00,
    0x00, 0x00, 0x00, 0x00, 0x00, 0x00, 0x00, 0x00, 0x07, 0xed, 0x30, 0x0c, 0x70, 0x00, 0x00, 0x02,
    0xff, 0xfe, 0x44, 0xf3, 0x00, 0x00, 0x00, 0x7e, 0x22, 0xaf, 0xf9, 0x00, 0x00, 0x00, 0x01, 0x20,
    0x00, 0x11, 0x00, 0x00, 0x00, 0x00, 0x00, 0x00, 0x00, 0x00, 0x00, 0x00, 0x9f, 0xc0, 0x00, 0x00,
    0x00, 0x00, 0xbf, 0x99, 0xfc, 0x00, 0x00, 0x00, 0x00, 0x0b, 0xf9, 0x9f, 0xc0, 0x00, 0x00, 0x00,
    0x00, 0xbf, 0x99, 0xfc, 0x00, 0x00, 0x00, 0x00, 0x0b, 0xf9, 0x9f, 0xc0, 0x00, 0x00, 0x00, 0x00,
    0xbf, 0x99, 0xfc, 0x00, 0x00, 0x00, 0x00, 0x0b, 0xf9, 0x9f, 0xc0, 0x00, 0x00, 0x00, 0x00, 0xbf,
    0x99, 0xfc, 0x00, 0x00, 0x00, 0x00, 0x0b, 0xf9, 0x9f, 0xc0, 0x00, 0x00, 0x00, 0x00, 0xbf, 0x99,
    0xfc, 0x00, 0x00, 0x00, 0x00, 0x0b, 0xf9, 0x8f, 0xd0, 0x00, 0x00, 0x00, 0x00, 0xcf, 0x87, 0xff,
    0x00, 0x00, 0x00, 0x00, 0x0e, 0xf6, 0x3f, 0xf5, 0x00, 0x00, 0x00, 0x04, 0xff, 0x20, 0xcf, 0xd1,
    0x00, 0x00, 0x01, 0xdf, 0xc0, 0x03, 0xff, 0xd6, 0x21, 0x26, 0xdf, 0xf3, 0x00, 0x04, 0xef, 0xff,
    0xff, 0xff, 0xe4, 0x00, 0x00, 0x01, 0x7c, 0xef, 0xec, 0x71, 0x00, 0x00, 0x00, 0x00, 0x00, 0x00,
    0x00, 0x00, 0x00, 0x01, 0xbf, 0x90, 0x04, 0xf0, 0x00, 0x00, 0x9f, 0xff, 0xa1, 0xac, 0x00, 0x00,
    0x0d, 0x91, 0x5d, 0xfe, 0x30, 0x00, 0x00, 0x21, 0x00, 0x02, 0x00, 0x00, 0x00, 0x00, 0x00, 0x00,
    0x00, 0x00, 0x00, 0xef, 0x60, 0x00, 0x00, 0x04, 0xff, 0x1e, 0xf6, 0x00, 0x00, 0x00, 0x4f, 0xf1,
    0xef, 0x60, 0x00, 0x00, 0x04, 0xff, 0x1e, 0xf6, 0x00, 0x00, 0x00, 0x4f, 0xf1, 0xef, 0x60, 0x00,
    0x00, 0x04, 0xff, 0x1e, 0xf6, 0x00, 0x00, 0x00, 0x4f, 0xf1, 0xef, 0x60, 0x00, 0x00, 0x04, 0xff,
    0x1e, 0xf6, 0x00, 0x00, 0x00, 0x5f, 0xf1, 0xdf, 0x80, 0x00, 0x00, 0x08, 0xff, 0x1a, 0xfe, 0x10,
    0x00, 0x02, 0xef, 0xf1, 0x4f, 0xfc, 0x41, 0x16, 0xef, 0xff, 0x10, 0x8f, 0xff, 0xff, 0xff, 0x8f,
    0xf1, 0x00, 0x4b, 0xef, 0xda, 0x32, 0xff, 0x10, 0x00, 0x00, 0x00, 0x00, 0x00, 0x00, 0x00, 0x00,
    0x00, 0x6f, 0xff, 0xff, 0xff, 0x60, 0x00, 0x00, 0x06, 0xff, 0xff, 0xff, 0xf6, 0x00, 0x00, 0x00,
    0x00, 0x00, 0x00, 0x00, 0x00, 0x00, 0x00, 0x00, 0x00, 0x00, 0x00, 0x00, 0x00, 0x09, 0xfc, 0x00,
    0x00, 0x00, 0x00, 0x0b, 0xf9, 0x9f, 0xc0, 0x00, 0x00, 0x00, 0x00, 0xbf, 0x99, 0xfc, 0x00, 0x00,
    0x00, 0x00, 0x0b, 0xf9, 0x9f, 0xc0, 0x00, 0x00, 0x00, 0x00, 0xbf, 0x99, 0xfc, 0x00, 0x00, 0x00,
    0x00, 0x0b, 0xf9, 0x9f, 0xc0, 0x00, 0x00, 0x00, 0x00, 0xbf, 0x99, 0xfc, 0x00, 0x00, 0x00, 0x00,
    0x0b, 0xf9, 0x9f, 0xc0, 0x00, 0x00, 0x00, 0x00, 0xbf, 0x99, 0xfc, 0x00, 0x00, 0x00, 0x00, 0x0b,
    0xf9, 0x9f, 0xc0, 0x00, 0x00, 0x00, 0x00, 0xbf, 0x98, 0xfd, 0x00, 0x00, 0x00, 0x00, 0x0c, 0xf8,
    0x7f, 0xf0, 0x00, 0x00, 0x00, 0x00, 0xef, 0x63, 0xff, 0x50, 0x00, 0x00, 0x00, 0x4f, 0xf2, 0x0c,
    0xfd, 0x10, 0x00, 0x00, 0x1d, 0xfc, 0x00, 0x3f, 0xfd, 0x62, 0x12, 0x6d, 0xff, 0x30, 0x00, 0x4e,
    0xff, 0xff, 0xff, 0xfe, 0x40, 0x00, 0x00, 0x17, 0xce, 0xfe, 0xc7, 0x10, 0x00, 0x00, 0x00, 0x00,
    0x00, 0x00, 0x00, 0x00, 0x0d, 0xff, 0xff, 0xff, 0xf0, 0x00, 0x00, 0xdf, 0xff, 0xff, 0xff, 0x00,
    0x00, 0x00, 0x00, 0x00, 0x00, 0x00, 0x00, 0x00, 0x00, 0x00, 0x00, 0x00, 0x00, 0x00, 0x00, 0x00,
    0x00, 0x00, 0x00, 0x00, 0xef, 0x60, 0x00, 0x00, 0x04, 0xff, 0x1e, 0xf6, 0x00, 0x00, 0x00, 0x4f,
    0xf1, 0xef, 0x60, 0x00, 0x00, 0x04, 0xff, 0x1e, 0xf6, 0x00, 0x00, 0x00, 0x4f, 0xf1, 0xef, 0x60,
    0x00, 0x00, 0x04, 0xff, 0x1e, 0xf6, 0x00, 0x00, 0x00, 0x4f, 0xf1, 0xef, 0x60, 0x00, 0x00, 0x04,
    0xff, 0x1e, 0xf6, 0x00, 0x00, 0x00, 0x5f, 0xf1, 0xdf, 0x80, 0x00, 0x00, 0x08, 0xff, 0x1a, 0xfe,
    0x10, 0x00, 0x02, 0xef, 0xf1, 0x4f, 0xfc, 0x41, 0x16, 0xef, 0xff, 0x10, 0x8f, 0xff, 0xff, 0xff,
    0x8f, 0xf1, 0x00, 0x4b, 0xef, 0xda, 0x32, 0xff, 0x10, 0x00, 0x02, 0x51, 0x00, 0x01, 0x52, 0x00,
    0x00, 0x00, 0x4f, 0x60, 0x00, 0x5f, 0x40, 0x00, 0x00, 0x00, 0xcd, 0x40, 0x4d, 0xc0, 0x00, 0x00,
    0x00, 0x01, 0xaf, 0xff, 0xa1, 0x00, 0x00, 0x00, 0x00, 0x00, 0x02, 0x00, 0x00, 0x00, 0x00, 0x00,
    0x00, 0x00, 0x00, 0x00, 0x00, 0x00, 0x9f, 0xc0, 0x00, 0x00, 0x00, 0x00, 0xbf, 0x99, 0xfc, 0x00,
    0x00, 0x00, 0x00, 0x0b, 0xf9, 0x9f, 0xc0, 0x00, 0x00, 0x00, 0x00, 0xbf, 0x99, 0xfc, 0x00, 0x00,
    0x00, 0x00, 0x0b, 0xf9, 0x9f, 0xc0, 0x00, 0x00, 0x00, 0x00, 0xbf, 0x99, 0xfc, 0x00, 0x00, 0x00,
    0x00, 0x0b, 0xf9, 0x9f, 0xc0, 0x00, 0x00, 0x00, 0x00, 0xbf, 0x99, 0xfc, 0x00, 0x00, 0x00, 0x00,
    0x0b, 0xf9, 0x9f, 0xc0, 0x00, 0x00, 0x00, 0x00, 0xbf, 0x99, 0xfc, 0x00, 0x00, 0x00, 0x00, 0x0b,
    0xf9, 0x8f, 0xd0, 0x00, 0x00, 0x00, 0x00, 0xcf, 0x87, 0xff, 0x00, 0x00, 0x00, 0x00, 0x0e, 0xf6,
    0x3f, 0xf5, 0x00, 0x00, 0x00, 0x04, 0xff, 0x20, 0xcf, 0xd1, 0x00, 0x00, 0x01, 0xdf, 0xc0, 0x03,
    0xff, 0xd6, 0x21, 0x26, 0xdf, 0xf3, 0x00, 0x04, 0xef, 0xff, 0xff, 0xff, 0xe4, 0x00, 0x00, 0x01,
    0x7c, 0xef, 0xec, 0x71, 0x00, 0x00, 0x00, 0x44, 0x00, 0x00, 0x35, 0x00, 0x00, 0x0b, 0xe0, 0x00,
    0x0c, 0xc0, 0x00, 0x00, 0x4f, 0x91, 0x18, 0xf6, 0x00, 0x00, 0x00, 0x5d, 0xff, 0xe6, 0x00, 0x00,
    0x00, 0x00, 0x01, 0x20, 0x00, 0x00, 0x00, 0x00, 0x00, 0x00, 0x00, 0x00, 0x00, 0xef, 0x60, 0x00,
    0x00, 0x04, 0xff, 0x1e, 0xf6, 0x00, 0x00, 0x00, 0x4f, 0xf1, 0xef, 0x60, 0x00, 0x00, 0x04, 0xff,
    0x1e, 0xf6, 0x00, 0x00, 0x00, 0x4f, 0xf1, 0xef, 0x60, 0x00, 0x00, 0x04, 0xff, 0x1e, 0xf6, 0x00,
    0x00, 0x00, 0x4f, 0xf1, 0xef, 0x60, 0x00, 0x00, 0x04, 0xff, 0x1e, 0xf6, 0x00, 0x00, 0x00, 0x5f,
    0xf1, 0xdf, 0x80, 0x00, 0x00, 0x08, 0xff, 0x1a, 0xfe, 0x10, 0x00, 0x02, 0xef, 0xf1, 0x4f, 0xfc,
    0x41, 0x16, 0xef, 0xff, 0x10, 0x8f, 0xff, 0xff, 0xff, 0x8f, 0xf1, 0x00, 0x4b, 0xef, 0xda, 0x32,
    0xff, 0x10, 0x00, 0x00, 0x03, 0xce, 0xb2, 0x00, 0x00, 0x00, 0x00, 0x00, 0xd6, 0x16, 0xd0, 0x00,
    0x00, 0x00, 0x00, 0x2f, 0x00, 0x0f, 0x10, 0x00, 0x00, 0x00, 0x00, 0xd6, 0x16, 0xd0, 0x00, 0x00,
    0x00, 0x00, 0x03, 0xce, 0xc3, 0x00, 0x00, 0x00, 0x00, 0x00, 0x00, 0x00, 0x00, 0x00, 0x00, 0x9f,
    0xc0, 0x00, 0x00, 0x00, 0x00, 0xbf, 0x99, 0xfc, 0x00, 0x00, 0x00, 0x00, 0x0b, 0xf9, 0x9f, 0xc0,
    0x00, 0x00, 0x00, 0x00, 0xbf, 0x99, 0xfc, 0x00, 0x00, 0x00, 0x00, 0x0b, 0xf9, 0x9f, 0xc0, 0x00,
    0x00, 0x00, 0x00, 0xbf, 0x99, 0xfc, 0x00, 0x00, 0x00, 0x00, 0x0b, 0xf9, 0x9f, 0xc0, 0x00, 0x00,
    0x00, 0x00, 0xbf, 0x99, 0xfc, 0x00, 0x00, 0x00, 0x00, 0x0b, 0xf9, 0x9f, 0xc0, 0x00, 0x00, 0x00,
    0x00, 0xbf, 0x99, 0xfc, 0x00, 0x00, 0x00, 0x00, 0x0b, 0xf9, 0x8f, 0xd0, 0x00, 0x00, 0x00, 0x00,
    0xcf, 0x87, 0xff, 0x00, 0x00, 0x00, 0x00, 0x0e, 0xf6, 0x3f, 0xf5, 0x00, 0x00, 0x00, 0x04, 0xff,
    0x20, 0xcf, 0xd1, 0x00, 0x00, 0x01, 0xdf, 0xc0, 0x03, 0xff, 0xd6, 0x21, 0x26, 0xdf, 0xf3, 0x00,
    0x04, 0xef, 0xff, 0xff, 0xff, 0xe4, 0x00, 0x00, 0x01, 0x7c, 0xef, 0xec, 0x71, 0x00, 0x00, 0x00,
    0x00, 0x7d, 0xe8, 0x00, 0x00, 0x00, 0x00, 0x5d, 0x22, 0xc6, 0x00, 0x00, 0x00, 0x08, 0x80, 0x06,
    0xa0, 0x00, 0x00, 0x00, 0x5d, 0x22, 0xc7, 0x00, 0x00, 0x00, 0x00, 0x7e, 0xe8, 0x00, 0x00, 0x00,
    0x00, 0x00, 0x00, 0x00, 0x00, 0x00, 0xef, 0x60, 0x00, 0x00, 0x04, 0xff, 0x1e, 0xf6, 0x00, 0x00,
    0x00, 0x4f, 0xf1, 0xef, 0x60, 0x00, 0x00, 0x04, 0xff, 0x1e, 0xf6, 0x00, 0x00, 0x00, 0x4f, 0xf1,
    0xef, 0x60, 0x00, 0x00, 0x04, 0xff, 0x1e, 0xf6, 0x00, 0x00, 0x00, 0x4f, 0xf1, 0xef, 0x60, 0x00,
    0x00, 0x04, 0xff, 0x1e, 0xf6, 0x00, 0x00, 0x00, 0x5f, 0xf1, 0xdf, 0x80, 0x00, 0x00, 0x08, 0xff,
    0x1a, 0xfe, 0x10, 0x00, 0x02, 0xef, 0xf1, 0x4f, 0xfc, 0x41, 0x16, 0xef, 0xff, 0x10, 0x8f, 0xff,
    0xff, 0xff, 0x8f, 0xf1, 0x00, 0x4b, 0xef, 0xda, 0x32, 0xff, 0x10, 0x00, 0x00, 0x00, 0xbf, 0x90,
    0x9f, 0xb0, 0x00, 0x00, 0x00, 0x7f, 0xa0, 0x5f, 0xc1, 0x00, 0x00, 0x00, 0x3f, 0xc1, 0x1e, 0xd2,
    0x00, 0x00, 0x00, 0x00, 0x00, 0x00, 0x00, 0x00, 0x00, 0x9f, 0xc0, 0x00, 0x00, 0x00, 0x00, 0xbf,
    0x99, 0xfc, 0x00, 0x00, 0x00, 0x00, 0x0b, 0xf9, 0x9f, 0xc0, 0x00, 0x00, 0x00, 0x00, 0xbf, 0x99,
    0xfc, 0x00, 0x00, 0x00, 0x00, 0x0b, 0xf9, 0x9f, 0xc0, 0x00, 0x00, 0x00, 0x00, 0xbf, 0x99, 0xfc,
    0x00, 0x00, 0x00, 0x00, 0x0b, 0xf9, 0x9f, 0xc0, 0x00, 0x00, 0x00, 0x00, 0xbf, 0x99, 0xfc, 0x00,
    0x00, 0x00, 0x00, 0x0b, 0xf9, 0x9f, 0xc0, 0x00, 0x00, 0x00, 0x00, 0xbf, 0x99, 0xfc, 0x00, 0x00,
    0x00, 0x00, 0x0b, 0xf9, 0x8f, 0xd0, 0x00, 0x00, 0x00, 0x00, 0xcf, 0x87, 0xff, 0x00, 0x00, 0x00,
    0x00, 0x0e, 0xf6, 0x3f, 0xf5, 0x00, 0x00, 0x00, 0x04, 0xff, 0x20, 0xcf, 0xd1, 0x00, 0x00, 0x01,
    0xdf, 0xc0, 0x03, 0xff, 0xd6, 0x21, 0x26, 0xdf, 0xf3, 0x00, 0x04, 0xef, 0xff, 0xff, 0xff, 0xe4,
    0x00, 0x00, 0x01, 0x7c, 0xef, 0xec, 0x71, 0x00, 0x00, 0x00, 0x00, 0x3f, 0xe3, 0x2e, 0xf5, 0x00,
    0x00, 0x1d, 0xf4, 0x0b, 0xf7, 0x00, 0x00, 0x0a, 0xf6, 0x07, 0xf9, 0x00, 0x00, 0x00, 0x00, 0x00,
    0x00, 0x00, 0x00, 0x00, 0x00, 0x00, 0x00, 0x00, 0x00, 0x0e, 0xf6, 0x00, 0x00, 0x00, 0x4f, 0xf1,
    0xef, 0x60, 0x00, 0x00, 0x04, 0xff, 0x1e, 0xf6, 0x00, 0x00, 0x00, 0x4f, 0xf1, 0xef, 0x60, 0x00,
    0x00, 0x04, 0xff, 0x1e, 0xf6, 0x00, 0x00, 0x00, 0x4f, 0xf1, 0xef, 0x60, 0x00, 0x00, 0x04, 0xff,
    0x1e, 0xf6, 0x00, 0x00, 0x00, 0x4f, 0xf1, 0xef, 0x60, 0x00, 0x00, 0x05, 0xff, 0x1d, 0xf8, 0x00,
    0x00, 0x00, 0x8f, 0xf1, 0xaf, 0xe1, 0x00, 0x00, 0x2e, 0xff, 0x14, 0xff, 0xc4, 0x11, 0x6e, 0xff,
    0xf1, 0x08, 0xff, 0xff, 0xff, 0xf8, 0xff, 0x10, 0x04, 0xbe, 0xfd, 0xa3, 0x2f, 0xf1, 0x9f, 0xc0,
    0x00, 0x00, 0x00, 0x00, 0xbf, 0x99, 0xfc, 0x00, 0x00, 0x00, 0x00, 0x0b, 0xf9, 0x9f, 0xc0, 0x00,
    0x00, 0x00, 0x00, 0xbf, 0x99, 0xfc, 0x00, 0x00, 0x00, 0x00, 0x0b, 0xf9, 0x9f, 0xc0, 0x00, 0x00,
    0x00, 0x00, 0xbf, 0x99, 0xfc, 0x00, 0x00, 0x00, 0x00, 0x0b, 0xf9, 0x9f, 0xc0, 0x00, 0x00, 0x00,
    0x00, 0xbf, 0x99, 0xfc, 0x00, 0x00, 0x00, 0x00, 0x0b, 0xf9, 0x9f, 0xc0, 0x00, 0x00, 0x00, 0x00,
    0xbf, 0x99, 0xfc, 0x00, 0x00, 0x00, 0x00, 0x0b, 0xf9, 0x9f, 0xd0, 0x00, 0x00, 0x00, 0x00, 0xcf,
    0x87, 0xff, 0x00, 0x00, 0x00, 0x00, 0x0e, 0xf6, 0x4f, 0xf5, 0x00, 0x00, 0x00, 0x04, 0xff, 0x30,
    0xdf, 0xd1, 0x00, 0x00, 0x01, 0xdf, 0xd0, 0x05, 0xff, 0xd6, 0x21, 0x26, 0xdf, 0xf4, 0x00, 0x07,
    0xff, 0xff, 0xff, 0xff, 0xf6, 0x00, 0x00, 0x03, 0x9d, 0xff, 0xff, 0xa2, 0x00, 0x00, 0x00, 0x00,
    0x0b, 0xf8, 0x10, 0x00, 0x00, 0x00, 0x00, 0x08, 0xf5, 0x00, 0x00, 0x00, 0x00, 0x00, 0x00, 0xcd,
    0x00, 0x00, 0x00, 0x00, 0x00, 0x00, 0x0a, 0xe3, 0x03, 0x00, 0x00, 0x00, 0x00, 0x00, 0x2c, 0xff,
    0xe1, 0x00, 0x00, 0x00, 0x00, 0x00, 0x01, 0x20, 0x00, 0x00, 0x00, 0xef, 0x60, 0x00, 0x00, 0x04,
    0xff, 0x1e, 0xf6, 0x00, 0x00, 0x00, 0x4f, 0xf1, 0xef, 0x60, 0x00, 0x00, 0x04, 0xff, 0x1e, 0xf6,
    0x00, 0x00, 0x00, 0x4f, 0xf1, 0xef, 0x60, 0x00, 0x00, 0x04, 0xff, 0x1e, 0xf6, 0x00, 0x00, 0x00,
    0x4f, 0xf1, 0xef, 0x60, 0x00, 0x00, 0x04, 0xff, 0x1e, 0xf6, 0x00, 0x00, 0x00, 0x5f, 0xf1, 0xdf,
    0x80, 0x00, 0x00, 0x08, 0xff, 0x1a, 0xfe, 0x10, 0x00, 0x02, 0xef, 0xf1, 0x4f, 0xfc, 0x41, 0x16,
    0xef, 0xff, 0x10, 0x8f, 0xff, 0xff, 0xff, 0x8f, 0xf1, 0x00, 0x4b, 0xef, 0xda, 0x34, 0xff, 0x10,
    0x00, 0x00, 0x00, 0x04, 0xec, 0x40, 0x00, 0x00, 0x00, 0x02, 0xeb, 0x00, 0x00, 0x00, 0x00, 0x00,
    0x6f, 0x40, 0x00, 0x00, 0x00, 0x00, 0x05, 0xf8, 0x02, 0x10, 0x00, 0x00, 0x00, 0x09, 0xff, 0xf5,
    0x00, 0x00, 0x00, 0x00, 0x01, 0x21, 0x00, 0x00, 0x00, 0x00, 0x00, 0x00, 0x03, 0xef, 0xe3, 0x00,
    0x00, 0x00, 0x00, 0x00, 0x00, 0x00, 0x00, 0x00, 0x00, 0x03, 0xee, 0x7e, 0xe4, 0x00, 0x00, 0x00,
    0x00, 0x00, 0x00, 0x00, 0x00, 0x00, 0x04, 0xec, 0x20, 0x2c, 0xf5, 0x00, 0x00, 0x00, 0x00, 0x00,
    0x00, 0x00, 0x00, 0x00, 0x00, 0x00, 0x00, 0x00, 0x00, 0x00, 0x00, 0x00, 0x00, 0x1f, 0xf6, 0x00,
    0x00, 0x00, 0x00, 0xaf, 0xd0, 0x00, 0x00, 0x00, 0x03, 0xff, 0x10, 0xbf, 0xb0, 0x00, 0x00, 0x00,
    0x1e, 0xff, 0x30, 0x00, 0x00, 0x00, 0x8f, 0xb0, 0x06, 0xff, 0x10, 0x00, 0x00, 0x05, 0xff, 0xf8,
    0x00, 0x00, 0x00, 0x0d, 0xf6, 0x00, 0x1f, 0xf6, 0x00, 0x00, 0x00, 0xaf, 0xdf, 0xd0, 0x00, 0x00,
    0x03, 0xff, 0x20, 0x00, 0xbf, 0xb0, 0x00, 0x00, 0x1f, 0xf4, 0xff, 0x30, 0x00, 0x00, 0x8f, 0xb0,
    0x00, 0x06, 0xff, 0x10, 0x00, 0x06, 0xfc, 0x0c, 0xf8, 0x00, 0x00, 0x0d, 0xf7, 0x00, 0x00, 0x1f,
    0xf6, 0x00, 0x00, 0xbf, 0x70, 0x6f, 0xd0, 0x00, 0x03, 0xff, 0x20, 0x00, 0x00, 0xbf, 0xb0, 0x00,
    0x1f, 0xf2, 0x01, 0xff, 0x30, 0x00, 0x8f, 0xc0, 0x00, 0x00, 0x06, 0xff, 0x10, 0x06, 0xfc, 0x00,
    0x0b, 0xf8, 0x00, 0x0d, 0xf7, 0x00, 0x00, 0x00, 0x1f, 0xf5, 0x00, 0xbf, 0x70, 0x00, 0x6f, 0xd0,
    0x03, 0xff, 0x20, 0x00, 0x00, 0x00, 0xbf, 0xa0, 0x1f, 0xf2, 0x00, 0x01, 0xff, 0x30, 0x8f, 0xc0,
    0x00, 0x00, 0x00, 0x06, 0xff, 0x16, 0xfc, 0x00, 0x00, 0x0b, 0xf8, 0x0d, 0xf7, 0x00, 0x00, 0x00,
    0x00, 0x2f, 0xf5, 0xcf, 0x70, 0x00, 0x00, 0x6f, 0xd3, 0xff, 0x20, 0x00, 0x00, 0x00, 0x00, 0xcf,
    0xcf, 0xf2, 0x00, 0x00, 0x01, 0xff, 0xbf, 0xc0, 0x00, 0x00, 0x00, 0x00, 0x07, 0xff, 0xfc, 0x00,
    0x00, 0x00, 0x0b, 0xff, 0xf7, 0x00, 0x00, 0x00, 0x00, 0x00, 0x2f, 0xff, 0x70, 0x00, 0x00, 0x00,
    0x6f, 0xff, 0x20, 0x00, 0x00, 0x00, 0x00, 0x00, 0xcf, 0xf2, 0x00, 0x00, 0x00, 0x01, 0xff, 0xc0,
    0x00, 0x00, 0x00, 0x00, 0x00, 0x00, 0x00, 0x1c, 0xff, 0x60, 0x00, 0x00, 0x00, 0x00, 0x00, 0x00,
    0x00, 0x02, 0xdf, 0x7c, 0xf6, 0x00, 0x00, 0x00, 0x00, 0x00, 0x00, 0x00, 0x2d, 0xe3, 0x01, 0xaf,
    0x70, 0x00, 0x00, 0x00, 0x00, 0x00, 0x00, 0x00, 0x00, 0x00, 0x00, 0x00, 0x00, 0x00, 0x00, 0x00,
    0x00, 0x00, 0x00, 0x00, 0x00, 0x00, 0x00, 0x00, 0x00, 0x00, 0xaf, 0x80, 0x00, 0x00, 0x05, 0xfe,
    0x10, 0x00, 0x00, 0x0c, 0xf4, 0x5f, 0xd0, 0x00, 0x00, 0x0a, 0xff, 0x50, 0x00, 0x00, 0x3f, 0xd0,
    0x0e, 0xf3, 0x00, 0x00, 0x1f, 0xff, 0xb0, 0x00, 0x00, 0x8f, 0x80, 0x09, 0xf9, 0x00, 0x00, 0x7f,
    0xcf, 0xf1, 0x00, 0x00, 0xdf, 0x20, 0x03, 0xfe, 0x00, 0x00, 0xcf, 0x5b, 0xf7, 0x00, 0x04, 0xfc,
    0x00, 0x00, 0xdf, 0x40, 0x03, 0xfe, 0x05, 0xfc, 0x00, 0x09, 0xf6, 0x00, 0x00, 0x7f, 0xa0, 0x08,
    0xf8, 0x01, 0xef, 0x20, 0x1e, 0xf1, 0x00, 0x00, 0x2f, 0xe1, 0x0d, 0xf3, 0x00, 0x9f, 0x80, 0x5f,
    0xa0, 0x00, 0x00, 0x0c, 0xf5, 0x4f, 0xc0, 0x00, 0x3f, 0xd0, 0xbf, 0x50, 0x00, 0x00, 0x06, 0xfb,
    0xaf, 0x60, 0x00, 0x0d, 0xf5, 0xfe, 0x00, 0x00, 0x00, 0x01, 0xff, 0xef, 0x10, 0x00, 0x07, 0xfe,
    0xf9, 0x00, 0x00, 0x00, 0x00, 0xaf, 0xfa, 0x00, 0x00, 0x02, 0xff, 0xf4, 0x00, 0x00, 0x00, 0x00,
    0x5f, 0xf4, 0x00, 0x00, 0x00, 0xbf, 0xd0, 0x00, 0x00, 0x00, 0x00, 0x00, 0x1c, 0xff, 0x60, 0x00,
    0x00, 0x00, 0x00, 0x00, 0x1c, 0xf7, 0xcf, 0x70, 0x00, 0x00, 0x00, 0x00, 0x2d, 0xe4, 0x00, 0x9f,
    0x80, 0x00, 0x00, 0x00, 0x00, 0x00, 0x00, 0x00, 0x00, 0x00, 0x00, 0x0c, 0xfb, 0x00, 0x00, 0x00,
    0x00, 0x02, 0xef, 0x50, 0x3f, 0xf5, 0x00, 0x00, 0x00, 0x00, 0xaf, 0xb0, 0x00, 0x9f, 0xe1, 0x00,
    0x00, 0x00, 0x4f, 0xf2, 0x00, 0x01, 0xef, 0x80, 0x00, 0x00, 0x0d, 0xf8, 0x00, 0x00, 0x06, 0xff,
    0x30, 0x00, 0x07, 0xfd, 0x10, 0x00, 0x00, 0x0c, 0xfb, 0x00, 0x02, 0xef, 0x50, 0x00, 0x00, 0x00,
    0x3f, 0xf5, 0x00, 0xaf, 0xb0, 0x00, 0x00, 0x00, 0x00, 0x9f, 0xe1, 0x4f, 0xf2, 0x00, 0x00, 0x00,
    0x00, 0x01, 0xef, 0x9d, 0xf8, 0x00, 0x00, 0x00, 0x00, 0x00, 0x06, 0xff, 0xfd, 0x10, 0x00, 0x00,
    0x00, 0x00, 0x00, 0x0c, 0xff, 0x50, 0x00, 0x00, 0x00, 0x00, 0x00, 0x00, 0x6f, 0xe0, 0x00, 0x00,
    0x00, 0x00, 0x00, 0x00, 0x06, 0xfe, 0x00, 0x00, 0x00, 0x00, 0x00, 0x00, 0x00, 0x6f, 0xe0, 0x00,
    0x00, 0x00, 0x00, 0x00, 0x00, 0x06, 0xfe, 0x00, 0x00, 0x00, 0x00, 0x00, 0x00, 0x00, 0x6f, 0xe0,
    0x00, 0x00, 0x00, 0x00, 0x00, 0x00, 0x06, 0xfe, 0x00, 0x00, 0x00, 0x00, 0x00, 0x00, 0x04, 0xef,
    0xd2, 0x00, 0x00, 0x00, 0x00, 0x05, 0xfd, 0x7e, 0xe3, 0x00, 0x00, 0x00, 0x06, 0xfb, 0x10, 0x3d,
    0xe3, 0x00, 0x00, 0x00, 0x00, 0x00, 0x00, 0x00, 0x00, 0x00, 0x00, 0x00, 0x00, 0x00, 0x00, 0x00,
    0x00, 0x00, 0xcf, 0x90, 0x00, 0x00, 0x00, 0x1e, 0xf3, 0x06, 0xfe, 0x10, 0x00, 0x00, 0x07, 0xfc,
    0x00, 0x1e, 0xf6, 0x00, 0x00, 0x00, 0xdf, 0x50, 0x00, 0x8f, 0xc0, 0x00, 0x00, 0x4f, 0xe0, 0x00,
    0x02, 0xff, 0x40, 0x00, 0x0a, 0xf8, 0x00, 0x00, 0x0a, 0xfa, 0x00, 0x02, 0xff, 0x10, 0x00, 0x00,
    0x4f, 0xf2, 0x00, 0x8f, 0xa0, 0x00, 0x00, 0x00, 0xcf, 0x80, 0x0e, 0xf3, 0x00, 0x00, 0x00, 0x06,
    0xfe, 0x05, 0xfc, 0x00, 0x00, 0x00, 0x00, 0x1e, 0xf5, 0xcf, 0x50, 0x00, 0x00, 0x00, 0x00, 0x8f,
    0xdf, 0xe0, 0x00, 0x00, 0x00, 0x00, 0x02, 0xff, 0xf7, 0x00, 0x00, 0x00, 0x00, 0x00, 0x0a, 0xff,
    0x10, 0x00, 0x00, 0x00, 0x00, 0x00, 0x9f, 0xa0, 0x00, 0x00, 0x00, 0x00, 0x00, 0x2f, 0xf3, 0x00,
    0x00, 0x00, 0x0a, 0x41, 0x2c, 0xfb, 0x00, 0x00, 0x00, 0x05, 0xff, 0xff, 0xfe, 0x20, 0x00, 0x00,
    0x00, 0x18, 0xdf, 0xd9, 0x20, 0x00, 0x00, 0x00, 0x00, 0x00, 0x00, 0x00, 0x00, 0x00, 0x00, 0x00,
    0x00, 0x00, 0x00, 0x00, 0x7f, 0x80, 0x1d, 0xd1, 0x00, 0x00, 0x00, 0x00, 0x06, 0xe8, 0x01, 0xdd,
    0x10, 0x00, 0x00, 0x00, 0x00, 0x00, 0x00, 0x00, 0x00, 0x00, 0x00, 0x00, 0x00, 0x00, 0x00, 0x00,
    0x00, 0x00, 0x00, 0x00, 0xcf, 0xb0, 0x00, 0x00, 0x00, 0x00, 0x2e, 0xf5, 0x03, 0xff, 0x50, 0x00,
    0x00, 0x00, 0x0a, 0xfb, 0x00, 0x09, 0xfe, 0x10, 0x00, 0x00, 0x04, 0xff, 0x20, 0x00, 0x1e, 0xf8,
    0x00, 0x00, 0x00, 0xdf, 0x80, 0x00, 0x00, 0x6f, 0xf3, 0x00, 0x00, 0x7f, 0xd1, 0x00, 0x00, 0x00,
    0xcf, 0xb0, 0x00, 0x2e, 0xf5, 0x00, 0x00, 0x00, 0x03, 0xff, 0x50, 0x0a, 0xfb, 0x00, 0x00, 0x00,
    0x00, 0x09, 0xfe, 0x14, 0xff, 0x20, 0x00, 0x00, 0x00, 0x00, 0x1e, 0xf9, 0xdf, 0x80, 0x00, 0x00,
    0x00, 0x00, 0x00, 0x6f, 0xff, 0xd1, 0x00, 0x00, 0x00, 0x00, 0x00, 0x00, 0xcf, 0xf5, 0x00, 0x00,
    0x00, 0x00, 0x00, 0x00, 0x06, 0xfe, 0x00, 0x00, 0x00, 0x00, 0x00, 0x00, 0x00, 0x6f, 0xe0, 0x00,
    0x00, 0x00, 0x00, 0x00, 0x00, 0x06, 0xfe, 0x00, 0x00, 0x00, 0x00, 0x00, 0x00, 0x00, 0x6f, 0xe0,
    0x00, 0x00, 0x00, 0x00, 0x00, 0x00, 0x06, 0xfe, 0x00, 0x00, 0x00, 0x00, 0x00, 0x00, 0x00, 0x6f,
    0xe0, 0x00, 0x00, 0x00, 0x00, 0x00, 0x00, 0x02, 0xdf, 0xb1, 0x00, 0x00, 0x00, 0x00, 0x03, 0xef,
    0x70, 0x00, 0x00, 0x00, 0x00, 0x04, 0xed, 0x30, 0x00, 0x00, 0x00, 0x00, 0x00, 0x00, 0x00, 0x00,
    0x00, 0x00, 0xcf, 0xff, 0xff, 0xff, 0xff, 0xff, 0xfc, 0x0c, 0xff, 0xff, 0xff, 0xff, 0xff, 0xff,
    0xb0, 0x00, 0x00, 0x00, 0x00, 0x01, 0xcf, 0xe2, 0x00, 0x00, 0x00, 0x00, 0x00, 0x9f, 0xf4, 0x00,
    0x00, 0x00, 0x00, 0x00, 0x5f, 0xf7, 0x00, 0x00, 0x00, 0x00, 0x00, 0x3e, 0xfa, 0x00, 0x00, 0x00,
    0x00, 0x00, 0x1d, 0xfd, 0x10, 0x00, 0x00, 0x00, 0x00, 0x0b, 0xfe, 0x20, 0x00, 0x00, 0x00, 0x00,
    0x08, 0xff, 0x50, 0x00, 0x00, 0x00, 0x00, 0x04, 0xff, 0x80, 0x00, 0x00, 0x00, 0x00, 0x02, 0xef,
    0xb0, 0x00, 0x00, 0x00, 0x00, 0x01, 0xcf, 0xd1, 0x00, 0x00, 0x00, 0x00, 0x00, 0xaf, 0xf3, 0x00,
    0x00, 0x00, 0x00, 0x00, 0x7f, 0xf6, 0x00, 0x00, 0x00, 0x00, 0x00, 0x4f, 0xfa, 0x00, 0x00, 0x00,
    0x00, 0x00, 0x0d, 0xff, 0xff, 0xff, 0xff, 0xff, 0xff, 0xf1, 0xff, 0xff, 0xff, 0xff, 0xff, 0xff,
    0xff, 0x10, 0x00, 0x00, 0x00, 0x1b, 0xfd, 0x30, 0x00, 0x00, 0x01, 0xcf, 0x91, 0x00, 0x00, 0x00,
    0x2d, 0xe5, 0x00, 0x00, 0x00, 0x00, 0x00, 0x00, 0x00, 0x00, 0x00, 0x00, 0x00, 0x00, 0x00, 0x00,
    0x0d, 0xff, 0xff, 0xff, 0xff, 0xf6, 0x0d, 0xff, 0xff, 0xff, 0xff, 0xf5, 0x00, 0x00, 0x00, 0x01,
    0xdf, 0xb0, 0x00, 0x00, 0x00, 0x0b, 0xfd, 0x10, 0x00, 0x00, 0x00, 0x8f, 0xe2, 0x00, 0x00, 0x00,
    0x05, 0xff, 0x50, 0x00, 0x00, 0x00, 0x2e, 0xf8, 0x00, 0x00, 0x00, 0x01, 0xdf, 0xa0, 0x00, 0x00,
    0x00, 0x0b, 0xfd, 0x10, 0x00, 0x00, 0x00, 0x8f, 0xe2, 0x00, 0x00, 0x00, 0x05, 0xff, 0x50, 0x00,
    0x00, 0x00, 0x0e, 0xff, 0xff, 0xff, 0xff, 0xf9, 0x1f, 0xff, 0xff, 0xff, 0xff, 0xf9, 0x00, 0x00,
    0x01, 0xab, 0x20, 0x00, 0x00, 0x00, 0x00, 0x00, 0x4f, 0xf7, 0x00, 0x00, 0x00, 0x00, 0x00, 0x01,
    0xcd, 0x20, 0x00, 0x00, 0x00, 0x00, 0x00, 0x00, 0x00, 0x00, 0x00, 0x00, 0x00, 0x00, 0x00, 0x00,
    0x00, 0x00, 0x00, 0x0c, 0xff, 0xff, 0xff, 0xff, 0xff, 0xff, 0xc0, 0xcf, 0xff, 0xff, 0xff, 0xff,
    0xff, 0xfb, 0x00, 0x00, 0x00, 0x00, 0x00, 0x1c, 0xfe, 0x20, 0x00, 0x00, 0x00, 0x00, 0x09, 0xff,
    0x40, 0x00, 0x00, 0x00, 0x00, 0x05, 0xff, 0x70, 0x00, 0x00, 0x00, 0x00, 0x03, 0xef, 0xa0, 0x00,
    0x00, 0x00, 0x00, 0x01, 0xdf, 0xd1, 0x00, 0x00, 0x00, 0x00, 0x00, 0xbf, 0xe2, 0x00, 0x00, 0x00,
    0x00, 0x00, 0x8f, 0xf5, 0x00, 0x00, 0x00, 0x00, 0x00, 0x4f, 0xf8, 0x00, 0x00, 0x00, 0x00, 0x00,
    0x2e, 0xfb, 0x00, 0x00, 0x00, 0x00, 0x00, 0x1c, 0xfd, 0x10, 0x00, 0x00, 0x00, 0x00, 0x0a, 0xff,
    0x30, 0x00, 0x00, 0x00, 0x00, 0x07, 0xff, 0x60, 0x00, 0x00, 0x00, 0x00, 0x04, 0xff, 0xa0, 0x00,
    0x00, 0x00, 0x00, 0x00, 0xdf, 0xff, 0xff, 0xff, 0xff, 0xff, 0xff, 0x1f, 0xff, 0xff, 0xff, 0xff,
    0xff, 0xff, 0xf1, 0x00, 0x00, 0x08, 0xc3, 0x00, 0x00, 0x00, 0x00, 0x1f, 0xfa, 0x00, 0x00, 0x00,
    0x00, 0x0a, 0xe5, 0x00, 0x00, 0x00, 0x00, 0x00, 0x00, 0x00, 0x00, 0x00, 0x00, 0x00, 0x00, 0x00,
    0x00, 0x0d, 0xff, 0xff, 0xff, 0xff, 0xf6, 0x0d, 0xff, 0xff, 0xff, 0xff, 0xf5, 0x00, 0x00, 0x00,
    0x01, 0xdf, 0xb0, 0x00, 0x00, 0x00, 0x0b, 0xfd, 0x10, 0x00, 0x00, 0x00, 0x8f, 0xe2, 0x00, 0x00,
    0x00, 0x05, 0xff, 0x50, 0x00, 0x00, 0x00, 0x2e, 0xf8, 0x00, 0x00, 0x00, 0x01, 0xdf, 0xa0, 0x00,
    0x00, 0x00, 0x0b, 0xfd, 0x10, 0x00, 0x00, 0x00, 0x8f, 0xe2, 0x00, 0x00, 0x00, 0x05, 0xff, 0x50,
    0x00, 0x00, 0x00, 0x0e, 0xff, 0xff, 0xff, 0xff, 0xf9, 0x1f, 0xff, 0xff, 0xff, 0xff, 0xf9, 0x00,
    0x0a, 0xf7, 0x00, 0x6f, 0xc1, 0x00, 0x00, 0x00, 0x09, 0xfa, 0x9f, 0xb1, 0x00, 0x00, 0x00, 0x00,
    0x08, 0xff, 0xa0, 0x00, 0x00, 0x00, 0x00, 0x00, 0x00, 0x00, 0x00, 0x00, 0x00, 0xcf, 0xff, 0xff,
    0xff, 0xff, 0xff, 0xfc, 0x0c, 0xff, 0xff, 0xff, 0xff, 0xff, 0xff, 0xb0, 0x00, 0x00, 0x00, 0x00,
    0x01, 0xcf, 0xe2, 0x00, 0x00, 0x00, 0x00, 0x00, 0x9f, 0xf4, 0x00, 0x00, 0x00, 0x00, 0x00, 0x5f,
    0xf7, 0x00, 0x00, 0x00, 0x00, 0x00, 0x3e, 0xfa, 0x00, 0x00, 0x00, 0x00, 0x00, 0x1d, 0xfd, 0x10,
    0x00, 0x00, 0x00, 0x00, 0x0b, 0xfe, 0x20, 0x00, 0x00, 0x00, 0x00, 0x08, 0xff, 0x50, 0x00, 0x00,
    0x00, 0x00, 0x04, 0xff, 0x80, 0x00, 0x00, 0x00, 0x00, 0x02, 0xef, 0xb0, 0x00, 0x00, 0x00, 0x00,
    0x01, 0xcf, 0xd1, 0x00, 0x00, 0x00, 0x00, 0x00, 0xaf, 0xf3, 0x00, 0x00, 0x00, 0x00, 0x00, 0x7f,
    0xf6, 0x00, 0x00, 0x00, 0x00, 0x00, 0x4f, 0xfa, 0x00, 0x00, 0x00, 0x00, 0x00, 0x0d, 0xff, 0xff,
    0xff, 0xff, 0xff, 0xff, 0xf1, 0xff, 0xff, 0xff, 0xff, 0xff, 0xff, 0xff, 0x10, 0x00, 0x7f, 0xa1,
    0x03, 0xed, 0x20, 0x00, 0x06, 0xfc, 0x7f, 0xd2, 0x00, 0x00, 0x00, 0x5f, 0xfc, 0x10, 0x00, 0x00,
    0x00, 0x00, 0x00, 0x00, 0x00, 0x00, 0x00, 0x00, 0x00, 0x00, 0x00, 0x0d, 0xff, 0xff, 0xff, 0xff,
    0xf6, 0x0d, 0xff, 0xff, 0xff, 0xff, 0xf5, 0x00, 0x00, 0x00, 0x01, 0xdf, 0xb0, 0x00, 0x00, 0x00,
    0x0b, 0xfd, 0x10, 0x00, 0x00, 0x00, 0x8f, 0xe2, 0x00, 0x00, 0x00, 0x05, 0xff, 0x50, 0x00, 0x00,
    0x00, 0x2e, 0xf8, 0x00, 0x00, 0x00, 0x01, 0xdf, 0xa0, 0x00, 0x00, 0x00, 0x0b, 0xfd, 0x10, 0x00,
    0x00, 0x00, 0x8f, 0xe2, 0x00, 0x00, 0x00, 0x05, 0xff, 0x50, 0x00, 0x00, 0x00, 0x0e, 0xff, 0xff,
    0xff, 0xff, 0xf9, 0x1f, 0xff, 0xff, 0xff, 0xff, 0xf9, 0x00, 0x00, 0x6c, 0xfe, 0xb3, 0x00, 0x07,
    0xff, 0xff, 0xf4, 0x00, 0x1e, 0xfb, 0x21, 0x50, 0x00, 0x3f, 0xf3, 0x00, 0x00, 0x00, 0x4f, 0xf1,
    0x00, 0x00, 0x6f, 0xff, 0xf1, 0x00, 0x00, 0x6f, 0xff, 0xf1, 0x00, 0x00, 0x00, 0x4f, 0xf1, 0x00,
    0x00, 0x00, 0x4f, 0xf1, 0x00, 0x00, 0x00, 0x4f, 0xf1, 0x00, 0x00, 0x00, 0x4f, 0xf1, 0x00, 0x00,
    0x00, 0x4f, 0xf1, 0x00, 0x00, 0x00, 0x4f, 0xf1, 0x00, 0x00, 0x00, 0x4f, 0xf1, 0x00, 0x00, 0x00,
    0x4f, 0xf1, 0x00, 0x00, 0x00, 0x4f, 0xf1, 0x00, 0x00, 0x00, 0x4f, 0xf1, 0x00, 0x00, 0x00, 0x4f,
    0xf1, 0x00, 0x00, 0x00, 0x00, 0x00, 0x09, 0xff, 0xff, 0xfc, 0x9f, 0xff, 0xff, 0xc0, 0x0a, 0xaa,
    0xaa, 0xaa, 0xaa, 0xaa, 0xa1, 0x1f, 0xff, 0xff, 0xff, 0xff, 0xff, 0xf2, 0x1f, 0xd0, 0x00, 0x00,
    0x00, 0x0c, 0xf2, 0x1f, 0xd0, 0x00, 0x00, 0x00, 0x0c, 0xf2, 0x1f, 0xd0, 0x00, 0x00, 0x00, 0x0c,
    0xf2, 0x1f, 0xd0, 0x00, 0x00, 0x00, 0x0c, 0xf2, 0x1f, 0xd0, 0x00, 0x00, 0x00, 0x0c, 0xf2, 0x1f,
    0xd0, 0x00, 0x00, 0x00, 0x0c, 0xf2, 0x1f, 0xd0, 0x00, 0x00, 0x00, 0x0c, 0xf2, 0x1f, 0xd0, 0x00,
    0x00, 0x00, 0x0c, 0xf2, 0x1f, 0xd0, 0x00, 0x00, 0x00, 0x0c, 0xf2, 0x1f, 0xd0, 0x00, 0x00, 0x00,
    0x0c, 0xf2, 0x1f, 0xd0, 0x00, 0x00, 0x00, 0x0c, 0xf2, 0x1f, 0xd0, 0x00, 0x00, 0x00, 0x0c, 0xf2,
    0x1f, 0xd0, 0x00, 0x00, 0x00, 0x0c, 0xf2, 0x1f, 0xea, 0xaa, 0xaa, 0xaa, 0xae, 0xf2, 0x1f, 0xff,
    0xff, 0xff, 0xff, 0xff, 0xf2, 0x00, 0x00, 0x00, 0x00, 0x00, 0x00, 0x00, 0x0d, 0xff, 0xff, 0xff,
    0xff, 0xff, 0xff, 0xfa, 0xdf, 0xff, 0xff, 0xff, 0xff, 0xff, 0xff, 0xa0, 0x00, 0x00, 0x00, 0x00,
    0x00, 0x00, 0xff, 0xff, 0xff, 0xff, 0xff, 0xff, 0xff, 0xff, 0xff, 0xff, 0xff, 0xff, 0x00, 0x00,
    0x00, 0x00, 0x00, 0x00, 0x00, 0x00, 0x00, 0x00, 0x00, 0x00, 0xff, 0xff, 0xff, 0xff, 0xff, 0xff,
    0xff, 0xff, 0xff, 0xff, 0xff, 0xff, 0xff, 0xff, 0xff, 0xff, 0xff, 0xff, 0xff, 0xff, 0xff, 0xff,
    0xff, 0xff, 0x00, 0x00, 0x00, 0x00, 0x00, 0x00, 0x00, 0x00, 0x00, 0x00, 0x00, 0x00, 0xff, 0xff,
    0xff, 0xff, 0xff, 0xff, 0xff, 0xff, 0xff, 0xff, 0xff, 0xff, 0xff, 0xff, 0xff, 0xff, 0xff, 0xff,
    0xff, 0xff, 0xff, 0xff, 0xff, 0xff, 0x0a, 0xaa, 0xaa, 0xaa, 0xaa, 0xaa, 0xa1, 0x1f, 0xff, 0xff,
    0xff, 0xff, 0xff, 0xf2, 0x1f, 0xd0, 0x00, 0x00, 0x00, 0x0c, 0xf2, 0x1f, 0xd0, 0x00, 0x00, 0x00,
    0x0c, 0xf2, 0x1f, 0xd0, 0x00, 0x00, 0x00, 0x0c, 0xf2, 0x1f, 0xd0, 0x00, 0x00, 0x00, 0x0c, 0xf2,
    0x1f, 0xd0, 0x00, 0x00, 0x00, 0x0c, 0xf2, 0x1f, 0xd0, 0x00, 0x00, 0x00, 0x0c, 0xf2, 0x1f, 0xd0,
    0x00, 0x00, 0x00, 0x0c, 0xf2, 0x1f, 0xd0, 0x00, 0x00, 0x00, 0x0c, 0xf2, 0x1f, 0xd0, 0x00, 0x00,
    0x00, 0x0c, 0xf2, 0x1f, 0xd0, 0x00, 0x00, 0x00, 0x0c, 0xf2, 0x1f, 0xd0, 0x00, 0x00, 0x00, 0x0c,
    0xf2, 0x1f, 0xd0, 0x00, 0x00, 0x00, 0x0c, 0xf2, 0x1f, 0xd0, 0x00, 0x00, 0x00, 0x0c, 0xf2, 0x1f,
    0xea, 0xaa, 0xaa, 0xaa, 0xae, 0xf2, 0x1f, 0xff, 0xff, 0xff, 0xff, 0xff, 0xf2, 0x0a, 0xaa, 0xaa,
    0xaa, 0xaa, 0xaa, 0xa1, 0x1f, 0xff, 0xff, 0xff, 0xff, 0xff, 0xf2, 0x1f, 0xd0, 0x00, 0x00, 0x00,
    0x0c, 0xf2, 0x1f, 0xd0, 0x00, 0x00, 0x00, 0x0c, 0xf2, 0x1f, 0xd0, 0x00, 0x00, 0x00, 0x0c, 0xf2,
    0x1f, 0xd0, 0x00, 0x00, 0x00, 0x0c, 0xf2, 0x1f, 0xd0, 0x00, 0x00, 0x00, 0x0c, 0xf2, 0x1f, 0xd0,
    0x00, 0x00, 0x00, 0x0c, 0xf2, 0x1f, 0xd0, 0x00, 0x00, 0x00, 0x0c, 0xf2, 0x1f, 0xd0, 0x00, 0x00,
    0x00, 0x0c, 0xf2, 0x1f, 0xd0, 0x00, 0x00, 0x00, 0x0c, 0xf2, 0x1f, 0xd0, 0x00, 0x00, 0x00, 0x0c,
    0xf2, 0x1f, 0xd0, 0x00, 0x00, 0x00, 0x0c, 0xf2, 0x1f, 0xd0, 0x00, 0x00, 0x00, 0x0c, 0xf2, 0x1f,
    0xd0, 0x00, 0x00, 0x00, 0x0c, 0xf2, 0x1f, 0xea, 0xaa, 0xaa, 0xaa, 0xae, 0xf2, 0x1f, 0xff, 0xff,
    0xff, 0xff, 0xff, 0xf2, 0x08, 0xf1, 0x0c, 0xc0, 0x2f, 0x90, 0x7f, 0x60, 0xcf, 0xe2, 0xdf, 0xf4,
    0x6e, 0xb0, 0x5e, 0xb0, 0xcf, 0xf4, 0x9f, 0xf3, 0x0e, 0xe0, 0x2f, 0x90, 0x6f, 0x40, 0x9e, 0x00,
    0x5e, 0xb0, 0xcf, 0xf4, 0x9f, 0xf3, 0x0e, 0xe0, 0x2f, 0x90, 0x6f, 0x40, 0x9e, 0x00, 0x0a, 0xaa,
    0xaa, 0xaa, 0xaa, 0xaa, 0xa1, 0x1f, 0xff, 0xff, 0xff, 0xff, 0xff, 0xf2, 0x1f, 0xd0, 0x00, 0x00,
    0x00, 0x0c, 0xf2, 0x1f, 0xd0, 0x00, 0x00, 0x00, 0x0c, 0xf2, 0x1f, 0xd0, 0x00, 0x00, 0x00, 0x0c,
    0xf2, 0x1f, 0xd0, 0x00, 0x00, 0x00, 0x0c, 0xf2, 0x1f, 0xd0, 0x00, 0x00, 0x00, 0x0c, 0xf2, 0x1f,
    0xd0, 0x00, 0x00, 0x00, 0x0c, 0xf2, 0x1f, 0xd0, 0x00, 0x00, 0x00, 0x0c, 0xf2, 0x1f, 0xd0, 0x00,
    0x00, 0x00, 0x0c, 0xf2, 0x1f, 0xd0, 0x00, 0x00, 0x00, 0x0c, 0xf2, 0x1f, 0xd0, 0x00, 0x00, 0x00,
    0x0c, 0xf2, 0x1f, 0xd0, 0x00, 0x00, 0x00, 0x0c, 0xf2, 0x1f, 0xd0, 0x00, 0x00, 0x00, 0x0c, 0xf2,
    0x1f, 0xd0, 0x00, 0x00, 0x00, 0x0c, 0xf2, 0x1f, 0xea, 0xaa, 0xaa, 0xaa, 0xae, 0xf2, 0x1f, 0xff,
    0xff, 0xff, 0xff, 0xff, 0xf2, 0x08, 0xf1, 0x00, 0xe9, 0x0c, 0xc0, 0x04, 0xf5, 0x2f, 0x90, 0x09,
    0xf2, 0x7f, 0x60, 0x0e, 0xe0, 0xcf, 0xe2, 0x4f, 0xf9, 0xdf, 0xf4, 0x5f, 0xfc, 0x6e, 0xb0, 0x1b,
    0xe5, 0x5e, 0xb0, 0x0b, 0xe5, 0xcf, 0xf4, 0x4f, 0xfc, 0x9f, 0xf3, 0x2e, 0xfb, 0x0e, 0xe0, 0x06,
    0xf7, 0x2f, 0x90, 0x09, 0xf2, 0x6f, 0x40, 0x0d, 0xc0, 0x9e, 0x00, 0x1f, 0x70, 0x5e, 0xb0, 0x0b,
    0xe5, 0xcf, 0xf4, 0x4f, 0xfc, 0x9f, 0xf3, 0x2e, 0xfb, 0x0e, 0xe0, 0x06, 0xf7, 0x2f, 0x90, 0x09,
    0xf2, 0x6f, 0x40, 0x0d, 0xc0, 0x9e, 0x00, 0x1f, 0x70, 0x0a, 0xaa, 0xaa, 0xaa, 0xaa, 0xaa, 0xa1,
    0x1f, 0xff, 0xff, 0xff, 0xff, 0xff, 0xf2, 0x1f, 0xd0, 0x00, 0x00, 0x00, 0x0c, 0xf2, 0x1f, 0xd0,
    0x00, 0x00, 0x00, 0x0c, 0xf2, 0x1f, 0xd0, 0x00, 0x00, 0x00, 0x0c, 0xf2, 0x1f, 0xd0, 0x00, 0x00,
    0x00, 0x0c, 0xf2, 0x1f, 0xd0, 0x00, 0x00, 0x00, 0x0c, 0xf2, 0x1f, 0xd0, 0x00, 0x00, 0x00, 0x0c,
    0xf2, 0x1f, 0xd0, 0x00, 0x00, 0x00, 0x0c, 0xf2, 0x1f, 0xd0, 0x00, 0x00, 0x00, 0x0c, 0xf2, 0x1f,
    0xd0, 0x00, 0x00, 0x00, 0x0c, 0xf2, 0x1f, 0xd0, 0x00, 0x00, 0x00, 0x0c, 0xf2, 0x1f, 0xd0, 0x00,
    0x00, 0x00, 0x0c, 0xf2, 0x1f, 0xd0, 0x00, 0x00, 0x00, 0x0c, 0xf2, 0x1f, 0xd0, 0x00, 0x00, 0x00,
    0x0c, 0xf2, 0x1f, 0xea, 0xaa, 0xaa, 0xaa, 0xae, 0xf2, 0x1f, 0xff, 0xff, 0xff, 0xff, 0xff, 0xf2,
    0x00, 0x00, 0x07, 0xfd, 0x00, 0x00, 0x00, 0x00, 0x00, 0x7f, 0xd0, 0x00, 0x00, 0x00, 0x00, 0x07,
    0xfd, 0x00, 0x00, 0x00, 0x00, 0x00, 0x7f, 0xd0, 0x00, 0x00, 0x00, 0x00, 0x07, 0xfd, 0x00, 0x00,
    0x00, 0x00, 0x00, 0x7f, 0xd0, 0x00, 0x00, 0x4f, 0xff, 0xff, 0xff, 0xff, 0xff, 0xb4, 0xff, 0xff,
    0xff, 0xff, 0xff, 0xfb, 0x00, 0x00, 0x07, 0xfd, 0x00, 0x00, 0x00, 0x00, 0x00, 0x7f, 0xd0, 0x00,
    0x00, 0x00, 0x00, 0x07, 0xfd, 0x00, 0x00, 0x00, 0x00, 0x00, 0x7f, 0xd0, 0x00, 0x00, 0x00, 0x00,
    0x07, 0xfd, 0x00, 0x00, 0x00, 0x00, 0x00, 0x7f, 0xd0, 0x00, 0x00, 0x00, 0x00, 0x07, 0xfd, 0x00,
    0x00, 0x00, 0x00, 0x00, 0x7f, 0xd0, 0x00, 0x00, 0x00, 0x00, 0x07, 0xfd, 0x00, 0x00, 0x00, 0x00,
    0x00, 0x7f, 0xd0, 0x00, 0x00, 0x00, 0x00, 0x07, 0xfd, 0x00, 0x00, 0x00, 0x00, 0x00, 0x7f, 0xd0,
    0x00, 0x00, 0x00, 0x00, 0x07, 0xfd, 0x00, 0x00, 0x00, 0x00, 0x00, 0x7f, 0xd0, 0x00, 0x00, 0x00,
    0x00, 0x07, 0xfd, 0x00, 0x00, 0x00, 0x00, 0x00, 0x7f, 0xd0, 0x00, 0x00, 0x00, 0x00, 0x07, 0xfd,
    0x00, 0x00, 0x00, 0x00, 0x00, 0x7f, 0xd0, 0x00, 0x00, 0x00, 0x00, 0x07, 0xfd, 0x00, 0x00, 0x00,
    0x00, 0x00, 0x7f, 0xd0, 0x00, 0x00, 0x4f, 0xff, 0xff, 0xff, 0xff, 0xff, 0xb4, 0xff, 0xff, 0xff,
    0xff, 0xff, 0xfb, 0x00, 0x00, 0x07, 0xfd, 0x00, 0x00, 0x00, 0x00, 0x00, 0x7f, 0xd0, 0x00, 0x00,
    0x00, 0x00, 0x07, 0xfd, 0x00, 0x00, 0x00, 0x00, 0x00, 0x7f, 0xd0, 0x00, 0x00, 0x00, 0x00, 0x07,
    0xfd, 0x00, 0x00, 0x00, 0x00, 0x00, 0x7f, 0xd0, 0x00, 0x00, 0x4f, 0xff, 0xff, 0xff, 0xff, 0xff,
    0xb4, 0xff, 0xff, 0xff, 0xff, 0xff, 0xfb, 0x00, 0x00, 0x07, 0xfd, 0x00, 0x00, 0x00, 0x00, 0x00,
    0x7f, 0xd0, 0x00, 0x00, 0x00, 0x00, 0x07, 0xfd, 0x00, 0x00, 0x00, 0x00, 0x00, 0x7f, 0xd0, 0x00,
    0x00, 0x00, 0x00, 0x07, 0xfd, 0x00, 0x00, 0x00, 0x00, 0x00, 0x7f, 0xd0, 0x00, 0x00, 0x09, 0xed,
    0x35, 0xff, 0xfc, 0x5f, 0xff, 0xc0, 0x9e, 0xd3, 0x0a, 0xaa, 0xaa, 0xaa, 0xaa, 0xaa, 0xa1, 0x1f,
    0xff, 0xff, 0xff, 0xff, 0xff, 0xf2, 0x1f, 0xd0, 0x00, 0x00, 0x00, 0x0c, 0xf2, 0x1f, 0xd0, 0x00,
    0x00, 0x00, 0x0c, 0xf2, 0x1f, 0xd0, 0x00, 0x00, 0x00, 0x0c, 0xf2, 0x1f, 0xd0, 0x00, 0x00, 0x00,
    0x0c, 0xf2, 0x1f, 0xd0, 0x00, 0x00, 0x00, 0x0c, 0xf2, 0x1f, 0xd0, 0x00, 0x00, 0x00, 0x0c, 0xf2,
    0x1f, 0xd0, 0x00, 0x00, 0x00, 0x0c, 0xf2, 0x1f, 0xd0, 0x00, 0x00, 0x00, 0x0c, 0xf2, 0x1f, 0xd0,
    0x00, 0x00, 0x00, 0x0c, 0xf2, 0x1f, 0xd0, 0x00, 0x00, 0x00, 0x0c, 0xf2, 0x1f, 0xd0, 0x00, 0x00,
    0x00, 0x0c, 0xf2, 0x1f, 0xd0, 0x00, 0x00, 0x00, 0x0c, 0xf2, 0x1f, 0xd0, 0x00, 0x00, 0x00, 0x0c,
    0xf2, 0x1f, 0xea, 0xaa, 0xaa, 0xaa, 0xae, 0xf2, 0x1f, 0xff, 0xff, 0xff, 0xff, 0xff, 0xf2, 0x0a,
    0xaa, 0xaa, 0xaa, 0xaa, 0xaa, 0xa1, 0x1f, 0xff, 0xff, 0xff, 0xff, 0xff, 0xf2, 0x1f, 0xd0, 0x00,
    0x00, 0x00, 0x0c, 0xf2, 0x1f, 0xd0, 0x00, 0x00, 0x00, 0x0c, 0xf2, 0x1f, 0xd0, 0x00, 0x00, 0x00,
    0x0c, 0xf2, 0x1f, 0xd0, 0x00, 0x00, 0x00, 0x0c, 0xf2, 0x1f, 0xd0, 0x00, 0x00, 0x00, 0x0c, 0xf2,
    0x1f, 0xd0, 0x00, 0x00, 0x00, 0x0c, 0xf2, 0x1f, 0xd0, 0x00, 0x00, 0x00, 0x0c, 0xf2, 0x1f, 0xd0,
    0x00, 0x00, 0x00, 0x0c, 0xf2, 0x1f, 0xd0, 0x00, 0x00, 0x00, 0x0c, 0xf2, 0x1f, 0xd0, 0x00, 0x00,
    0x00, 0x0c, 0xf2, 0x1f, 0xd0, 0x00, 0x00, 0x00, 0x0c, 0xf2, 0x1f, 0xd0, 0x00, 0x00, 0x00, 0x0c,
    0xf2, 0x1f, 0xd0, 0x00, 0x00, 0x00, 0x0c, 0xf2, 0x1f, 0xea, 0xaa, 0xaa, 0xaa, 0xae, 0xf2, 0x1f,
    0xff, 0xff, 0xff, 0xff, 0xff, 0xf2, 0x0a, 0xaa, 0xaa, 0xaa, 0xaa, 0xaa, 0xa1, 0x1f, 0xff, 0xff,
    0xff, 0xff, 0xff, 0xf2, 0x1f, 0xd0, 0x00, 0x00, 0x00, 0x0c, 0xf2, 0x1f, 0xd0, 0x00, 0x00, 0x00,
    0x0c, 0xf2, 0x1f, 0xd0, 0x00, 0x00, 0x00, 0x0c, 0xf2, 0x1f, 0xd0, 0x00, 0x00, 0x00, 0x0c, 0xf2,
    0x1f, 0xd0, 0x00, 0x00, 0x00, 0x0c, 0xf2, 0x1f, 0xd0, 0x00, 0x00, 0x00, 0x0c, 0xf2, 0x1f, 0xd0,
    0x00, 0x00, 0x00, 0x0c, 0xf2, 0x1f, 0xd0, 0x00, 0x00, 0x00, 0x0c, 0xf2, 0x1f, 0xd0, 0x00, 0x00,
    0x00, 0x0c, 0xf2, 0x1f, 0xd0, 0x00, 0x00, 0x00, 0x0c, 0xf2, 0x1f, 0xd0, 0x00, 0x00, 0x00, 0x0c,
    0xf2, 0x1f, 0xd0, 0x00, 0x00, 0x00, 0x0c, 0xf2, 0x1f, 0xd0, 0x00, 0x00, 0x00, 0x0c, 0xf2, 0x1f,
    0xea, 0xaa, 0xaa, 0xaa, 0xae, 0xf2, 0x1f, 0xff, 0xff, 0xff, 0xff, 0xff, 0xf2, 0x6e, 0xc1, 0x01,
    0xbe, 0x60, 0x04, 0xed, 0x2d, 0xff, 0x40, 0x4f, 0xfc, 0x00, 0xbf, 0xf6, 0x6e, 0xb1, 0x01, 0xbe,
    0x60, 0x05, 0xec, 0x20,
};

static const lv_font_fmt_txt_glyph_dsc_t glyph_dsc[] = {
    {.bitmap_index = 0, .adv_w = 0, .box_w = 0, .box_h = 0, .ofs_x = 0, .ofs_y = 0}, /* id = 0 reserved */
    {.bitmap_index = 0, .adv_w = 96, .box_w = 0, .box_h = 0, .ofs_x = 0, .ofs_y = 0}, /* U+0020 */
    {.bitmap_index = 0, .adv_w = 96, .box_w = 4, .box_h = 17, .ofs_x = 1, .ofs_y = 0}, /* U+0021 */
    {.bitmap_index = 34, .adv_w = 144, .box_w = 7, .box_h = 7, .ofs_x = 1, .ofs_y = 10}, /* U+0022 */
    {.bitmap_index = 59, .adv_w = 272, .box_w = 17, .box_h = 17, .ofs_x = 0, .ofs_y = 0}, /* U+0023 */
    {.bitmap_index = 204, .adv_w = 240, .box_w = 13, .box_h = 23, .ofs_x = 1, .ofs_y = -3}, /* U+0024 */
    {.bitmap_index = 354, .adv_w = 320, .box_w = 20, .box_h = 17, .ofs_x = 0, .ofs_y = 0}, /* U+0025 */
    {.bitmap_index = 524, .adv_w = 256, .box_w = 16, .box_h = 17, .ofs_x = 1, .ofs_y = 0}, /* U+0026 */
    {.bitmap_index = 660, .adv_w = 80, .box_w = 3, .box_h = 7, .ofs_x = 1, .ofs_y = 10}, /* U+0027 */
    {.bitmap_index = 671, .adv_w = 128, .box_w = 6, .box_h = 23, .ofs_x = 2, .ofs_y = -5}, /* U+0028 */
    {.bitmap_index = 740, .adv_w = 128, .box_w = 6, .box_h = 23, .ofs_x = 0, .ofs_y = -5}, /* U+0029 */
    {.bitmap_index = 809, .adv_w = 160, .box_w = 10, .box_h = 9, .ofs_x = 0, .ofs_y = 9}, /* U+002A */
    {.bitmap_index = 854, .adv_w = 224, .box_w = 12, .box_h = 11, .ofs_x = 1, .ofs_y = 3}, /* U+002B */
    {.bitmap_index = 920, .adv_w = 80, .box_w = 4, .box_h = 7, .ofs_x = 1, .ofs_y = -4}, /* U+002C */
    {.bitmap_index = 934, .adv_w = 144, .box_w = 7, .box_h = 3, .ofs_x = 1, .ofs_y = 6}, /* U+002D */
    {.bitmap_index = 945, .adv_w = 80, .box_w = 4, .box_h = 3, .ofs_x = 1, .ofs_y = 0}, /* U+002E */
    {.bitmap_index = 951, .adv_w = 128, .box_w = 11, .box_h = 23, .ofs_x = -1, .ofs_y = -2}, /* U+002F */
    {.bitmap_index = 1078, .adv_w = 256, .box_w = 14, .box_h = 17, .ofs_x = 1, .ofs_y = 0}, /* U+0030 */
    {.bitmap_index = 1197, .adv_w = 144, .box_w = 7, .box_h = 17, .ofs_x = 0, .ofs_y = 0}, /* U+0031 */
    {.bitmap_index = 1257, .adv_w = 224, .box_w = 13, .box_h = 17, .ofs_x = 0, .ofs_y = 0}, /* U+0032 */
    {.bitmap_index = 1368, .adv_w = 224, .box_w = 13, .box_h = 17, .ofs_x = 0, .ofs_y = 0}, /* U+0033 */
    {.bitmap_index = 1479, .adv_w = 256, .box_w = 16, .box_h = 17, .ofs_x = 0, .ofs_y = 0}, /* U+0034 */
    {.bitmap_index = 1615, .adv_w = 224, .box_w = 13, .box_h = 17, .ofs_x = 0, .ofs_y = 0}, /* U+0035 */
    {.bitmap_index = 1726, .adv_w = 240, .box_w = 14, .box_h = 17, .ofs_x = 1, .ofs_y = 0}, /* U+0036 */
    {.bitmap_index = 1845, .adv_w = 224, .box_w = 14, .box_h = 17, .ofs_x = 0, .ofs_y = 0}, /* U+0037 */
    {.bitmap_index = 1964, .adv_w = 240, .box_w = 14, .box_h = 17, .ofs_x = 1, .ofs_y = 0}, /* U+0038 */
    {.bitmap_index = 2083, .adv_w = 240, .box_w = 14, .box_h = 17, .ofs_x = 0, .ofs_y = 0}, /* U+0039 */
    {.bitmap_index = 2202, .adv_w = 80, .box_w = 4, .box_h = 13, .ofs_x = 1, .ofs_y = 0}, /* U+003A */
    {.bitmap_index = 2228, .adv_w = 80, .box_w = 4, .box_h = 17, .ofs_x = 1, .ofs_y = -4}, /* U+003B */
    {.bitmap_index = 2262, .adv_w = 224, .box_w = 12, .box_h = 11, .ofs_x = 1, .ofs_y = 3}, /* U+003C */
    {.bitmap_index = 2328, .adv_w = 224, .box_w = 12, .box_h = 8, .ofs_x = 1, .ofs_y = 5}, /* U+003D */
    {.bitmap_index = 2376, .adv_w = 224, .box_w = 12, .box_h = 11, .ofs_x = 1, .ofs_y = 3}, /* U+003E */
    {.bitmap_index = 2442, .adv_w = 224, .box_w = 13, .box_h = 17, .ofs_x = 0, .ofs_y = 0}, /* U+003F */
    {.bitmap_index = 2553, .adv_w = 400, .box_w = 23, .box_h = 22, .ofs_x = 1, .ofs_y = -5}, /* U+0040 */
    {.bitmap_index = 2806, .adv_w = 288, .box_w = 18, .box_h = 17, .ofs_x = 0, .ofs_y = 0}, /* U+0041 */
    {.bitmap_index = 2959, .adv_w = 288, .box_w = 15, .box_h = 17, .ofs_x = 2, .ofs_y = 0}, /* U+0042 */
    {.bitmap_index = 3087, .adv_w = 272, .box_w = 16, .box_h = 17, .ofs_x = 1, .ofs_y = 0}, /* U+0043 */
    {.bitmap_index = 3223, .adv_w = 320, .box_w = 17, .box_h = 17, .ofs_x = 2, .ofs_y = 0}, /* U+0044 */
    {.bitmap_index = 3368, .adv_w = 256, .box_w = 13, .box_h = 17, .ofs_x = 2, .ofs_y = 0}, /* U+0045 */
    {.bitmap_index = 3479, .adv_w = 240, .box_w = 13, .box_h = 17, .ofs_x = 2, .ofs_y = 0}, /* U+0046 */
    {.bitmap_index = 3590, .adv_w = 304, .box_w = 16, .box_h = 17, .ofs_x = 1, .ofs_y = 0}, /* U+0047 */
    {.bitmap_index = 3726, .adv_w = 304, .box_w = 15, .box_h = 17, .ofs_x = 2, .ofs_y = 0}, /* U+0048 */
    {.bitmap_index = 3854, .adv_w = 112, .box_w = 3, .box_h = 17, .ofs_x = 2, .ofs_y = 0}, /* U+0049 */
    {.bitmap_index = 3880, .adv_w = 192, .box_w = 11, .box_h = 17, .ofs_x = -1, .ofs_y = 0}, /* U+004A */
    {.bitmap_index = 3974, .adv_w = 272, .box_w = 16, .box_h = 17, .ofs_x = 2, .ofs_y = 0}, /* U+004B */
    {.bitmap_index = 4110, .adv_w = 224, .box_w = 13, .box_h = 17, .ofs_x = 2, .ofs_y = 0}, /* U+004C */
    {.bitmap_index = 4221, .adv_w = 368, .box_w = 19, .box_h = 17, .ofs_x = 2, .ofs_y = 0}, /* U+004D */
    {.bitmap_index = 4383, .adv_w = 304, .box_w = 15, .box_h = 17, .ofs_x = 2, .ofs_y = 0}, /* U+004E */
    {.bitmap_index = 4511, .adv_w = 320, .box_w = 18, .box_h = 17, .ofs_x = 1, .ofs_y = 0}, /* U+004F */
    {.bitmap_index = 4664, .adv_w = 272, .box_w = 15, .box_h = 17, .ofs_x = 2, .ofs_y = 0}, /* U+0050 */
    {.bitmap_index = 4792, .adv_w = 320, .box_w = 19, .box_h = 20, .ofs_x = 1, .ofs_y = -3}, /* U+0051 */
    {.bitmap_index = 4982, .adv_w = 272, .box_w = 15, .box_h = 17, .ofs_x = 2, .ofs_y = 0}, /* U+0052 */
    {.bitmap_index = 5110, .adv_w = 240, .box_w = 13, .box_h = 17, .ofs_x = 1, .ofs_y = 0}, /* U+0053 */
    {.bitmap_index = 5221, .adv_w = 224, .box_w = 14, .box_h = 17, .ofs_x = 0, .ofs_y = 0}, /* U+0054 */
    {.bitmap_index = 5340, .adv_w = 304, .box_w = 15, .box_h = 17, .ofs_x = 2, .ofs_y = 0}, /* U+0055 */
    {.bitmap_index = 5468, .adv_w = 272, .box_w = 18, .box_h = 17, .ofs_x = 0, .ofs_y = 0}, /* U+0056 */
    {.bitmap_index = 5621, .adv_w = 432, .box_w = 27, .box_h = 17, .ofs_x = 0, .ofs_y = 0}, /* U+0057 */
    {.bitmap_index = 5851, .adv_w = 256, .box_w = 16, .box_h = 17, .ofs_x = 0, .ofs_y = 0}, /* U+0058 */
    {.bitmap_index = 5987, .adv_w = 256, .box_w = 17, .box_h = 17, .ofs_x = -1, .ofs_y = 0}, /* U+0059 */
    {.bitmap_index = 6132, .adv_w = 256, .box_w = 15, .box_h = 17, .ofs_x = 1, .ofs_y = 0}, /* U+005A */
    {.bitmap_index = 6260, .adv_w = 128, .box_w = 6, .box_h = 23, .ofs_x = 2, .ofs_y = -5}, /* U+005B */
    {.bitmap_index = 6329, .adv_w = 128, .box_w = 11, .box_h = 23, .ofs_x = -1, .ofs_y = -2}, /* U+005C */
    {.bitmap_index = 6456, .adv_w = 128, .box_w = 6, .box_h = 23, .ofs_x = 0, .ofs_y = -5}, /* U+005D */
    {.bitmap_index = 6525, .adv_w = 224, .box_w = 12, .box_h = 10, .ofs_x = 1, .ofs_y = 3}, /* U+005E */
    {.bitmap_index = 6585, .adv_w = 192, .box_w = 12, .box_h = 3, .ofs_x = 0, .ofs_y = -1}, /* U+005F */
    {.bitmap_index = 6603, .adv_w = 224, .box_w = 7, .box_h = 3, .ofs_x = 2, .ofs_y = 15}, /* U+0060 */
    {.bitmap_index = 6614, .adv_w = 224, .box_w = 12, .box_h = 13, .ofs_x = 1, .ofs_y = 0}, /* U+0061 */
    {.bitmap_index = 6692, .adv_w = 256, .box_w = 14, .box_h = 18, .ofs_x = 2, .ofs_y = 0}, /* U+0062 */
    {.bitmap_index = 6818, .adv_w = 224, .box_w = 12, .box_h = 13, .ofs_x = 1, .ofs_y = 0}, /* U+0063 */
    {.bitmap_index = 6896, .adv_w = 256, .box_w = 14, .box_h = 18, .ofs_x = 1, .ofs_y = 0}, /* U+0064 */
    {.bitmap_index = 7022, .adv_w = 240, .box_w = 13, .box_h = 13, .ofs_x = 1, .ofs_y = 0}, /* U+0065 */
    {.bitmap_index = 7107, .adv_w = 128, .box_w = 10, .box_h = 18, .ofs_x = 0, .ofs_y = 0}, /* U+0066 */
    {.bitmap_index = 7197, .adv_w = 272, .box_w = 14, .box_h = 18, .ofs_x = 1, .ofs_y = -5}, /* U+0067 */
    {.bitmap_index = 7323, .adv_w = 256, .box_w = 13, .box_h = 18, .ofs_x = 2, .ofs_y = 0}, /* U+0068 */
    {.bitmap_index = 7440, .adv_w = 112, .box_w = 4, .box_h = 18, .ofs_x = 1, .ofs_y = 0}, /* U+0069 */
    {.bitmap_index = 7476, .adv_w = 112, .box_w = 8, .box_h = 23, .ofs_x = -3, .ofs_y = -5}, /* U+006A */
    {.bitmap_index = 7568, .adv_w = 240, .box_w = 13, .box_h = 18, .ofs_x = 2, .ofs_y = 0}, /* U+006B */
    {.bitmap_index = 7685, .adv_w = 112, .box_w = 3, .box_h = 18, .ofs_x = 2, .ofs_y = 0}, /* U+006C */
    {.bitmap_index = 7712, .adv_w = 400, .box_w = 22, .box_h = 13, .ofs_x = 2, .ofs_y = 0}, /* U+006D */
    {.bitmap_index = 7855, .adv_w = 256, .box_w = 13, .box_h = 13, .ofs_x = 2, .ofs_y = 0}, /* U+006E */
    {.bitmap_index = 7940, .adv_w = 240, .box_w = 14, .box_h = 13, .ofs_x = 1, .ofs_y = 0}, /* U+006F */
    {.bitmap_index = 8031, .adv_w = 256, .box_w = 14, .box_h = 18, .ofs_x = 2, .ofs_y = -5}, /* U+0070 */
    {.bitmap_index = 8157, .adv_w = 256, .box_w = 14, .box_h = 18, .ofs_x = 1, .ofs_y = -5}, /* U+0071 */
    {.bitmap_index = 8283, .adv_w = 160, .box_w = 8, .box_h = 13, .ofs_x = 2, .ofs_y = 0}, /* U+0072 */
    {.bitmap_index = 8335, .adv_w = 192, .box_w = 12, .box_h = 13, .ofs_x = 0, .ofs_y = 0}, /* U+0073 */
    {.bitmap_index = 8413, .adv_w = 160, .box_w = 10, .box_h = 16, .ofs_x = 0, .ofs_y = 0}, /* U+0074 */
    {.bitmap_index = 8493, .adv_w = 256, .box_w = 13, .box_h = 13, .ofs_x = 2, .ofs_y = 0}, /* U+0075 */
    {.bitmap_index = 8578, .adv_w = 208, .box_w = 14, .box_h = 13, .ofs_x = 0, .ofs_y = 0}, /* U+0076 */
    {.bitmap_index = 8669, .adv_w = 352, .box_w = 22, .box_h = 13, .ofs_x = 0, .ofs_y = 0}, /* U+0077 */
    {.bitmap_index = 8812, .adv_w = 208, .box_w = 13, .box_h = 13, .ofs_x = 0, .ofs_y = 0}, /* U+0078 */
    {.bitmap_index = 8897, .adv_w = 208, .box_w = 15, .box_h = 18, .ofs_x = -1, .ofs_y = -5}, /* U+0079 */
    {.bitmap_index = 9032, .adv_w = 208, .box_w = 12, .box_h = 13, .ofs_x = 0, .ofs_y = 0}, /* U+007A */
    {.bitmap_index = 9110, .adv_w = 128, .box_w = 7, .box_h = 23, .ofs_x = 1, .ofs_y = -5}, /* U+007B */
    {.bitmap_index = 9191, .adv_w = 112, .box_w = 3, .box_h = 23, .ofs_x = 2, .ofs_y = -5}, /* U+007C */
    {.bitmap_index = 9226, .adv_w = 128, .box_w = 8, .box_h = 23, .ofs_x = 0, .ofs_y = -5}, /* U+007D */
    {.bitmap_index = 9318, .adv_w = 224, .box_w = 12, .box_h = 5, .ofs_x = 1, .ofs_y = 7}, /* U+007E */
    {.bitmap_index = 9348, .adv_w = 96, .box_w = 0, .box_h = 0, .ofs_x = 0, .ofs_y = 0}, /* U+00A0 */
    {.bitmap_index = 9348, .adv_w = 96, .box_w = 4, .box_h = 16, .ofs_x = 1, .ofs_y = -3}, /* U+00A1 */
    {.bitmap_index = 9380, .adv_w = 224, .box_w = 12, .box_h = 19, .ofs_x = 1, .ofs_y = -3}, /* U+00A2 */
    {.bitmap_index = 9494, .adv_w = 256, .box_w = 16, .box_h = 17, .ofs_x = 0, .ofs_y = 0}, /* U+00A3 */
    {.bitmap_index = 9630, .adv_w = 272, .box_w = 17, .box_h = 17, .ofs_x = 0, .ofs_y = -1}, /* U+00A4 */
    {.bitmap_index = 9775, .adv_w = 272, .box_w = 18, .box_h = 17, .ofs_x = -1, .ofs_y = 0}, /* U+00A5 */
    {.bitmap_index = 9928, .adv_w = 112, .box_w = 3, .box_h = 23, .ofs_x = 2, .ofs_y = -5}, /* U+00A6 */
    {.bitmap_index = 9963, .adv_w = 192, .box_w = 12, .box_h = 20, .ofs_x = 0, .ofs_y = -3}, /* U+00A7 */
    {.bitmap_index = 10083, .adv_w = 224, .box_w = 8, .box_h = 3, .ofs_x = 3, .ofs_y = 15}, /* U+00A8 */
    {.bitmap_index = 10095, .adv_w = 304, .box_w = 18, .box_h = 17, .ofs_x = 1, .ofs_y = 0}, /* U+00A9 */
    {.bitmap_index = 10248, .adv_w = 160, .box_w = 9, .box_h = 8, .ofs_x = 0, .ofs_y = 10}, /* U+00AA */
    {.bitmap_index = 10284, .adv_w = 192, .box_w = 11, .box_h = 9, .ofs_x = 1, .ofs_y = 2}, /* U+00AB */
    {.bitmap_index = 10334, .adv_w = 224, .box_w = 12, .box_h = 8, .ofs_x = 1, .ofs_y = 3}, /* U+00AC */
    {.bitmap_index = 10382, .adv_w = 144, .box_w = 7, .box_h = 3, .ofs_x = 1, .ofs_y = 6}, /* U+00AD */
    {.bitmap_index = 10393, .adv_w = 304, .box_w = 18, .box_h = 17, .ofs_x = 1, .ofs_y = 0}, /* U+00AE */
    {.bitmap_index = 10546, .adv_w = 224, .box_w = 9, .box_h = 3, .ofs_x = 3, .ofs_y = 16}, /* U+00AF */
    {.bitmap_index = 10560, .adv_w = 160, .box_w = 8, .box_h = 9, .ofs_x = 1, .ofs_y = 9}, /* U+00B0 */
    {.bitmap_index = 10596, .adv_w = 224, .box_w = 12, .box_h = 15, .ofs_x = 1, .ofs_y = 0}, /* U+00B1 */
    {.bitmap_index = 10686, .adv_w = 160, .box_w = 10, .box_h = 10, .ofs_x = 0, .ofs_y = 8}, /* U+00B2 */
    {.bitmap_index = 10736, .adv_w = 160, .box_w = 10, .box_h = 10, .ofs_x = 0, .ofs_y = 8}, /* U+00B3 */
    {.bitmap_index = 10786, .adv_w = 224, .box_w = 7, .box_h = 3, .ofs_x = 5, .ofs_y = 15}, /* U+00B4 */
    {.bitmap_index = 10797, .adv_w = 256, .box_w = 13, .box_h = 18, .ofs_x = 2, .ofs_y = -5}, /* U+00B5 */
    {.bitmap_index = 10914, .adv_w = 256, .box_w = 14, .box_h = 21, .ofs_x = 0, .ofs_y = -3}, /* U+00B6 */
    {.bitmap_index = 11061, .adv_w = 96, .box_w = 4, .box_h = 3, .ofs_x = 1, .ofs_y = 5}, /* U+00B7 */
    {.bitmap_index = 11067, .adv_w = 224, .box_w = 6, .box_h = 7, .ofs_x = 4, .ofs_y = -6}, /* U+00B8 */
    {.bitmap_index = 11088, .adv_w = 160, .box_w = 8, .box_h = 10, .ofs_x = 1, .ofs_y = 8}, /* U+00B9 */
    {.bitmap_index = 11128, .adv_w = 160, .box_w = 10, .box_h = 8, .ofs_x = 0, .ofs_y = 10}, /* U+00BA */
    {.bitmap_index = 11168, .adv_w = 192, .box_w = 11, .box_h = 9, .ofs_x = 0, .ofs_y = 2}, /* U+00BB */
    {.bitmap_index = 11218, .adv_w = 400, .box_w = 24, .box_h = 17, .ofs_x = 1, .ofs_y = 0}, /* U+00BC */
    {.bitmap_index = 11422, .adv_w = 400, .box_w = 23, .box_h = 17, .ofs_x = 1, .ofs_y = 0}, /* U+00BD */
    {.bitmap_index = 11618, .adv_w = 400, .box_w = 25, .box_h = 17, .ofs_x = 0, .ofs_y = 0}, /* U+00BE */
    {.bitmap_index = 11831, .adv_w = 224, .box_w = 13, .box_h = 17, .ofs_x = 1, .ofs_y = -4}, /* U+00BF */
    {.bitmap_index = 11942, .adv_w = 288, .box_w = 18, .box_h = 21, .ofs_x = 0, .ofs_y = 0}, /* U+00C0 */
    {.bitmap_index = 12131, .adv_w = 288, .box_w = 18, .box_h = 21, .ofs_x = 0, .ofs_y = 0}, /* U+00C1 */
    {.bitmap_index = 12320, .adv_w = 288, .box_w = 18, .box_h = 21, .ofs_x = 0, .ofs_y = 0}, /* U+00C2 */
    {.bitmap_index = 12509, .adv_w = 288, .box_w = 18, .box_h = 23, .ofs_x = 0, .ofs_y = 0}, /* U+00C3 */
    {.bitmap_index = 12716, .adv_w = 288, .box_w = 18, .box_h = 22, .ofs_x = 0, .ofs_y = 0}, /* U+00C4 */
    {.bitmap_index = 12914, .adv_w = 288, .box_w = 18, .box_h = 23, .ofs_x = 0, .ofs_y = 0}, /* U+00C5 */
    {.bitmap_index = 13121, .adv_w = 400, .box_w = 24, .box_h = 17, .ofs_x = 0, .ofs_y = 0}, /* U+00C6 */
    {.bitmap_index = 13325, .adv_w = 272, .box_w = 16, .box_h = 23, .ofs_x = 1, .ofs_y = -6}, /* U+00C7 */
    {.bitmap_index = 13509, .adv_w = 256, .box_w = 13, .box_h = 21, .ofs_x = 2, .ofs_y = 0}, /* U+00C8 */
    {.bitmap_index = 13646, .adv_w = 256, .box_w = 13, .box_h = 21, .ofs_x = 2, .ofs_y = 0}, /* U+00C9 */
    {.bitmap_index = 13783, .adv_w = 256, .box_w = 13, .box_h = 21, .ofs_x = 2, .ofs_y = 0}, /* U+00CA */
    {.bitmap_index = 13920, .adv_w = 256, .box_w = 13, .box_h = 22, .ofs_x = 2, .ofs_y = 0}, /* U+00CB */
    {.bitmap_index = 14063, .adv_w = 112, .box_w = 7, .box_h = 21, .ofs_x = -1, .ofs_y = 0}, /* U+00CC */
    {.bitmap_index = 14137, .adv_w = 112, .box_w = 7, .box_h = 21, .ofs_x = 2, .ofs_y = 0}, /* U+00CD */
    {.bitmap_index = 14211, .adv_w = 112, .box_w = 9, .box_h = 21, .ofs_x = -1, .ofs_y = 0}, /* U+00CE */
    {.bitmap_index = 14306, .adv_w = 112, .box_w = 8, .box_h = 22, .ofs_x = 0, .ofs_y = 0}, /* U+00CF */
    {.bitmap_index = 14394, .adv_w = 320, .box_w = 19, .box_h = 17, .ofs_x = 0, .ofs_y = 0}, /* U+00D0 */
    {.bitmap_index = 14556, .adv_w = 304, .box_w = 15, .box_h = 23, .ofs_x = 2, .ofs_y = 0}, /* U+00D1 */
    {.bitmap_index = 14729, .adv_w = 320, .box_w = 18, .box_h = 21, .ofs_x = 1, .ofs_y = 0}, /* U+00D2 */
    {.bitmap_index = 14918, .adv_w = 320, .box_w = 18, .box_h = 21, .ofs_x = 1, .ofs_y = 0}, /* U+00D3 */
    {.bitmap_index = 15107, .adv_w = 320, .box_w = 18, .box_h = 21, .ofs_x = 1, .ofs_y = 0}, /* U+00D4 */
    {.bitmap_index = 15296, .adv_w = 320, .box_w = 18, .box_h = 23, .ofs_x = 1, .ofs_y = 0}, /* U+00D5 */
    {.bitmap_index = 15503, .adv_w = 320, .box_w = 18, .box_h = 22, .ofs_x = 1, .ofs_y = 0}, /* U+00D6 */
    {.bitmap_index = 15701, .adv_w = 224, .box_w = 10, .box_h = 10, .ofs_x = 2, .ofs_y = 3}, /* U+00D7 */
    {.bitmap_index = 15751, .adv_w = 320, .box_w = 18, .box_h = 21, .ofs_x = 1, .ofs_y = -2}, /* U+00D8 */
    {.bitmap_index = 15940, .adv_w = 304, .box_w = 15, .box_h = 21, .ofs_x = 2, .ofs_y = 0}, /* U+00D9 */
    {.bitmap_index = 16098, .adv_w = 304, .box_w = 15, .box_h = 21, .ofs_x = 2, .ofs_y = 0}, /* U+00DA */
    {.bitmap_index = 16256, .adv_w = 304, .box_w = 15, .box_h = 21, .ofs_x = 2, .ofs_y = 0}, /* U+00DB */
    {.bitmap_index = 16414, .adv_w = 304, .box_w = 15, .box_h = 22, .ofs_x = 2, .ofs_y = 0}, /* U+00DC */
    {.bitmap_index = 16579, .adv_w = 256, .box_w = 17, .box_h = 21, .ofs_x = -1, .ofs_y = 0}, /* U+00DD */
    {.bitmap_index = 16758, .adv_w = 272, .box_w = 15, .box_h = 17, .ofs_x = 2, .ofs_y = 0}, /* U+00DE */
    {.bitmap_index = 16886, .adv_w = 256, .box_w = 14, .box_h = 18, .ofs_x = 2, .ofs_y = 0}, /* U+00DF */
    {.bitmap_index = 17012, .adv_w = 224, .box_w = 12, .box_h = 18, .ofs_x = 1, .ofs_y = 0}, /* U+00E0 */
    {.bitmap_index = 17120, .adv_w = 224, .box_w = 12, .box_h = 18, .ofs_x = 1, .ofs_y = 0}, /* U+00E1 */
    {.bitmap_index = 17228, .adv_w = 224, .box_w = 12, .box_h = 18, .ofs_x = 1, .ofs_y = 0}, /* U+00E2 */
    {.bitmap_index = 17336, .adv_w = 224, .box_w = 12, .box_h = 19, .ofs_x = 1, .ofs_y = 0}, /* U+00E3 */
    {.bitmap_index = 17450, .adv_w = 224, .box_w = 12, .box_h = 18, .ofs_x = 1, .ofs_y = 0}, /* U+00E4 */
    {.bitmap_index = 17558, .adv_w = 224, .box_w = 12, .box_h = 19, .ofs_x = 1, .ofs_y = 0}, /* U+00E5 */
    {.bitmap_index = 17672, .adv_w = 384, .box_w = 22, .box_h = 13, .ofs_x = 1, .ofs_y = 0}, /* U+00E6 */
    {.bitmap_index = 17815, .adv_w = 224, .box_w = 12, .box_h = 19, .ofs_x = 1, .ofs_y = -6}, /* U+00E7 */
    {.bitmap_index = 17929, .adv_w = 240, .box_w = 13, .box_h = 18, .ofs_x = 1, .ofs_y = 0}, /* U+00E8 */
    {.bitmap_index = 18046, .adv_w = 240, .box_w = 13, .box_h = 18, .ofs_x = 1, .ofs_y = 0}, /* U+00E9 */
    {.bitmap_index = 18163, .adv_w = 240, .box_w = 13, .box_h = 18, .ofs_x = 1, .ofs_y = 0}, /* U+00EA */
    {.bitmap_index = 18280, .adv_w = 240, .box_w = 13, .box_h = 18, .ofs_x = 1, .ofs_y = 0}, /* U+00EB */
    {.bitmap_index = 18397, .adv_w = 112, .box_w = 7, .box_h = 18, .ofs_x = -1, .ofs_y = 0}, /* U+00EC */
    {.bitmap_index = 18460, .adv_w = 112, .box_w = 7, .box_h = 18, .ofs_x = 1, .ofs_y = 0}, /* U+00ED */
    {.bitmap_index = 18523, .adv_w = 112, .box_w = 8, .box_h = 18, .ofs_x = -1, .ofs_y = 0}, /* U+00EE */
    {.bitmap_index = 18595, .adv_w = 112, .box_w = 7, .box_h = 18, .ofs_x = 0, .ofs_y = 0}, /* U+00EF */
    {.bitmap_index = 18658, .adv_w = 240, .box_w = 14, .box_h = 18, .ofs_x = 1, .ofs_y = 0}, /* U+00F0 */
    {.bitmap_index = 18784, .adv_w = 256, .box_w = 13, .box_h = 19, .ofs_x = 2, .ofs_y = 0}, /* U+00F1 */
    {.bitmap_index = 18908, .adv_w = 240, .box_w = 14, .box_h = 18, .ofs_x = 1, .ofs_y = 0}, /* U+00F2 */
    {.bitmap_index = 19034, .adv_w = 240, .box_w = 14, .box_h = 18, .ofs_x = 1, .ofs_y = 0}, /* U+00F3 */
    {.bitmap_index = 19160, .adv_w = 240, .box_w = 14, .box_h = 18, .ofs_x = 1, .ofs_y = 0}, /* U+00F4 */
    {.bitmap_index = 19286, .adv_w = 240, .box_w = 14, .box_h = 19, .ofs_x = 1, .ofs_y = 0}, /* U+00F5 */
    {.bitmap_index = 19419, .adv_w = 240, .box_w = 14, .box_h = 18, .ofs_x = 1, .ofs_y = 0}, /* U+00F6 */
    {.bitmap_index = 19545, .adv_w = 224, .box_w = 12, .box_h = 13, .ofs_x = 1, .ofs_y = 2}, /* U+00F7 */
    {.bitmap_index = 19623, .adv_w = 240, .box_w = 14, .box_h = 16, .ofs_x = 1, .ofs_y = -2}, /* U+00F8 */
    {.bitmap_index = 19735, .adv_w = 256, .box_w = 13, .box_h = 18, .ofs_x = 2, .ofs_y = 0}, /* U+00F9 */
    {.bitmap_index = 19852, .adv_w = 256, .box_w = 13, .box_h = 18, .ofs_x = 2, .ofs_y = 0}, /* U+00FA */
    {.bitmap_index = 19969, .adv_w = 256, .box_w = 13, .box_h = 18, .ofs_x = 2, .ofs_y = 0}, /* U+00FB */
    {.bitmap_index = 20086, .adv_w = 256, .box_w = 13, .box_h = 18, .ofs_x = 2, .ofs_y = 0}, /* U+00FC */
    {.bitmap_index = 20203, .adv_w = 208, .box_w = 15, .box_h = 23, .ofs_x = -1, .ofs_y = -5}, /* U+00FD */
    {.bitmap_index = 20376, .adv_w = 256, .box_w = 14, .box_h = 23, .ofs_x = 2, .ofs_y = -5}, /* U+00FE */
    {.bitmap_index = 20537, .adv_w = 208, .box_w = 15, .box_h = 23, .ofs_x = -1, .ofs_y = -5}, /* U+00FF */
    {.bitmap_index = 20710, .adv_w = 288, .box_w = 18, .box_h = 22, .ofs_x = 0, .ofs_y = 0}, /* U+0100 */
    {.bitmap_index = 20908, .adv_w = 224, .box_w = 12, .box_h = 19, .ofs_x = 1, .ofs_y = 0}, /* U+0101 */
    {.bitmap_index = 21022, .adv_w = 288, .box_w = 18, .box_h = 23, .ofs_x = 0, .ofs_y = 0}, /* U+0102 */
    {.bitmap_index = 21229, .adv_w = 224, .box_w = 12, .box_h = 19, .ofs_x = 1, .ofs_y = 0}, /* U+0103 */
    {.bitmap_index = 21343, .adv_w = 288, .box_w = 19, .box_h = 23, .ofs_x = 0, .ofs_y = -6}, /* U+0104 */
    {.bitmap_index = 21562, .adv_w = 224, .box_w = 12, .box_h = 19, .ofs_x = 1, .ofs_y = -6}, /* U+0105 */
    {.bitmap_index = 21676, .adv_w = 272, .box_w = 16, .box_h = 21, .ofs_x = 1, .ofs_y = 0}, /* U+0106 */
    {.bitmap_index = 21844, .adv_w = 224, .box_w = 12, .box_h = 18, .ofs_x = 1, .ofs_y = 0}, /* U+0107 */
    {.bitmap_index = 21952, .adv_w = 272, .box_w = 16, .box_h = 21, .ofs_x = 1, .ofs_y = 0}, /* U+0108 */
    {.bitmap_index = 22120, .adv_w = 224, .box_w = 12, .box_h = 18, .ofs_x = 1, .ofs_y = 0}, /* U+0109 */
    {.bitmap_index = 22228, .adv_w = 272, .box_w = 16, .box_h = 22, .ofs_x = 1, .ofs_y = 0}, /* U+010A */
    {.bitmap_index = 22404, .adv_w = 224, .box_w = 12, .box_h = 18, .ofs_x = 1, .ofs_y = 0}, /* U+010B */
    {.bitmap_index = 22512, .adv_w = 272, .box_w = 16, .box_h = 21, .ofs_x = 1, .ofs_y = 0}, /* U+010C */
    {.bitmap_index = 22680, .adv_w = 224, .box_w = 12, .box_h = 18, .ofs_x = 1, .ofs_y = 0}, /* U+010D */
    {.bitmap_index = 22788, .adv_w = 320, .box_w = 17, .box_h = 21, .ofs_x = 2, .ofs_y = 0}, /* U+010E */
    {.bitmap_index = 22967, .adv_w = 256, .box_w = 18, .box_h = 19, .ofs_x = 1, .ofs_y = 0}, /* U+010F */
    {.bitmap_index = 23138, .adv_w = 320, .box_w = 19, .box_h = 17, .ofs_x = 0, .ofs_y = 0}, /* U+0110 */
    {.bitmap_index = 23300, .adv_w = 256, .box_w = 16, .box_h = 18, .ofs_x = 1, .ofs_y = 0}, /* U+0111 */
    {.bitmap_index = 23444, .adv_w = 256, .box_w = 13, .box_h = 22, .ofs_x = 2, .ofs_y = 0}, /* U+0112 */
    {.bitmap_index = 23587, .adv_w = 240, .box_w = 13, .box_h = 19, .ofs_x = 1, .ofs_y = 0}, /* U+0113 */
    {.bitmap_index = 23711, .adv_w = 256, .box_w = 13, .box_h = 23, .ofs_x = 2, .ofs_y = 0}, /* U+0114 */
    {.bitmap_index = 23861, .adv_w = 240, .box_w = 13, .box_h = 19, .ofs_x = 1, .ofs_y = 0}, /* U+0115 */
    {.bitmap_index = 23985, .adv_w = 256, .box_w = 13, .box_h = 22, .ofs_x = 2, .ofs_y = 0}, /* U+0116 */
    {.bitmap_index = 24128, .adv_w = 240, .box_w = 13, .box_h = 18, .ofs_x = 1, .ofs_y = 0}, /* U+0117 */
    {.bitmap_index = 24245, .adv_w = 256, .box_w = 14, .box_h = 23, .ofs_x = 2, .ofs_y = -6}, /* U+0118 */
    {.bitmap_index = 24406, .adv_w = 240, .box_w = 13, .box_h = 19, .ofs_x = 1, .ofs_y = -6}, /* U+0119 */
    {.bitmap_index = 24530, .adv_w = 256, .box_w = 13, .box_h = 21, .ofs_x = 2, .ofs_y = 0}, /* U+011A */
    {.bitmap_index = 24667, .adv_w = 240, .box_w = 13, .box_h = 18, .ofs_x = 1, .ofs_y = 0}, /* U+011B */
    {.bitmap_index = 24784, .adv_w = 304, .box_w = 16, .box_h = 21, .ofs_x = 1, .ofs_y = 0}, /* U+011C */
    {.bitmap_index = 24952, .adv_w = 272, .box_w = 14, .box_h = 23, .ofs_x = 1, .ofs_y = -5}, /* U+011D */
    {.bitmap_index = 25113, .adv_w = 304, .box_w = 16, .box_h = 23, .ofs_x = 1, .ofs_y = 0}, /* U+011E */
    {.bitmap_index = 25297, .adv_w = 272, .box_w = 14, .box_h = 24, .ofs_x = 1, .ofs_y = -5}, /* U+011F */
    {.bitmap_index = 25465, .adv_w = 304, .box_w = 16, .box_h = 22, .ofs_x = 1, .ofs_y = 0}, /* U+0120 */
    {.bitmap_index = 25641, .adv_w = 272, .box_w = 14, .box_h = 23, .ofs_x = 1, .ofs_y = -5}, /* U+0121 */
    {.bitmap_index = 25802, .adv_w = 304, .box_w = 16, .box_h = 23, .ofs_x = 1, .ofs_y = -6}, /* U+0122 */
    {.bitmap_index = 25986, .adv_w = 272, .box_w = 14, .box_h = 25, .ofs_x = 1, .ofs_y = -5}, /* U+0123 */
    {.bitmap_index = 26161, .adv_w = 304, .box_w = 15, .box_h = 21, .ofs_x = 2, .ofs_y = 0}, /* U+0124 */
    {.bitmap_index = 26319, .adv_w = 256, .box_w = 16, .box_h = 22, .ofs_x = -1, .ofs_y = 0}, /* U+0125 */
    {.bitmap_index = 26495, .adv_w = 320, .box_w = 20, .box_h = 17, .ofs_x = 0, .ofs_y = 0}, /* U+0126 */
    {.bitmap_index = 26665, .adv_w = 256, .box_w = 15, .box_h = 18, .ofs_x = 0, .ofs_y = 0}, /* U+0127 */
    {.bitmap_index = 26800, .adv_w = 112, .box_w = 9, .box_h = 23, .ofs_x = -1, .ofs_y = 0}, /* U+0128 */
    {.bitmap_index = 26904, .adv_w = 112, .box_w = 8, .box_h = 18, .ofs_x = -1, .ofs_y = 0}, /* U+0129 */
    {.bitmap_index = 26976, .adv_w = 112, .box_w = 7, .box_h = 22, .ofs_x = 0, .ofs_y = 0}, /* U+012A */
    {.bitmap_index = 27053, .adv_w = 112, .box_w = 7, .box_h = 17, .ofs_x = 0, .ofs_y = 0}, /* U+012B */
    {.bitmap_index = 27113, .adv_w = 112, .box_w = 9, .box_h = 23, .ofs_x = -1, .ofs_y = 0}, /* U+012C */
    {.bitmap_index = 27217, .adv_w = 112, .box_w = 7, .box_h = 18, .ofs_x = 0, .ofs_y = 0}, /* U+012D */
    {.bitmap_index = 27280, .adv_w = 112, .box_w = 5, .box_h = 23, .ofs_x = 1, .ofs_y = -6}, /* U+012E */
    {.bitmap_index = 27338, .adv_w = 112, .box_w = 5, .box_h = 24, .ofs_x = 1, .ofs_y = -6}, /* U+012F */
    {.bitmap_index = 27398, .adv_w = 112, .box_w = 4, .box_h = 22, .ofs_x = 2, .ofs_y = 0}, /* U+0130 */
    {.bitmap_index = 27442, .adv_w = 112, .box_w = 3, .box_h = 13, .ofs_x = 2, .ofs_y = 0}, /* U+0131 */
    {.bitmap_index = 27462, .adv_w = 272, .box_w = 13, .box_h = 17, .ofs_x = 2, .ofs_y = 0}, /* U+0132 */
    {.bitmap_index = 27573, .adv_w = 224, .box_w = 11, .box_h = 23, .ofs_x = 1, .ofs_y = -5}, /* U+0133 */
    {.bitmap_index = 27700, .adv_w = 192, .box_w = 11, .box_h = 21, .ofs_x = -1, .ofs_y = 0}, /* U+0134 */
    {.bitmap_index = 27816, .adv_w = 112, .box_w = 11, .box_h = 23, .ofs_x = -3, .ofs_y = -5}, /* U+0135 */
    {.bitmap_index = 27943, .adv_w = 272, .box_w = 16, .box_h = 23, .ofs_x = 2, .ofs_y = -6}, /* U+0136 */
    {.bitmap_index = 28127, .adv_w = 240, .box_w = 13, .box_h = 24, .ofs_x = 2, .ofs_y = -6}, /* U+0137 */
    {.bitmap_index = 28283, .adv_w = 240, .box_w = 13, .box_h = 13, .ofs_x = 2, .ofs_y = 0}, /* U+0138 */
    {.bitmap_index = 28368, .adv_w = 224, .box_w = 13, .box_h = 21, .ofs_x = 2, .ofs_y = 0}, /* U+0139 */
    {.bitmap_index = 28505, .adv_w = 112, .box_w = 7, .box_h = 23, .ofs_x = 1, .ofs_y = 0}, /* U+013A */
    {.bitmap_index = 28586, .adv_w = 224, .box_w = 13, .box_h = 23, .ofs_x = 2, .ofs_y = -6}, /* U+013B */
    {.bitmap_index = 28736, .adv_w = 112, .box_w = 3, .box_h = 24, .ofs_x = 2, .ofs_y = -6}, /* U+013C */
    {.bitmap_index = 28772, .adv_w = 224, .box_w = 13, .box_h = 18, .ofs_x = 2, .ofs_y = 0}, /* U+013D */
    {.bitmap_index = 28889, .adv_w = 112, .box_w = 7, .box_h = 19, .ofs_x = 2, .ofs_y = 0}, /* U+013E */
    {.bitmap_index = 28956, .adv_w = 224, .box_w = 13, .box_h = 17, .ofs_x = 2, .ofs_y = 0}, /* U+013F */
    {.bitmap_index = 29067, .adv_w = 128, .box_w = 7, .box_h = 18, .ofs_x = 2, .ofs_y = 0}, /* U+0140 */
    {.bitmap_index = 29130, .adv_w = 224, .box_w = 15, .box_h = 17, .ofs_x = 0, .ofs_y = 0}, /* U+0141 */
    {.bitmap_index = 29258, .adv_w = 112, .box_w = 9, .box_h = 18, .ofs_x = -1, .ofs_y = 0}, /* U+0142 */
    {.bitmap_index = 29339, .adv_w = 304, .box_w = 15, .box_h = 21, .ofs_x = 2, .ofs_y = 0}, /* U+0143 */
    {.bitmap_index = 29497, .adv_w = 256, .box_w = 13, .box_h = 18, .ofs_x = 2, .ofs_y = 0}, /* U+0144 */
    {.bitmap_index = 29614, .adv_w = 304, .box_w = 15, .box_h = 23, .ofs_x = 2, .ofs_y = -6}, /* U+0145 */
    {.bitmap_index = 29787, .adv_w = 256, .box_w = 13, .box_h = 19, .ofs_x = 2, .ofs_y = -6}, /* U+0146 */
    {.bitmap_index = 29911, .adv_w = 304, .box_w = 15, .box_h = 21, .ofs_x = 2, .ofs_y = 0}, /* U+0147 */
    {.bitmap_index = 30069, .adv_w = 256, .box_w = 13, .box_h = 18, .ofs_x = 2, .ofs_y = 0}, /* U+0148 */
    {.bitmap_index = 30186, .adv_w = 288, .box_w = 16, .box_h = 17, .ofs_x = 1, .ofs_y = 0}, /* U+0149 */
    {.bitmap_index = 30322, .adv_w = 304, .box_w = 15, .box_h = 22, .ofs_x = 2, .ofs_y = -5}, /* U+014A */
    {.bitmap_index = 30487, .adv_w = 256, .box_w = 13, .box_h = 18, .ofs_x = 2, .ofs_y = -5}, /* U+014B */
    {.bitmap_index = 30604, .adv_w = 320, .box_w = 18, .box_h = 22, .ofs_x = 1, .ofs_y = 0}, /* U+014C */
    {.bitmap_index = 30802, .adv_w = 240, .box_w = 14, .box_h = 19, .ofs_x = 1, .ofs_y = 0}, /* U+014D */
    {.bitmap_index = 30935, .adv_w = 320, .box_w = 18, .box_h = 23, .ofs_x = 1, .ofs_y = 0}, /* U+014E */
    {.bitmap_index = 31142, .adv_w = 240, .box_w = 14, .box_h = 19, .ofs_x = 1, .ofs_y = 0}, /* U+014F */
    {.bitmap_index = 31275, .adv_w = 320, .box_w = 18, .box_h = 21, .ofs_x = 1, .ofs_y = 0}, /* U+0150 */
    {.bitmap_index = 31464, .adv_w = 240, .box_w = 14, .box_h = 18, .ofs_x = 1, .ofs_y = 0}, /* U+0151 */
    {.bitmap_index = 31590, .adv_w = 432, .box_w = 25, .box_h = 17, .ofs_x = 1, .ofs_y = 0}, /* U+0152 */
    {.bitmap_index = 31803, .adv_w = 416, .box_w = 24, .box_h = 13, .ofs_x = 1, .ofs_y = 0}, /* U+0153 */
    {.bitmap_index = 31959, .adv_w = 272, .box_w = 15, .box_h = 21, .ofs_x = 2, .ofs_y = 0}, /* U+0154 */
    {.bitmap_index = 32117, .adv_w = 160, .box_w = 8, .box_h = 18, .ofs_x = 2, .ofs_y = 0}, /* U+0155 */
    {.bitmap_index = 32189, .adv_w = 272, .box_w = 15, .box_h = 23, .ofs_x = 2, .ofs_y = -6}, /* U+0156 */
    {.bitmap_index = 32362, .adv_w = 160, .box_w = 8, .box_h = 19, .ofs_x = 2, .ofs_y = -6}, /* U+0157 */
    {.bitmap_index = 32438, .adv_w = 272, .box_w = 15, .box_h = 21, .ofs_x = 2, .ofs_y = 0}, /* U+0158 */
    {.bitmap_index = 32596, .adv_w = 160, .box_w = 9, .box_h = 18, .ofs_x = 1, .ofs_y = 0}, /* U+0159 */
    {.bitmap_index = 32677, .adv_w = 240, .box_w = 13, .box_h = 21, .ofs_x = 1, .ofs_y = 0}, /* U+015A */
    {.bitmap_index = 32814, .adv_w = 192, .box_w = 12, .box_h = 18, .ofs_x = 0, .ofs_y = 0}, /* U+015B */
    {.bitmap_index = 32922, .adv_w = 240, .box_w = 13, .box_h = 21, .ofs_x = 1, .ofs_y = 0}, /* U+015C */
    {.bitmap_index = 33059, .adv_w = 192, .box_w = 12, .box_h = 18, .ofs_x = 0, .ofs_y = 0}, /* U+015D */
    {.bitmap_index = 33167, .adv_w = 240, .box_w = 13, .box_h = 23, .ofs_x = 1, .ofs_y = -6}, /* U+015E */
    {.bitmap_index = 33317, .adv_w = 192, .box_w = 12, .box_h = 19, .ofs_x = 0, .ofs_y = -6}, /* U+015F */
    {.bitmap_index = 33431, .adv_w = 240, .box_w = 13, .box_h = 21, .ofs_x = 1, .ofs_y = 0}, /* U+0160 */
    {.bitmap_index = 33568, .adv_w = 192, .box_w = 12, .box_h = 18, .ofs_x = 0, .ofs_y = 0}, /* U+0161 */
    {.bitmap_index = 33676, .adv_w = 224, .box_w = 14, .box_h = 23, .ofs_x = 0, .ofs_y = -6}, /* U+0162 */
    {.bitmap_index = 33837, .adv_w = 160, .box_w = 10, .box_h = 22, .ofs_x = 0, .ofs_y = -6}, /* U+0163 */
    {.bitmap_index = 33947, .adv_w = 224, .box_w = 14, .box_h = 21, .ofs_x = 0, .ofs_y = 0}, /* U+0164 */
    {.bitmap_index = 34094, .adv_w = 160, .box_w = 10, .box_h = 18, .ofs_x = 0, .ofs_y = 0}, /* U+0165 */
    {.bitmap_index = 34184, .adv_w = 224, .box_w = 14, .box_h = 17, .ofs_x = 0, .ofs_y = 0}, /* U+0166 */
    {.bitmap_index = 34303, .adv_w = 160, .box_w = 10, .box_h = 16, .ofs_x = 0, .ofs_y = 0}, /* U+0167 */
    {.bitmap_index = 34383, .adv_w = 304, .box_w = 15, .box_h = 23, .ofs_x = 2, .ofs_y = 0}, /* U+0168 */
    {.bitmap_index = 34556, .adv_w = 256, .box_w = 13, .box_h = 19, .ofs_x = 2, .ofs_y = 0}, /* U+0169 */
    {.bitmap_index = 34680, .adv_w = 304, .box_w = 15, .box_h = 22, .ofs_x = 2, .ofs_y = 0}, /* U+016A */
    {.bitmap_index = 34845, .adv_w = 256, .box_w = 13, .box_h = 19, .ofs_x = 2, .ofs_y = 0}, /* U+016B */
    {.bitmap_index = 34969, .adv_w = 304, .box_w = 15, .box_h = 23, .ofs_x = 2, .ofs_y = 0}, /* U+016C */
    {.bitmap_index = 35142, .adv_w = 256, .box_w = 13, .box_h = 19, .ofs_x = 2, .ofs_y = 0}, /* U+016D */
    {.bitmap_index = 35266, .adv_w = 304, .box_w = 15, .box_h = 23, .ofs_x = 2, .ofs_y = 0}, /* U+016E */
    {.bitmap_index = 35439, .adv_w = 256, .box_w = 13, .box_h = 19, .ofs_x = 2, .ofs_y = 0}, /* U+016F */
    {.bitmap_index = 35563, .adv_w = 304, .box_w = 15, .box_h = 21, .ofs_x = 2, .ofs_y = 0}, /* U+0170 */
    {.bitmap_index = 35721, .adv_w = 256, .box_w = 13, .box_h = 18, .ofs_x = 2, .ofs_y = 0}, /* U+0171 */
    {.bitmap_index = 35838, .adv_w = 304, .box_w = 15, .box_h = 23, .ofs_x = 2, .ofs_y = -6}, /* U+0172 */
    {.bitmap_index = 36011, .adv_w = 256, .box_w = 13, .box_h = 19, .ofs_x = 2, .ofs_y = -6}, /* U+0173 */
    {.bitmap_index = 36135, .adv_w = 432, .box_w = 27, .box_h = 21, .ofs_x = 0, .ofs_y = 0}, /* U+0174 */
    {.bitmap_index = 36419, .adv_w = 352, .box_w = 22, .box_h = 18, .ofs_x = 0, .ofs_y = 0}, /* U+0175 */
    {.bitmap_index = 36617, .adv_w = 256, .box_w = 17, .box_h = 21, .ofs_x = -1, .ofs_y = 0}, /* U+0176 */
    {.bitmap_index = 36796, .adv_w = 208, .box_w = 15, .box_h = 23, .ofs_x = -1, .ofs_y = -5}, /* U+0177 */
    {.bitmap_index = 36969, .adv_w = 256, .box_w = 17, .box_h = 22, .ofs_x = -1, .ofs_y = 0}, /* U+0178 */
    {.bitmap_index = 37156, .adv_w = 256, .box_w = 15, .box_h = 21, .ofs_x = 1, .ofs_y = 0}, /* U+0179 */
    {.bitmap_index = 37314, .adv_w = 208, .box_w = 12, .box_h = 18, .ofs_x = 0, .ofs_y = 0}, /* U+017A */
    {.bitmap_index = 37422, .adv_w = 256, .box_w = 15, .box_h = 22, .ofs_x = 1, .ofs_y = 0}, /* U+017B */
    {.bitmap_index = 37587, .adv_w = 208, .box_w = 12, .box_h = 18, .ofs_x = 0, .ofs_y = 0}, /* U+017C */
    {.bitmap_index = 37695, .adv_w = 256, .box_w = 15, .box_h = 21, .ofs_x = 1, .ofs_y = 0}, /* U+017D */
    {.bitmap_index = 37853, .adv_w = 208, .box_w = 12, .box_h = 18, .ofs_x = 0, .ofs_y = 0}, /* U+017E */
    {.bitmap_index = 37961, .adv_w = 112, .box_w = 10, .box_h = 18, .ofs_x = 0, .ofs_y = 0}, /* U+017F */
    {.bitmap_index = 38051, .adv_w = 144, .box_w = 7, .box_h = 3, .ofs_x = 1, .ofs_y = 6}, /* U+2010 */
    {.bitmap_index = 38062, .adv_w = 224, .box_w = 14, .box_h = 17, .ofs_x = 0, .ofs_y = 0}, /* U+2011 */
    {.bitmap_index = 38181, .adv_w = 272, .box_w = 15, .box_h = 3, .ofs_x = 1, .ofs_y = 8}, /* U+2012 */
    {.bitmap_index = 38204, .adv_w = 192, .box_w = 12, .box_h = 3, .ofs_x = 0, .ofs_y = 6}, /* U+2013 */
    {.bitmap_index = 38222, .adv_w = 384, .box_w = 24, .box_h = 3, .ofs_x = 0, .ofs_y = 6}, /* U+2014 */
    {.bitmap_index = 38258, .adv_w = 384, .box_w = 24, .box_h = 3, .ofs_x = 0, .ofs_y = 6}, /* U+2015 */
    {.bitmap_index = 38294, .adv_w = 224, .box_w = 14, .box_h = 17, .ofs_x = 0, .ofs_y = 0}, /* U+2016 */
    {.bitmap_index = 38413, .adv_w = 224, .box_w = 14, .box_h = 17, .ofs_x = 0, .ofs_y = 0}, /* U+2017 */
    {.bitmap_index = 38532, .adv_w = 80, .box_w = 4, .box_h = 7, .ofs_x = 1, .ofs_y = 11}, /* U+2018 */
    {.bitmap_index = 38546, .adv_w = 80, .box_w = 4, .box_h = 7, .ofs_x = 1, .ofs_y = 11}, /* U+2019 */
    {.bitmap_index = 38560, .adv_w = 80, .box_w = 4, .box_h = 7, .ofs_x = 1, .ofs_y = -4}, /* U+201A */
    {.bitmap_index = 38574, .adv_w = 224, .box_w = 14, .box_h = 17, .ofs_x = 0, .ofs_y = 0}, /* U+201B */
    {.bitmap_index = 38693, .adv_w = 160, .box_w = 8, .box_h = 7, .ofs_x = 1, .ofs_y = 11}, /* U+201C */
    {.bitmap_index = 38721, .adv_w = 160, .box_w = 8, .box_h = 7, .ofs_x = 1, .ofs_y = 11}, /* U+201D */
    {.bitmap_index = 38749, .adv_w = 160, .box_w = 8, .box_h = 7, .ofs_x = 1, .ofs_y = -4}, /* U+201E */
    {.bitmap_index = 38777, .adv_w = 224, .box_w = 14, .box_h = 17, .ofs_x = 0, .ofs_y = 0}, /* U+201F */
    {.bitmap_index = 38896, .adv_w = 208, .box_w = 13, .box_h = 22, .ofs_x = 0, .ofs_y = -5}, /* U+2020 */
    {.bitmap_index = 39039, .adv_w = 208, .box_w = 13, .box_h = 22, .ofs_x = 0, .ofs_y = -5}, /* U+2021 */
    {.bitmap_index = 39182, .adv_w = 128, .box_w = 5, .box_h = 4, .ofs_x = 1, .ofs_y = 4}, /* U+2022 */
    {.bitmap_index = 39192, .adv_w = 224, .box_w = 14, .box_h = 17, .ofs_x = 0, .ofs_y = 0}, /* U+2023 */
    {.bitmap_index = 39311, .adv_w = 224, .box_w = 14, .box_h = 17, .ofs_x = 0, .ofs_y = 0}, /* U+2024 */
    {.bitmap_index = 39430, .adv_w = 224, .box_w = 14, .box_h = 17, .ofs_x = 0, .ofs_y = 0}, /* U+2025 */
    {.bitmap_index = 39549, .adv_w = 272, .box_w = 15, .box_h = 3, .ofs_x = 1, .ofs_y = 0}, /* U+2026 */
};

static const uint16_t glyph_unicode_list[] = {
    0, 1, 2, 3, 4, 5, 6, 7, 8, 9, 10, 11, 12, 13, 14, 15, 16, 17, 18, 19, 20, 21, 22, 23, 24, 25, 26, 27, 28, 29, 30, 31, 32, 33, 34, 35, 36, 37, 38, 39, 40, 41, 42, 43, 44, 45, 46, 47, 48, 49, 50, 51, 52, 53, 54, 55, 56, 57, 58, 59, 60, 61, 62, 63, 64, 65, 66, 67, 68, 69, 70, 71, 72, 73, 74, 75, 76, 77, 78, 79, 80, 81, 82, 83, 84, 85, 86, 87, 88, 89, 90, 91, 92, 93, 94, 128, 129, 130, 131, 132, 133, 134, 135, 136, 137, 138, 139, 140, 141, 142, 143, 144, 145, 146, 147, 148, 149, 150, 151, 152, 153, 154, 155, 156, 157, 158, 159, 160, 161, 162, 163, 164, 165, 166, 167, 168, 169, 170, 171, 172, 173, 174, 175, 176, 177, 178, 179, 180, 181, 182, 183, 184, 185, 186, 187, 188, 189, 190, 191, 192, 193, 194, 195, 196, 197, 198, 199, 200, 201, 202, 203, 204, 205, 206, 207, 208, 209, 210, 211, 212, 213, 214, 215, 216, 217, 218, 219, 220, 221, 222, 223, 224, 225, 226, 227, 228, 229, 230, 231, 232, 233, 234, 235, 236, 237, 238, 239, 240, 241, 242, 243, 244, 245, 246, 247, 248, 249, 250, 251, 252, 253, 254, 255, 256, 257, 258, 259, 260, 261, 262, 263, 264, 265, 266, 267, 268, 269, 270, 271, 272, 273, 274, 275, 276, 277, 278, 279, 280, 281, 282, 283, 284, 285, 286, 287, 288, 289, 290, 291, 292, 293, 294, 295, 296, 297, 298, 299, 300, 301, 302, 303, 304, 305, 306, 307, 308, 309, 310, 311, 312, 313, 314, 315, 316, 317, 318, 319, 320, 321, 322, 323, 324, 325, 326, 327, 328, 329, 330, 331, 332, 333, 334, 335, 336, 337, 338, 339, 340, 341, 342, 343, 344, 345, 346, 347, 348, 349, 350, 351, 8176, 8177, 8178, 8179, 8180, 8181, 8182, 8183, 8184, 8185, 8186, 8187, 8188, 8189, 8190, 8191, 8192, 8193, 8194, 8195, 8196, 8197, 8198
};

static const lv_font_fmt_txt_cmap_t cmaps[] = {
    { .range_start = 32, .range_length = 8199, .glyph_id_start = 1,
      .unicode_list = glyph_unicode_list, .glyph_id_ofs_list = NULL, .list_length = 342, .type = LV_FONT_FMT_TXT_CMAP_SPARSE_TINY }
};

#if LVGL_VERSION_MAJOR == 8
static lv_font_fmt_txt_glyph_cache_t cache;
#endif
#if LVGL_VERSION_MAJOR >= 8
static const lv_font_fmt_txt_dsc_t font_dsc = {
#else
static lv_font_fmt_txt_dsc_t font_dsc = {
#endif
    .glyph_bitmap = glyph_bitmap,
    .glyph_dsc = glyph_dsc,
    .cmaps = cmaps,
    .kern_dsc = NULL,
    .kern_scale = 0,
    .cmap_num = 1,
    .bpp = 4,
    .kern_classes = 0,
    .bitmap_format = 0,
#if LVGL_VERSION_MAJOR == 8
    .cache = &cache
#endif
};

#if LVGL_VERSION_MAJOR >= 8
const lv_font_t lv_font_hc_24 = {
#else
lv_font_t lv_font_hc_24 = {
#endif
    .get_glyph_dsc = lv_font_get_glyph_dsc_fmt_txt,
    .get_glyph_bitmap = lv_font_get_bitmap_fmt_txt,
    .line_height = 31,
    .base_line = 7,
#if !(LVGL_VERSION_MAJOR == 6 && LVGL_VERSION_MINOR == 0)
    .subpx = LV_FONT_SUBPX_NONE,
#endif
#if LV_VERSION_CHECK(7, 4, 0) || LVGL_VERSION_MAJOR >= 8
    .underline_position = -2,
    .underline_thickness = 1,
#endif
    .dsc = &font_dsc,
#if LV_VERSION_CHECK(8, 2, 0) || LVGL_VERSION_MAJOR >= 9
    .fallback = &lv_font_montserrat_24,
#endif
    .user_data = NULL,
};

#endif /* LV_FONT_HC_24 */
