/*
 * GENERATED by scripts/gen_lvgl_font.py -- do not edit by hand.
 * Source: Montserrat-Medium.ttf  size: 20px  bpp: 4  codepoints 0x0020..0x2026 (342 sparse)
 * Out-of-range glyphs fall back to lv_font_montserrat_20.
 */

#include "lvgl.h"

extern const lv_font_t lv_font_montserrat_20;

#ifndef LV_FONT_HC_20
#define LV_FONT_HC_20 1
#endif
#if LV_FONT_HC_20


static LV_ATTRIBUTE_LARGE_CONST const uint8_t glyph_bitmap[] = {
    0x6f, 0xc6, 0xfb, 0x5f, 0xb5, 0xfa, 0x4f, 0xa4, 0xf9, 0x3f, 0x93, 0xf8, 0x2f, 0x71, 0xf7, 0x00,
    0x03, 0xc7, 0x9f, 0xe4, 0xe9, 0xbe, 0x02, 0xf8, 0xbd, 0x01, 0xf8, 0xad, 0x01, 0xf7, 0xad, 0x01,
    0xf7, 0xac, 0x00, 0xf7, 0x00, 0x00, 0x7e, 0x00, 0x04, 0xf2, 0x00, 0x00, 0x00, 0x9c, 0x00, 0x07,
    0xf0, 0x00, 0x00, 0x00, 0xca, 0x00, 0x09, 0xd0, 0x00, 0x0c, 0xff, 0xff, 0xff, 0xff, 0xff, 0xf8,
    0x09, 0xbb, 0xfc, 0xbb, 0xbe, 0xdb, 0xb6, 0x00, 0x02, 0xf5, 0x00, 0x0e, 0x70, 0x00, 0x00, 0x03,
    0xf3, 0x00, 0x1f, 0x60, 0x00, 0x00, 0x05, 0xf1, 0x00, 0x2f, 0x40, 0x00, 0x00, 0x07, 0xe0, 0x00,
    0x4f, 0x20, 0x00, 0x7f, 0xff, 0xff, 0xff, 0xff, 0xff, 0xd0, 0x5b, 0xbe, 0xeb, 0xbb, 0xdf, 0xbb,
    0x90, 0x00, 0x0c, 0x90, 0x00, 0x9c, 0x00, 0x00, 0x00, 0x0e, 0x70, 0x00, 0xba, 0x00, 0x00, 0x00,
    0x1f, 0x50, 0x00, 0xd8, 0x00, 0x00, 0x00, 0x00, 0x05, 0xe0, 0x00, 0x00, 0x00, 0x00, 0x05, 0xe0,
    0x00, 0x00, 0x00, 0x00, 0x05, 0xe0, 0x00, 0x00, 0x00, 0x17, 0xcf, 0xfe, 0xc8, 0x20, 0x01, 0xcf,
    0xec, 0xfc, 0xef, 0xd0, 0x08, 0xfb, 0x15, 0xe0, 0x06, 0x70, 0x0c, 0xf3, 0x05, 0xe0, 0x00, 0x00,
    0x0b, 0xf5, 0x05, 0xe0, 0x00, 0x00, 0x07, 0xfe, 0x66, 0xe0, 0x00, 0x00, 0x00, 0x9f, 0xff, 0xf8,
    0x40, 0x00, 0x00, 0x02, 0x7c, 0xff, 0xfd, 0x40, 0x00, 0x00, 0x05, 0xe5, 0xbf, 0xf2, 0x00, 0x00,
    0x05, 0xe0, 0x09, 0xf7, 0x01, 0x00, 0x05, 0xe0, 0x06, 0xf8, 0x0c, 0x92, 0x05, 0xe0, 0x2d, 0xf5,
    0x1c, 0xff, 0xdc, 0xfc, 0xff, 0xa0, 0x00, 0x5a, 0xdf, 0xff, 0xc6, 0x00, 0x00, 0x00, 0x05, 0xe0,
    0x00, 0x00, 0x00, 0x00, 0x05, 0xe0, 0x00, 0x00, 0x00, 0x00, 0x02, 0x70, 0x00, 0x00, 0x01, 0x9e,
    0xe9, 0x10, 0x00, 0x01, 0xda, 0x00, 0x00, 0xab, 0x22, 0xba, 0x00, 0x00, 0x9d, 0x10, 0x00, 0x1f,
    0x30, 0x03, 0xf1, 0x00, 0x4f, 0x40, 0x00, 0x03, 0xf1, 0x00, 0x1f, 0x30, 0x1d, 0x90, 0x00, 0x00,
    0x2f, 0x30, 0x03, 0xf1, 0x0a, 0xd1, 0x00, 0x00, 0x00, 0xbb, 0x22, 0xbb, 0x05, 0xf4, 0x00, 0x00,
    0x00, 0x02, 0xcf, 0xfc, 0x21, 0xe8, 0x1a, 0xee, 0x80, 0x00, 0x00, 0x11, 0x00, 0xac, 0x0a, 0xc4,
    0x5e, 0x60, 0x00, 0x00, 0x00, 0x6f, 0x32, 0xf3, 0x00, 0x7d, 0x00, 0x00, 0x00, 0x2e, 0x70, 0x5f,
    0x00, 0x04, 0xf1, 0x00, 0x00, 0x0b, 0xc0, 0x05, 0xe0, 0x00, 0x3f, 0x10, 0x00, 0x06, 0xf2, 0x00,
    0x2f, 0x20, 0x06, 0xd0, 0x00, 0x02, 0xe7, 0x00, 0x00, 0xaa, 0x13, 0xd6, 0x00, 0x00, 0xcb, 0x00,
    0x00, 0x01, 0xae, 0xe8, 0x00, 0x00, 0x01, 0x9d, 0xed, 0x70, 0x00, 0x00, 0x00, 0x0d, 0xfd, 0xbe,
    0xf7, 0x00, 0x00, 0x00, 0x4f, 0xb0, 0x01, 0xec, 0x00, 0x00, 0x00, 0x5f, 0x70, 0x00, 0xcc, 0x00,
    0x00, 0x00, 0x1f, 0xc1, 0x08, 0xf6, 0x00, 0x00, 0x00, 0x07, 0xfb, 0xcf, 0x70, 0x00, 0x00, 0x00,
    0x03, 0xef, 0xf4, 0x00, 0x00, 0x00, 0x00, 0x6f, 0xd9, 0xfc, 0x10, 0x06, 0x20, 0x06, 0xfa, 0x00,
    0x6f, 0xd2, 0x1f, 0x90, 0x0e, 0xe0, 0x00, 0x05, 0xfd, 0x9f, 0x40, 0x1f, 0xd0, 0x00, 0x00, 0x4e,
    0xfb, 0x00, 0x0d, 0xf7, 0x00, 0x00, 0x6e, 0xfe, 0x40, 0x04, 0xff, 0xec, 0xbe, 0xfd, 0x5e, 0xe3,
    0x00, 0x29, 0xdf, 0xec, 0x70, 0x03, 0xa0, 0xbe, 0xbd, 0xad, 0xad, 0xac, 0x00, 0x1e, 0xd0, 0x00,
    0x7f, 0x60, 0x00, 0xde, 0x00, 0x03, 0xfa, 0x00, 0x08, 0xf5, 0x00, 0x0b, 0xf2, 0x00, 0x0d, 0xf0,
    0x00, 0x0f, 0xd0, 0x00, 0x1f, 0xd0, 0x00, 0x1f, 0xc0, 0x00, 0x1f, 0xd0, 0x00, 0x0f, 0xd0, 0x00,
    0x0d, 0xf0, 0x00, 0x0b, 0xf2, 0x00, 0x08, 0xf5, 0x00, 0x03, 0xfa, 0x00, 0x00, 0xde, 0x00, 0x00,
    0x7f, 0x60, 0x00, 0x1e, 0xd0, 0x2f, 0xb0, 0x00, 0xaf, 0x40, 0x03, 0xfa, 0x00, 0x0d, 0xe0, 0x00,
    0x9f, 0x40, 0x06, 0xf7, 0x00, 0x3f, 0xa0, 0x02, 0xfb, 0x00, 0x1f, 0xc0, 0x00, 0xfd, 0x00, 0x1f,
    0xc0, 0x02, 0xfb, 0x00, 0x3f, 0xa0, 0x06, 0xf7, 0x00, 0x9f, 0x40, 0x0d, 0xe0, 0x03, 0xfa, 0x00,
    0xaf, 0x30, 0x2f, 0xb0, 0x00, 0x00, 0x09, 0x90, 0x00, 0x14, 0x09, 0x90, 0x41, 0x6f, 0x9a, 0xa9,
    0xf6, 0x04, 0xdf, 0xfd, 0x40, 0x03, 0xcf, 0xfc, 0x30, 0x6f, 0xaa, 0xaa, 0xf6, 0x25, 0x09, 0x90,
    0x51, 0x00, 0x09, 0x90, 0x00, 0x00, 0x00, 0xfa, 0x00, 0x00, 0x00, 0x00, 0xfa, 0x00, 0x00, 0x00,
    0x00, 0xfa, 0x00, 0x00, 0x00, 0x00, 0xfa, 0x00, 0x00, 0xaf, 0xff, 0xff, 0xff, 0xf4, 0x7b, 0xbb,
    0xfe, 0xbb, 0xb3, 0x00, 0x00, 0xfa, 0x00, 0x00, 0x00, 0x00, 0xfa, 0x00, 0x00, 0x00, 0x00, 0xfa,
    0x00, 0x00, 0x0a, 0xe4, 0x0f, 0xf8, 0x09, 0xf6, 0x05, 0xf2, 0x09, 0xc0, 0x0c, 0x70, 0x9b, 0xbb,
    0xb6, 0xdf, 0xff, 0xf8, 0x08, 0xc3, 0x0f, 0xf8, 0x0a, 0xe4, 0x00, 0x00, 0x00, 0x07, 0x50, 0x00,
    0x00, 0x04, 0xf7, 0x00, 0x00, 0x00, 0xaf, 0x20, 0x00, 0x00, 0x0e, 0xc0, 0x00, 0x00, 0x05, 0xf6,
    0x00, 0x00, 0x00, 0xaf, 0x10, 0x00, 0x00, 0x1e, 0xb0, 0x00, 0x00, 0x05, 0xf6, 0x00, 0x00, 0x00,
    0xaf, 0x10, 0x00, 0x00, 0x1e, 0xb0, 0x00, 0x00, 0x05, 0xf6, 0x00, 0x00, 0x00, 0xaf, 0x10, 0x00,
    0x00, 0x1f, 0xb0, 0x00, 0x00, 0x05, 0xf6, 0x00, 0x00, 0x00, 0xbf, 0x10, 0x00, 0x00, 0x1f, 0xb0,
    0x00, 0x00, 0x06, 0xf6, 0x00, 0x00, 0x00, 0xbf, 0x10, 0x00, 0x00, 0x1f, 0xa0, 0x00, 0x00, 0x06,
    0xf5, 0x00, 0x00, 0x00, 0x00, 0x01, 0x8d, 0xed, 0xa3, 0x00, 0x00, 0x02, 0xdf, 0xeb, 0xdf, 0xf6,
    0x00, 0x00, 0xcf, 0x80, 0x00, 0x4e, 0xf3, 0x00, 0x6f, 0xb0, 0x00, 0x00, 0x6f, 0xb0, 0x0b, 0xf4,
    0x00, 0x00, 0x00, 0xef, 0x10, 0xef, 0x10, 0x00, 0x00, 0x0b, 0xf4, 0x0f, 0xf0, 0x00, 0x00, 0x00,
    0xaf, 0x50, 0xff, 0x00, 0x00, 0x00, 0x0a, 0xf5, 0x0e, 0xf1, 0x00, 0x00, 0x00, 0xbf, 0x40, 0xbf,
    0x40, 0x00, 0x00, 0x0e, 0xf1, 0x06, 0xfb, 0x00, 0x00, 0x06, 0xfb, 0x00, 0x0c, 0xf8, 0x00, 0x04,
    0xef, 0x30, 0x00, 0x2d, 0xfe, 0xbd, 0xff, 0x60, 0x00, 0x00, 0x18, 0xde, 0xda, 0x30, 0x00, 0xdf,
    0xff, 0xf4, 0x9b, 0xbe, 0xf4, 0x00, 0x0a, 0xf4, 0x00, 0x0a, 0xf4, 0x00, 0x0a, 0xf4, 0x00, 0x0a,
    0xf4, 0x00, 0x0a, 0xf4, 0x00, 0x0a, 0xf4, 0x00, 0x0a, 0xf4, 0x00, 0x0a, 0xf4, 0x00, 0x0a, 0xf4,
    0x00, 0x0a, 0xf4, 0x00, 0x0a, 0xf4, 0x00, 0x0a, 0xf4, 0x00, 0x6b, 0xef, 0xea, 0x30, 0x02, 0xdf,
    0xfc, 0xbe, 0xff, 0x50, 0x5f, 0x81, 0x00, 0x07, 0xfe, 0x00, 0x20, 0x00, 0x00, 0x0e, 0xf2, 0x00,
    0x00, 0x00, 0x00, 0xdf, 0x20, 0x00, 0x00, 0x00, 0x3f, 0xd0, 0x00, 0x00, 0x00, 0x1d, 0xf5, 0x00,
    0x00, 0x00, 0x1c, 0xf8, 0x00, 0x00, 0x00, 0x1c, 0xf9, 0x00, 0x00, 0x00, 0x2d, 0xf8, 0x00, 0x00,
    0x00, 0x2d, 0xf7, 0x00, 0x00, 0x00, 0x2d, 0xf7, 0x00, 0x00, 0x00, 0x2e, 0xfe, 0xbb, 0xbb, 0xbb,
    0x94, 0xff, 0xff, 0xff, 0xff, 0xfc, 0x4f, 0xff, 0xff, 0xff, 0xff, 0x03, 0xbb, 0xbb, 0xbb, 0xdf,
    0xc0, 0x00, 0x00, 0x00, 0x3e, 0xe2, 0x00, 0x00, 0x00, 0x1d, 0xf4, 0x00, 0x00, 0x00, 0x0c, 0xf6,
    0x00, 0x00, 0x00, 0x09, 0xfa, 0x00, 0x00, 0x00, 0x01, 0xff, 0xfd, 0x70, 0x00, 0x00, 0x06, 0x79,
    0xef, 0xb0, 0x00, 0x00, 0x00, 0x01, 0xdf, 0x50, 0x00, 0x00, 0x00, 0x08, 0xf8, 0x00, 0x00, 0x00,
    0x00, 0x9f, 0x76, 0xc4, 0x00, 0x00, 0x5f, 0xf2, 0x8f, 0xfe, 0xcb, 0xdf, 0xf6, 0x00, 0x39, 0xce,
    0xfd, 0xa3, 0x00, 0x00, 0x00, 0x00, 0x07, 0xfa, 0x00, 0x00, 0x00, 0x00, 0x00, 0x4f, 0xd1, 0x00,
    0x00, 0x00, 0x00, 0x01, 0xef, 0x30, 0x00, 0x00, 0x00, 0x00, 0x0b, 0xf6, 0x00, 0x00, 0x00, 0x00,
    0x00, 0x8f, 0xa0, 0x00, 0x00, 0x00, 0x00, 0x05, 0xfd, 0x10, 0x12, 0x10, 0x00, 0x00, 0x2e, 0xe2,
    0x00, 0x6f, 0x70, 0x00, 0x00, 0xcf, 0x50, 0x00, 0x6f, 0x70, 0x00, 0x09, 0xf9, 0x00, 0x00, 0x6f,
    0x70, 0x00, 0x3f, 0xff, 0xff, 0xff, 0xff, 0xff, 0xf2, 0x3c, 0xcc, 0xcc, 0xcc, 0xdf, 0xdc, 0xc2,
    0x00, 0x00, 0x00, 0x00, 0x7f, 0x70, 0x00, 0x00, 0x00, 0x00, 0x00, 0x7f, 0x70, 0x00, 0x00, 0x00,
    0x00, 0x00, 0x7f, 0x70, 0x00, 0x00, 0xef, 0xff, 0xff, 0xff, 0x00, 0x1f, 0xeb, 0xbb, 0xbb, 0xb0,
    0x03, 0xfa, 0x00, 0x00, 0x00, 0x00, 0x4f, 0x90, 0x00, 0x00, 0x00, 0x06, 0xf7, 0x00, 0x00, 0x00,
    0x00, 0x7f, 0xdb, 0xa9, 0x61, 0x00, 0x09, 0xff, 0xff, 0xff, 0xe6, 0x00, 0x00, 0x00, 0x13, 0x8f,
    0xf4, 0x00, 0x00, 0x00, 0x00, 0x8f, 0xa0, 0x00, 0x00, 0x00, 0x04, 0xfb, 0x01, 0x00, 0x00, 0x00,
    0x6f, 0xa3, 0xe6, 0x10, 0x00, 0x3e, 0xf5, 0x5f, 0xff, 0xcb, 0xdf, 0xf9, 0x00, 0x28, 0xce, 0xfe,
    0xb5, 0x00, 0x00, 0x00, 0x5a, 0xdf, 0xdb, 0x60, 0x00, 0x1a, 0xff, 0xdb, 0xce, 0xb0, 0x00, 0xaf,
    0xb2, 0x00, 0x01, 0x20, 0x04, 0xfb, 0x00, 0x00, 0x00, 0x00, 0x0a, 0xf4, 0x00, 0x00, 0x00, 0x00,
    0x0d, 0xf1, 0x6c, 0xee, 0xc6, 0x00, 0x0f, 0xf9, 0xfe, 0xbd, 0xff, 0xa0, 0x0f, 0xff, 0x70, 0x00,
    0x3e, 0xf5, 0x0e, 0xfa, 0x00, 0x00, 0x05, 0xfa, 0x0c, 0xf7, 0x00, 0x00, 0x03, 0xfb, 0x07, 0xfa,
    0x00, 0x00, 0x05, 0xfa, 0x01, 0xef, 0x70, 0x00, 0x3e, 0xf4, 0x00, 0x4e, 0xfe, 0xbc, 0xff, 0x80,
    0x00, 0x02, 0x9d, 0xfe, 0xb5, 0x00, 0x6f, 0xff, 0xff, 0xff, 0xff, 0xf2, 0x6f, 0xdb, 0xbb, 0xbb,
    0xbf, 0xf1, 0x6f, 0x80, 0x00, 0x00, 0x7f, 0xa0, 0x6f, 0x80, 0x00, 0x00, 0xdf, 0x30, 0x13, 0x20,
    0x00, 0x05, 0xfb, 0x00, 0x00, 0x00, 0x00, 0x0c, 0xf4, 0x00, 0x00, 0x00, 0x00, 0x4f, 0xd0, 0x00,
    0x00, 0x00, 0x00, 0xaf, 0x60, 0x00, 0x00, 0x00, 0x02, 0xfe, 0x10, 0x00, 0x00, 0x00, 0x09, 0xf8,
    0x00, 0x00, 0x00, 0x00, 0x1e, 0xf1, 0x00, 0x00, 0x00, 0x00, 0x7f, 0x90, 0x00, 0x00, 0x00, 0x00,
    0xef, 0x30, 0x00, 0x00, 0x00, 0x06, 0xfb, 0x00, 0x00, 0x00, 0x00, 0x17, 0xce, 0xfe, 0xb6, 0x00,
    0x01, 0xcf, 0xfc, 0xbd, 0xff, 0xb0, 0x07, 0xfc, 0x20, 0x00, 0x2d, 0xf5, 0x09, 0xf6, 0x00, 0x00,
    0x08, 0xf7, 0x05, 0xfc, 0x10, 0x00, 0x2d, 0xf3, 0x00, 0x8f, 0xfc, 0xbc, 0xff, 0x70, 0x00, 0x7e,
    0xff, 0xff, 0xfe, 0x50, 0x07, 0xfe, 0x62, 0x02, 0x7e, 0xf5, 0x0e, 0xf3, 0x00, 0x00, 0x05, 0xfc,
    0x1f, 0xe0, 0x00, 0x00, 0x01, 0xfe, 0x0f, 0xf1, 0x00, 0x00, 0x03, 0xfd, 0x0a, 0xfb, 0x20, 0x00,
    0x3d, 0xf8, 0x01, 0xdf, 0xfc, 0xbd, 0xff, 0xb1, 0x00, 0x07, 0xbe, 0xfe, 0xb6, 0x00, 0x00, 0x3a,
    0xef, 0xea, 0x40, 0x00, 0x06, 0xff, 0xdb, 0xcf, 0xf8, 0x00, 0x1f, 0xf5, 0x00, 0x02, 0xcf, 0x50,
    0x5f, 0x90, 0x00, 0x00, 0x3f, 0xc0, 0x6f, 0x90, 0x00, 0x00, 0x3f, 0xf2, 0x2f, 0xf5, 0x00, 0x02,
    0xcf, 0xf4, 0x08, 0xff, 0xdb, 0xcf, 0xeb, 0xf5, 0x00, 0x5b, 0xef, 0xd9, 0x1a, 0xf5, 0x00, 0x00,
    0x00, 0x00, 0x0c, 0xf3, 0x00, 0x00, 0x00, 0x00, 0x2f, 0xe0, 0x00, 0x00, 0x00, 0x00, 0xaf, 0x90,
    0x00, 0x30, 0x00, 0x19, 0xfe, 0x10, 0x06, 0xfd, 0xbc, 0xff, 0xd3, 0x00, 0x04, 0xad, 0xfe, 0xc7,
    0x10, 0x00, 0x08, 0xc3, 0x0f, 0xf8, 0x0a, 0xe4, 0x00, 0x00, 0x00, 0x00, 0x00, 0x00, 0x00, 0x00,
    0x00, 0x00, 0x08, 0xc3, 0x0f, 0xf8, 0x0a, 0xe4, 0x08, 0xc3, 0x0f, 0xf8, 0x0a, 0xe4, 0x00, 0x00,
    0x00, 0x00, 0x00, 0x00, 0x00, 0x00, 0x00, 0x00, 0x0a, 0xe4, 0x0f, 0xf8, 0x09, 0xf6, 0x05, 0xf2,
    0x09, 0xc0, 0x0c, 0x70, 0x00, 0x00, 0x00, 0x00, 0x22, 0x00, 0x00, 0x00, 0x4a, 0xf4, 0x00, 0x02,
    0x8d, 0xfe, 0x91, 0x05, 0xbf, 0xfb, 0x50, 0x00, 0x9f, 0xd8, 0x20, 0x00, 0x00, 0x9f, 0xd7, 0x20,
    0x00, 0x00, 0x05, 0xbf, 0xfb, 0x50, 0x00, 0x00, 0x02, 0x8d, 0xfe, 0x91, 0x00, 0x00, 0x00, 0x5a,
    0xf4, 0x00, 0x00, 0x00, 0x00, 0x22, 0xaf, 0xff, 0xff, 0xff, 0xf4, 0x7b, 0xbb, 0xbb, 0xbb, 0xb3,
    0x00, 0x00, 0x00, 0x00, 0x00, 0x00, 0x00, 0x00, 0x00, 0x00, 0x00, 0x00, 0x00, 0x00, 0x00, 0xaf,
    0xff, 0xff, 0xff, 0xf4, 0x7b, 0xbb, 0xbb, 0xbb, 0xb3, 0x30, 0x00, 0x00, 0x00, 0x00, 0xae, 0x82,
    0x00, 0x00, 0x00, 0x4b, 0xff, 0xb5, 0x00, 0x00, 0x00, 0x27, 0xdf, 0xe9, 0x30, 0x00, 0x00, 0x04,
    0xae, 0xf4, 0x00, 0x00, 0x04, 0x9e, 0xf4, 0x00, 0x27, 0xdf, 0xe9, 0x30, 0x4b, 0xff, 0xb5, 0x00,
    0x00, 0xae, 0x82, 0x00, 0x00, 0x00, 0x30, 0x00, 0x00, 0x00, 0x00, 0x01, 0x7c, 0xef, 0xda, 0x30,
    0x02, 0xdf, 0xec, 0xbe, 0xff, 0x60, 0x6f, 0x81, 0x00, 0x08, 0xfe, 0x00, 0x10, 0x00, 0x00, 0x0f,
    0xf1, 0x00, 0x00, 0x00, 0x02, 0xfd, 0x00, 0x00, 0x00, 0x01, 0xcf, 0x50, 0x00, 0x00, 0x02, 0xdf,
    0x60, 0x00, 0x00, 0x00, 0xdf, 0x60, 0x00, 0x00, 0x00, 0x5f, 0xb0, 0x00, 0x00, 0x00, 0x02, 0x42,
    0x00, 0x00, 0x00, 0x00, 0x00, 0x00, 0x00, 0x00, 0x00, 0x04, 0xc5, 0x00, 0x00, 0x00, 0x00, 0xaf,
    0xc0, 0x00, 0x00, 0x00, 0x05, 0xe7, 0x00, 0x00, 0x00, 0x00, 0x00, 0x49, 0xce, 0xfe, 0xc8, 0x30,
    0x00, 0x00, 0x00, 0x00, 0x3c, 0xff, 0xec, 0xbd, 0xef, 0xfb, 0x10, 0x00, 0x00, 0x05, 0xff, 0x83,
    0x00, 0x00, 0x04, 0x9f, 0xe3, 0x00, 0x00, 0x3f, 0xc3, 0x01, 0x7a, 0xa6, 0x14, 0xb8, 0xde, 0x20,
    0x00, 0xde, 0x20, 0x4e, 0xff, 0xff, 0xd7, 0xf5, 0x3e, 0xb0, 0x06, 0xf5, 0x02, 0xef, 0x71, 0x14,
    0xcf, 0xf5, 0x07, 0xf2, 0x0b, 0xd0, 0x08, 0xf7, 0x00, 0x00, 0x1e, 0xf5, 0x01, 0xe7, 0x0e, 0x90,
    0x0c, 0xf1, 0x00, 0x00, 0x08, 0xf5, 0x00, 0xca, 0x0f, 0x70, 0x0e, 0xd0, 0x00, 0x00, 0x06, 0xf5,
    0x00, 0xab, 0x0f, 0x70, 0x0d, 0xe0, 0x00, 0x00, 0x07, 0xf5, 0x00, 0xba, 0x0e, 0x90, 0x0a, 0xf4,
    0x00, 0x00, 0x0b, 0xf5, 0x00, 0xd8, 0x0b, 0xd0, 0x03, 0xfc, 0x10, 0x00, 0x7f, 0xf7, 0x03, 0xf4,
    0x06, 0xf4, 0x00, 0x7f, 0xea, 0x9c, 0xf7, 0xfe, 0x9e, 0xc0, 0x00, 0xdd, 0x10, 0x05, 0xbe, 0xeb,
    0x40, 0x6d, 0xea, 0x10, 0x00, 0x3f, 0xc2, 0x00, 0x00, 0x00, 0x00, 0x00, 0x00, 0x00, 0x00, 0x05,
    0xfe, 0x83, 0x00, 0x00, 0x04, 0x20, 0x00, 0x00, 0x00, 0x00, 0x3d, 0xff, 0xec, 0xbc, 0xef, 0x70,
    0x00, 0x00, 0x00, 0x00, 0x00, 0x5a, 0xde, 0xfe, 0xb6, 0x00, 0x00, 0x00, 0x00, 0x00, 0x00, 0xdf,
    0x80, 0x00, 0x00, 0x00, 0x00, 0x00, 0x6f, 0xfe, 0x10, 0x00, 0x00, 0x00, 0x00, 0x0c, 0xf9, 0xf6,
    0x00, 0x00, 0x00, 0x00, 0x04, 0xfa, 0x1f, 0xd0, 0x00, 0x00, 0x00, 0x00, 0xbf, 0x40, 0xaf, 0x50,
    0x00, 0x00, 0x00, 0x3f, 0xc0, 0x03, 0xfc, 0x00, 0x00, 0x00, 0x09, 0xf5, 0x00, 0x0c, 0xf4, 0x00,
    0x00, 0x02, 0xfe, 0x00, 0x00, 0x5f, 0xb0, 0x00, 0x00, 0x8f, 0x70, 0x00, 0x00, 0xdf, 0x20, 0x00,
    0x1e, 0xff, 0xff, 0xff, 0xff, 0xf9, 0x00, 0x07, 0xfc, 0xaa, 0xaa, 0xaa, 0xaf, 0xf1, 0x00, 0xdf,
    0x30, 0x00, 0x00, 0x00, 0x9f, 0x80, 0x5f, 0xb0, 0x00, 0x00, 0x00, 0x02, 0xfe, 0x1c, 0xf4, 0x00,
    0x00, 0x00, 0x00, 0x0a, 0xf6, 0xef, 0xff, 0xff, 0xfe, 0xb6, 0x00, 0x0e, 0xfb, 0xbb, 0xbb, 0xdf,
    0xfa, 0x00, 0xef, 0x10, 0x00, 0x00, 0x5f, 0xf3, 0x0e, 0xf1, 0x00, 0x00, 0x00, 0xaf, 0x60, 0xef,
    0x10, 0x00, 0x00, 0x0b, 0xf4, 0x0e, 0xf1, 0x00, 0x00, 0x29, 0xfc, 0x00, 0xef, 0xff, 0xff, 0xff,
    0xfd, 0x20, 0x0e, 0xfb, 0xbb, 0xbb, 0xce, 0xfc, 0x20, 0xef, 0x10, 0x00, 0x00, 0x19, 0xfb, 0x0e,
    0xf1, 0x00, 0x00, 0x00, 0x0f, 0xf1, 0xef, 0x10, 0x00, 0x00, 0x00, 0xef, 0x2e, 0xf1, 0x00, 0x00,
    0x00, 0x8f, 0xd0, 0xef, 0xbb, 0xbb, 0xbc, 0xef, 0xf5, 0x0e, 0xff, 0xff, 0xff, 0xfd, 0x93, 0x00,
    0x00, 0x00, 0x17, 0xce, 0xfe, 0xb6, 0x00, 0x00, 0x05, 0xef, 0xfd, 0xbd, 0xff, 0xc2, 0x00, 0x5f,
    0xf8, 0x10, 0x00, 0x2a, 0xf5, 0x02, 0xff, 0x50, 0x00, 0x00, 0x00, 0x20, 0x08, 0xf9, 0x00, 0x00,
    0x00, 0x00, 0x00, 0x0d, 0xf3, 0x00, 0x00, 0x00, 0x00, 0x00, 0x0f, 0xf0, 0x00, 0x00, 0x00, 0x00,
    0x00, 0x0f, 0xf0, 0x00, 0x00, 0x00, 0x00, 0x00, 0x0d, 0xf3, 0x00, 0x00, 0x00, 0x00, 0x00, 0x08,
    0xf9, 0x00, 0x00, 0x00, 0x00, 0x00, 0x02, 0xff, 0x50, 0x00, 0x00, 0x00, 0x20, 0x00, 0x5f, 0xf8,
    0x10, 0x00, 0x2a, 0xf5, 0x00, 0x05, 0xef, 0xfc, 0xbc, 0xff, 0xc2, 0x00, 0x00, 0x17, 0xce, 0xfe,
    0xb5, 0x00, 0xef, 0xff, 0xff, 0xed, 0x94, 0x00, 0x00, 0xef, 0xbb, 0xbb, 0xce, 0xff, 0xb1, 0x00,
    0xef, 0x10, 0x00, 0x00, 0x4c, 0xfd, 0x10, 0xef, 0x10, 0x00, 0x00, 0x00, 0xbf, 0xa0, 0xef, 0x10,
    0x00, 0x00, 0x00, 0x1f, 0xf2, 0xef, 0x10, 0x00, 0x00, 0x00, 0x0a, 0xf6, 0xef, 0x10, 0x00, 0x00,
    0x00, 0x07, 0xf8, 0xef, 0x10, 0x00, 0x00, 0x00, 0x08, 0xf7, 0xef, 0x10, 0x00, 0x00, 0x00, 0x0a,
    0xf6, 0xef, 0x10, 0x00, 0x00, 0x00, 0x1e, 0xf2, 0xef, 0x10, 0x00, 0x00, 0x00, 0xbf, 0xa0, 0xef,
    0x10, 0x00, 0x00, 0x4c, 0xfd, 0x10, 0xef, 0xbb, 0xbb, 0xce, 0xff, 0xb2, 0x00, 0xef, 0xff, 0xff,
    0xed, 0xa4, 0x00, 0x00, 0xef, 0xff, 0xff, 0xff, 0xff, 0x0e, 0xfb, 0xbb, 0xbb, 0xbb, 0xb0, 0xef,
    0x10, 0x00, 0x00, 0x00, 0x0e, 0xf1, 0x00, 0x00, 0x00, 0x00, 0xef, 0x10, 0x00, 0x00, 0x00, 0x0e,
    0xf1, 0x00, 0x00, 0x00, 0x00, 0xef, 0xff, 0xff, 0xff, 0xf2, 0x0e, 0xfb, 0xbb, 0xbb, 0xbb, 0x10,
    0xef, 0x10, 0x00, 0x00, 0x00, 0x0e, 0xf1, 0x00, 0x00, 0x00, 0x00, 0xef, 0x10, 0x00, 0x00, 0x00,
    0x0e, 0xf1, 0x00, 0x00, 0x00, 0x00, 0xef, 0xbb, 0xbb, 0xbb, 0xbb, 0x3e, 0xff, 0xff, 0xff, 0xff,
    0xf4, 0xef, 0xff, 0xff, 0xff, 0xff, 0xef, 0xbb, 0xbb, 0xbb, 0xbb, 0xef, 0x10, 0x00, 0x00, 0x00,
    0xef, 0x10, 0x00, 0x00, 0x00, 0xef, 0x10, 0x00, 0x00, 0x00, 0xef, 0x10, 0x00, 0x00, 0x00, 0xef,
    0xbb, 0xbb, 0xbb, 0xb1, 0xef, 0xff, 0xff, 0xff, 0xf2, 0xef, 0x10, 0x00, 0x00, 0x00, 0xef, 0x10,
    0x00, 0x00, 0x00, 0xef, 0x10, 0x00, 0x00, 0x00, 0xef, 0x10, 0x00, 0x00, 0x00, 0xef, 0x10, 0x00,
    0x00, 0x00, 0xef, 0x10, 0x00, 0x00, 0x00, 0x00, 0x00, 0x16, 0xbd, 0xfe, 0xb7, 0x10, 0x00, 0x05,
    0xef, 0xfd, 0xbc, 0xff, 0xe4, 0x00, 0x5f, 0xf8, 0x20, 0x00, 0x18, 0xf6, 0x02, 0xef, 0x50, 0x00,
    0x00, 0x00, 0x10, 0x08, 0xf9, 0x00, 0x00, 0x00, 0x00, 0x00, 0x0d, 0xf3, 0x00, 0x00, 0x00, 0x00,
    0x00, 0x0f, 0xf0, 0x00, 0x00, 0x00, 0x00, 0x11, 0x0f, 0xf0, 0x00, 0x00, 0x00, 0x03, 0xfb, 0x0d,
    0xf3, 0x00, 0x00, 0x00, 0x03, 0xfb, 0x08, 0xf9, 0x00, 0x00, 0x00, 0x03, 0xfb, 0x02, 0xef, 0x50,
    0x00, 0x00, 0x03, 0xfb, 0x00, 0x5f, 0xf8, 0x10, 0x00, 0x18, 0xfb, 0x00, 0x05, 0xef, 0xfd, 0xbd,
    0xff, 0xe6, 0x00, 0x00, 0x17, 0xbe, 0xfe, 0xb7, 0x10, 0xef, 0x10, 0x00, 0x00, 0x00, 0xdf, 0x2e,
    0xf1, 0x00, 0x00, 0x00, 0x0d, 0xf2, 0xef, 0x10, 0x00, 0x00, 0x00, 0xdf, 0x2e, 0xf1, 0x00, 0x00,
    0x00, 0x0d, 0xf2, 0xef, 0x10, 0x00, 0x00, 0x00, 0xdf, 0x2e, 0xf1, 0x00, 0x00, 0x00, 0x0d, 0xf2,
    0xef, 0xff, 0xff, 0xff, 0xff, 0xff, 0x2e, 0xfb, 0xbb, 0xbb, 0xbb, 0xbe, 0xf2, 0xef, 0x10, 0x00,
    0x00, 0x00, 0xdf, 0x2e, 0xf1, 0x00, 0x00, 0x00, 0x0d, 0xf2, 0xef, 0x10, 0x00, 0x00, 0x00, 0xdf,
    0x2e, 0xf1, 0x00, 0x00, 0x00, 0x0d, 0xf2, 0xef, 0x10, 0x00, 0x00, 0x00, 0xdf, 0x2e, 0xf1, 0x00,
    0x00, 0x00, 0x0d, 0xf2, 0xef, 0x1e, 0xf1, 0xef, 0x1e, 0xf1, 0xef, 0x1e, 0xf1, 0xef, 0x1e, 0xf1,
    0xef, 0x1e, 0xf1, 0xef, 0x1e, 0xf1, 0xef, 0x1e, 0xf1, 0x00, 0xcf, 0xff, 0xff, 0xf4, 0x00, 0x8b,
    0xbb, 0xbe, 0xf4, 0x00, 0x00, 0x00, 0x0b, 0xf4, 0x00, 0x00, 0x00, 0x0b, 0xf4, 0x00, 0x00, 0x00,
    0x0b, 0xf4, 0x00, 0x00, 0x00, 0x0b, 0xf4, 0x00, 0x00, 0x00, 0x0b, 0xf4, 0x00, 0x00, 0x00, 0x0b,
    0xf4, 0x00, 0x00, 0x00, 0x0b, 0xf4, 0x00, 0x00, 0x00, 0x0b, 0xf4, 0x01, 0x10, 0x00, 0x0d, 0xf3,
    0x0b, 0xb1, 0x00, 0x5f, 0xe0, 0x0a, 0xff, 0xcc, 0xff, 0x60, 0x00, 0x6c, 0xee, 0xc5, 0x00, 0xef,
    0x10, 0x00, 0x00, 0x1b, 0xf8, 0x0e, 0xf1, 0x00, 0x00, 0x0b, 0xf9, 0x00, 0xef, 0x10, 0x00, 0x0a,
    0xf9, 0x00, 0x0e, 0xf1, 0x00, 0x0a, 0xfa, 0x00, 0x00, 0xef, 0x10, 0x0a, 0xfb, 0x00, 0x00, 0x0e,
    0xf1, 0x09, 0xfb, 0x10, 0x00, 0x00, 0xef, 0x19, 0xff, 0x30, 0x00, 0x00, 0x0e, 0xfa, 0xfe, 0xfd,
    0x10, 0x00, 0x00, 0xef, 0xfd, 0x2b, 0xfb, 0x00, 0x00, 0x0e, 0xfd, 0x20, 0x1c, 0xf9, 0x00, 0x00,
    0xef, 0x30, 0x00, 0x2d, 0xf7, 0x00, 0x0e, 0xf1, 0x00, 0x00, 0x3e, 0xf4, 0x00, 0xef, 0x10, 0x00,
    0x00, 0x4f, 0xe2, 0x0e, 0xf1, 0x00, 0x00, 0x00, 0x6f, 0xd1, 0xef, 0x10, 0x00, 0x00, 0x00, 0xef,
    0x10, 0x00, 0x00, 0x00, 0xef, 0x10, 0x00, 0x00, 0x00, 0xef, 0x10, 0x00, 0x00, 0x00, 0xef, 0x10,
    0x00, 0x00, 0x00, 0xef, 0x10, 0x00, 0x00, 0x00, 0xef, 0x10, 0x00, 0x00, 0x00, 0xef, 0x10, 0x00,
    0x00, 0x00, 0xef, 0x10, 0x00, 0x00, 0x00, 0xef, 0x10, 0x00, 0x00, 0x00, 0xef, 0x10, 0x00, 0x00,
    0x00, 0xef, 0x10, 0x00, 0x00, 0x00, 0xef, 0xcc, 0xcc, 0xcc, 0xc8, 0xef, 0xff, 0xff, 0xff, 0xfa,
    0xee, 0x10, 0x00, 0x00, 0x00, 0x00, 0x1e, 0xfe, 0xf9, 0x00, 0x00, 0x00, 0x00, 0x08, 0xff, 0xef,
    0xf3, 0x00, 0x00, 0x00, 0x02, 0xff, 0xfe, 0xff, 0xc0, 0x00, 0x00, 0x00, 0xbf, 0xff, 0xef, 0xaf,
    0x60, 0x00, 0x00, 0x4f, 0xae, 0xfe, 0xf1, 0xee, 0x10, 0x00, 0x0d, 0xe2, 0xef, 0xef, 0x06, 0xf9,
    0x00, 0x07, 0xf7, 0x0e, 0xfe, 0xf0, 0x0c, 0xf3, 0x01, 0xed, 0x00, 0xef, 0xef, 0x00, 0x3f, 0xc0,
    0xaf, 0x40, 0x0e, 0xfe, 0xf0, 0x00, 0x9f, 0x9f, 0xa0, 0x00, 0xef, 0xef, 0x00, 0x01, 0xef, 0xe2,
    0x00, 0x0e, 0xfe, 0xf0, 0x00, 0x06, 0xf7, 0x00, 0x00, 0xef, 0xef, 0x00, 0x00, 0x04, 0x00, 0x00,
    0x0e, 0xfe, 0xf0, 0x00, 0x00, 0x00, 0x00, 0x00, 0xef, 0xee, 0x30, 0x00, 0x00, 0x00, 0xdf, 0x2e,
    0xfd, 0x10, 0x00, 0x00, 0x0d, 0xf2, 0xef, 0xfb, 0x00, 0x00, 0x00, 0xdf, 0x2e, 0xfe, 0xf8, 0x00,
    0x00, 0x0d, 0xf2, 0xef, 0x5f, 0xf5, 0x00, 0x00, 0xdf, 0x2e, 0xf1, 0x6f, 0xe3, 0x00, 0x0d, 0xf2,
    0xef, 0x10, 0x9f, 0xd1, 0x00, 0xdf, 0x2e, 0xf1, 0x00, 0xbf, 0xb0, 0x0d, 0xf2, 0xef, 0x10, 0x01,
    0xdf, 0x90, 0xdf, 0x2e, 0xf1, 0x00, 0x03, 0xef, 0x6d, 0xf2, 0xef, 0x10, 0x00, 0x05, 0xff, 0xef,
    0x2e, 0xf1, 0x00, 0x00, 0x08, 0xff, 0xf2, 0xef, 0x10, 0x00, 0x00, 0x0b, 0xff, 0x2e, 0xf1, 0x00,
    0x00, 0x00, 0x1d, 0xf2, 0x00, 0x00, 0x17, 0xbd, 0xfd, 0xb5, 0x10, 0x00, 0x00, 0x05, 0xef, 0xfc,
    0xbd, 0xff, 0xd3, 0x00, 0x00, 0x5f, 0xf8, 0x10, 0x00, 0x2a, 0xfe, 0x30, 0x02, 0xef, 0x50, 0x00,
    0x00, 0x00, 0x8f, 0xd0, 0x08, 0xf9, 0x00, 0x00, 0x00, 0x00, 0x0c, 0xf5, 0x0d, 0xf3, 0x00, 0x00,
    0x00, 0x00, 0x06, 0xfa, 0x0f, 0xf0, 0x00, 0x00, 0x00, 0x00, 0x03, 0xfc, 0x0f, 0xf0, 0x00, 0x00,
    0x00, 0x00, 0x03, 0xfc, 0x0d, 0xf3, 0x00, 0x00, 0x00, 0x00, 0x06, 0xfa, 0x08, 0xf9, 0x00, 0x00,
    0x00, 0x00, 0x0c, 0xf5, 0x02, 0xef, 0x50, 0x00, 0x00, 0x00, 0x8f, 0xd0, 0x00, 0x5f, 0xf8, 0x10,
    0x00, 0x2a, 0xfe, 0x30, 0x00, 0x05, 0xef, 0xfc, 0xbd, 0xff, 0xd3, 0x00, 0x00, 0x00, 0x17, 0xbe,
    0xfd, 0xb6, 0x10, 0x00, 0xef, 0xff, 0xff, 0xec, 0x71, 0x00, 0xef, 0xbb, 0xbb, 0xdf, 0xfd, 0x20,
    0xef, 0x10, 0x00, 0x02, 0xaf, 0xc0, 0xef, 0x10, 0x00, 0x00, 0x1d, 0xf3, 0xef, 0x10, 0x00, 0x00,
    0x0a, 0xf6, 0xef, 0x10, 0x00, 0x00, 0x0b, 0xf5, 0xef, 0x10, 0x00, 0x00, 0x2e, 0xf2, 0xef, 0x10,
    0x00, 0x26, 0xdf, 0xa0, 0xef, 0xff, 0xff, 0xff, 0xfa, 0x00, 0xef, 0xbb, 0xbb, 0xa8, 0x30, 0x00,
    0xef, 0x10, 0x00, 0x00, 0x00, 0x00, 0xef, 0x10, 0x00, 0x00, 0x00, 0x00, 0xef, 0x10, 0x00, 0x00,
    0x00, 0x00, 0xef, 0x10, 0x00, 0x00, 0x00, 0x00, 0x00, 0x00, 0x16, 0xbd, 0xfd, 0xb5, 0x00, 0x00,
    0x00, 0x00, 0x4e, 0xff, 0xcb, 0xdf, 0xfd, 0x30, 0x00, 0x00, 0x5f, 0xf8, 0x10, 0x00, 0x2a, 0xfe,
    0x30, 0x00, 0x2e, 0xf5, 0x00, 0x00, 0x00, 0x08, 0xfd, 0x00, 0x08, 0xf9, 0x00, 0x00, 0x00, 0x00,
    0x0c, 0xf5, 0x00, 0xdf, 0x30, 0x00, 0x00, 0x00, 0x00, 0x6f, 0xa0, 0x0f, 0xf0, 0x00, 0x00, 0x00,
    0x00, 0x03, 0xfc, 0x00, 0xff, 0x00, 0x00, 0x00, 0x00, 0x00, 0x3f, 0xc0, 0x0d, 0xf3, 0x00, 0x00,
    0x00, 0x00, 0x06, 0xfa, 0x00, 0x9f, 0x90, 0x00, 0x00, 0x00, 0x00, 0xcf, 0x60, 0x02, 0xff, 0x50,
    0x00, 0x00, 0x00, 0x8f, 0xd1, 0x00, 0x07, 0xff, 0x81, 0x00, 0x02, 0xaf, 0xf4, 0x00, 0x00, 0x06,
    0xff, 0xfc, 0xbd, 0xff, 0xe4, 0x00, 0x00, 0x00, 0x02, 0x8c, 0xef, 0xfd, 0x71, 0x00, 0x00, 0x00,
    0x00, 0x00, 0x00, 0x9f, 0xd3, 0x00, 0x2a, 0x10, 0x00, 0x00, 0x00, 0x00, 0x8f, 0xfc, 0xcf, 0xf4,
    0x00, 0x00, 0x00, 0x00, 0x00, 0x4b, 0xee, 0xb3, 0x00, 0xef, 0xff, 0xff, 0xec, 0x71, 0x00, 0xef,
    0xbb, 0xbb, 0xdf, 0xfd, 0x20, 0xef, 0x10, 0x00, 0x02, 0xaf, 0xc0, 0xef, 0x10, 0x00, 0x00, 0x1d,
    0xf3, 0xef, 0x10, 0x00, 0x00, 0x0a, 0xf6, 0xef, 0x10, 0x00, 0x00, 0x0b, 0xf5, 0xef, 0x10, 0x00,
    0x00, 0x2e, 0xf2, 0xef, 0x10, 0x00, 0x26, 0xdf, 0x90, 0xef, 0xff, 0xff, 0xff, 0xf9, 0x00, 0xef,
    0xbb, 0xbb, 0xdf, 0x90, 0x00, 0xef, 0x10, 0x00, 0x1e, 0xf3, 0x00, 0xef, 0x10, 0x00, 0x04, 0xfd,
    0x10, 0xef, 0x10, 0x00, 0x00, 0x9f, 0x90, 0xef, 0x10, 0x00, 0x00, 0x1d, 0xf4, 0x00, 0x06, 0xbe,
    0xfe, 0xb7, 0x10, 0x01, 0xcf, 0xfc, 0xbc, 0xff, 0xd0, 0x08, 0xfc, 0x20, 0x00, 0x16, 0x60, 0x0c,
    0xf3, 0x00, 0x00, 0x00, 0x00, 0x0b, 0xf4, 0x00, 0x00, 0x00, 0x00, 0x06, 0xfe, 0x71, 0x00, 0x00,
    0x00, 0x00, 0x8f, 0xff, 0xd9, 0x40, 0x00, 0x00, 0x02, 0x6b, 0xef, 0xfd, 0x40, 0x00, 0x00, 0x00,
    0x03, 0xaf, 0xf2, 0x00, 0x00, 0x00, 0x00, 0x08, 0xf7, 0x01, 0x00, 0x00, 0x00, 0x07, 0xf8, 0x0c,
    0xa3, 0x00, 0x00, 0x3d, 0xf4, 0x1b, 0xff, 0xec, 0xbd, 0xff, 0x90, 0x00, 0x49, 0xde, 0xfd, 0xa4,
    0x00, 0xef, 0xff, 0xff, 0xff, 0xff, 0xfa, 0xab, 0xbb, 0xbf, 0xeb, 0xbb, 0xb7, 0x00, 0x00, 0x2f,
    0xd0, 0x00, 0x00, 0x00, 0x00, 0x2f, 0xd0, 0x00, 0x00, 0x00, 0x00, 0x2f, 0xd0, 0x00, 0x00, 0x00,
    0x00, 0x2f, 0xd0, 0x00, 0x00, 0x00, 0x00, 0x2f, 0xd0, 0x00, 0x00, 0x00, 0x00, 0x2f, 0xd0, 0x00,
    0x00, 0x00, 0x00, 0x2f, 0xd0, 0x00, 0x00, 0x00, 0x00, 0x2f, 0xd0, 0x00, 0x00, 0x00, 0x00, 0x2f,
    0xd0, 0x00, 0x00, 0x00, 0x00, 0x2f, 0xd0, 0x00, 0x00, 0x00, 0x00, 0x2f, 0xd0, 0x00, 0x00, 0x00,
    0x00, 0x2f, 0xd0, 0x00, 0x00, 0x0f, 0xf0, 0x00, 0x00, 0x00, 0x2f, 0xc0, 0xff, 0x00, 0x00, 0x00,
    0x02, 0xfc, 0x0f, 0xf0, 0x00, 0x00, 0x00, 0x2f, 0xc0, 0xff, 0x00, 0x00, 0x00, 0x02, 0xfc, 0x0f,
    0xf0, 0x00, 0x00, 0x00, 0x2f, 0xc0, 0xff, 0x00, 0x00, 0x00, 0x02, 0xfc, 0x0f, 0xf0, 0x00, 0x00,
    0x00, 0x2f, 0xc0, 0xff, 0x00, 0x00, 0x00, 0x02, 0xfc, 0x0f, 0xf0, 0x00, 0x00, 0x00, 0x3f, 0xc0,
    0xdf, 0x30, 0x00, 0x00, 0x05, 0xfa, 0x09, 0xf8, 0x00, 0x00, 0x00, 0xbf, 0x60, 0x2f, 0xf6, 0x00,
    0x00, 0x8f, 0xd1, 0x00, 0x5f, 0xfe, 0xbb, 0xef, 0xe3, 0x00, 0x00, 0x29, 0xdf, 0xec, 0x81, 0x00,
    0xcf, 0x50, 0x00, 0x00, 0x00, 0x00, 0xef, 0x15, 0xfc, 0x00, 0x00, 0x00, 0x00, 0x6f, 0x90, 0x0d,
    0xf4, 0x00, 0x00, 0x00, 0x0d, 0xf3, 0x00, 0x7f, 0xa0, 0x00, 0x00, 0x04, 0xfb, 0x00, 0x01, 0xef,
    0x20, 0x00, 0x00, 0xbf, 0x40, 0x00, 0x09, 0xf8, 0x00, 0x00, 0x2f, 0xd0, 0x00, 0x00, 0x2f, 0xe1,
    0x00, 0x09, 0xf6, 0x00, 0x00, 0x00, 0xbf, 0x60, 0x01, 0xee, 0x10, 0x00, 0x00, 0x04, 0xfd, 0x00,
    0x7f, 0x80, 0x00, 0x00, 0x00, 0x0d, 0xf5, 0x0e, 0xf2, 0x00, 0x00, 0x00, 0x00, 0x6f, 0xb5, 0xfa,
    0x00, 0x00, 0x00, 0x00, 0x01, 0xef, 0xdf, 0x30, 0x00, 0x00, 0x00, 0x00, 0x08, 0xff, 0xc0, 0x00,
    0x00, 0x00, 0x00, 0x00, 0x2f, 0xf5, 0x00, 0x00, 0x00, 0x3f, 0xd0, 0x00, 0x00, 0x00, 0xbf, 0x60,
    0x00, 0x00, 0x03, 0xfb, 0x0d, 0xf3, 0x00, 0x00, 0x02, 0xff, 0xc0, 0x00, 0x00, 0x08, 0xf6, 0x08,
    0xf8, 0x00, 0x00, 0x07, 0xff, 0xf2, 0x00, 0x00, 0x0d, 0xf1, 0x03, 0xfd, 0x00, 0x00, 0x0c, 0xf9,
    0xf7, 0x00, 0x00, 0x3f, 0xb0, 0x00, 0xdf, 0x30, 0x00, 0x2f, 0xb2, 0xfc, 0x00, 0x00, 0x8f, 0x60,
    0x00, 0x8f, 0x80, 0x00, 0x7f, 0x60, 0xcf, 0x20, 0x00, 0xdf, 0x10, 0x00, 0x3f, 0xd0, 0x00, 0xcf,
    0x10, 0x7f, 0x70, 0x03, 0xfb, 0x00, 0x00, 0x0d, 0xf3, 0x03, 0xfa, 0x00, 0x2f, 0xc0, 0x08, 0xf6,
    0x00, 0x00, 0x08, 0xf8, 0x08, 0xf5, 0x00, 0x0c, 0xf2, 0x0d, 0xf1, 0x00, 0x00, 0x03, 0xfd, 0x0d,
    0xe1, 0x00, 0x07, 0xf7, 0x3f, 0xb0, 0x00, 0x00, 0x00, 0xdf, 0x6f, 0xa0, 0x00, 0x02, 0xfc, 0x8f,
    0x60, 0x00, 0x00, 0x00, 0x8f, 0xef, 0x50, 0x00, 0x00, 0xcf, 0xef, 0x10, 0x00, 0x00, 0x00, 0x3f,
    0xfe, 0x00, 0x00, 0x00, 0x6f, 0xfb, 0x00, 0x00, 0x00, 0x00, 0x0d, 0xf9, 0x00, 0x00, 0x00, 0x1f,
    0xf6, 0x00, 0x00, 0x2e, 0xf3, 0x00, 0x00, 0x00, 0xbf, 0x70, 0x05, 0xfd, 0x10, 0x00, 0x06, 0xfb,
    0x00, 0x00, 0x9f, 0xa0, 0x00, 0x2e, 0xe2, 0x00, 0x00, 0x1d, 0xf6, 0x00, 0xcf, 0x50, 0x00, 0x00,
    0x03, 0xfe, 0x28, 0xf9, 0x00, 0x00, 0x00, 0x00, 0x7f, 0xdf, 0xc0, 0x00, 0x00, 0x00, 0x00, 0x0b,
    0xff, 0x30, 0x00, 0x00, 0x00, 0x00, 0x1d, 0xff, 0x60, 0x00, 0x00, 0x00, 0x00, 0xaf, 0xae, 0xf3,
    0x00, 0x00, 0x00, 0x06, 0xfc, 0x06, 0xfd, 0x10, 0x00, 0x00, 0x3f, 0xe2, 0x00, 0xaf, 0x90, 0x00,
    0x01, 0xdf, 0x50, 0x00, 0x1d, 0xf5, 0x00, 0x0a, 0xfa, 0x00, 0x00, 0x03, 0xfe, 0x20, 0x5f, 0xd1,
    0x00, 0x00, 0x00, 0x7f, 0xc0, 0x0c, 0xf5, 0x00, 0x00, 0x00, 0x04, 0xfb, 0x03, 0xfe, 0x10, 0x00,
    0x00, 0x0d, 0xf2, 0x00, 0x8f, 0x90, 0x00, 0x00, 0x7f, 0x80, 0x00, 0x1d, 0xf3, 0x00, 0x02, 0xed,
    0x00, 0x00, 0x05, 0xfc, 0x00, 0x0a, 0xf4, 0x00, 0x00, 0x00, 0xbf, 0x60, 0x4f, 0xa0, 0x00, 0x00,
    0x00, 0x2f, 0xe2, 0xde, 0x20, 0x00, 0x00, 0x00, 0x08, 0xfd, 0xf7, 0x00, 0x00, 0x00, 0x00, 0x01,
    0xdf, 0xd0, 0x00, 0x00, 0x00, 0x00, 0x00, 0x8f, 0x70, 0x00, 0x00, 0x00, 0x00, 0x00, 0x8f, 0x70,
    0x00, 0x00, 0x00, 0x00, 0x00, 0x8f, 0x70, 0x00, 0x00, 0x00, 0x00, 0x00, 0x8f, 0x70, 0x00, 0x00,
    0x00, 0x00, 0x00, 0x8f, 0x70, 0x00, 0x00, 0x0f, 0xff, 0xff, 0xff, 0xff, 0xff, 0x40, 0xbb, 0xbb,
    0xbb, 0xbb, 0xdf, 0xf2, 0x00, 0x00, 0x00, 0x00, 0x1d, 0xf6, 0x00, 0x00, 0x00, 0x00, 0x0b, 0xf9,
    0x00, 0x00, 0x00, 0x00, 0x09, 0xfb, 0x00, 0x00, 0x00, 0x00, 0x06, 0xfd, 0x10, 0x00, 0x00, 0x00,
    0x03, 0xff, 0x30, 0x00, 0x00, 0x00, 0x01, 0xdf, 0x60, 0x00, 0x00, 0x00, 0x00, 0xcf, 0x90, 0x00,
    0x00, 0x00, 0x00, 0x9f, 0xb0, 0x00, 0x00, 0x00, 0x00, 0x6f, 0xd1, 0x00, 0x00, 0x00, 0x00, 0x3f,
    0xf3, 0x00, 0x00, 0x00, 0x00, 0x1e, 0xfe, 0xbb, 0xbb, 0xbb, 0xbb, 0x62, 0xff, 0xff, 0xff, 0xff,
    0xff, 0xf8, 0xef, 0xff, 0x4e, 0xfb, 0xb3, 0xef, 0x00, 0x0e, 0xf0, 0x00, 0xef, 0x00, 0x0e, 0xf0,
    0x00, 0xef, 0x00, 0x0e, 0xf0, 0x00, 0xef, 0x00, 0x0e, 0xf0, 0x00, 0xef, 0x00, 0x0e, 0xf0, 0x00,
    0xef, 0x00, 0x0e, 0xf0, 0x00, 0xef, 0x00, 0x0e, 0xf0, 0x00, 0xef, 0x00, 0x0e, 0xfb, 0xb3, 0xef,
    0xff, 0x40, 0x57, 0x00, 0x00, 0x00, 0x06, 0xf5, 0x00, 0x00, 0x00, 0x1f, 0xa0, 0x00, 0x00, 0x00,
    0xbe, 0x10, 0x00, 0x00, 0x06, 0xf5, 0x00, 0x00, 0x00, 0x1f, 0xa0, 0x00, 0x00, 0x00, 0xbe, 0x10,
    0x00, 0x00, 0x06, 0xf5, 0x00, 0x00, 0x00, 0x1f, 0xa0, 0x00, 0x00, 0x00, 0xbf, 0x10, 0x00, 0x00,
    0x06, 0xf5, 0x00, 0x00, 0x00, 0x1f, 0xb0, 0x00, 0x00, 0x00, 0xbf, 0x10, 0x00, 0x00, 0x05, 0xf6,
    0x00, 0x00, 0x00, 0x1f, 0xb0, 0x00, 0x00, 0x00, 0xaf, 0x10, 0x00, 0x00, 0x05, 0xf6, 0x00, 0x00,
    0x00, 0x1e, 0xb0, 0x00, 0x00, 0x00, 0xaf, 0x10, 0x00, 0x00, 0x05, 0xf6, 0x9f, 0xff, 0x87, 0xbc,
    0xf8, 0x00, 0x5f, 0x80, 0x05, 0xf8, 0x00, 0x5f, 0x80, 0x05, 0xf8, 0x00, 0x5f, 0x80, 0x05, 0xf8,
    0x00, 0x5f, 0x80, 0x05, 0xf8, 0x00, 0x5f, 0x80, 0x05, 0xf8, 0x00, 0x5f, 0x80, 0x05, 0xf8, 0x00,
    0x5f, 0x80, 0x05, 0xf8, 0x00, 0x5f, 0x87, 0xbc, 0xf8, 0x9f, 0xff, 0x80, 0x00, 0x00, 0x76, 0x00,
    0x00, 0x00, 0x06, 0xff, 0x10, 0x00, 0x00, 0x0c, 0xcf, 0x70, 0x00, 0x00, 0x3f, 0x59, 0xd0, 0x00,
    0x00, 0x9d, 0x03, 0xf4, 0x00, 0x01, 0xf7, 0x00, 0xcb, 0x00, 0x07, 0xf1, 0x00, 0x6f, 0x20, 0x0d,
    0xa0, 0x00, 0x1e, 0x80, 0x4f, 0x40, 0x00, 0x09, 0xe0, 0xbb, 0xbb, 0xbb, 0xbb, 0xbb, 0xff, 0xff,
    0xff, 0xff, 0xff, 0x27, 0x71, 0x00, 0x05, 0xec, 0x10, 0x00, 0x2c, 0xd2, 0x04, 0xad, 0xfe, 0xb4,
    0x00, 0x7f, 0xfc, 0xbd, 0xff, 0x50, 0x27, 0x10, 0x00, 0x5f, 0xd0, 0x00, 0x00, 0x00, 0x0c, 0xf2,
    0x02, 0x8a, 0xbb, 0xbe, 0xf3, 0x4f, 0xff, 0xff, 0xff, 0xf3, 0xcf, 0x81, 0x00, 0x0b, 0xf3, 0xfe,
    0x00, 0x00, 0x0c, 0xf3, 0xdf, 0x40, 0x00, 0x7f, 0xf3, 0x6f, 0xfc, 0xbe, 0xfc, 0xf3, 0x05, 0xce,
    0xeb, 0x39, 0xf3, 0x3f, 0xb0, 0x00, 0x00, 0x00, 0x00, 0x3f, 0xb0, 0x00, 0x00, 0x00, 0x00, 0x3f,
    0xb0, 0x00, 0x00, 0x00, 0x00, 0x3f, 0xb0, 0x00, 0x00, 0x00, 0x00, 0x3f, 0xb1, 0x9d, 0xfd, 0x92,
    0x00, 0x3f, 0xdd, 0xfc, 0xbe, 0xfe, 0x40, 0x3f, 0xfd, 0x30, 0x00, 0x8f, 0xe1, 0x3f, 0xf3, 0x00,
    0x00, 0x0a, 0xf7, 0x3f, 0xd0, 0x00, 0x00, 0x04, 0xfa, 0x3f, 0xb0, 0x00, 0x00, 0x03, 0xfc, 0x3f,
    0xd0, 0x00, 0x00, 0x04, 0xfa, 0x3f, 0xf3, 0x00, 0x00, 0x0a, 0xf7, 0x3f, 0xfd, 0x30, 0x00, 0x8f,
    0xe1, 0x3f, 0xce, 0xfc, 0xbe, 0xfe, 0x40, 0x3f, 0xa1, 0x9d, 0xfd, 0x92, 0x00, 0x00, 0x03, 0xad,
    0xfd, 0x92, 0x00, 0x07, 0xff, 0xdb, 0xef, 0xe3, 0x04, 0xfe, 0x40, 0x00, 0x7f, 0x60, 0xcf, 0x50,
    0x00, 0x00, 0x10, 0x1f, 0xe0, 0x00, 0x00, 0x00, 0x02, 0xfc, 0x00, 0x00, 0x00, 0x00, 0x1f, 0xe0,
    0x00, 0x00, 0x00, 0x00, 0xcf, 0x50, 0x00, 0x00, 0x10, 0x04, 0xfe, 0x40, 0x00, 0x6e, 0x60, 0x07,
    0xff, 0xdb, 0xdf, 0xe3, 0x00, 0x03, 0xad, 0xfd, 0x92, 0x00, 0x00, 0x00, 0x00, 0x00, 0x01, 0xfc,
    0x00, 0x00, 0x00, 0x00, 0x01, 0xfc, 0x00, 0x00, 0x00, 0x00, 0x01, 0xfc, 0x00, 0x00, 0x00, 0x00,
    0x01, 0xfc, 0x00, 0x05, 0xbe, 0xec, 0x62, 0xfc, 0x00, 0x8f, 0xfd, 0xbe, 0xfb, 0xfc, 0x05, 0xfe,
    0x40, 0x00, 0x7f, 0xfc, 0x0c, 0xf5, 0x00, 0x00, 0x09, 0xfc, 0x1f, 0xe0, 0x00, 0x00, 0x03, 0xfc,
    0x2f, 0xc0, 0x00, 0x00, 0x02, 0xfc, 0x1f, 0xe0, 0x00, 0x00, 0x03, 0xfc, 0x0c, 0xf5, 0x00, 0x00,
    0x09, 0xfc, 0x05, 0xfe, 0x40, 0x00, 0x7f, 0xfc, 0x00, 0x8f, 0xfd, 0xbe, 0xfa, 0xfc, 0x00, 0x05,
    0xbe, 0xfc, 0x60, 0xfc, 0x00, 0x04, 0xbe, 0xec, 0x70, 0x00, 0x00, 0x8f, 0xfc, 0xce, 0xfc, 0x10,
    0x05, 0xfb, 0x20, 0x01, 0x8f, 0x90, 0x0c, 0xf1, 0x00, 0x00, 0x0b, 0xf1, 0x1f, 0xeb, 0xbb, 0xbb,
    0xbd, 0xf5, 0x2f, 0xff, 0xff, 0xff, 0xff, 0xf6, 0x1f, 0xe0, 0x00, 0x00, 0x00, 0x00, 0x0c, 0xf5,
    0x00, 0x00, 0x00, 0x00, 0x05, 0xfe, 0x50, 0x00, 0x3c, 0x20, 0x00, 0x7f, 0xfd, 0xbc, 0xff, 0x60,
    0x00, 0x03, 0xad, 0xfe, 0xa4, 0x00, 0x00, 0x06, 0xde, 0xd6, 0x00, 0x7f, 0xeb, 0xd7, 0x00, 0xcf,
    0x30, 0x00, 0x00, 0xef, 0x00, 0x00, 0xbf, 0xff, 0xff, 0xf1, 0x8b, 0xff, 0xbb, 0xb1, 0x00, 0xef,
    0x00, 0x00, 0x00, 0xef, 0x00, 0x00, 0x00, 0xef, 0x00, 0x00, 0x00, 0xef, 0x00, 0x00, 0x00, 0xef,
    0x00, 0x00, 0x00, 0xef, 0x00, 0x00, 0x00, 0xef, 0x00, 0x00, 0x00, 0xef, 0x00, 0x00, 0x00, 0xef,
    0x00, 0x00, 0x00, 0x04, 0xbe, 0xfc, 0x70, 0xde, 0x00, 0x8f, 0xfd, 0xbd, 0xfc, 0xde, 0x05, 0xfe,
    0x40, 0x00, 0x5e, 0xfe, 0x0c, 0xf4, 0x00, 0x00, 0x06, 0xfe, 0x1f, 0xe0, 0x00, 0x00, 0x01, 0xfe,
    0x2f, 0xc0, 0x00, 0x00, 0x00, 0xee, 0x1f, 0xe0, 0x00, 0x00, 0x01, 0xfe, 0x0c, 0xf5, 0x00, 0x00,
    0x07, 0xfe, 0x05, 0xfe, 0x40, 0x00, 0x5f, 0xfe, 0x00, 0x8f, 0xfd, 0xbd, 0xfc, 0xfe, 0x00, 0x04,
    0xbe, 0xfd, 0x71, 0xfd, 0x00, 0x00, 0x00, 0x00, 0x04, 0xfa, 0x01, 0xa4, 0x00, 0x00, 0x3d, 0xf5,
    0x05, 0xff, 0xec, 0xbd, 0xff, 0xa0, 0x00, 0x28, 0xce, 0xfe, 0xb6, 0x00, 0x3f, 0xb0, 0x00, 0x00,
    0x00, 0x03, 0xfb, 0x00, 0x00, 0x00, 0x00, 0x3f, 0xb0, 0x00, 0x00, 0x00, 0x03, 0xfb, 0x00, 0x00,
    0x00, 0x00, 0x3f, 0xb2, 0x9d, 0xfd, 0x91, 0x03, 0xfd, 0xef, 0xcc, 0xef, 0xd1, 0x3f, 0xfc, 0x20,
    0x02, 0xcf, 0x73, 0xff, 0x20, 0x00, 0x04, 0xfb, 0x3f, 0xd0, 0x00, 0x00, 0x2f, 0xd3, 0xfb, 0x00,
    0x00, 0x01, 0xfd, 0x3f, 0xb0, 0x00, 0x00, 0x1f, 0xd3, 0xfb, 0x00, 0x00, 0x01, 0xfd, 0x3f, 0xb0,
    0x00, 0x00, 0x1f, 0xd3, 0xfb, 0x00, 0x00, 0x01, 0xfd, 0x3f, 0xb0, 0x00, 0x00, 0x1f, 0xd0, 0x3e,
    0xa0, 0x7f, 0xf1, 0x2b, 0x80, 0x00, 0x00, 0x3f, 0xb0, 0x3f, 0xb0, 0x3f, 0xb0, 0x3f, 0xb0, 0x3f,
    0xb0, 0x3f, 0xb0, 0x3f, 0xb0, 0x3f, 0xb0, 0x3f, 0xb0, 0x3f, 0xb0, 0x3f, 0xb0, 0x00, 0x02, 0xdb,
    0x00, 0x00, 0x6f, 0xf2, 0x00, 0x01, 0xb9, 0x00, 0x00, 0x00, 0x00, 0x00, 0x01, 0xfd, 0x00, 0x00,
    0x1f, 0xd0, 0x00, 0x01, 0xfd, 0x00, 0x00, 0x1f, 0xd0, 0x00, 0x01, 0xfd, 0x00, 0x00, 0x1f, 0xd0,
    0x00, 0x01, 0xfd, 0x00, 0x00, 0x1f, 0xd0, 0x00, 0x01, 0xfd, 0x00, 0x00, 0x1f, 0xd0, 0x00, 0x01,
    0xfd, 0x00, 0x00, 0x1f, 0xc0, 0x00, 0x05, 0xfa, 0x07, 0xdb, 0xff, 0x40, 0x7d, 0xec, 0x50, 0x00,
    0x3f, 0xb0, 0x00, 0x00, 0x00, 0x00, 0x3f, 0xb0, 0x00, 0x00, 0x00, 0x00, 0x3f, 0xb0, 0x00, 0x00,
    0x00, 0x00, 0x3f, 0xb0, 0x00, 0x00, 0x00, 0x00, 0x3f, 0xb0, 0x00, 0x02, 0xdf, 0x50, 0x3f, 0xb0,
    0x00, 0x2d, 0xf6, 0x00, 0x3f, 0xb0, 0x03, 0xef, 0x60, 0x00, 0x3f, 0xb0, 0x3e, 0xf7, 0x00, 0x00,
    0x3f, 0xb3, 0xef, 0x90, 0x00, 0x00, 0x3f, 0xde, 0xff, 0xe2, 0x00, 0x00, 0x3f, 0xff, 0x6a, 0xfc,
    0x00, 0x00, 0x3f, 0xf5, 0x01, 0xcf, 0x90, 0x00, 0x3f, 0xb0, 0x00, 0x2e, 0xf5, 0x00, 0x3f, 0xb0,
    0x00, 0x04, 0xfe, 0x30, 0x3f, 0xb0, 0x00, 0x00, 0x7f, 0xd1, 0x3f, 0xb3, 0xfb, 0x3f, 0xb3, 0xfb,
    0x3f, 0xb3, 0xfb, 0x3f, 0xb3, 0xfb, 0x3f, 0xb3, 0xfb, 0x3f, 0xb3, 0xfb, 0x3f, 0xb3, 0xfb, 0x3f,
    0xb0, 0x3f, 0xa2, 0xae, 0xfd, 0x70, 0x05, 0xbe, 0xec, 0x50, 0x03, 0xfc, 0xef, 0xcc, 0xff, 0x98,
    0xfe, 0xcd, 0xff, 0x70, 0x3f, 0xfc, 0x10, 0x04, 0xff, 0xfa, 0x10, 0x05, 0xfe, 0x13, 0xff, 0x20,
    0x00, 0x09, 0xfe, 0x10, 0x00, 0x0b, 0xf5, 0x3f, 0xd0, 0x00, 0x00, 0x6f, 0xa0, 0x00, 0x00, 0x8f,
    0x63, 0xfb, 0x00, 0x00, 0x05, 0xf9, 0x00, 0x00, 0x08, 0xf6, 0x3f, 0xb0, 0x00, 0x00, 0x5f, 0x90,
    0x00, 0x00, 0x8f, 0x63, 0xfb, 0x00, 0x00, 0x05, 0xf9, 0x00, 0x00, 0x08, 0xf6, 0x3f, 0xb0, 0x00,
    0x00, 0x5f, 0x90, 0x00, 0x00, 0x8f, 0x63, 0xfb, 0x00, 0x00, 0x05, 0xf9, 0x00, 0x00, 0x08, 0xf6,
    0x3f, 0xb0, 0x00, 0x00, 0x5f, 0x90, 0x00, 0x00, 0x8f, 0x60, 0x3f, 0xa2, 0xae, 0xfd, 0x91, 0x03,
    0xfc, 0xef, 0xcc, 0xef, 0xd1, 0x3f, 0xfc, 0x20, 0x02, 0xcf, 0x73, 0xff, 0x20, 0x00, 0x04, 0xfb,
    0x3f, 0xd0, 0x00, 0x00, 0x2f, 0xd3, 0xfb, 0x00, 0x00, 0x01, 0xfd, 0x3f, 0xb0, 0x00, 0x00, 0x1f,
    0xd3, 0xfb, 0x00, 0x00, 0x01, 0xfd, 0x3f, 0xb0, 0x00, 0x00, 0x1f, 0xd3, 0xfb, 0x00, 0x00, 0x01,
    0xfd, 0x3f, 0xb0, 0x00, 0x00, 0x1f, 0xd0, 0x00, 0x04, 0xae, 0xfd, 0x92, 0x00, 0x00, 0x7f, 0xfd,
    0xbe, 0xfe, 0x40, 0x05, 0xfe, 0x40, 0x00, 0x7f, 0xe1, 0x0c, 0xf5, 0x00, 0x00, 0x09, 0xf7, 0x1f,
    0xe0, 0x00, 0x00, 0x03, 0xfb, 0x2f, 0xc0, 0x00, 0x00, 0x02, 0xfc, 0x1f, 0xe0, 0x00, 0x00, 0x03,
    0xfb, 0x0c, 0xf5, 0x00, 0x00, 0x09, 0xf7, 0x05, 0xfe, 0x40, 0x00, 0x7f, 0xe1, 0x00, 0x7f, 0xfd,
    0xbe, 0xfe, 0x40, 0x00, 0x04, 0xae, 0xfd, 0x92, 0x00, 0x3f, 0xa1, 0x9d, 0xfd, 0x92, 0x00, 0x3f,
    0xce, 0xfd, 0xbe, 0xfe, 0x40, 0x3f, 0xfd, 0x30, 0x00, 0x8f, 0xe1, 0x3f, 0xf4, 0x00, 0x00, 0x0a,
    0xf7, 0x3f, 0xd0, 0x00, 0x00, 0x04, 0xfa, 0x3f, 0xb0, 0x00, 0x00, 0x03, 0xfc, 0x3f, 0xd0, 0x00,
    0x00, 0x04, 0xfa, 0x3f, 0xf3, 0x00, 0x00, 0x0a, 0xf7, 0x3f, 0xfd, 0x30, 0x00, 0x8f, 0xe1, 0x3f,
    0xdd, 0xfc, 0xbe, 0xfe, 0x40, 0x3f, 0xb1, 0x9d, 0xfd, 0x92, 0x00, 0x3f, 0xb0, 0x00, 0x00, 0x00,
    0x00, 0x3f, 0xb0, 0x00, 0x00, 0x00, 0x00, 0x3f, 0xb0, 0x00, 0x00, 0x00, 0x00, 0x3f, 0xb0, 0x00,
    0x00, 0x00, 0x00, 0x00, 0x05, 0xbe, 0xec, 0x60, 0xfc, 0x00, 0x8f, 0xfd, 0xbe, 0xfa, 0xfc, 0x05,
    0xfe, 0x40, 0x00, 0x7f, 0xfc, 0x0c, 0xf5, 0x00, 0x00, 0x09, 0xfc, 0x1f, 0xe0, 0x00, 0x00, 0x03,
    0xfc, 0x2f, 0xc0, 0x00, 0x00, 0x02, 0xfc, 0x1f, 0xe0, 0x00, 0x00, 0x03, 0xfc, 0x0c, 0xf5, 0x00,
    0x00, 0x09, 0xfc, 0x05, 0xfe, 0x40, 0x00, 0x7f, 0xfc, 0x00, 0x8f, 0xfd, 0xbe, 0xfb, 0xfc, 0x00,
    0x05, 0xbe, 0xfc, 0x62, 0xfc, 0x00, 0x00, 0x00, 0x00, 0x01, 0xfc, 0x00, 0x00, 0x00, 0x00, 0x01,
    0xfc, 0x00, 0x00, 0x00, 0x00, 0x01, 0xfc, 0x00, 0x00, 0x00, 0x00, 0x01, 0xfc, 0x3f, 0xa2, 0xae,
    0x83, 0xfc, 0xef, 0xc6, 0x3f, 0xfc, 0x20, 0x03, 0xff, 0x30, 0x00, 0x3f, 0xd0, 0x00, 0x03, 0xfb,
    0x00, 0x00, 0x3f, 0xb0, 0x00, 0x03, 0xfb, 0x00, 0x00, 0x3f, 0xb0, 0x00, 0x03, 0xfb, 0x00, 0x00,
    0x3f, 0xb0, 0x00, 0x00, 0x00, 0x5b, 0xef, 0xda, 0x40, 0x09, 0xff, 0xcb, 0xef, 0xd0, 0x1f, 0xe2,
    0x00, 0x04, 0x40, 0x2f, 0xc0, 0x00, 0x00, 0x00, 0x0d, 0xfb, 0x63, 0x00, 0x00, 0x02, 0xbf, 0xff,
    0xfb, 0x30, 0x00, 0x01, 0x47, 0xbf, 0xe2, 0x00, 0x00, 0x00, 0x09, 0xf6, 0x09, 0x30, 0x00, 0x0b,
    0xf5, 0x5f, 0xfe, 0xbb, 0xef, 0xc0, 0x05, 0xad, 0xfe, 0xc7, 0x10, 0x00, 0x78, 0x00, 0x00, 0x00,
    0xef, 0x00, 0x00, 0x00, 0xef, 0x00, 0x00, 0xbf, 0xff, 0xff, 0xf1, 0x8b, 0xff, 0xbb, 0xb1, 0x00,
    0xef, 0x00, 0x00, 0x00, 0xef, 0x00, 0x00, 0x00, 0xef, 0x00, 0x00, 0x00, 0xef, 0x00, 0x00, 0x00,
    0xef, 0x00, 0x00, 0x00, 0xdf, 0x00, 0x00, 0x00, 0xcf, 0x40, 0x00, 0x00, 0x6f, 0xea, 0xc7, 0x00,
    0x07, 0xde, 0xd5, 0x4f, 0xa0, 0x00, 0x00, 0x3f, 0xb4, 0xfa, 0x00, 0x00, 0x03, 0xfb, 0x4f, 0xa0,
    0x00, 0x00, 0x3f, 0xb4, 0xfa, 0x00, 0x00, 0x03, 0xfb, 0x4f, 0xa0, 0x00, 0x00, 0x3f, 0xb4, 0xfa,
    0x00, 0x00, 0x03, 0xfb, 0x4f, 0xa0, 0x00, 0x00, 0x5f, 0xb2, 0xfd, 0x00, 0x00, 0x09, 0xfb, 0x0d,
    0xf8, 0x00, 0x06, 0xff, 0xb0, 0x5f, 0xfd, 0xbd, 0xfb, 0xfb, 0x00, 0x3b, 0xef, 0xc6, 0x2f, 0xb0,
    0xdf, 0x20, 0x00, 0x00, 0x0d, 0xe1, 0x6f, 0x90, 0x00, 0x00, 0x5f, 0x90, 0x1e, 0xe1, 0x00, 0x00,
    0xbf, 0x20, 0x09, 0xf6, 0x00, 0x02, 0xfb, 0x00, 0x02, 0xfc, 0x00, 0x09, 0xf5, 0x00, 0x00, 0xbf,
    0x30, 0x1e, 0xd0, 0x00, 0x00, 0x5f, 0x90, 0x6f, 0x70, 0x00, 0x00, 0x0d, 0xe1, 0xde, 0x10, 0x00,
    0x00, 0x07, 0xfa, 0xf9, 0x00, 0x00, 0x00, 0x01, 0xff, 0xf3, 0x00, 0x00, 0x00, 0x00, 0x9f, 0xc0,
    0x00, 0x00, 0xbf, 0x20, 0x00, 0x00, 0xee, 0x10, 0x00, 0x01, 0xfa, 0x5f, 0x70, 0x00, 0x05, 0xff,
    0x60, 0x00, 0x06, 0xf5, 0x1e, 0xc0, 0x00, 0x0a, 0xff, 0xb0, 0x00, 0x0b, 0xe0, 0x09, 0xf2, 0x00,
    0x1f, 0xbb, 0xf1, 0x00, 0x2f, 0x90, 0x04, 0xf8, 0x00, 0x6f, 0x55, 0xf7, 0x00, 0x7f, 0x40, 0x00,
    0xdd, 0x00, 0xce, 0x01, 0xec, 0x00, 0xcd, 0x00, 0x00, 0x8f, 0x32, 0xf9, 0x00, 0x9f, 0x23, 0xf8,
    0x00, 0x00, 0x3f, 0x88, 0xf3, 0x00, 0x4f, 0x88, 0xf2, 0x00, 0x00, 0x0d, 0xed, 0xd0, 0x00, 0x0d,
    0xdd, 0xc0, 0x00, 0x00, 0x07, 0xff, 0x70, 0x00, 0x07, 0xff, 0x70, 0x00, 0x00, 0x02, 0xff, 0x20,
    0x00, 0x02, 0xff, 0x10, 0x00, 0x3f, 0xe1, 0x00, 0x01, 0xdf, 0x30, 0x6f, 0xb0, 0x00, 0xaf, 0x70,
    0x00, 0xaf, 0x70, 0x5f, 0xb0, 0x00, 0x01, 0xdf, 0x5e, 0xd1, 0x00, 0x00, 0x04, 0xff, 0xf4, 0x00,
    0x00, 0x00, 0x0b, 0xfb, 0x00, 0x00, 0x00, 0x05, 0xff, 0xf5, 0x00, 0x00, 0x02, 0xee, 0x3e, 0xe2,
    0x00, 0x00, 0xcf, 0x40, 0x4f, 0xc1, 0x00, 0x9f, 0x80, 0x00, 0x8f, 0x90, 0x5f, 0xc0, 0x00, 0x00,
    0xcf, 0x60, 0x0c, 0xf2, 0x00, 0x00, 0x00, 0xde, 0x10, 0x6f, 0x90, 0x00, 0x00, 0x5f, 0x80, 0x01,
    0xee, 0x10, 0x00, 0x0b, 0xf2, 0x00, 0x08, 0xf7, 0x00, 0x02, 0xfb, 0x00, 0x00, 0x2f, 0xd0, 0x00,
    0x9f, 0x40, 0x00, 0x00, 0xaf, 0x40, 0x1e, 0xd0, 0x00, 0x00, 0x04, 0xfb, 0x06, 0xf6, 0x00, 0x00,
    0x00, 0x0c, 0xf2, 0xce, 0x10, 0x00, 0x00, 0x00, 0x6f, 0xcf, 0x80, 0x00, 0x00, 0x00, 0x01, 0xef,
    0xf2, 0x00, 0x00, 0x00, 0x00, 0x08, 0xfa, 0x00, 0x00, 0x00, 0x00, 0x00, 0xaf, 0x40, 0x00, 0x00,
    0x04, 0x00, 0x3f, 0xc0, 0x00, 0x00, 0x03, 0xfd, 0xbf, 0xf3, 0x00, 0x00, 0x00, 0x19, 0xde, 0xc4,
    0x00, 0x00, 0x00, 0x00, 0x1f, 0xff, 0xff, 0xff, 0xf8, 0x1b, 0xbb, 0xbb, 0xbf, 0xf5, 0x00, 0x00,
    0x00, 0x8f, 0x90, 0x00, 0x00, 0x05, 0xfc, 0x00, 0x00, 0x00, 0x3e, 0xe2, 0x00, 0x00, 0x01, 0xdf,
    0x40, 0x00, 0x00, 0x0b, 0xf7, 0x00, 0x00, 0x00, 0x8f, 0xa0, 0x00, 0x00, 0x04, 0xfd, 0x10, 0x00,
    0x00, 0x1e, 0xfc, 0xbb, 0xbb, 0xb7, 0x3f, 0xff, 0xff, 0xff, 0xfa, 0x00, 0x3c, 0xea, 0x01, 0xef,
    0xd7, 0x03, 0xfc, 0x00, 0x04, 0xfa, 0x00, 0x04, 0xfa, 0x00, 0x04, 0xfa, 0x00, 0x04, 0xfa, 0x00,
    0x05, 0xfa, 0x00, 0x9e, 0xf6, 0x00, 0xdf, 0xe3, 0x00, 0x07, 0xf9, 0x00, 0x04, 0xfa, 0x00, 0x04,
    0xfa, 0x00, 0x04, 0xfa, 0x00, 0x04, 0xfa, 0x00, 0x04, 0xfa, 0x00, 0x03, 0xfd, 0x00, 0x00, 0xdf,
    0xd7, 0x00, 0x3c, 0xea, 0xed, 0xed, 0xed, 0xed, 0xed, 0xed, 0xed, 0xed, 0xed, 0xed, 0xed, 0xed,
    0xed, 0xed, 0xed, 0xed, 0xed, 0xed, 0xed, 0x9e, 0xc4, 0x00, 0x7d, 0xfe, 0x10, 0x00, 0xcf, 0x40,
    0x00, 0x9f, 0x40, 0x00, 0x9f, 0x40, 0x00, 0x9f, 0x40, 0x00, 0x9f, 0x40, 0x00, 0x9f, 0x60, 0x00,
    0x5f, 0xe9, 0x00, 0x3e, 0xfd, 0x00, 0x8f, 0x70, 0x00, 0x9f, 0x40, 0x00, 0x9f, 0x40, 0x00, 0x9f,
    0x40, 0x00, 0x9f, 0x40, 0x00, 0xaf, 0x40, 0x00, 0xcf, 0x30, 0x7d, 0xfe, 0x10, 0x9e, 0xc3, 0x00,
    0x04, 0xa9, 0x20, 0x00, 0x95, 0x3f, 0xff, 0xe5, 0x02, 0xf5, 0x9d, 0x23, 0xdf, 0xce, 0xe1, 0xc7,
    0x00, 0x19, 0xed, 0x40, 0x4e, 0x99, 0xfe, 0x3c, 0x70, 0x00, 0x00, 0x02, 0xf7, 0x2f, 0x73, 0xf8,
    0x3f, 0x94, 0xf9, 0x5f, 0xa5, 0xfb, 0x6f, 0xb6, 0xfc, 0x00, 0x00, 0x05, 0xe0, 0x00, 0x00, 0x00,
    0x00, 0x5e, 0x00, 0x00, 0x00, 0x00, 0x28, 0xe5, 0x10, 0x00, 0x01, 0xaf, 0xff, 0xfe, 0x70, 0x01,
    0xcf, 0xda, 0xe7, 0xef, 0x70, 0x8f, 0xb0, 0x5e, 0x02, 0x92, 0x0e, 0xf2, 0x05, 0xe0, 0x00, 0x01,
    0xfd, 0x00, 0x5e, 0x00, 0x00, 0x2f, 0xd0, 0x05, 0xe0, 0x00, 0x00, 0xef, 0x10, 0x5e, 0x00, 0x00,
    0x0a, 0xf8, 0x05, 0xe0, 0x06, 0x00, 0x2e, 0xf9, 0x8e, 0x3b, 0xf8, 0x00, 0x3d, 0xff, 0xff, 0xfb,
    0x10, 0x00, 0x05, 0xbf, 0x84, 0x00, 0x00, 0x00, 0x05, 0xe0, 0x00, 0x00, 0x00, 0x00, 0x5e, 0x00,
    0x00, 0x00, 0x00, 0x06, 0xbd, 0xfe, 0xc8, 0x20, 0x00, 0x1c, 0xff, 0xdb, 0xce, 0xf6, 0x00, 0x09,
    0xfb, 0x20, 0x00, 0x05, 0x10, 0x01, 0xff, 0x10, 0x00, 0x00, 0x00, 0x00, 0x3f, 0xc0, 0x00, 0x00,
    0x00, 0x00, 0x03, 0xfc, 0x00, 0x00, 0x00, 0x00, 0x6f, 0xff, 0xff, 0xff, 0xff, 0x10, 0x04, 0xbc,
    0xfe, 0xbb, 0xbb, 0xb1, 0x00, 0x00, 0x3f, 0xc0, 0x00, 0x00, 0x00, 0x00, 0x03, 0xfc, 0x00, 0x00,
    0x00, 0x00, 0x00, 0x3f, 0xc0, 0x00, 0x00, 0x00, 0x00, 0x03, 0xfc, 0x00, 0x00, 0x00, 0x00, 0x4b,
    0xcf, 0xeb, 0xbb, 0xbb, 0xbb, 0x36, 0xff, 0xff, 0xff, 0xff, 0xff, 0xf5, 0x00, 0x00, 0x00, 0x00,
    0x00, 0x00, 0x00, 0x1b, 0x40, 0x00, 0x00, 0x00, 0x05, 0xb1, 0x2e, 0xf4, 0x5b, 0xee, 0xb5, 0x4f,
    0xe2, 0x03, 0xef, 0xff, 0xcc, 0xff, 0xfe, 0x30, 0x00, 0x8f, 0xa1, 0x00, 0x1a, 0xf8, 0x00, 0x01,
    0xec, 0x00, 0x00, 0x00, 0xbe, 0x10, 0x05, 0xf5, 0x00, 0x00, 0x00, 0x4f, 0x50, 0x06, 0xf3, 0x00,
    0x00, 0x00, 0x2f, 0x60, 0x05, 0xf5, 0x00, 0x00, 0x00, 0x4f, 0x50, 0x01, 0xeb, 0x00, 0x00, 0x00,
    0xbe, 0x10, 0x00, 0x8f, 0xa1, 0x00, 0x1a, 0xf8, 0x00, 0x02, 0xdf, 0xff, 0xcc, 0xff, 0xfd, 0x20,
    0x1d, 0xf5, 0x4b, 0xee, 0xb5, 0x5f, 0xd1, 0x1c, 0x50, 0x00, 0x00, 0x00, 0x06, 0xc1, 0x00, 0x00,
    0x00, 0x00, 0x00, 0x00, 0x00, 0x0b, 0xf6, 0x00, 0x00, 0x00, 0x00, 0x3f, 0xd0, 0x02, 0xee, 0x20,
    0x00, 0x00, 0x00, 0xcf, 0x30, 0x00, 0x5f, 0xb0, 0x00, 0x00, 0x08, 0xf7, 0x00, 0x00, 0x0a, 0xf7,
    0x00, 0x00, 0x4f, 0xc0, 0x00, 0x00, 0x01, 0xdf, 0x30, 0x01, 0xde, 0x20, 0x00, 0x00, 0x00, 0x4f,
    0xc0, 0x0a, 0xf6, 0x00, 0x00, 0x00, 0x00, 0x08, 0xf8, 0x5f, 0xb0, 0x00, 0x00, 0x00, 0x00, 0x00,
    0xcf, 0xee, 0x20, 0x00, 0x00, 0x00, 0x2f, 0xff, 0xff, 0xff, 0xff, 0xf4, 0x00, 0x00, 0x03, 0x33,
    0x3e, 0xf3, 0x33, 0x31, 0x00, 0x00, 0x1b, 0xbb, 0xbf, 0xfb, 0xbb, 0xb3, 0x00, 0x00, 0x2f, 0xff,
    0xff, 0xff, 0xff, 0xf4, 0x00, 0x00, 0x00, 0x00, 0x0e, 0xf1, 0x00, 0x00, 0x00, 0x00, 0x00, 0x00,
    0x0e, 0xf1, 0x00, 0x00, 0x00, 0xed, 0xed, 0xed, 0xed, 0xed, 0xed, 0xed, 0x00, 0x00, 0x00, 0x00,
    0x00, 0xed, 0xed, 0xed, 0xed, 0xed, 0xed, 0xed, 0x00, 0x29, 0xde, 0xeb, 0x60, 0x03, 0xef, 0xdb,
    0xdf, 0xf4, 0x0a, 0xf4, 0x00, 0x01, 0x70, 0x0c, 0xe0, 0x00, 0x00, 0x00, 0x09, 0xf8, 0x10, 0x00,
    0x00, 0x02, 0xef, 0xfc, 0x72, 0x00, 0x0a, 0xf9, 0x8c, 0xff, 0x60, 0x2f, 0x90, 0x00, 0x3d, 0xf2,
    0x4f, 0x70, 0x00, 0x06, 0xf4, 0x1e, 0xe6, 0x10, 0x0a, 0xf2, 0x03, 0xdf, 0xfc, 0xcf, 0x80, 0x00,
    0x03, 0x7c, 0xff, 0x30, 0x00, 0x00, 0x00, 0x4f, 0xb0, 0x00, 0x00, 0x00, 0x0e, 0xd0, 0x2d, 0x72,
    0x01, 0x8f, 0x90, 0x3e, 0xff, 0xff, 0xfd, 0x20, 0x01, 0x69, 0xaa, 0x61, 0x00, 0x69, 0x00, 0x96,
    0xad, 0x11, 0xda, 0x00, 0x00, 0x17, 0xce, 0xec, 0x81, 0x00, 0x00, 0x00, 0x04, 0xe9, 0x31, 0x13,
    0x8e, 0x50, 0x00, 0x00, 0x4d, 0x30, 0x00, 0x00, 0x02, 0xd5, 0x00, 0x01, 0xd3, 0x00, 0x59, 0xa7,
    0x10, 0x2d, 0x10, 0x06, 0x90, 0x0b, 0xff, 0xff, 0xc1, 0x08, 0x70, 0x0c, 0x30, 0x7f, 0x92, 0x15,
    0xd3, 0x02, 0xc0, 0x0e, 0x00, 0xdc, 0x00, 0x00, 0x00, 0x00, 0xe0, 0x0e, 0x00, 0xf8, 0x00, 0x00,
    0x00, 0x00, 0xd1, 0x0e, 0x00, 0xea, 0x00, 0x00, 0x00, 0x00, 0xe0, 0x0c, 0x30, 0x9f, 0x50, 0x01,
    0x81, 0x03, 0xc0, 0x06, 0x90, 0x2e, 0xfd, 0xbe, 0xe2, 0x09, 0x70, 0x01, 0xd3, 0x02, 0xae, 0xeb,
    0x30, 0x3d, 0x10, 0x00, 0x4d, 0x30, 0x00, 0x00, 0x03, 0xd4, 0x00, 0x00, 0x04, 0xd9, 0x31, 0x13,
    0x9d, 0x40, 0x00, 0x00, 0x00, 0x17, 0xce, 0xec, 0x71, 0x00, 0x00, 0x07, 0xce, 0xe9, 0x10, 0x84,
    0x13, 0xe7, 0x00, 0x00, 0x0a, 0xb0, 0x6c, 0xdd, 0xec, 0x2f, 0x40, 0x09, 0xc2, 0xf5, 0x03, 0xec,
    0x07, 0xde, 0xba, 0xc0, 0x00, 0x08, 0xf3, 0x0b, 0xe2, 0x00, 0x4f, 0x80, 0x7f, 0x50, 0x01, 0xec,
    0x03, 0xfa, 0x00, 0x0b, 0xe2, 0x0c, 0xd1, 0x00, 0x0b, 0xe2, 0x1d, 0xd1, 0x00, 0x01, 0xec, 0x03,
    0xf9, 0x00, 0x00, 0x4f, 0x70, 0x7f, 0x50, 0x00, 0x08, 0xf3, 0x0b, 0xe2, 0x7b, 0xbb, 0xbb, 0xbb,
    0xb3, 0xaf, 0xff, 0xff, 0xff, 0xf4, 0x00, 0x00, 0x00, 0x06, 0xf4, 0x00, 0x00, 0x00, 0x06, 0xf4,
    0x00, 0x00, 0x00, 0x06, 0xf4, 0x00, 0x00, 0x00, 0x03, 0x72, 0x9b, 0xbb, 0xb6, 0xdf, 0xff, 0xf8,
    0x00, 0x00, 0x17, 0xce, 0xec, 0x81, 0x00, 0x00, 0x00, 0x04, 0xe9, 0x31, 0x13, 0x8e, 0x50, 0x00,
    0x00, 0x4d, 0x30, 0x00, 0x00, 0x02, 0xd5, 0x00, 0x01, 0xd3, 0x09, 0xbb, 0xa8, 0x10, 0x2d, 0x10,
    0x06, 0x90, 0x0c, 0xff, 0xff, 0xd1, 0x08, 0x70, 0x0c, 0x30, 0x0c, 0x80, 0x04, 0xe7, 0x02, 0xc0,
    0x0e, 0x00, 0x0c, 0x80, 0x00, 0xb9, 0x00, 0xe0, 0x0e, 0x00, 0x0c, 0x80, 0x04, 0xe7, 0x00, 0xd1,
    0x0e, 0x00, 0x0c, 0xff, 0xff, 0xd1, 0x00, 0xe0, 0x0c, 0x30, 0x0c, 0xdb, 0xcf, 0x30, 0x03, 0xc0,
    0x06, 0x90, 0x0c, 0x80, 0x0b, 0xb0, 0x09, 0x70, 0x01, 0xd3, 0x0c, 0x80, 0x01, 0xe6, 0x3d, 0x10,
    0x00, 0x4d, 0x30, 0x00, 0x00, 0x04, 0xd4, 0x00, 0x00, 0x04, 0xd9, 0x31, 0x13, 0x9d, 0x40, 0x00,
    0x00, 0x00, 0x17, 0xce, 0xec, 0x71, 0x00, 0x00, 0x3b, 0xbb, 0xbb, 0xb3, 0x4f, 0xff, 0xff, 0xf4,
    0x00, 0x7d, 0xea, 0x10, 0x07, 0xc3, 0x19, 0xc0, 0x0e, 0x30, 0x00, 0xd5, 0x1f, 0x10, 0x00, 0xa7,
    0x0e, 0x30, 0x00, 0xd5, 0x07, 0xc3, 0x19, 0xc0, 0x00, 0x7d, 0xea, 0x20, 0x00, 0x00, 0xfa, 0x00,
    0x00, 0x00, 0x00, 0xfa, 0x00, 0x00, 0x00, 0x00, 0xfa, 0x00, 0x00, 0x00, 0x00, 0xfa, 0x00, 0x00,
    0xaf, 0xff, 0xff, 0xff, 0xf4, 0x7b, 0xbb, 0xfe, 0xbb, 0xb3, 0x00, 0x00, 0xfa, 0x00, 0x00, 0x00,
    0x00, 0xfa, 0x00, 0x00, 0x00, 0x00, 0xfa, 0x00, 0x00, 0x00, 0x00, 0x00, 0x00, 0x00, 0x00, 0x00,
    0x00, 0x00, 0x00, 0x7b, 0xbb, 0xbb, 0xbb, 0xb3, 0xaf, 0xff, 0xff, 0xff, 0xf4, 0x07, 0xdf, 0xeb,
    0x30, 0x2c, 0x51, 0x19, 0xe1, 0x00, 0x00, 0x04, 0xf3, 0x00, 0x00, 0x0a, 0xd0, 0x00, 0x00, 0xae,
    0x30, 0x00, 0x1b, 0xd3, 0x00, 0x01, 0xbc, 0x20, 0x00, 0x0c, 0xfc, 0xbb, 0xb6, 0x1f, 0xff, 0xff,
    0xf9, 0x3f, 0xff, 0xff, 0xf3, 0x2b, 0xbb, 0xbe, 0xe1, 0x00, 0x00, 0x5e, 0x40, 0x00, 0x03, 0xe6,
    0x00, 0x00, 0x0c, 0xfb, 0x60, 0x00, 0x03, 0x48, 0xf5, 0x00, 0x00, 0x00, 0xd9, 0x2a, 0x41, 0x15,
    0xf4, 0x29, 0xce, 0xec, 0x50, 0x00, 0x17, 0x72, 0x01, 0xce, 0x50, 0x2d, 0xc2, 0x00, 0x18, 0x60,
    0x00, 0x00, 0x18, 0x63, 0xfb, 0x00, 0x00, 0x02, 0xfc, 0x3f, 0xb0, 0x00, 0x00, 0x2f, 0xc3, 0xfb,
    0x00, 0x00, 0x02, 0xfc, 0x3f, 0xb0, 0x00, 0x00, 0x2f, 0xc3, 0xfb, 0x00, 0x00, 0x02, 0xfc, 0x3f,
    0xc0, 0x00, 0x00, 0x3f, 0xc3, 0xfe, 0x00, 0x00, 0x07, 0xfc, 0x3f, 0xf8, 0x00, 0x04, 0xef, 0xc3,
    0xff, 0xfd, 0xbd, 0xfc, 0xfc, 0x3f, 0xb6, 0xdf, 0xd8, 0x1d, 0xb3, 0xfb, 0x00, 0x00, 0x00, 0x00,
    0x3f, 0xb0, 0x00, 0x00, 0x00, 0x03, 0xfb, 0x00, 0x00, 0x00, 0x00, 0x17, 0x50, 0x00, 0x00, 0x00,
    0x00, 0x01, 0x8d, 0xff, 0xff, 0xff, 0xd1, 0xcf, 0xff, 0xfb, 0xbb, 0xed, 0x6f, 0xff, 0xff, 0x20,
    0x0b, 0xd9, 0xff, 0xff, 0xf2, 0x00, 0xbd, 0x8f, 0xff, 0xff, 0x20, 0x0b, 0xd3, 0xff, 0xff, 0xf2,
    0x00, 0xbd, 0x05, 0xef, 0xff, 0x20, 0x0b, 0xd0, 0x01, 0x4a, 0xf2, 0x00, 0xbd, 0x00, 0x00, 0x7f,
    0x20, 0x0b, 0xd0, 0x00, 0x07, 0xf2, 0x00, 0xbd, 0x00, 0x00, 0x7f, 0x20, 0x0b, 0xd0, 0x00, 0x07,
    0xf2, 0x00, 0xbd, 0x00, 0x00, 0x7f, 0x20, 0x0b, 0xd0, 0x00, 0x07, 0xf2, 0x00, 0xbd, 0x00, 0x00,
    0x7f, 0x20, 0x0b, 0xd0, 0x00, 0x07, 0xf2, 0x00, 0xbd, 0x00, 0x00, 0x7f, 0x20, 0x0b, 0xd0, 0x00,
    0x01, 0x30, 0x00, 0x23, 0x3c, 0x7a, 0xfe, 0x5e, 0x90, 0x00, 0x75, 0x00, 0x0e, 0xb3, 0x00, 0x09,
    0xd0, 0x30, 0x9d, 0x2d, 0xfc, 0x40, 0x2b, 0xbb, 0x40, 0x03, 0xff, 0xf5, 0x00, 0x00, 0x1f, 0x50,
    0x00, 0x01, 0xf5, 0x00, 0x00, 0x1f, 0x50, 0x00, 0x01, 0xf5, 0x00, 0x00, 0x1f, 0x50, 0x04, 0xbb,
    0xfc, 0xb4, 0x6f, 0xff, 0xff, 0x60, 0x02, 0xae, 0xec, 0x40, 0x0d, 0xb2, 0x16, 0xf4, 0x4f, 0x10,
    0x00, 0xba, 0x4f, 0x10, 0x00, 0xba, 0x0d, 0xa2, 0x16, 0xf4, 0x02, 0xae, 0xfc, 0x40, 0x1d, 0xc0,
    0x2e, 0xa0, 0x00, 0x04, 0xf8, 0x06, 0xf5, 0x00, 0x00, 0x8f, 0x40, 0xbe, 0x20, 0x00, 0x0c, 0xd1,
    0x1e, 0xc0, 0x00, 0x0c, 0xd1, 0x1e, 0xc0, 0x00, 0x8f, 0x40, 0xbe, 0x20, 0x04, 0xf8, 0x06, 0xf5,
    0x00, 0x1d, 0xc0, 0x2e, 0xa0, 0x00, 0x3f, 0xff, 0x50, 0x00, 0x00, 0x00, 0x1e, 0x80, 0x00, 0x00,
    0x2b, 0xbf, 0x50, 0x00, 0x00, 0x00, 0xac, 0x00, 0x00, 0x00, 0x00, 0x1f, 0x50, 0x00, 0x00, 0x05,
    0xf3, 0x00, 0x00, 0x00, 0x00, 0x1f, 0x50, 0x00, 0x00, 0x2e, 0x70, 0x00, 0x00, 0x00, 0x00, 0x1f,
    0x50, 0x00, 0x00, 0xbc, 0x00, 0x00, 0x00, 0x00, 0x00, 0x1f, 0x50, 0x00, 0x06, 0xe2, 0x00, 0x05,
    0x70, 0x00, 0x00, 0x1f, 0x50, 0x00, 0x2e, 0x60, 0x00, 0x3f, 0x60, 0x00, 0x4b, 0xbf, 0xcb, 0x40,
    0xbb, 0x00, 0x01, 0xda, 0x00, 0x00, 0x6f, 0xff, 0xff, 0x67, 0xe2, 0x00, 0x09, 0xe1, 0x00, 0x00,
    0x00, 0x00, 0x00, 0x2f, 0x60, 0x00, 0x4f, 0x40, 0xb8, 0x00, 0x00, 0x00, 0x00, 0xcb, 0x00, 0x01,
    0xe9, 0x00, 0xb8, 0x00, 0x00, 0x00, 0x07, 0xe1, 0x00, 0x07, 0xff, 0xff, 0xff, 0xf2, 0x00, 0x00,
    0x3f, 0x50, 0x00, 0x01, 0x33, 0x33, 0xd9, 0x30, 0x00, 0x00, 0xda, 0x00, 0x00, 0x00, 0x00, 0x00,
    0xd8, 0x00, 0x3f, 0xff, 0x50, 0x00, 0x00, 0x00, 0x1e, 0x80, 0x00, 0x02, 0xbb, 0xf5, 0x00, 0x00,
    0x00, 0x0a, 0xc0, 0x00, 0x00, 0x00, 0x1f, 0x50, 0x00, 0x00, 0x05, 0xf3, 0x00, 0x00, 0x00, 0x01,
    0xf5, 0x00, 0x00, 0x02, 0xe7, 0x00, 0x00, 0x00, 0x00, 0x1f, 0x50, 0x00, 0x00, 0xbc, 0x00, 0x00,
    0x00, 0x00, 0x01, 0xf5, 0x00, 0x00, 0x6e, 0x26, 0xce, 0xeb, 0x40, 0x00, 0x1f, 0x50, 0x00, 0x2e,
    0x62, 0xc6, 0x11, 0x8e, 0x14, 0xbb, 0xfc, 0xb4, 0x0b, 0xb0, 0x00, 0x00, 0x03, 0xf4, 0x6f, 0xff,
    0xff, 0x67, 0xe2, 0x00, 0x00, 0x00, 0x9e, 0x10, 0x00, 0x00, 0x02, 0xf6, 0x00, 0x00, 0x00, 0x9e,
    0x40, 0x00, 0x00, 0x00, 0xcb, 0x00, 0x00, 0x00, 0xae, 0x30, 0x00, 0x00, 0x00, 0x7e, 0x10, 0x00,
    0x01, 0xbd, 0x20, 0x00, 0x00, 0x00, 0x3f, 0x50, 0x00, 0x00, 0xbf, 0xcb, 0xbb, 0x70, 0x00, 0x0d,
    0xa0, 0x00, 0x00, 0x0f, 0xff, 0xff, 0xfa, 0x3f, 0xff, 0xff, 0xf3, 0x00, 0x00, 0x01, 0xe8, 0x00,
    0x00, 0x02, 0xbb, 0xbb, 0xee, 0x20, 0x00, 0x00, 0xac, 0x00, 0x00, 0x00, 0x00, 0x00, 0x5e, 0x40,
    0x00, 0x00, 0x5f, 0x30, 0x00, 0x00, 0x00, 0x00, 0x3e, 0x60, 0x00, 0x00, 0x2e, 0x70, 0x00, 0x00,
    0x00, 0x00, 0x0c, 0xfb, 0x50, 0x00, 0x0b, 0xc0, 0x00, 0x00, 0x00, 0x00, 0x00, 0x34, 0x8f, 0x40,
    0x06, 0xe2, 0x00, 0x05, 0x70, 0x00, 0x00, 0x00, 0x00, 0xd8, 0x02, 0xe6, 0x00, 0x03, 0xf6, 0x00,
    0x02, 0xa4, 0x11, 0x5f, 0x70, 0xbb, 0x00, 0x01, 0xda, 0x00, 0x00, 0x3e, 0xff, 0xff, 0xd1, 0x7e,
    0x20, 0x00, 0x9e, 0x10, 0x00, 0x00, 0x17, 0xaa, 0x71, 0x2f, 0x60, 0x00, 0x4f, 0x40, 0xb8, 0x00,
    0x00, 0x00, 0x00, 0x0c, 0xb0, 0x00, 0x1e, 0x90, 0x0b, 0x80, 0x00, 0x00, 0x00, 0x07, 0xe1, 0x00,
    0x07, 0xff, 0xff, 0xff, 0xf2, 0x00, 0x00, 0x03, 0xf5, 0x00, 0x00, 0x13, 0x33, 0x3d, 0x93, 0x00,
    0x00, 0x00, 0xda, 0x00, 0x00, 0x00, 0x00, 0x00, 0xd8, 0x00, 0x00, 0x02, 0xdc, 0x00, 0x00, 0x00,
    0x00, 0x5f, 0xf2, 0x00, 0x00, 0x00, 0x01, 0xb9, 0x00, 0x00, 0x00, 0x00, 0x00, 0x00, 0x00, 0x00,
    0x00, 0x00, 0x11, 0x00, 0x00, 0x00, 0x00, 0x3f, 0xd0, 0x00, 0x00, 0x00, 0x0a, 0xf8, 0x00, 0x00,
    0x00, 0x09, 0xfc, 0x10, 0x00, 0x00, 0x09, 0xfc, 0x10, 0x00, 0x00, 0x03, 0xfd, 0x10, 0x00, 0x00,
    0x00, 0x8f, 0x70, 0x00, 0x00, 0x00, 0x09, 0xf8, 0x00, 0x00, 0x05, 0x30, 0x5f, 0xf6, 0x10, 0x28,
    0xfe, 0x10, 0x9f, 0xff, 0xff, 0xfd, 0x40, 0x00, 0x38, 0xab, 0x95, 0x10, 0x00, 0x00, 0x01, 0x78,
    0x30, 0x00, 0x00, 0x00, 0x00, 0x00, 0x03, 0xde, 0x40, 0x00, 0x00, 0x00, 0x00, 0x00, 0x01, 0x9e,
    0x50, 0x00, 0x00, 0x00, 0x00, 0x00, 0x00, 0x00, 0x00, 0x00, 0x00, 0x00, 0x00, 0x00, 0x00, 0x00,
    0x00, 0x00, 0x00, 0x00, 0x00, 0x0d, 0xf8, 0x00, 0x00, 0x00, 0x00, 0x00, 0x06, 0xff, 0xe1, 0x00,
    0x00, 0x00, 0x00, 0x00, 0xcf, 0x9f, 0x60, 0x00, 0x00, 0x00, 0x00, 0x4f, 0xa1, 0xfd, 0x00, 0x00,
    0x00, 0x00, 0x0b, 0xf4, 0x0a, 0xf5, 0x00, 0x00, 0x00, 0x03, 0xfc, 0x00, 0x3f, 0xc0, 0x00, 0x00,
    0x00, 0x9f, 0x50, 0x00, 0xcf, 0x40, 0x00, 0x00, 0x2f, 0xe0, 0x00, 0x05, 0xfb, 0x00, 0x00, 0x08,
    0xf7, 0x00, 0x00, 0x0d, 0xf2, 0x00, 0x01, 0xef, 0xff, 0xff, 0xff, 0xff, 0x90, 0x00, 0x7f, 0xca,
    0xaa, 0xaa, 0xaa, 0xff, 0x10, 0x0d, 0xf3, 0x00, 0x00, 0x00, 0x09, 0xf8, 0x05, 0xfb, 0x00, 0x00,
    0x00, 0x00, 0x2f, 0xe1, 0xcf, 0x40, 0x00, 0x00, 0x00, 0x00, 0xaf, 0x60, 0x00, 0x00, 0x00, 0x00,
    0x68, 0x50, 0x00, 0x00, 0x00, 0x00, 0x00, 0x8f, 0x90, 0x00, 0x00, 0x00, 0x00, 0x00, 0x9e, 0x50,
    0x00, 0x00, 0x00, 0x00, 0x00, 0x00, 0x00, 0x00, 0x00, 0x00, 0x00, 0x00, 0x00, 0x00, 0x00, 0x00,
    0x00, 0x00, 0x00, 0x00, 0x0d, 0xf8, 0x00, 0x00, 0x00, 0x00, 0x00, 0x06, 0xff, 0xe1, 0x00, 0x00,
    0x00, 0x00, 0x00, 0xcf, 0x9f, 0x60, 0x00, 0x00, 0x00, 0x00, 0x4f, 0xa1, 0xfd, 0x00, 0x00, 0x00,
    0x00, 0x0b, 0xf4, 0x0a, 0xf5, 0x00, 0x00, 0x00, 0x03, 0xfc, 0x00, 0x3f, 0xc0, 0x00, 0x00, 0x00,
    0x9f, 0x50, 0x00, 0xcf, 0x40, 0x00, 0x00, 0x2f, 0xe0, 0x00, 0x05, 0xfb, 0x00, 0x00, 0x08, 0xf7,
    0x00, 0x00, 0x0d, 0xf2, 0x00, 0x01, 0xef, 0xff, 0xff, 0xff, 0xff, 0x90, 0x00, 0x7f, 0xca, 0xaa,
    0xaa, 0xaa, 0xff, 0x10, 0x0d, 0xf3, 0x00, 0x00, 0x00, 0x09, 0xf8, 0x05, 0xfb, 0x00, 0x00, 0x00,
    0x00, 0x2f, 0xe1, 0xcf, 0x40, 0x00, 0x00, 0x00, 0x00, 0xaf, 0x60, 0x00, 0x00, 0x00, 0x68, 0x40,
    0x00, 0x00, 0x00, 0x00, 0x00, 0xaf, 0xbf, 0x50, 0x00, 0x00, 0x00, 0x00, 0xbd, 0x30, 0x7f, 0x60,
    0x00, 0x00, 0x00, 0x00, 0x00, 0x00, 0x00, 0x00, 0x00, 0x00, 0x00, 0x00, 0x00, 0x00, 0x00, 0x00,
    0x00, 0x00, 0x00, 0x0d, 0xf8, 0x00, 0x00, 0x00, 0x00, 0x00, 0x06, 0xff, 0xe1, 0x00, 0x00, 0x00,
    0x00, 0x00, 0xcf, 0x9f, 0x60, 0x00, 0x00, 0x00, 0x00, 0x4f, 0xa1, 0xfd, 0x00, 0x00, 0x00, 0x00,
    0x0b, 0xf4, 0x0a, 0xf5, 0x00, 0x00, 0x00, 0x03, 0xfc, 0x00, 0x3f, 0xc0, 0x00, 0x00, 0x00, 0x9f,
    0x50, 0x00, 0xcf, 0x40, 0x00, 0x00, 0x2f, 0xe0, 0x00, 0x05, 0xfb, 0x00, 0x00, 0x08, 0xf7, 0x00,
    0x00, 0x0d, 0xf2, 0x00, 0x01, 0xef, 0xff, 0xff, 0xff, 0xff, 0x90, 0x00, 0x7f, 0xca, 0xaa, 0xaa,
    0xaa, 0xff, 0x10, 0x0d, 0xf3, 0x00, 0x00, 0x00, 0x09, 0xf8, 0x05, 0xfb, 0x00, 0x00, 0x00, 0x00,
    0x2f, 0xe1, 0xcf, 0x40, 0x00, 0x00, 0x00, 0x00, 0xaf, 0x60, 0x00, 0x00, 0x5e, 0xd7, 0x19, 0x80,
    0x00, 0x00, 0x00, 0x0e, 0x42, 0xae, 0xc2, 0x00, 0x00, 0x00, 0x00, 0x00, 0x00, 0x00, 0x00, 0x00,
    0x00, 0x00, 0x00, 0x00, 0x00, 0x00, 0x00, 0x00, 0x00, 0x00, 0x00, 0xdf, 0x80, 0x00, 0x00, 0x00,
    0x00, 0x00, 0x6f, 0xfe, 0x10, 0x00, 0x00, 0x00, 0x00, 0x0c, 0xf9, 0xf6, 0x00, 0x00, 0x00, 0x00,
    0x04, 0xfa, 0x1f, 0xd0, 0x00, 0x00, 0x00, 0x00, 0xbf, 0x40, 0xaf, 0x50, 0x00, 0x00, 0x00, 0x3f,
    0xc0, 0x03, 0xfc, 0x00, 0x00, 0x00, 0x09, 0xf5, 0x00, 0x0c, 0xf4, 0x00, 0x00, 0x02, 0xfe, 0x00,
    0x00, 0x5f, 0xb0, 0x00, 0x00, 0x8f, 0x70, 0x00, 0x00, 0xdf, 0x20, 0x00, 0x1e, 0xff, 0xff, 0xff,
    0xff, 0xf9, 0x00, 0x07, 0xfc, 0xaa, 0xaa, 0xaa, 0xaf, 0xf1, 0x00, 0xdf, 0x30, 0x00, 0x00, 0x00,
    0x9f, 0x80, 0x5f, 0xb0, 0x00, 0x00, 0x00, 0x02, 0xfe, 0x1c, 0xf4, 0x00, 0x00, 0x00, 0x00, 0x0a,
    0xf6, 0x00, 0x00, 0x39, 0x20, 0x69, 0x00, 0x00, 0x00, 0x00, 0x06, 0xe4, 0x09, 0xd1, 0x00, 0x00,
    0x00, 0x00, 0x00, 0x00, 0x00, 0x00, 0x00, 0x00, 0x00, 0x00, 0x00, 0x00, 0x00, 0x00, 0x00, 0x00,
    0x00, 0x00, 0xdf, 0x80, 0x00, 0x00, 0x00, 0x00, 0x00, 0x6f, 0xfe, 0x10, 0x00, 0x00, 0x00, 0x00,
    0x0c, 0xf9, 0xf6, 0x00, 0x00, 0x00, 0x00, 0x04, 0xfa, 0x1f, 0xd0, 0x00, 0x00, 0x00, 0x00, 0xbf,
    0x40, 0xaf, 0x50, 0x00, 0x00, 0x00, 0x3f, 0xc0, 0x03, 0xfc, 0x00, 0x00, 0x00, 0x09, 0xf5, 0x00,
    0x0c, 0xf4, 0x00, 0x00, 0x02, 0xfe, 0x00, 0x00, 0x5f, 0xb0, 0x00, 0x00, 0x8f, 0x70, 0x00, 0x00,
    0xdf, 0x20, 0x00, 0x1e, 0xff, 0xff, 0xff, 0xff, 0xf9, 0x00, 0x07, 0xfc, 0xaa, 0xaa, 0xaa, 0xaf,
    0xf1, 0x00, 0xdf, 0x30, 0x00, 0x00, 0x00, 0x9f, 0x80, 0x5f, 0xb0, 0x00, 0x00, 0x00, 0x02, 0xfe,
    0x1c, 0xf4, 0x00, 0x00, 0x00, 0x00, 0x0a, 0xf6, 0x00, 0x00, 0x02, 0xce, 0x80, 0x00, 0x00, 0x00,
    0x00, 0x00, 0xa6, 0x1b, 0x40, 0x00, 0x00, 0x00, 0x00, 0x0d, 0x10, 0x67, 0x00, 0x00, 0x00, 0x00,
    0x00, 0xa6, 0x1b, 0x40, 0x00, 0x00, 0x00, 0x00, 0x02, 0xce, 0x80, 0x00, 0x00, 0x00, 0x00, 0x00,
    0x00, 0x00, 0x00, 0x00, 0x00, 0x00, 0x00, 0x00, 0xdf, 0x80, 0x00, 0x00, 0x00, 0x00, 0x00, 0x6f,
    0xfe, 0x10, 0x00, 0x00, 0x00, 0x00, 0x0c, 0xf9, 0xf6, 0x00, 0x00, 0x00, 0x00, 0x04, 0xfa, 0x1f,
    0xd0, 0x00, 0x00, 0x00, 0x00, 0xbf, 0x40, 0xaf, 0x50, 0x00, 0x00, 0x00, 0x3f, 0xc0, 0x03, 0xfc,
    0x00, 0x00, 0x00, 0x09, 0xf5, 0x00, 0x0c, 0xf4, 0x00, 0x00, 0x02, 0xfe, 0x00, 0x00, 0x5f, 0xb0,
    0x00, 0x00, 0x8f, 0x70, 0x00, 0x00, 0xdf, 0x20, 0x00, 0x1e, 0xff, 0xff, 0xff, 0xff, 0xf9, 0x00,
    0x07, 0xfc, 0xaa, 0xaa, 0xaa, 0xaf, 0xf1, 0x00, 0xdf, 0x30, 0x00, 0x00, 0x00, 0x9f, 0x80, 0x5f,
    0xb0, 0x00, 0x00, 0x00, 0x02, 0xfe, 0x1c, 0xf4, 0x00, 0x00, 0x00, 0x00, 0x0a, 0xf6, 0x00, 0x00,
    0x00, 0x01, 0xef, 0xff, 0xff, 0xff, 0xff, 0xf8, 0x00, 0x00, 0x00, 0x09, 0xfd, 0xfe, 0xbb, 0xbb,
    0xbb, 0xb6, 0x00, 0x00, 0x00, 0x3f, 0xc5, 0xfa, 0x00, 0x00, 0x00, 0x00, 0x00, 0x00, 0x00, 0xbf,
    0x45, 0xfa, 0x00, 0x00, 0x00, 0x00, 0x00, 0x00, 0x06, 0xfa, 0x05, 0xfa, 0x00, 0x00, 0x00, 0x00,
    0x00, 0x00, 0x1e, 0xe2, 0x05, 0xfa, 0x00, 0x00, 0x00, 0x00, 0x00, 0x00, 0x8f, 0x70, 0x05, 0xff,
    0xff, 0xff, 0xff, 0xa0, 0x00, 0x03, 0xfd, 0x10, 0x05, 0xfe, 0xbb, 0xbb, 0xbb, 0x70, 0x00, 0x0b,
    0xf5, 0x00, 0x05, 0xfa, 0x00, 0x00, 0x00, 0x00, 0x00, 0x5f, 0xff, 0xff, 0xff, 0xfa, 0x00, 0x00,
    0x00, 0x00, 0x01, 0xdf, 0xbb, 0xbb, 0xbc, 0xfa, 0x00, 0x00, 0x00, 0x00, 0x08, 0xf9, 0x00, 0x00,
    0x05, 0xfa, 0x00, 0x00, 0x00, 0x00, 0x2f, 0xe1, 0x00, 0x00, 0x05, 0xfe, 0xbb, 0xbb, 0xbb, 0xb9,
    0xbf, 0x50, 0x00, 0x00, 0x05, 0xff, 0xff, 0xff, 0xff, 0xfc, 0x00, 0x00, 0x17, 0xce, 0xfe, 0xb6,
    0x00, 0x00, 0x05, 0xef, 0xfd, 0xbd, 0xff, 0xc2, 0x00, 0x5f, 0xf8, 0x10, 0x00, 0x2a, 0xf5, 0x02,
    0xff, 0x50, 0x00, 0x00, 0x00, 0x20, 0x08, 0xf9, 0x00, 0x00, 0x00, 0x00, 0x00, 0x0d, 0xf3, 0x00,
    0x00, 0x00, 0x00, 0x00, 0x0f, 0xf0, 0x00, 0x00, 0x00, 0x00, 0x00, 0x0f, 0xf0, 0x00, 0x00, 0x00,
    0x00, 0x00, 0x0d, 0xf3, 0x00, 0x00, 0x00, 0x00, 0x00, 0x08, 0xf9, 0x00, 0x00, 0x00, 0x00, 0x00,
    0x02, 0xff, 0x50, 0x00, 0x00, 0x00, 0x20, 0x00, 0x5f, 0xf8, 0x10, 0x00, 0x2a, 0xf5, 0x00, 0x05,
    0xef, 0xfc, 0xbc, 0xff, 0xc2, 0x00, 0x00, 0x17, 0xce, 0xfe, 0xb5, 0x00, 0x00, 0x00, 0x00, 0x07,
    0x50, 0x00, 0x00, 0x00, 0x00, 0x00, 0x0d, 0xb3, 0x00, 0x00, 0x00, 0x00, 0x00, 0x00, 0x8e, 0x00,
    0x00, 0x00, 0x00, 0x00, 0x30, 0x8e, 0x00, 0x00, 0x00, 0x00, 0x01, 0xdf, 0xd4, 0x00, 0x00, 0x02,
    0x77, 0x10, 0x00, 0x00, 0x00, 0x05, 0xec, 0x20, 0x00, 0x00, 0x00, 0x02, 0xcd, 0x20, 0x00, 0x00,
    0x00, 0x00, 0x00, 0x00, 0x00, 0x00, 0x00, 0x00, 0x00, 0x00, 0x0e, 0xff, 0xff, 0xff, 0xff, 0xf0,
    0xef, 0xbb, 0xbb, 0xbb, 0xbb, 0x0e, 0xf1, 0x00, 0x00, 0x00, 0x00, 0xef, 0x10, 0x00, 0x00, 0x00,
    0x0e, 0xf1, 0x00, 0x00, 0x00, 0x00, 0xef, 0x10, 0x00, 0x00, 0x00, 0x0e, 0xff, 0xff, 0xff, 0xff,
    0x20, 0xef, 0xbb, 0xbb, 0xbb, 0xb1, 0x0e, 0xf1, 0x00, 0x00, 0x00, 0x00, 0xef, 0x10, 0x00, 0x00,
    0x00, 0x0e, 0xf1, 0x00, 0x00, 0x00, 0x00, 0xef, 0x10, 0x00, 0x00, 0x00, 0x0e, 0xfb, 0xbb, 0xbb,
    0xbb, 0xb3, 0xef, 0xff, 0xff, 0xff, 0xff, 0x40, 0x00, 0x00, 0x00, 0x78, 0x30, 0x00, 0x00, 0x01,
    0xbf, 0x60, 0x00, 0x00, 0x01, 0xcd, 0x30, 0x00, 0x00, 0x00, 0x00, 0x00, 0x00, 0x00, 0x00, 0x00,
    0x00, 0x00, 0x00, 0x0e, 0xff, 0xff, 0xff, 0xff, 0xf0, 0xef, 0xbb, 0xbb, 0xbb, 0xbb, 0x0e, 0xf1,
    0x00, 0x00, 0x00, 0x00, 0xef, 0x10, 0x00, 0x00, 0x00, 0x0e, 0xf1, 0x00, 0x00, 0x00, 0x00, 0xef,
    0x10, 0x00, 0x00, 0x00, 0x0e, 0xff, 0xff, 0xff, 0xff, 0x20, 0xef, 0xbb, 0xbb, 0xbb, 0xb1, 0x0e,
    0xf1, 0x00, 0x00, 0x00, 0x00, 0xef, 0x10, 0x00, 0x00, 0x00, 0x0e, 0xf1, 0x00, 0x00, 0x00, 0x00,
    0xef, 0x10, 0x00, 0x00, 0x00, 0x0e, 0xfb, 0xbb, 0xbb, 0xbb, 0xb3, 0xef, 0xff, 0xff, 0xff, 0xff,
    0x40, 0x00, 0x01, 0x77, 0x20, 0x00, 0x00, 0x01, 0xcd, 0xdd, 0x20, 0x00, 0x02, 0xdb, 0x11, 0xae,
    0x30, 0x00, 0x00, 0x00, 0x00, 0x00, 0x00, 0x00, 0x00, 0x00, 0x00, 0x00, 0x0e, 0xff, 0xff, 0xff,
    0xff, 0xf0, 0xef, 0xbb, 0xbb, 0xbb, 0xbb, 0x0e, 0xf1, 0x00, 0x00, 0x00, 0x00, 0xef, 0x10, 0x00,
    0x00, 0x00, 0x0e, 0xf1, 0x00, 0x00, 0x00, 0x00, 0xef, 0x10, 0x00, 0x00, 0x00, 0x0e, 0xff, 0xff,
    0xff, 0xff, 0x20, 0xef, 0xbb, 0xbb, 0xbb, 0xb1, 0x0e, 0xf1, 0x00, 0x00, 0x00, 0x00, 0xef, 0x10,
    0x00, 0x00, 0x00, 0x0e, 0xf1, 0x00, 0x00, 0x00, 0x00, 0xef, 0x10, 0x00, 0x00, 0x00, 0x0e, 0xfb,
    0xbb, 0xbb, 0xbb, 0xb3, 0xef, 0xff, 0xff, 0xff, 0xff, 0x40, 0x00, 0x59, 0x10, 0x87, 0x00, 0x00,
    0x09, 0xd2, 0x0d, 0xb0, 0x00, 0x00, 0x00, 0x00, 0x00, 0x00, 0x00, 0x00, 0x00, 0x00, 0x00, 0x00,
    0xef, 0xff, 0xff, 0xff, 0xff, 0x0e, 0xfb, 0xbb, 0xbb, 0xbb, 0xb0, 0xef, 0x10, 0x00, 0x00, 0x00,
    0x0e, 0xf1, 0x00, 0x00, 0x00, 0x00, 0xef, 0x10, 0x00, 0x00, 0x00, 0x0e, 0xf1, 0x00, 0x00, 0x00,
    0x00, 0xef, 0xff, 0xff, 0xff, 0xf2, 0x0e, 0xfb, 0xbb, 0xbb, 0xbb, 0x10, 0xef, 0x10, 0x00, 0x00,
    0x00, 0x0e, 0xf1, 0x00, 0x00, 0x00, 0x00, 0xef, 0x10, 0x00, 0x00, 0x00, 0x0e, 0xf1, 0x00, 0x00,
    0x00, 0x00, 0xef, 0xbb, 0xbb, 0xbb, 0xbb, 0x3e, 0xff, 0xff, 0xff, 0xff, 0xf4, 0x27, 0x71, 0x00,
    0x04, 0xed, 0x20, 0x00, 0x2b, 0xd2, 0x00, 0x00, 0x00, 0x00, 0x00, 0x00, 0x00, 0x0e, 0xf1, 0x00,
    0x0e, 0xf1, 0x00, 0x0e, 0xf1, 0x00, 0x0e, 0xf1, 0x00, 0x0e, 0xf1, 0x00, 0x0e, 0xf1, 0x00, 0x0e,
    0xf1, 0x00, 0x0e, 0xf1, 0x00, 0x0e, 0xf1, 0x00, 0x0e, 0xf1, 0x00, 0x0e, 0xf1, 0x00, 0x0e, 0xf1,
    0x00, 0x0e, 0xf1, 0x00, 0x0e, 0xf1, 0x00, 0x07, 0x83, 0x01, 0xbf, 0x60, 0x1c, 0xd3, 0x00, 0x00,
    0x00, 0x00, 0x00, 0x00, 0x00, 0x0e, 0xf1, 0x00, 0x0e, 0xf1, 0x00, 0x0e, 0xf1, 0x00, 0x0e, 0xf1,
    0x00, 0x0e, 0xf1, 0x00, 0x0e, 0xf1, 0x00, 0x0e, 0xf1, 0x00, 0x0e, 0xf1, 0x00, 0x0e, 0xf1, 0x00,
    0x0e, 0xf1, 0x00, 0x0e, 0xf1, 0x00, 0x0e, 0xf1, 0x00, 0x0e, 0xf1, 0x00, 0x0e, 0xf1, 0x00, 0x00,
    0x17, 0x82, 0x00, 0x01, 0xce, 0xce, 0x30, 0x2d, 0xc2, 0x1a, 0xe3, 0x00, 0x00, 0x00, 0x00, 0x00,
    0x00, 0x00, 0x00, 0x00, 0x0e, 0xf1, 0x00, 0x00, 0x0e, 0xf1, 0x00, 0x00, 0x0e, 0xf1, 0x00, 0x00,
    0x0e, 0xf1, 0x00, 0x00, 0x0e, 0xf1, 0x00, 0x00, 0x0e, 0xf1, 0x00, 0x00, 0x0e, 0xf1, 0x00, 0x00,
    0x0e, 0xf1, 0x00, 0x00, 0x0e, 0xf1, 0x00, 0x00, 0x0e, 0xf1, 0x00, 0x00, 0x0e, 0xf1, 0x00, 0x00,
    0x0e, 0xf1, 0x00, 0x00, 0x0e, 0xf1, 0x00, 0x00, 0x0e, 0xf1, 0x00, 0x59, 0x10, 0x87, 0x9d, 0x20,
    0xcb, 0x00, 0x00, 0x00, 0x00, 0x00, 0x00, 0x00, 0xef, 0x10, 0x00, 0xef, 0x10, 0x00, 0xef, 0x10,
    0x00, 0xef, 0x10, 0x00, 0xef, 0x10, 0x00, 0xef, 0x10, 0x00, 0xef, 0x10, 0x00, 0xef, 0x10, 0x00,
    0xef, 0x10, 0x00, 0xef, 0x10, 0x00, 0xef, 0x10, 0x00, 0xef, 0x10, 0x00, 0xef, 0x10, 0x00, 0xef,
    0x10, 0x00, 0xbf, 0xff, 0xff, 0xed, 0xa5, 0x00, 0x00, 0x00, 0xbf, 0xcb, 0xbb, 0xcd, 0xff, 0xc2,
    0x00, 0x00, 0xbf, 0x40, 0x00, 0x00, 0x3b, 0xfe, 0x20, 0x00, 0xbf, 0x40, 0x00, 0x00, 0x00, 0x9f,
    0xc0, 0x00, 0xbf, 0x40, 0x00, 0x00, 0x00, 0x0d, 0xf4, 0x8b, 0xff, 0xfb, 0xbb, 0x20, 0x00, 0x08,
    0xf8, 0xcf, 0xff, 0xff, 0xff, 0x30, 0x00, 0x05, 0xfa, 0x00, 0xbf, 0x40, 0x00, 0x00, 0x00, 0x05,
    0xfa, 0x00, 0xbf, 0x40, 0x00, 0x00, 0x00, 0x08, 0xf8, 0x00, 0xbf, 0x40, 0x00, 0x00, 0x00, 0x0d,
    0xf4, 0x00, 0xbf, 0x40, 0x00, 0x00, 0x00, 0x9f, 0xc0, 0x00, 0xbf, 0x40, 0x00, 0x00, 0x3b, 0xfe,
    0x20, 0x00, 0xbf, 0xcb, 0xbb, 0xcd, 0xff, 0xc3, 0x00, 0x00, 0xbf, 0xff, 0xff, 0xed, 0xa5, 0x00,
    0x00, 0x00, 0x08, 0xec, 0x51, 0xc5, 0x00, 0x00, 0x02, 0xe2, 0x4b, 0xea, 0x00, 0x00, 0x00, 0x00,
    0x00, 0x00, 0x00, 0x00, 0x00, 0x00, 0x00, 0x00, 0x00, 0x00, 0x00, 0xee, 0x30, 0x00, 0x00, 0x00,
    0xdf, 0x2e, 0xfd, 0x10, 0x00, 0x00, 0x0d, 0xf2, 0xef, 0xfb, 0x00, 0x00, 0x00, 0xdf, 0x2e, 0xfe,
    0xf8, 0x00, 0x00, 0x0d, 0xf2, 0xef, 0x5f, 0xf5, 0x00, 0x00, 0xdf, 0x2e, 0xf1, 0x6f, 0xe3, 0x00,
    0x0d, 0xf2, 0xef, 0x10, 0x9f, 0xd1, 0x00, 0xdf, 0x2e, 0xf1, 0x00, 0xbf, 0xb0, 0x0d, 0xf2, 0xef,
    0x10, 0x01, 0xdf, 0x90, 0xdf, 0x2e, 0xf1, 0x00, 0x03, 0xef, 0x6d, 0xf2, 0xef, 0x10, 0x00, 0x05,
    0xff, 0xef, 0x2e, 0xf1, 0x00, 0x00, 0x08, 0xff, 0xf2, 0xef, 0x10, 0x00, 0x00, 0x0b, 0xff, 0x2e,
    0xf1, 0x00, 0x00, 0x00, 0x1d, 0xf2, 0x00, 0x00, 0x06, 0x84, 0x00, 0x00, 0x00, 0x00, 0x00, 0x00,
    0x02, 0xcf, 0x50, 0x00, 0x00, 0x00, 0x00, 0x00, 0x00, 0x08, 0xf6, 0x00, 0x00, 0x00, 0x00, 0x00,
    0x00, 0x00, 0x00, 0x00, 0x00, 0x00, 0x00, 0x00, 0x00, 0x00, 0x00, 0x00, 0x00, 0x00, 0x00, 0x00,
    0x17, 0xbd, 0xfd, 0xb5, 0x10, 0x00, 0x00, 0x05, 0xef, 0xfc, 0xbd, 0xff, 0xd3, 0x00, 0x00, 0x5f,
    0xf8, 0x10, 0x00, 0x2a, 0xfe, 0x30, 0x02, 0xef, 0x50, 0x00, 0x00, 0x00, 0x8f, 0xd0, 0x08, 0xf9,
    0x00, 0x00, 0x00, 0x00, 0x0c, 0xf5, 0x0d, 0xf3, 0x00, 0x00, 0x00, 0x00, 0x06, 0xfa, 0x0f, 0xf0,
    0x00, 0x00, 0x00, 0x00, 0x03, 0xfc, 0x0f, 0xf0, 0x00, 0x00, 0x00, 0x00, 0x03, 0xfc, 0x0d, 0xf3,
    0x00, 0x00, 0x00, 0x00, 0x06, 0xfa, 0x08, 0xf9, 0x00, 0x00, 0x00, 0x00, 0x0c, 0xf5, 0x02, 0xef,
    0x50, 0x00, 0x00, 0x00, 0x8f, 0xd0, 0x00, 0x5f, 0xf8, 0x10, 0x00, 0x2a, 0xfe, 0x30, 0x00, 0x05,
    0xef, 0xfc, 0xbd, 0xff, 0xd3, 0x00, 0x00, 0x00, 0x17, 0xbe, 0xfd, 0xb6, 0x10, 0x00, 0x00, 0x00,
    0x00, 0x00, 0x05, 0x86, 0x00, 0x00, 0x00, 0x00, 0x00, 0x00, 0x7f, 0xa1, 0x00, 0x00, 0x00, 0x00,
    0x00, 0x08, 0xf6, 0x00, 0x00, 0x00, 0x00, 0x00, 0x00, 0x00, 0x00, 0x00, 0x00, 0x00, 0x00, 0x00,
    0x00, 0x00, 0x00, 0x00, 0x00, 0x00, 0x00, 0x00, 0x17, 0xbd, 0xfd, 0xb5, 0x10, 0x00, 0x00, 0x05,
    0xef, 0xfc, 0xbd, 0xff, 0xd3, 0x00, 0x00, 0x5f, 0xf8, 0x10, 0x00, 0x2a, 0xfe, 0x30, 0x02, 0xef,
    0x50, 0x00, 0x00, 0x00, 0x8f, 0xd0, 0x08, 0xf9, 0x00, 0x00, 0x00, 0x00, 0x0c, 0xf5, 0x0d, 0xf3,
    0x00, 0x00, 0x00, 0x00, 0x06, 0xfa, 0x0f, 0xf0, 0x00, 0x00, 0x00, 0x00, 0x03, 0xfc, 0x0f, 0xf0,
    0x00, 0x00, 0x00, 0x00, 0x03, 0xfc, 0x0d, 0xf3, 0x00, 0x00, 0x00, 0x00, 0x06, 0xfa, 0x08, 0xf9,
    0x00, 0x00, 0x00, 0x00, 0x0c, 0xf5, 0x02, 0xef, 0x50, 0x00, 0x00, 0x00, 0x8f, 0xd0, 0x00, 0x5f,
    0xf8, 0x10, 0x00, 0x2a, 0xfe, 0x30, 0x00, 0x05, 0xef, 0xfc, 0xbd, 0xff, 0xd3, 0x00, 0x00, 0x00,
    0x17, 0xbe, 0xfd, 0xb6, 0x10, 0x00, 0x00, 0x00, 0x00, 0x06, 0x85, 0x00, 0x00, 0x00, 0x00, 0x00,
    0x00, 0x8f, 0xbf, 0x60, 0x00, 0x00, 0x00, 0x00, 0x09, 0xe4, 0x06, 0xf7, 0x00, 0x00, 0x00, 0x00,
    0x00, 0x00, 0x00, 0x00, 0x00, 0x00, 0x00, 0x00, 0x00, 0x00, 0x00, 0x00, 0x00, 0x00, 0x00, 0x00,
    0x17, 0xbd, 0xfd, 0xb5, 0x10, 0x00, 0x00, 0x05, 0xef, 0xfc, 0xbd, 0xff, 0xd3, 0x00, 0x00, 0x5f,
    0xf8, 0x10, 0x00, 0x2a, 0xfe, 0x30, 0x02, 0xef, 0x50, 0x00, 0x00, 0x00, 0x8f, 0xd0, 0x08, 0xf9,
    0x00, 0x00, 0x00, 0x00, 0x0c, 0xf5, 0x0d, 0xf3, 0x00, 0x00, 0x00, 0x00, 0x06, 0xfa, 0x0f, 0xf0,
    0x00, 0x00, 0x00, 0x00, 0x03, 0xfc, 0x0f, 0xf0, 0x00, 0x00, 0x00, 0x00, 0x03, 0xfc, 0x0d, 0xf3,
    0x00, 0x00, 0x00, 0x00, 0x06, 0xfa, 0x08, 0xf9, 0x00, 0x00, 0x00, 0x00, 0x0c, 0xf5, 0x02, 0xef,
    0x50, 0x00, 0x00, 0x00, 0x8f, 0xd0, 0x00, 0x5f, 0xf8, 0x10, 0x00, 0x2a, 0xfe, 0x30, 0x00, 0x05,
    0xef, 0xfc, 0xbd, 0xff, 0xd3, 0x00, 0x00, 0x00, 0x17, 0xbe, 0xfd, 0xb6, 0x10, 0x00, 0x00, 0x00,
    0x04, 0xde, 0x81, 0x8a, 0x00, 0x00, 0x00, 0x00, 0x0c, 0x52, 0x9e, 0xd3, 0x00, 0x00, 0x00, 0x00,
    0x00, 0x00, 0x00, 0x00, 0x00, 0x00, 0x00, 0x00, 0x00, 0x00, 0x00, 0x00, 0x00, 0x00, 0x00, 0x00,
    0x17, 0xbd, 0xfd, 0xb5, 0x10, 0x00, 0x00, 0x05, 0xef, 0xfc, 0xbd, 0xff, 0xd3, 0x00, 0x00, 0x5f,
    0xf8, 0x10, 0x00, 0x2a, 0xfe, 0x30, 0x02, 0xef, 0x50, 0x00, 0x00, 0x00, 0x8f, 0xd0, 0x08, 0xf9,
    0x00, 0x00, 0x00, 0x00, 0x0c, 0xf5, 0x0d, 0xf3, 0x00, 0x00, 0x00, 0x00, 0x06, 0xfa, 0x0f, 0xf0,
    0x00, 0x00, 0x00, 0x00, 0x03, 0xfc, 0x0f, 0xf0, 0x00, 0x00, 0x00, 0x00, 0x03, 0xfc, 0x0d, 0xf3,
    0x00, 0x00, 0x00, 0x00, 0x06, 0xfa, 0x08, 0xf9, 0x00, 0x00, 0x00, 0x00, 0x0c, 0xf5, 0x02, 0xef,
    0x50, 0x00, 0x00, 0x00, 0x8f, 0xd0, 0x00, 0x5f, 0xf8, 0x10, 0x00, 0x2a, 0xfe, 0x30, 0x00, 0x05,
    0xef, 0xfc, 0xbd, 0xff, 0xd3, 0x00, 0x00, 0x00, 0x17, 0xbe, 0xfd, 0xb6, 0x10, 0x00, 0x00, 0x00,
    0x02, 0x93, 0x05, 0x91, 0x00, 0x00, 0x00, 0x00, 0x04, 0xe6, 0x08, 0xe2, 0x00, 0x00, 0x00, 0x00,
    0x00, 0x00, 0x00, 0x00, 0x00, 0x00, 0x00, 0x00, 0x00, 0x00, 0x00, 0x00, 0x00, 0x00, 0x00, 0x00,
    0x17, 0xbd, 0xfd, 0xb5, 0x10, 0x00, 0x00, 0x05, 0xef, 0xfc, 0xbd, 0xff, 0xd3, 0x00, 0x00, 0x5f,
    0xf8, 0x10, 0x00, 0x2a, 0xfe, 0x30, 0x02, 0xef, 0x50, 0x00, 0x00, 0x00, 0x8f, 0xd0, 0x08, 0xf9,
    0x00, 0x00, 0x00, 0x00, 0x0c, 0xf5, 0x0d, 0xf3, 0x00, 0x00, 0x00, 0x00, 0x06, 0xfa, 0x0f, 0xf0,
    0x00, 0x00, 0x00, 0x00, 0x03, 0xfc, 0x0f, 0xf0, 0x00, 0x00, 0x00, 0x00, 0x03, 0xfc, 0x0d, 0xf3,
    0x00, 0x00, 0x00, 0x00, 0x06, 0xfa, 0x08, 0xf9, 0x00, 0x00, 0x00, 0x00, 0x0c, 0xf5, 0x02, 0xef,
    0x50, 0x00, 0x00, 0x00, 0x8f, 0xd0, 0x00, 0x5f, 0xf8, 0x10, 0x00, 0x2a, 0xfe, 0x30, 0x00, 0x05,
    0xef, 0xfc, 0xbd, 0xff, 0xd3, 0x00, 0x00, 0x00, 0x17, 0xbe, 0xfd, 0xb6, 0x10, 0x00, 0x26, 0x00,
    0x01, 0x70, 0x9f, 0x70, 0x1c, 0xf4, 0x1b, 0xf7, 0xcf, 0x60, 0x01, 0xbf, 0xf7, 0x00, 0x01, 0xbf,
    0xf7, 0x00, 0x1b, 0xf7, 0xcf, 0x60, 0x9f, 0x70, 0x1c, 0xf4, 0x26, 0x00, 0x01, 0x70, 0x00, 0x00,
    0x00, 0x00, 0x00, 0x00, 0x04, 0x71, 0x00, 0x00, 0x00, 0x00, 0x00, 0x00, 0x1e, 0x80, 0x00, 0x00,
    0x00, 0x00, 0x00, 0x00, 0xbc, 0x00, 0x00, 0x00, 0x17, 0xbd, 0xfd, 0xbb, 0xf3, 0x00, 0x00, 0x05,
    0xef, 0xfc, 0xbd, 0xff, 0xf3, 0x00, 0x00, 0x5f, 0xf8, 0x10, 0x00, 0xef, 0xfe, 0x30, 0x02, 0xef,
    0x50, 0x00, 0x07, 0xe2, 0x8f, 0xd0, 0x08, 0xf9, 0x00, 0x00, 0x3f, 0x60, 0x0c, 0xf5, 0x0d, 0xf3,
    0x00, 0x00, 0xcb, 0x00, 0x06, 0xfa, 0x0f, 0xf0, 0x00, 0x08, 0xe2, 0x00, 0x03, 0xfc, 0x0f, 0xf0,
    0x00, 0x3f, 0x50, 0x00, 0x03, 0xfc, 0x0d, 0xf3, 0x01, 0xda, 0x00, 0x00, 0x06, 0xfa, 0x08, 0xf9,
    0x09, 0xe1, 0x00, 0x00, 0x0c, 0xf5, 0x02, 0xef, 0x9f, 0x40, 0x00, 0x00, 0x8f, 0xd0, 0x00, 0x5f,
    0xff, 0x10, 0x00, 0x2a, 0xfe, 0x30, 0x00, 0x0f, 0xff, 0xfc, 0xbd, 0xff, 0xd3, 0x00, 0x00, 0x5f,
    0x57, 0xbe, 0xfd, 0xb6, 0x10, 0x00, 0x02, 0xe8, 0x00, 0x00, 0x00, 0x00, 0x00, 0x00, 0x00, 0x03,
    0x87, 0x00, 0x00, 0x00, 0x00, 0x00, 0x06, 0xfb, 0x10, 0x00, 0x00, 0x00, 0x00, 0x03, 0xdc, 0x10,
    0x00, 0x00, 0x00, 0x00, 0x00, 0x00, 0x00, 0x00, 0x00, 0x00, 0x00, 0x00, 0x00, 0x00, 0x00, 0xff,
    0x00, 0x00, 0x00, 0x02, 0xfc, 0x0f, 0xf0, 0x00, 0x00, 0x00, 0x2f, 0xc0, 0xff, 0x00, 0x00, 0x00,
    0x02, 0xfc, 0x0f, 0xf0, 0x00, 0x00, 0x00, 0x2f, 0xc0, 0xff, 0x00, 0x00, 0x00, 0x02, 0xfc, 0x0f,
    0xf0, 0x00, 0x00, 0x00, 0x2f, 0xc0, 0xff, 0x00, 0x00, 0x00, 0x02, 0xfc, 0x0f, 0xf0, 0x00, 0x00,
    0x00, 0x2f, 0xc0, 0xff, 0x00, 0x00, 0x00, 0x03, 0xfc, 0x0d, 0xf3, 0x00, 0x00, 0x00, 0x5f, 0xa0,
    0x9f, 0x80, 0x00, 0x00, 0x0b, 0xf6, 0x02, 0xff, 0x60, 0x00, 0x08, 0xfd, 0x10, 0x05, 0xff, 0xeb,
    0xbe, 0xfe, 0x30, 0x00, 0x02, 0x9d, 0xfe, 0xc8, 0x10, 0x00, 0x00, 0x00, 0x00, 0x01, 0x77, 0x20,
    0x00, 0x00, 0x00, 0x02, 0xde, 0x50, 0x00, 0x00, 0x00, 0x02, 0xdc, 0x20, 0x00, 0x00, 0x00, 0x00,
    0x00, 0x00, 0x00, 0x00, 0x00, 0x00, 0x00, 0x00, 0x00, 0x00, 0x00, 0xff, 0x00, 0x00, 0x00, 0x02,
    0xfc, 0x0f, 0xf0, 0x00, 0x00, 0x00, 0x2f, 0xc0, 0xff, 0x00, 0x00, 0x00, 0x02, 0xfc, 0x0f, 0xf0,
    0x00, 0x00, 0x00, 0x2f, 0xc0, 0xff, 0x00, 0x00, 0x00, 0x02, 0xfc, 0x0f, 0xf0, 0x00, 0x00, 0x00,
    0x2f, 0xc0, 0xff, 0x00, 0x00, 0x00, 0x02, 0xfc, 0x0f, 0xf0, 0x00, 0x00, 0x00, 0x2f, 0xc0, 0xff,
    0x00, 0x00, 0x00, 0x03, 0xfc, 0x0d, 0xf3, 0x00, 0x00, 0x00, 0x5f, 0xa0, 0x9f, 0x80, 0x00, 0x00,
    0x0b, 0xf6, 0x02, 0xff, 0x60, 0x00, 0x08, 0xfd, 0x10, 0x05, 0xff, 0xeb, 0xbe, 0xfe, 0x30, 0x00,
    0x02, 0x9d, 0xfe, 0xc8, 0x10, 0x00, 0x00, 0x00, 0x02, 0x87, 0x10, 0x00, 0x00, 0x00, 0x02, 0xdc,
    0xdc, 0x10, 0x00, 0x00, 0x03, 0xea, 0x11, 0xcd, 0x20, 0x00, 0x00, 0x00, 0x00, 0x00, 0x00, 0x00,
    0x00, 0x00, 0x00, 0x00, 0x00, 0x00, 0x00, 0xff, 0x00, 0x00, 0x00, 0x02, 0xfc, 0x0f, 0xf0, 0x00,
    0x00, 0x00, 0x2f, 0xc0, 0xff, 0x00, 0x00, 0x00, 0x02, 0xfc, 0x0f, 0xf0, 0x00, 0x00, 0x00, 0x2f,
    0xc0, 0xff, 0x00, 0x00, 0x00, 0x02, 0xfc, 0x0f, 0xf0, 0x00, 0x00, 0x00, 0x2f, 0xc0, 0xff, 0x00,
    0x00, 0x00, 0x02, 0xfc, 0x0f, 0xf0, 0x00, 0x00, 0x00, 0x2f, 0xc0, 0xff, 0x00, 0x00, 0x00, 0x03,
    0xfc, 0x0d, 0xf3, 0x00, 0x00, 0x00, 0x5f, 0xa0, 0x9f, 0x80, 0x00, 0x00, 0x0b, 0xf6, 0x02, 0xff,
    0x60, 0x00, 0x08, 0xfd, 0x10, 0x05, 0xff, 0xeb, 0xbe, 0xfe, 0x30, 0x00, 0x02, 0x9d, 0xfe, 0xc8,
    0x10, 0x00, 0x00, 0x00, 0x78, 0x01, 0x95, 0x00, 0x00, 0x00, 0x0b, 0xd0, 0x2d, 0x90, 0x00, 0x00,
    0x00, 0x00, 0x00, 0x00, 0x00, 0x00, 0x00, 0x00, 0x00, 0x00, 0x00, 0x00, 0x0f, 0xf0, 0x00, 0x00,
    0x00, 0x2f, 0xc0, 0xff, 0x00, 0x00, 0x00, 0x02, 0xfc, 0x0f, 0xf0, 0x00, 0x00, 0x00, 0x2f, 0xc0,
    0xff, 0x00, 0x00, 0x00, 0x02, 0xfc, 0x0f, 0xf0, 0x00, 0x00, 0x00, 0x2f, 0xc0, 0xff, 0x00, 0x00,
    0x00, 0x02, 0xfc, 0x0f, 0xf0, 0x00, 0x00, 0x00, 0x2f, 0xc0, 0xff, 0x00, 0x00, 0x00, 0x02, 0xfc,
    0x0f, 0xf0, 0x00, 0x00, 0x00, 0x3f, 0xc0, 0xdf, 0x30, 0x00, 0x00, 0x05, 0xfa, 0x09, 0xf8, 0x00,
    0x00, 0x00, 0xbf, 0x60, 0x2f, 0xf6, 0x00, 0x00, 0x8f, 0xd1, 0x00, 0x5f, 0xfe, 0xbb, 0xef, 0xe3,
    0x00, 0x00, 0x29, 0xdf, 0xec, 0x81, 0x00, 0x00, 0x00, 0x00, 0x00, 0x48, 0x60, 0x00, 0x00, 0x00,
    0x00, 0x06, 0xfb, 0x10, 0x00, 0x00, 0x00, 0x00, 0x7f, 0x70, 0x00, 0x00, 0x00, 0x00, 0x00, 0x00,
    0x00, 0x00, 0x00, 0x00, 0x00, 0x00, 0x00, 0x00, 0x00, 0x00, 0x0c, 0xf5, 0x00, 0x00, 0x00, 0x04,
    0xfb, 0x03, 0xfe, 0x10, 0x00, 0x00, 0x0d, 0xf2, 0x00, 0x8f, 0x90, 0x00, 0x00, 0x7f, 0x80, 0x00,
    0x1d, 0xf3, 0x00, 0x02, 0xed, 0x00, 0x00, 0x05, 0xfc, 0x00, 0x0a, 0xf4, 0x00, 0x00, 0x00, 0xbf,
    0x60, 0x4f, 0xa0, 0x00, 0x00, 0x00, 0x2f, 0xe2, 0xde, 0x20, 0x00, 0x00, 0x00, 0x08, 0xfd, 0xf7,
    0x00, 0x00, 0x00, 0x00, 0x01, 0xdf, 0xd0, 0x00, 0x00, 0x00, 0x00, 0x00, 0x8f, 0x70, 0x00, 0x00,
    0x00, 0x00, 0x00, 0x8f, 0x70, 0x00, 0x00, 0x00, 0x00, 0x00, 0x8f, 0x70, 0x00, 0x00, 0x00, 0x00,
    0x00, 0x8f, 0x70, 0x00, 0x00, 0x00, 0x00, 0x00, 0x8f, 0x70, 0x00, 0x00, 0xef, 0x10, 0x00, 0x00,
    0x00, 0x00, 0xef, 0xbb, 0xbb, 0xa7, 0x20, 0x00, 0xef, 0xff, 0xff, 0xff, 0xf8, 0x00, 0xef, 0x10,
    0x00, 0x26, 0xef, 0x80, 0xef, 0x10, 0x00, 0x00, 0x3f, 0xf1, 0xef, 0x10, 0x00, 0x00, 0x0b, 0xf5,
    0xef, 0x10, 0x00, 0x00, 0x0a, 0xf6, 0xef, 0x10, 0x00, 0x00, 0x0b, 0xf5, 0xef, 0x10, 0x00, 0x00,
    0x3f, 0xf1, 0xef, 0x10, 0x00, 0x26, 0xef, 0x80, 0xef, 0xff, 0xff, 0xff, 0xf9, 0x00, 0xef, 0xbb,
    0xbb, 0xa7, 0x20, 0x00, 0xef, 0x10, 0x00, 0x00, 0x00, 0x00, 0xef, 0x10, 0x00, 0x00, 0x00, 0x00,
    0x00, 0x18, 0xde, 0xeb, 0x50, 0x00, 0x01, 0xdf, 0xec, 0xcf, 0xf9, 0x00, 0x09, 0xfa, 0x10, 0x02,
    0xdf, 0x30, 0x0e, 0xe1, 0x00, 0x00, 0x7f, 0x70, 0x2f, 0xc0, 0x00, 0x00, 0x8f, 0x60, 0x3f, 0xb0,
    0x00, 0x04, 0xee, 0x10, 0x3f, 0xb0, 0x07, 0xdf, 0xe3, 0x00, 0x3f, 0xb0, 0x09, 0xff, 0xfd, 0x30,
    0x3f, 0xb0, 0x00, 0x02, 0x8f, 0xe1, 0x3f, 0xb0, 0x00, 0x00, 0x09, 0xf7, 0x3f, 0xb0, 0x00, 0x00,
    0x05, 0xf9, 0x3f, 0xb0, 0x00, 0x00, 0x07, 0xf8, 0x3f, 0xb0, 0x00, 0x00, 0x3e, 0xf4, 0x3f, 0xb0,
    0x4d, 0xbc, 0xff, 0x90, 0x3f, 0xb0, 0x4d, 0xfe, 0xb5, 0x00, 0x04, 0x86, 0x00, 0x00, 0x00, 0x00,
    0x8f, 0xa0, 0x00, 0x00, 0x00, 0x04, 0xeb, 0x10, 0x00, 0x00, 0x00, 0x00, 0x00, 0x00, 0x04, 0xad,
    0xfe, 0xb4, 0x00, 0x7f, 0xfc, 0xbd, 0xff, 0x50, 0x27, 0x10, 0x00, 0x5f, 0xd0, 0x00, 0x00, 0x00,
    0x0c, 0xf2, 0x02, 0x8a, 0xbb, 0xbe, 0xf3, 0x4f, 0xff, 0xff, 0xff, 0xf3, 0xcf, 0x81, 0x00, 0x0b,
    0xf3, 0xfe, 0x00, 0x00, 0x0c, 0xf3, 0xdf, 0x40, 0x00, 0x7f, 0xf3, 0x6f, 0xfc, 0xbe, 0xfc, 0xf3,
    0x05, 0xce, 0xeb, 0x39, 0xf3, 0x00, 0x00, 0x02, 0x77, 0x10, 0x00, 0x00, 0x2d, 0xd4, 0x00, 0x00,
    0x03, 0xeb, 0x10, 0x00, 0x00, 0x00, 0x00, 0x00, 0x00, 0x04, 0xad, 0xfe, 0xb4, 0x00, 0x7f, 0xfc,
    0xbd, 0xff, 0x50, 0x27, 0x10, 0x00, 0x5f, 0xd0, 0x00, 0x00, 0x00, 0x0c, 0xf2, 0x02, 0x8a, 0xbb,
    0xbe, 0xf3, 0x4f, 0xff, 0xff, 0xff, 0xf3, 0xcf, 0x81, 0x00, 0x0b, 0xf3, 0xfe, 0x00, 0x00, 0x0c,
    0xf3, 0xdf, 0x40, 0x00, 0x7f, 0xf3, 0x6f, 0xfc, 0xbe, 0xfc, 0xf3, 0x05, 0xce, 0xeb, 0x39, 0xf3,
    0x00, 0x03, 0x87, 0x00, 0x00, 0x00, 0x3e, 0xce, 0xb1, 0x00, 0x04, 0xe9, 0x02, 0xcc, 0x10, 0x00,
    0x00, 0x00, 0x00, 0x00, 0x04, 0xad, 0xfe, 0xb4, 0x00, 0x7f, 0xfc, 0xbd, 0xff, 0x50, 0x27, 0x10,
    0x00, 0x5f, 0xd0, 0x00, 0x00, 0x00, 0x0c, 0xf2, 0x02, 0x8a, 0xbb, 0xbe, 0xf3, 0x4f, 0xff, 0xff,
    0xff, 0xf3, 0xcf, 0x81, 0x00, 0x0b, 0xf3, 0xfe, 0x00, 0x00, 0x0c, 0xf3, 0xdf, 0x40, 0x00, 0x7f,
    0xf3, 0x6f, 0xfc, 0xbe, 0xfc, 0xf3, 0x05, 0xce, 0xeb, 0x39, 0xf3, 0x01, 0xbe, 0xb3, 0x2f, 0x10,
    0x07, 0xb1, 0x6d, 0xe7, 0x00, 0x00, 0x00, 0x00, 0x00, 0x00, 0x00, 0x00, 0x00, 0x00, 0x00, 0x04,
    0xad, 0xfe, 0xb4, 0x00, 0x7f, 0xfc, 0xbd, 0xff, 0x50, 0x27, 0x10, 0x00, 0x5f, 0xd0, 0x00, 0x00,
    0x00, 0x0c, 0xf2, 0x02, 0x8a, 0xbb, 0xbe, 0xf3, 0x4f, 0xff, 0xff, 0xff, 0xf3, 0xcf, 0x81, 0x00,
    0x0b, 0xf3, 0xfe, 0x00, 0x00, 0x0c, 0xf3, 0xdf, 0x40, 0x00, 0x7f, 0xf3, 0x6f, 0xfc, 0xbe, 0xfc,
    0xf3, 0x05, 0xce, 0xeb, 0x39, 0xf3, 0x00, 0x87, 0x01, 0x94, 0x00, 0x00, 0xcb, 0x03, 0xe7, 0x00,
    0x00, 0x00, 0x00, 0x00, 0x00, 0x00, 0x00, 0x00, 0x00, 0x00, 0x04, 0xad, 0xfe, 0xb4, 0x00, 0x7f,
    0xfc, 0xbd, 0xff, 0x50, 0x27, 0x10, 0x00, 0x5f, 0xd0, 0x00, 0x00, 0x00, 0x0c, 0xf2, 0x02, 0x8a,
    0xbb, 0xbe, 0xf3, 0x4f, 0xff, 0xff, 0xff, 0xf3, 0xcf, 0x81, 0x00, 0x0b, 0xf3, 0xfe, 0x00, 0x00,
    0x0c, 0xf3, 0xdf, 0x40, 0x00, 0x7f, 0xf3, 0x6f, 0xfc, 0xbe, 0xfc, 0xf3, 0x05, 0xce, 0xeb, 0x39,
    0xf3, 0x00, 0x07, 0xec, 0x20, 0x00, 0x00, 0x3c, 0x15, 0xc0, 0x00, 0x00, 0x58, 0x00, 0xe0, 0x00,
    0x00, 0x3c, 0x15, 0xc0, 0x00, 0x00, 0x07, 0xec, 0x30, 0x00, 0x00, 0x00, 0x00, 0x00, 0x00, 0x04,
    0xad, 0xfe, 0xb4, 0x00, 0x7f, 0xfc, 0xbd, 0xff, 0x50, 0x27, 0x10, 0x00, 0x5f, 0xd0, 0x00, 0x00,
    0x00, 0x0c, 0xf2, 0x02, 0x8a, 0xbb, 0xbe, 0xf3, 0x4f, 0xff, 0xff, 0xff, 0xf3, 0xcf, 0x81, 0x00,
    0x0b, 0xf3, 0xfe, 0x00, 0x00, 0x0c, 0xf3, 0xdf, 0x40, 0x00, 0x7f, 0xf3, 0x6f, 0xfc, 0xbe, 0xfc,
    0xf3, 0x05, 0xce, 0xeb, 0x39, 0xf3, 0x04, 0xad, 0xfe, 0xb4, 0x01, 0x8d, 0xfd, 0xa3, 0x00, 0x7f,
    0xfc, 0xbd, 0xff, 0x6d, 0xfe, 0xbd, 0xff, 0x60, 0x17, 0x10, 0x00, 0x5f, 0xff, 0x60, 0x00, 0x3d,
    0xf3, 0x00, 0x00, 0x00, 0x0c, 0xf8, 0x00, 0x00, 0x04, 0xf9, 0x02, 0x8a, 0xbb, 0xbe, 0xfc, 0xbb,
    0xbb, 0xbb, 0xfd, 0x4f, 0xff, 0xff, 0xff, 0xff, 0xff, 0xff, 0xff, 0xfe, 0xcf, 0x71, 0x00, 0x0b,
    0xf6, 0x00, 0x00, 0x00, 0x00, 0xfe, 0x00, 0x00, 0x0d, 0xfb, 0x00, 0x00, 0x00, 0x00, 0xdf, 0x40,
    0x00, 0x8f, 0xff, 0x91, 0x00, 0x08, 0x90, 0x6f, 0xfc, 0xbe, 0xfc, 0x2d, 0xfe, 0xcb, 0xef, 0xd1,
    0x04, 0xbe, 0xec, 0x70, 0x01, 0x7c, 0xee, 0xc7, 0x10, 0x00, 0x03, 0xad, 0xfd, 0x92, 0x00, 0x07,
    0xff, 0xdb, 0xef, 0xe3, 0x04, 0xfe, 0x40, 0x00, 0x7f, 0x60, 0xcf, 0x50, 0x00, 0x00, 0x10, 0x1f,
    0xe0, 0x00, 0x00, 0x00, 0x02, 0xfc, 0x00, 0x00, 0x00, 0x00, 0x1f, 0xe0, 0x00, 0x00, 0x00, 0x00,
    0xcf, 0x50, 0x00, 0x00, 0x10, 0x04, 0xfe, 0x40, 0x00, 0x6e, 0x60, 0x07, 0xff, 0xdb, 0xdf, 0xe3,
    0x00, 0x03, 0xad, 0xfd, 0x92, 0x00, 0x00, 0x00, 0x75, 0x00, 0x00, 0x00, 0x00, 0x0e, 0xb3, 0x00,
    0x00, 0x00, 0x00, 0x09, 0xd0, 0x00, 0x00, 0x00, 0x30, 0x9d, 0x00, 0x00, 0x00, 0x2d, 0xfc, 0x40,
    0x00, 0x00, 0x17, 0x71, 0x00, 0x00, 0x00, 0x00, 0x04, 0xed, 0x20, 0x00, 0x00, 0x00, 0x00, 0x1b,
    0xe3, 0x00, 0x00, 0x00, 0x00, 0x00, 0x00, 0x00, 0x00, 0x00, 0x04, 0xbe, 0xec, 0x70, 0x00, 0x00,
    0x8f, 0xfc, 0xce, 0xfc, 0x10, 0x05, 0xfb, 0x20, 0x01, 0x8f, 0x90, 0x0c, 0xf1, 0x00, 0x00, 0x0b,
    0xf1, 0x1f, 0xeb, 0xbb, 0xbb, 0xbd, 0xf5, 0x2f, 0xff, 0xff, 0xff, 0xff, 0xf6, 0x1f, 0xe0, 0x00,
    0x00, 0x00, 0x00, 0x0c, 0xf5, 0x00, 0x00, 0x00, 0x00, 0x05, 0xfe, 0x50, 0x00, 0x3c, 0x20, 0x00,
    0x7f, 0xfd, 0xbc, 0xff, 0x60, 0x00, 0x03, 0xad, 0xfe, 0xa4, 0x00, 0x00, 0x00, 0x00, 0x07, 0x83,
    0x00, 0x00, 0x00, 0x00, 0xaf, 0x70, 0x00, 0x00, 0x00, 0x1b, 0xd3, 0x00, 0x00, 0x00, 0x00, 0x00,
    0x00, 0x00, 0x00, 0x00, 0x04, 0xbe, 0xec, 0x70, 0x00, 0x00, 0x8f, 0xfc, 0xce, 0xfc, 0x10, 0x05,
    0xfb, 0x20, 0x01, 0x8f, 0x90, 0x0c, 0xf1, 0x00, 0x00, 0x0b, 0xf1, 0x1f, 0xeb, 0xbb, 0xbb, 0xbd,
    0xf5, 0x2f, 0xff, 0xff, 0xff, 0xff, 0xf6, 0x1f, 0xe0, 0x00, 0x00, 0x00, 0x00, 0x0c, 0xf5, 0x00,
    0x00, 0x00, 0x00, 0x05, 0xfe, 0x50, 0x00, 0x3c, 0x20, 0x00, 0x7f, 0xfd, 0xbc, 0xff, 0x60, 0x00,
    0x03, 0xad, 0xfe, 0xa4, 0x00, 0x00, 0x00, 0x17, 0x82, 0x00, 0x00, 0x00, 0x01, 0xce, 0xce, 0x30,
    0x00, 0x00, 0x1c, 0xc2, 0x09, 0xe4, 0x00, 0x00, 0x00, 0x00, 0x00, 0x00, 0x00, 0x00, 0x04, 0xbe,
    0xec, 0x70, 0x00, 0x00, 0x8f, 0xfc, 0xce, 0xfc, 0x10, 0x05, 0xfb, 0x20, 0x01, 0x8f, 0x90, 0x0c,
    0xf1, 0x00, 0x00, 0x0b, 0xf1, 0x1f, 0xeb, 0xbb, 0xbb, 0xbd, 0xf5, 0x2f, 0xff, 0xff, 0xff, 0xff,
    0xf6, 0x1f, 0xe0, 0x00, 0x00, 0x00, 0x00, 0x0c, 0xf5, 0x00, 0x00, 0x00, 0x00, 0x05, 0xfe, 0x50,
    0x00, 0x3c, 0x20, 0x00, 0x7f, 0xfd, 0xbc, 0xff, 0x60, 0x00, 0x03, 0xad, 0xfe, 0xa4, 0x00, 0x00,
    0x05, 0x91, 0x08, 0x80, 0x00, 0x00, 0x08, 0xe2, 0x0c, 0xc0, 0x00, 0x00, 0x00, 0x00, 0x00, 0x00,
    0x00, 0x00, 0x00, 0x00, 0x00, 0x00, 0x00, 0x00, 0x04, 0xbe, 0xec, 0x70, 0x00, 0x00, 0x8f, 0xfc,
    0xce, 0xfc, 0x10, 0x05, 0xfb, 0x20, 0x01, 0x8f, 0x90, 0x0c, 0xf1, 0x00, 0x00, 0x0b, 0xf1, 0x1f,
    0xeb, 0xbb, 0xbb, 0xbd, 0xf5, 0x2f, 0xff, 0xff, 0xff, 0xff, 0xf6, 0x1f, 0xe0, 0x00, 0x00, 0x00,
    0x00, 0x0c, 0xf5, 0x00, 0x00, 0x00, 0x00, 0x05, 0xfe, 0x50, 0x00, 0x3c, 0x20, 0x00, 0x7f, 0xfd,
    0xbc, 0xff, 0x60, 0x00, 0x03, 0xad, 0xfe, 0xa4, 0x00, 0x48, 0x60, 0x00, 0x08, 0xf9, 0x00, 0x00,
    0x4e, 0xb1, 0x00, 0x00, 0x00, 0x00, 0x3f, 0xb0, 0x00, 0x3f, 0xb0, 0x00, 0x3f, 0xb0, 0x00, 0x3f,
    0xb0, 0x00, 0x3f, 0xb0, 0x00, 0x3f, 0xb0, 0x00, 0x3f, 0xb0, 0x00, 0x3f, 0xb0, 0x00, 0x3f, 0xb0,
    0x00, 0x3f, 0xb0, 0x00, 0x3f, 0xb0, 0x00, 0x28, 0x71, 0x03, 0xed, 0x30, 0x4e, 0xa1, 0x00, 0x00,
    0x00, 0x00, 0x3f, 0xb0, 0x00, 0x3f, 0xb0, 0x00, 0x3f, 0xb0, 0x00, 0x3f, 0xb0, 0x00, 0x3f, 0xb0,
    0x00, 0x3f, 0xb0, 0x00, 0x3f, 0xb0, 0x00, 0x3f, 0xb0, 0x00, 0x3f, 0xb0, 0x00, 0x3f, 0xb0, 0x00,
    0x3f, 0xb0, 0x00, 0x00, 0x8f, 0xe3, 0x00, 0x7f, 0x6b, 0xd2, 0x17, 0x40, 0x17, 0x50, 0x00, 0x00,
    0x00, 0x00, 0x3f, 0xb0, 0x00, 0x03, 0xfb, 0x00, 0x00, 0x3f, 0xb0, 0x00, 0x03, 0xfb, 0x00, 0x00,
    0x3f, 0xb0, 0x00, 0x03, 0xfb, 0x00, 0x00, 0x3f, 0xb0, 0x00, 0x03, 0xfb, 0x00, 0x00, 0x3f, 0xb0,
    0x00, 0x03, 0xfb, 0x00, 0x00, 0x3f, 0xb0, 0x00, 0x7e, 0x39, 0xd1, 0x49, 0x25, 0x91, 0x00, 0x00,
    0x00, 0x00, 0x00, 0x00, 0x03, 0xfb, 0x00, 0x03, 0xfb, 0x00, 0x03, 0xfb, 0x00, 0x03, 0xfb, 0x00,
    0x03, 0xfb, 0x00, 0x03, 0xfb, 0x00, 0x03, 0xfb, 0x00, 0x03, 0xfb, 0x00, 0x03, 0xfb, 0x00, 0x03,
    0xfb, 0x00, 0x03, 0xfb, 0x00, 0x01, 0xad, 0xef, 0xd9, 0x22, 0x70, 0x00, 0xfd, 0xcb, 0xef, 0xff,
    0xf2, 0x00, 0x20, 0x05, 0xcf, 0xff, 0x70, 0x00, 0x18, 0xef, 0xb5, 0x3e, 0xe1, 0x00, 0x3e, 0x92,
    0x00, 0x08, 0xf7, 0x00, 0x00, 0x00, 0x00, 0x04, 0xfa, 0x00, 0x17, 0xce, 0xeb, 0x41, 0xfd, 0x01,
    0xdf, 0xec, 0xbe, 0xf6, 0xfe, 0x0a, 0xfb, 0x10, 0x00, 0x8f, 0xfd, 0x0f, 0xe1, 0x00, 0x00, 0x0c,
    0xfc, 0x2f, 0xc0, 0x00, 0x00, 0x09, 0xf9, 0x0f, 0xe1, 0x00, 0x00, 0x0c, 0xf4, 0x0a, 0xfb, 0x10,
    0x01, 0x9f, 0xb0, 0x01, 0xdf, 0xec, 0xce, 0xfc, 0x10, 0x00, 0x18, 0xce, 0xec, 0x61, 0x00, 0x00,
    0x1b, 0xeb, 0x32, 0xe2, 0x00, 0x06, 0xb1, 0x5d, 0xe7, 0x00, 0x00, 0x00, 0x00, 0x00, 0x00, 0x00,
    0x00, 0x00, 0x00, 0x00, 0x00, 0x3f, 0xa2, 0xae, 0xfd, 0x91, 0x03, 0xfc, 0xef, 0xcc, 0xef, 0xd1,
    0x3f, 0xfc, 0x20, 0x02, 0xcf, 0x73, 0xff, 0x20, 0x00, 0x04, 0xfb, 0x3f, 0xd0, 0x00, 0x00, 0x2f,
    0xd3, 0xfb, 0x00, 0x00, 0x01, 0xfd, 0x3f, 0xb0, 0x00, 0x00, 0x1f, 0xd3, 0xfb, 0x00, 0x00, 0x01,
    0xfd, 0x3f, 0xb0, 0x00, 0x00, 0x1f, 0xd3, 0xfb, 0x00, 0x00, 0x01, 0xfd, 0x3f, 0xb0, 0x00, 0x00,
    0x1f, 0xd0, 0x00, 0x17, 0x83, 0x00, 0x00, 0x00, 0x00, 0x02, 0xce, 0x40, 0x00, 0x00, 0x00, 0x00,
    0x09, 0xf5, 0x00, 0x00, 0x00, 0x00, 0x00, 0x00, 0x00, 0x00, 0x00, 0x04, 0xae, 0xfd, 0x92, 0x00,
    0x00, 0x7f, 0xfd, 0xbe, 0xfe, 0x40, 0x05, 0xfe, 0x40, 0x00, 0x7f, 0xe1, 0x0c, 0xf5, 0x00, 0x00,
    0x09, 0xf7, 0x1f, 0xe0, 0x00, 0x00, 0x03, 0xfb, 0x2f, 0xc0, 0x00, 0x00, 0x02, 0xfc, 0x1f, 0xe0,
    0x00, 0x00, 0x03, 0xfb, 0x0c, 0xf5, 0x00, 0x00, 0x09, 0xf7, 0x05, 0xfe, 0x40, 0x00, 0x7f, 0xe1,
    0x00, 0x7f, 0xfd, 0xbe, 0xfe, 0x40, 0x00, 0x04, 0xae, 0xfd, 0x92, 0x00, 0x00, 0x00, 0x00, 0x05,
    0x85, 0x00, 0x00, 0x00, 0x00, 0x8f, 0x91, 0x00, 0x00, 0x00, 0x09, 0xe5, 0x00, 0x00, 0x00, 0x00,
    0x00, 0x00, 0x00, 0x00, 0x00, 0x04, 0xae, 0xfd, 0x92, 0x00, 0x00, 0x7f, 0xfd, 0xbe, 0xfe, 0x40,
    0x05, 0xfe, 0x40, 0x00, 0x7f, 0xe1, 0x0c, 0xf5, 0x00, 0x00, 0x09, 0xf7, 0x1f, 0xe0, 0x00, 0x00,
    0x03, 0xfb, 0x2f, 0xc0, 0x00, 0x00, 0x02, 0xfc, 0x1f, 0xe0, 0x00, 0x00, 0x03, 0xfb, 0x0c, 0xf5,
    0x00, 0x00, 0x09, 0xf7, 0x05, 0xfe, 0x40, 0x00, 0x7f, 0xe1, 0x00, 0x7f, 0xfd, 0xbe, 0xfe, 0x40,
    0x00, 0x04, 0xae, 0xfd, 0x92, 0x00, 0x00, 0x00, 0x06, 0x84, 0x00, 0x00, 0x00, 0x00, 0x9f, 0xbf,
    0x50, 0x00, 0x00, 0x0a, 0xe3, 0x07, 0xf6, 0x00, 0x00, 0x00, 0x00, 0x00, 0x00, 0x00, 0x00, 0x04,
    0xae, 0xfd, 0x92, 0x00, 0x00, 0x7f, 0xfd, 0xbe, 0xfe, 0x40, 0x05, 0xfe, 0x40, 0x00, 0x7f, 0xe1,
    0x0c, 0xf5, 0x00, 0x00, 0x09, 0xf7, 0x1f, 0xe0, 0x00, 0x00, 0x03, 0xfb, 0x2f, 0xc0, 0x00, 0x00,
    0x02, 0xfc, 0x1f, 0xe0, 0x00, 0x00, 0x03, 0xfb, 0x0c, 0xf5, 0x00, 0x00, 0x09, 0xf7, 0x05, 0xfe,
    0x40, 0x00, 0x7f, 0xe1, 0x00, 0x7f, 0xfd, 0xbe, 0xfe, 0x40, 0x00, 0x04, 0xae, 0xfd, 0x92, 0x00,
    0x00, 0x05, 0xed, 0x71, 0x99, 0x00, 0x00, 0x0e, 0x42, 0xae, 0xc2, 0x00, 0x00, 0x00, 0x00, 0x00,
    0x00, 0x00, 0x00, 0x00, 0x00, 0x00, 0x00, 0x00, 0x00, 0x04, 0xae, 0xfd, 0x92, 0x00, 0x00, 0x7f,
    0xfd, 0xbe, 0xfe, 0x40, 0x05, 0xfe, 0x40, 0x00, 0x7f, 0xe1, 0x0c, 0xf5, 0x00, 0x00, 0x09, 0xf7,
    0x1f, 0xe0, 0x00, 0x00, 0x03, 0xfb, 0x2f, 0xc0, 0x00, 0x00, 0x02, 0xfc, 0x1f, 0xe0, 0x00, 0x00,
    0x03, 0xfb, 0x0c, 0xf5, 0x00, 0x00, 0x09, 0xf7, 0x05, 0xfe, 0x40, 0x00, 0x7f, 0xe1, 0x00, 0x7f,
    0xfd, 0xbe, 0xfe, 0x40, 0x00, 0x04, 0xae, 0xfd, 0x92, 0x00, 0x00, 0x03, 0x93, 0x05, 0x91, 0x00,
    0x00, 0x05, 0xe5, 0x09, 0xd2, 0x00, 0x00, 0x00, 0x00, 0x00, 0x00, 0x00, 0x00, 0x00, 0x00, 0x00,
    0x00, 0x00, 0x00, 0x04, 0xae, 0xfd, 0x92, 0x00, 0x00, 0x7f, 0xfd, 0xbe, 0xfe, 0x40, 0x05, 0xfe,
    0x40, 0x00, 0x7f, 0xe1, 0x0c, 0xf5, 0x00, 0x00, 0x09, 0xf7, 0x1f, 0xe0, 0x00, 0x00, 0x03, 0xfb,
    0x2f, 0xc0, 0x00, 0x00, 0x02, 0xfc, 0x1f, 0xe0, 0x00, 0x00, 0x03, 0xfb, 0x0c, 0xf5, 0x00, 0x00,
    0x09, 0xf7, 0x05, 0xfe, 0x40, 0x00, 0x7f, 0xe1, 0x00, 0x7f, 0xfd, 0xbe, 0xfe, 0x40, 0x00, 0x04,
    0xae, 0xfd, 0x92, 0x00, 0x00, 0x00, 0x10, 0x00, 0x00, 0x00, 0x03, 0xfc, 0x00, 0x00, 0x00, 0x02,
    0xeb, 0x00, 0x00, 0x00, 0x00, 0x00, 0x00, 0x00, 0x00, 0x00, 0x00, 0x00, 0x00, 0xaf, 0xff, 0xff,
    0xff, 0xf4, 0x7b, 0xbb, 0xbb, 0xbb, 0xb3, 0x00, 0x00, 0x00, 0x00, 0x00, 0x00, 0x00, 0x10, 0x00,
    0x00, 0x00, 0x03, 0xfc, 0x00, 0x00, 0x00, 0x02, 0xea, 0x00, 0x00, 0x00, 0x00, 0x00, 0x00, 0x00,
    0x71, 0x00, 0x00, 0x00, 0x00, 0x07, 0xa0, 0x00, 0x04, 0xae, 0xfd, 0xbf, 0x20, 0x00, 0x7f, 0xfd,
    0xbe, 0xff, 0x40, 0x05, 0xfe, 0x40, 0x07, 0xff, 0xe1, 0x0c, 0xf5, 0x00, 0x2e, 0x29, 0xf7, 0x1f,
    0xe0, 0x00, 0xb6, 0x03, 0xfb, 0x2f, 0xc0, 0x06, 0xc0, 0x02, 0xfc, 0x1f, 0xe0, 0x2e, 0x20, 0x03,
    0xfb, 0x0c, 0xf5, 0xb7, 0x00, 0x09, 0xf7, 0x05, 0xff, 0xf0, 0x00, 0x7f, 0xe1, 0x00, 0x9f, 0xfd,
    0xbe, 0xfe, 0x40, 0x00, 0xac, 0xae, 0xfd, 0x92, 0x00, 0x05, 0xd0, 0x00, 0x00, 0x00, 0x00, 0x00,
    0x58, 0x60, 0x00, 0x00, 0x00, 0x00, 0x9f, 0x90, 0x00, 0x00, 0x00, 0x00, 0x5e, 0xa0, 0x00, 0x00,
    0x00, 0x00, 0x00, 0x00, 0x00, 0x4f, 0xa0, 0x00, 0x00, 0x3f, 0xb4, 0xfa, 0x00, 0x00, 0x03, 0xfb,
    0x4f, 0xa0, 0x00, 0x00, 0x3f, 0xb4, 0xfa, 0x00, 0x00, 0x03, 0xfb, 0x4f, 0xa0, 0x00, 0x00, 0x3f,
    0xb4, 0xfa, 0x00, 0x00, 0x03, 0xfb, 0x4f, 0xa0, 0x00, 0x00, 0x5f, 0xb2, 0xfd, 0x00, 0x00, 0x09,
    0xfb, 0x0d, 0xf8, 0x00, 0x06, 0xff, 0xb0, 0x5f, 0xfd, 0xbd, 0xfb, 0xfb, 0x00, 0x3b, 0xef, 0xc6,
    0x2f, 0xb0, 0x00, 0x00, 0x00, 0x38, 0x71, 0x00, 0x00, 0x00, 0x3e, 0xd3, 0x00, 0x00, 0x00, 0x4e,
    0xa1, 0x00, 0x00, 0x00, 0x00, 0x00, 0x00, 0x00, 0x4f, 0xa0, 0x00, 0x00, 0x3f, 0xb4, 0xfa, 0x00,
    0x00, 0x03, 0xfb, 0x4f, 0xa0, 0x00, 0x00, 0x3f, 0xb4, 0xfa, 0x00, 0x00, 0x03, 0xfb, 0x4f, 0xa0,
    0x00, 0x00, 0x3f, 0xb4, 0xfa, 0x00, 0x00, 0x03, 0xfb, 0x4f, 0xa0, 0x00, 0x00, 0x5f, 0xb2, 0xfd,
    0x00, 0x00, 0x09, 0xfb, 0x0d, 0xf8, 0x00, 0x06, 0xff, 0xb0, 0x5f, 0xfd, 0xbd, 0xfb, 0xfb, 0x00,
    0x3b, 0xef, 0xc6, 0x2f, 0xb0, 0x00, 0x00, 0x48, 0x70, 0x00, 0x00, 0x00, 0x4f, 0xbe, 0xa0, 0x00,
    0x00, 0x5f, 0x80, 0x3d, 0xb1, 0x00, 0x00, 0x00, 0x00, 0x00, 0x00, 0x4f, 0xa0, 0x00, 0x00, 0x3f,
    0xb4, 0xfa, 0x00, 0x00, 0x03, 0xfb, 0x4f, 0xa0, 0x00, 0x00, 0x3f, 0xb4, 0xfa, 0x00, 0x00, 0x03,
    0xfb, 0x4f, 0xa0, 0x00, 0x00, 0x3f, 0xb4, 0xfa, 0x00, 0x00, 0x03, 0xfb, 0x4f, 0xa0, 0x00, 0x00,
    0x5f, 0xb2, 0xfd, 0x00, 0x00, 0x09, 0xfb, 0x0d, 0xf8, 0x00, 0x06, 0xff, 0xb0, 0x5f, 0xfd, 0xbd,
    0xfb, 0xfb, 0x00, 0x3b, 0xef, 0xc6, 0x2f, 0xb0, 0x00, 0x09, 0x60, 0x29, 0x30, 0x00, 0x01, 0xda,
    0x04, 0xe6, 0x00, 0x00, 0x00, 0x00, 0x00, 0x00, 0x00, 0x00, 0x00, 0x00, 0x00, 0x00, 0x4f, 0xa0,
    0x00, 0x00, 0x3f, 0xb4, 0xfa, 0x00, 0x00, 0x03, 0xfb, 0x4f, 0xa0, 0x00, 0x00, 0x3f, 0xb4, 0xfa,
    0x00, 0x00, 0x03, 0xfb, 0x4f, 0xa0, 0x00, 0x00, 0x3f, 0xb4, 0xfa, 0x00, 0x00, 0x03, 0xfb, 0x4f,
    0xa0, 0x00, 0x00, 0x5f, 0xb2, 0xfd, 0x00, 0x00, 0x09, 0xfb, 0x0d, 0xf8, 0x00, 0x06, 0xff, 0xb0,
    0x5f, 0xfd, 0xbd, 0xfb, 0xfb, 0x00, 0x3b, 0xef, 0xc6, 0x2f, 0xb0, 0x00, 0x00, 0x00, 0x06, 0x85,
    0x00, 0x00, 0x00, 0x00, 0x08, 0xf9, 0x00, 0x00, 0x00, 0x00, 0x09, 0xe5, 0x00, 0x00, 0x00, 0x00,
    0x00, 0x00, 0x00, 0x00, 0x00, 0x0c, 0xf2, 0x00, 0x00, 0x00, 0xde, 0x10, 0x6f, 0x90, 0x00, 0x00,
    0x5f, 0x80, 0x01, 0xee, 0x10, 0x00, 0x0b, 0xf2, 0x00, 0x08, 0xf7, 0x00, 0x02, 0xfb, 0x00, 0x00,
    0x2f, 0xd0, 0x00, 0x9f, 0x40, 0x00, 0x00, 0xaf, 0x40, 0x1e, 0xd0, 0x00, 0x00, 0x04, 0xfb, 0x06,
    0xf6, 0x00, 0x00, 0x00, 0x0c, 0xf2, 0xce, 0x10, 0x00, 0x00, 0x00, 0x6f, 0xcf, 0x80, 0x00, 0x00,
    0x00, 0x01, 0xef, 0xf2, 0x00, 0x00, 0x00, 0x00, 0x08, 0xfa, 0x00, 0x00, 0x00, 0x00, 0x00, 0xaf,
    0x40, 0x00, 0x00, 0x04, 0x00, 0x3f, 0xc0, 0x00, 0x00, 0x03, 0xfd, 0xbf, 0xf3, 0x00, 0x00, 0x00,
    0x19, 0xde, 0xc4, 0x00, 0x00, 0x00, 0x00, 0x3f, 0xb0, 0x00, 0x00, 0x00, 0x00, 0x3f, 0xb0, 0x00,
    0x00, 0x00, 0x00, 0x3f, 0xb0, 0x00, 0x00, 0x00, 0x00, 0x3f, 0xb0, 0x00, 0x00, 0x00, 0x00, 0x3f,
    0xb2, 0x9d, 0xfd, 0x92, 0x00, 0x3f, 0xde, 0xfd, 0xbe, 0xfe, 0x40, 0x3f, 0xfd, 0x30, 0x00, 0x8f,
    0xe1, 0x3f, 0xf4, 0x00, 0x00, 0x0a, 0xf7, 0x3f, 0xd0, 0x00, 0x00, 0x04, 0xfa, 0x3f, 0xb0, 0x00,
    0x00, 0x03, 0xfc, 0x3f, 0xd0, 0x00, 0x00, 0x04, 0xfa, 0x3f, 0xf3, 0x00, 0x00, 0x0a, 0xf7, 0x3f,
    0xfd, 0x30, 0x00, 0x8f, 0xe1, 0x3f, 0xdd, 0xfc, 0xbe, 0xfe, 0x40, 0x3f, 0xb1, 0x9d, 0xfd, 0x92,
    0x00, 0x3f, 0xb0, 0x00, 0x00, 0x00, 0x00, 0x3f, 0xb0, 0x00, 0x00, 0x00, 0x00, 0x3f, 0xb0, 0x00,
    0x00, 0x00, 0x00, 0x3f, 0xb0, 0x00, 0x00, 0x00, 0x00, 0x00, 0x03, 0x92, 0x06, 0x90, 0x00, 0x00,
    0x00, 0x6e, 0x40, 0x9d, 0x10, 0x00, 0x00, 0x00, 0x00, 0x00, 0x00, 0x00, 0x00, 0x00, 0x00, 0x00,
    0x00, 0x00, 0x00, 0x0c, 0xf2, 0x00, 0x00, 0x00, 0xde, 0x10, 0x6f, 0x90, 0x00, 0x00, 0x5f, 0x80,
    0x01, 0xee, 0x10, 0x00, 0x0b, 0xf2, 0x00, 0x08, 0xf7, 0x00, 0x02, 0xfb, 0x00, 0x00, 0x2f, 0xd0,
    0x00, 0x9f, 0x40, 0x00, 0x00, 0xaf, 0x40, 0x1e, 0xd0, 0x00, 0x00, 0x04, 0xfb, 0x06, 0xf6, 0x00,
    0x00, 0x00, 0x0c, 0xf2, 0xce, 0x10, 0x00, 0x00, 0x00, 0x6f, 0xcf, 0x80, 0x00, 0x00, 0x00, 0x01,
    0xef, 0xf2, 0x00, 0x00, 0x00, 0x00, 0x08, 0xfa, 0x00, 0x00, 0x00, 0x00, 0x00, 0xaf, 0x40, 0x00,
    0x00, 0x04, 0x00, 0x3f, 0xc0, 0x00, 0x00, 0x03, 0xfd, 0xbf, 0xf3, 0x00, 0x00, 0x00, 0x19, 0xde,
    0xc4, 0x00, 0x00, 0x00, 0x00, 0x00, 0x00, 0xab, 0xbb, 0xbb, 0x60, 0x00, 0x00, 0x00, 0x0e, 0xff,
    0xff, 0xf9, 0x00, 0x00, 0x00, 0x00, 0x00, 0x00, 0x00, 0x00, 0x00, 0x00, 0x00, 0x00, 0x00, 0x00,
    0x00, 0x00, 0x00, 0x00, 0x00, 0x00, 0xdf, 0x80, 0x00, 0x00, 0x00, 0x00, 0x00, 0x6f, 0xfe, 0x10,
    0x00, 0x00, 0x00, 0x00, 0x0c, 0xf9, 0xf6, 0x00, 0x00, 0x00, 0x00, 0x04, 0xfa, 0x1f, 0xd0, 0x00,
    0x00, 0x00, 0x00, 0xbf, 0x40, 0xaf, 0x50, 0x00, 0x00, 0x00, 0x3f, 0xc0, 0x03, 0xfc, 0x00, 0x00,
    0x00, 0x09, 0xf5, 0x00, 0x0c, 0xf4, 0x00, 0x00, 0x02, 0xfe, 0x00, 0x00, 0x5f, 0xb0, 0x00, 0x00,
    0x8f, 0x70, 0x00, 0x00, 0xdf, 0x20, 0x00, 0x1e, 0xff, 0xff, 0xff, 0xff, 0xf9, 0x00, 0x07, 0xfc,
    0xaa, 0xaa, 0xaa, 0xaf, 0xf1, 0x00, 0xdf, 0x30, 0x00, 0x00, 0x00, 0x9f, 0x80, 0x5f, 0xb0, 0x00,
    0x00, 0x00, 0x02, 0xfe, 0x1c, 0xf4, 0x00, 0x00, 0x00, 0x00, 0x0a, 0xf6, 0x05, 0xbb, 0xbb, 0xbb,
    0x10, 0x07, 0xff, 0xff, 0xff, 0x10, 0x00, 0x00, 0x00, 0x00, 0x00, 0x00, 0x00, 0x00, 0x00, 0x00,
    0x04, 0xad, 0xfe, 0xb4, 0x00, 0x7f, 0xfc, 0xbd, 0xff, 0x50, 0x27, 0x10, 0x00, 0x5f, 0xd0, 0x00,
    0x00, 0x00, 0x0c, 0xf2, 0x02, 0x8a, 0xbb, 0xbe, 0xf3, 0x4f, 0xff, 0xff, 0xff, 0xf3, 0xcf, 0x81,
    0x00, 0x0b, 0xf3, 0xfe, 0x00, 0x00, 0x0c, 0xf3, 0xdf, 0x40, 0x00, 0x7f, 0xf3, 0x6f, 0xfc, 0xbe,
    0xfc, 0xf3, 0x05, 0xce, 0xeb, 0x39, 0xf3, 0x00, 0x00, 0xc7, 0x00, 0x0d, 0x70, 0x00, 0x00, 0x00,
    0x07, 0xe3, 0x17, 0xe2, 0x00, 0x00, 0x00, 0x00, 0x07, 0xde, 0xc3, 0x00, 0x00, 0x00, 0x00, 0x00,
    0x00, 0x00, 0x00, 0x00, 0x00, 0x00, 0x00, 0x00, 0x00, 0x00, 0x00, 0x00, 0x00, 0x00, 0x00, 0x0d,
    0xf8, 0x00, 0x00, 0x00, 0x00, 0x00, 0x06, 0xff, 0xe1, 0x00, 0x00, 0x00, 0x00, 0x00, 0xcf, 0x9f,
    0x60, 0x00, 0x00, 0x00, 0x00, 0x4f, 0xa1, 0xfd, 0x00, 0x00, 0x00, 0x00, 0x0b, 0xf4, 0x0a, 0xf5,
    0x00, 0x00, 0x00, 0x03, 0xfc, 0x00, 0x3f, 0xc0, 0x00, 0x00, 0x00, 0x9f, 0x50, 0x00, 0xcf, 0x40,
    0x00, 0x00, 0x2f, 0xe0, 0x00, 0x05, 0xfb, 0x00, 0x00, 0x08, 0xf7, 0x00, 0x00, 0x0d, 0xf2, 0x00,
    0x01, 0xef, 0xff, 0xff, 0xff, 0xff, 0x90, 0x00, 0x7f, 0xca, 0xaa, 0xaa, 0xaa, 0xff, 0x10, 0x0d,
    0xf3, 0x00, 0x00, 0x00, 0x09, 0xf8, 0x05, 0xfb, 0x00, 0x00, 0x00, 0x00, 0x2f, 0xe1, 0xcf, 0x40,
    0x00, 0x00, 0x00, 0x00, 0xaf, 0x60, 0x05, 0xe0, 0x00, 0x5e, 0x00, 0x01, 0xe9, 0x13, 0xd9, 0x00,
    0x00, 0x3b, 0xed, 0x80, 0x00, 0x00, 0x00, 0x00, 0x00, 0x00, 0x04, 0xad, 0xfe, 0xb4, 0x00, 0x7f,
    0xfc, 0xbd, 0xff, 0x50, 0x27, 0x10, 0x00, 0x5f, 0xd0, 0x00, 0x00, 0x00, 0x0c, 0xf2, 0x02, 0x8a,
    0xbb, 0xbe, 0xf3, 0x4f, 0xff, 0xff, 0xff, 0xf3, 0xcf, 0x81, 0x00, 0x0b, 0xf3, 0xfe, 0x00, 0x00,
    0x0c, 0xf3, 0xdf, 0x40, 0x00, 0x7f, 0xf3, 0x6f, 0xfc, 0xbe, 0xfc, 0xf3, 0x05, 0xce, 0xeb, 0x39,
    0xf3, 0x00, 0x00, 0x00, 0xdf, 0x80, 0x00, 0x00, 0x00, 0x00, 0x00, 0x06, 0xff, 0xe1, 0x00, 0x00,
    0x00, 0x00, 0x00, 0x0c, 0xf9, 0xf6, 0x00, 0x00, 0x00, 0x00, 0x00, 0x4f, 0xa1, 0xfd, 0x00, 0x00,
    0x00, 0x00, 0x00, 0xbf, 0x40, 0xaf, 0x50, 0x00, 0x00, 0x00, 0x03, 0xfc, 0x00, 0x3f, 0xc0, 0x00,
    0x00, 0x00, 0x09, 0xf5, 0x00, 0x0c, 0xf4, 0x00, 0x00, 0x00, 0x2f, 0xe0, 0x00, 0x05, 0xfb, 0x00,
    0x00, 0x00, 0x8f, 0x70, 0x00, 0x00, 0xdf, 0x20, 0x00, 0x01, 0xef, 0xff, 0xff, 0xff, 0xff, 0x90,
    0x00, 0x07, 0xfc, 0xaa, 0xaa, 0xaa, 0xaf, 0xf1, 0x00, 0x0d, 0xf3, 0x00, 0x00, 0x00, 0x09, 0xf8,
    0x00, 0x5f, 0xb0, 0x00, 0x00, 0x00, 0x02, 0xfe, 0x10, 0xcf, 0x40, 0x00, 0x00, 0x00, 0x00, 0xff,
    0xa0, 0x00, 0x00, 0x00, 0x00, 0x00, 0x07, 0xe3, 0x00, 0x00, 0x00, 0x00, 0x00, 0x00, 0x0f, 0x60,
    0x00, 0x00, 0x00, 0x00, 0x00, 0x00, 0x0e, 0x80, 0x20, 0x00, 0x00, 0x00, 0x00, 0x00, 0x05, 0xdf,
    0xc0, 0x04, 0xad, 0xfe, 0xb4, 0x00, 0x7f, 0xfc, 0xbd, 0xff, 0x50, 0x27, 0x10, 0x00, 0x5f, 0xd0,
    0x00, 0x00, 0x00, 0x0c, 0xf2, 0x02, 0x8a, 0xbb, 0xbe, 0xf3, 0x4f, 0xff, 0xff, 0xff, 0xf3, 0xcf,
    0x81, 0x00, 0x0b, 0xf3, 0xfe, 0x00, 0x00, 0x0c, 0xf3, 0xdf, 0x40, 0x00, 0x7f, 0xf3, 0x6f, 0xfc,
    0xbe, 0xfc, 0xf3, 0x05, 0xce, 0xeb, 0x5f, 0xf4, 0x00, 0x00, 0x01, 0xda, 0x10, 0x00, 0x00, 0x06,
    0xe0, 0x00, 0x00, 0x00, 0x06, 0xe2, 0x11, 0x00, 0x00, 0x01, 0xae, 0xe6, 0x00, 0x00, 0x00, 0x00,
    0x06, 0x84, 0x00, 0x00, 0x00, 0x00, 0x00, 0xaf, 0x80, 0x00, 0x00, 0x00, 0x00, 0x1b, 0xe4, 0x00,
    0x00, 0x00, 0x00, 0x00, 0x00, 0x00, 0x00, 0x00, 0x00, 0x00, 0x00, 0x00, 0x00, 0x00, 0x00, 0x00,
    0x00, 0x17, 0xce, 0xfe, 0xb6, 0x00, 0x00, 0x05, 0xef, 0xfd, 0xbd, 0xff, 0xc2, 0x00, 0x5f, 0xf8,
    0x10, 0x00, 0x2a, 0xf5, 0x02, 0xff, 0x50, 0x00, 0x00, 0x00, 0x20, 0x08, 0xf9, 0x00, 0x00, 0x00,
    0x00, 0x00, 0x0d, 0xf3, 0x00, 0x00, 0x00, 0x00, 0x00, 0x0f, 0xf0, 0x00, 0x00, 0x00, 0x00, 0x00,
    0x0f, 0xf0, 0x00, 0x00, 0x00, 0x00, 0x00, 0x0d, 0xf3, 0x00, 0x00, 0x00, 0x00, 0x00, 0x08, 0xf9,
    0x00, 0x00, 0x00, 0x00, 0x00, 0x02, 0xff, 0x50, 0x00, 0x00, 0x00, 0x20, 0x00, 0x5f, 0xf8, 0x10,
    0x00, 0x2a, 0xf5, 0x00, 0x05, 0xef, 0xfc, 0xbc, 0xff, 0xc2, 0x00, 0x00, 0x17, 0xce, 0xfe, 0xb5,
    0x00, 0x00, 0x00, 0x00, 0x07, 0x83, 0x00, 0x00, 0x00, 0x1b, 0xf6, 0x00, 0x00, 0x00, 0x1c, 0xd3,
    0x00, 0x00, 0x00, 0x00, 0x00, 0x00, 0x00, 0x00, 0x03, 0xad, 0xfd, 0x92, 0x00, 0x07, 0xff, 0xdb,
    0xef, 0xe3, 0x04, 0xfe, 0x40, 0x00, 0x7f, 0x60, 0xcf, 0x50, 0x00, 0x00, 0x10, 0x1f, 0xe0, 0x00,
    0x00, 0x00, 0x02, 0xfc, 0x00, 0x00, 0x00, 0x00, 0x1f, 0xe0, 0x00, 0x00, 0x00, 0x00, 0xcf, 0x50,
    0x00, 0x00, 0x10, 0x04, 0xfe, 0x40, 0x00, 0x6e, 0x60, 0x07, 0xff, 0xdb, 0xdf, 0xe3, 0x00, 0x03,
    0xad, 0xfd, 0x92, 0x00, 0x00, 0x00, 0x00, 0x07, 0x83, 0x00, 0x00, 0x00, 0x00, 0x01, 0xbe, 0xce,
    0x40, 0x00, 0x00, 0x00, 0x1c, 0xd2, 0x08, 0xe4, 0x00, 0x00, 0x00, 0x00, 0x00, 0x00, 0x00, 0x00,
    0x00, 0x00, 0x00, 0x00, 0x00, 0x00, 0x00, 0x00, 0x00, 0x17, 0xce, 0xfe, 0xb6, 0x00, 0x00, 0x05,
    0xef, 0xfd, 0xbd, 0xff, 0xc2, 0x00, 0x5f, 0xf8, 0x10, 0x00, 0x2a, 0xf5, 0x02, 0xff, 0x50, 0x00,
    0x00, 0x00, 0x20, 0x08, 0xf9, 0x00, 0x00, 0x00, 0x00, 0x00, 0x0d, 0xf3, 0x00, 0x00, 0x00, 0x00,
    0x00, 0x0f, 0xf0, 0x00, 0x00, 0x00, 0x00, 0x00, 0x0f, 0xf0, 0x00, 0x00, 0x00, 0x00, 0x00, 0x0d,
    0xf3, 0x00, 0x00, 0x00, 0x00, 0x00, 0x08, 0xf9, 0x00, 0x00, 0x00, 0x00, 0x00, 0x02, 0xff, 0x50,
    0x00, 0x00, 0x00, 0x20, 0x00, 0x5f, 0xf8, 0x10, 0x00, 0x2a, 0xf5, 0x00, 0x05, 0xef, 0xfc, 0xbc,
    0xff, 0xc2, 0x00, 0x00, 0x17, 0xce, 0xfe, 0xb5, 0x00, 0x00, 0x00, 0x17, 0x72, 0x00, 0x00, 0x00,
    0x1c, 0xdd, 0xd2, 0x00, 0x00, 0x2d, 0xb1, 0x1a, 0xe3, 0x00, 0x00, 0x00, 0x00, 0x00, 0x00, 0x00,
    0x03, 0xad, 0xfd, 0x92, 0x00, 0x07, 0xff, 0xdb, 0xef, 0xe3, 0x04, 0xfe, 0x40, 0x00, 0x7f, 0x60,
    0xcf, 0x50, 0x00, 0x00, 0x10, 0x1f, 0xe0, 0x00, 0x00, 0x00, 0x02, 0xfc, 0x00, 0x00, 0x00, 0x00,
    0x1f, 0xe0, 0x00, 0x00, 0x00, 0x00, 0xcf, 0x50, 0x00, 0x00, 0x10, 0x04, 0xfe, 0x40, 0x00, 0x6e,
    0x60, 0x07, 0xff, 0xdb, 0xdf, 0xe3, 0x00, 0x03, 0xad, 0xfd, 0x92, 0x00, 0x00, 0x00, 0x00, 0x00,
    0x10, 0x00, 0x00, 0x00, 0x00, 0x00, 0x0c, 0xf4, 0x00, 0x00, 0x00, 0x00, 0x00, 0x0a, 0xe3, 0x00,
    0x00, 0x00, 0x00, 0x00, 0x00, 0x00, 0x00, 0x00, 0x00, 0x00, 0x00, 0x00, 0x00, 0x00, 0x00, 0x00,
    0x00, 0x17, 0xce, 0xfe, 0xb6, 0x00, 0x00, 0x05, 0xef, 0xfd, 0xbd, 0xff, 0xc2, 0x00, 0x5f, 0xf8,
    0x10, 0x00, 0x2a, 0xf5, 0x02, 0xff, 0x50, 0x00, 0x00, 0x00, 0x20, 0x08, 0xf9, 0x00, 0x00, 0x00,
    0x00, 0x00, 0x0d, 0xf3, 0x00, 0x00, 0x00, 0x00, 0x00, 0x0f, 0xf0, 0x00, 0x00, 0x00, 0x00, 0x00,
    0x0f, 0xf0, 0x00, 0x00, 0x00, 0x00, 0x00, 0x0d, 0xf3, 0x00, 0x00, 0x00, 0x00, 0x00, 0x08, 0xf9,
    0x00, 0x00, 0x00, 0x00, 0x00, 0x02, 0xff, 0x50, 0x00, 0x00, 0x00, 0x20, 0x00, 0x5f, 0xf8, 0x10,
    0x00, 0x2a, 0xf5, 0x00, 0x05, 0xef, 0xfc, 0xbc, 0xff, 0xc2, 0x00, 0x00, 0x17, 0xce, 0xfe, 0xb5,
    0x00, 0x00, 0x00, 0x01, 0x10, 0x00, 0x00, 0x00, 0x01, 0xee, 0x20, 0x00, 0x00, 0x00, 0x0c, 0xd1,
    0x00, 0x00, 0x00, 0x00, 0x00, 0x00, 0x00, 0x00, 0x00, 0x00, 0x00, 0x00, 0x00, 0x00, 0x3a, 0xdf,
    0xd9, 0x20, 0x00, 0x7f, 0xfd, 0xbe, 0xfe, 0x30, 0x4f, 0xe4, 0x00, 0x07, 0xf6, 0x0c, 0xf5, 0x00,
    0x00, 0x01, 0x01, 0xfe, 0x00, 0x00, 0x00, 0x00, 0x2f, 0xc0, 0x00, 0x00, 0x00, 0x01, 0xfe, 0x00,
    0x00, 0x00, 0x00, 0x0c, 0xf5, 0x00, 0x00, 0x01, 0x00, 0x4f, 0xe4, 0x00, 0x06, 0xe6, 0x00, 0x7f,
    0xfd, 0xbd, 0xfe, 0x30, 0x00, 0x3a, 0xdf, 0xd9, 0x20, 0x00, 0x00, 0x17, 0x50, 0x02, 0x74, 0x00,
    0x00, 0x00, 0x05, 0xf9, 0x4e, 0xb0, 0x00, 0x00, 0x00, 0x00, 0x4e, 0xfa, 0x00, 0x00, 0x00, 0x00,
    0x00, 0x00, 0x00, 0x00, 0x00, 0x00, 0x00, 0x00, 0x00, 0x00, 0x00, 0x00, 0x00, 0x00, 0x17, 0xce,
    0xfe, 0xb6, 0x00, 0x00, 0x05, 0xef, 0xfd, 0xbd, 0xff, 0xc2, 0x00, 0x5f, 0xf8, 0x10, 0x00, 0x2a,
    0xf5, 0x02, 0xff, 0x50, 0x00, 0x00, 0x00, 0x20, 0x08, 0xf9, 0x00, 0x00, 0x00, 0x00, 0x00, 0x0d,
    0xf3, 0x00, 0x00, 0x00, 0x00, 0x00, 0x0f, 0xf0, 0x00, 0x00, 0x00, 0x00, 0x00, 0x0f, 0xf0, 0x00,
    0x00, 0x00, 0x00, 0x00, 0x0d, 0xf3, 0x00, 0x00, 0x00, 0x00, 0x00, 0x08, 0xf9, 0x00, 0x00, 0x00,
    0x00, 0x00, 0x02, 0xff, 0x50, 0x00, 0x00, 0x00, 0x20, 0x00, 0x5f, 0xf8, 0x10, 0x00, 0x2a, 0xf5,
    0x00, 0x05, 0xef, 0xfc, 0xbc, 0xff, 0xc2, 0x00, 0x00, 0x17, 0xce, 0xfe, 0xb5, 0x00, 0x00, 0x27,
    0x40, 0x03, 0x83, 0x00, 0x00, 0x7f, 0x76, 0xf9, 0x00, 0x00, 0x00, 0x6f, 0xf8, 0x00, 0x00, 0x00,
    0x00, 0x00, 0x00, 0x00, 0x00, 0x03, 0xad, 0xfd, 0x92, 0x00, 0x07, 0xff, 0xdb, 0xef, 0xe3, 0x04,
    0xfe, 0x40, 0x00, 0x7f, 0x60, 0xcf, 0x50, 0x00, 0x00, 0x10, 0x1f, 0xe0, 0x00, 0x00, 0x00, 0x02,
    0xfc, 0x00, 0x00, 0x00, 0x00, 0x1f, 0xe0, 0x00, 0x00, 0x00, 0x00, 0xcf, 0x50, 0x00, 0x00, 0x10,
    0x04, 0xfe, 0x40, 0x00, 0x6e, 0x60, 0x07, 0xff, 0xdb, 0xdf, 0xe3, 0x00, 0x03, 0xad, 0xfd, 0x92,
    0x00, 0x00, 0x67, 0x10, 0x06, 0x60, 0x00, 0x00, 0x00, 0x2d, 0xc3, 0xbe, 0x30, 0x00, 0x00, 0x00,
    0x01, 0xcf, 0xd2, 0x00, 0x00, 0x00, 0x00, 0x00, 0x00, 0x00, 0x00, 0x00, 0x00, 0x00, 0x00, 0x00,
    0x00, 0x00, 0x00, 0x00, 0xef, 0xff, 0xff, 0xed, 0x94, 0x00, 0x00, 0xef, 0xbb, 0xbb, 0xce, 0xff,
    0xb1, 0x00, 0xef, 0x10, 0x00, 0x00, 0x4c, 0xfd, 0x10, 0xef, 0x10, 0x00, 0x00, 0x00, 0xbf, 0xa0,
    0xef, 0x10, 0x00, 0x00, 0x00, 0x1f, 0xf2, 0xef, 0x10, 0x00, 0x00, 0x00, 0x0a, 0xf6, 0xef, 0x10,
    0x00, 0x00, 0x00, 0x07, 0xf8, 0xef, 0x10, 0x00, 0x00, 0x00, 0x08, 0xf7, 0xef, 0x10, 0x00, 0x00,
    0x00, 0x0a, 0xf6, 0xef, 0x10, 0x00, 0x00, 0x00, 0x1e, 0xf2, 0xef, 0x10, 0x00, 0x00, 0x00, 0xbf,
    0xa0, 0xef, 0x10, 0x00, 0x00, 0x4c, 0xfd, 0x10, 0xef, 0xbb, 0xbb, 0xce, 0xff, 0xb2, 0x00, 0xef,
    0xff, 0xff, 0xed, 0xa4, 0x00, 0x00, 0x00, 0x00, 0x00, 0x00, 0x00, 0x00, 0x06, 0xf2, 0x00, 0x00,
    0x00, 0x00, 0x01, 0xfc, 0x06, 0xf1, 0x00, 0x00, 0x00, 0x00, 0x01, 0xfc, 0x06, 0xf0, 0x00, 0x00,
    0x00, 0x00, 0x01, 0xfc, 0x06, 0xf0, 0x00, 0x00, 0x00, 0x00, 0x01, 0xfc, 0x00, 0x00, 0x00, 0x05,
    0xbe, 0xec, 0x62, 0xfc, 0x00, 0x00, 0x00, 0x8f, 0xfd, 0xbe, 0xfb, 0xfc, 0x00, 0x00, 0x05, 0xfe,
    0x40, 0x00, 0x7f, 0xfc, 0x00, 0x00, 0x0c, 0xf5, 0x00, 0x00, 0x09, 0xfc, 0x00, 0x00, 0x1f, 0xe0,
    0x00, 0x00, 0x03, 0xfc, 0x00, 0x00, 0x2f, 0xc0, 0x00, 0x00, 0x02, 0xfc, 0x00, 0x00, 0x1f, 0xe0,
    0x00, 0x00, 0x03, 0xfc, 0x00, 0x00, 0x0c, 0xf5, 0x00, 0x00, 0x09, 0xfc, 0x00, 0x00, 0x05, 0xfe,
    0x40, 0x00, 0x7f, 0xfc, 0x00, 0x00, 0x00, 0x8f, 0xfd, 0xbe, 0xfa, 0xfc, 0x00, 0x00, 0x00, 0x05,
    0xbe, 0xfc, 0x60, 0xfc, 0x00, 0x00, 0x00, 0xbf, 0xff, 0xff, 0xed, 0xa5, 0x00, 0x00, 0x00, 0xbf,
    0xcb, 0xbb, 0xcd, 0xff, 0xc2, 0x00, 0x00, 0xbf, 0x40, 0x00, 0x00, 0x3b, 0xfe, 0x20, 0x00, 0xbf,
    0x40, 0x00, 0x00, 0x00, 0x9f, 0xc0, 0x00, 0xbf, 0x40, 0x00, 0x00, 0x00, 0x0d, 0xf4, 0x8b, 0xff,
    0xfb, 0xbb, 0x20, 0x00, 0x08, 0xf8, 0xcf, 0xff, 0xff, 0xff, 0x30, 0x00, 0x05, 0xfa, 0x00, 0xbf,
    0x40, 0x00, 0x00, 0x00, 0x05, 0xfa, 0x00, 0xbf, 0x40, 0x00, 0x00, 0x00, 0x08, 0xf8, 0x00, 0xbf,
    0x40, 0x00, 0x00, 0x00, 0x0d, 0xf4, 0x00, 0xbf, 0x40, 0x00, 0x00, 0x00, 0x9f, 0xc0, 0x00, 0xbf,
    0x40, 0x00, 0x00, 0x3b, 0xfe, 0x20, 0x00, 0xbf, 0xcb, 0xbb, 0xcd, 0xff, 0xc3, 0x00, 0x00, 0xbf,
    0xff, 0xff, 0xed, 0xa5, 0x00, 0x00, 0x00, 0x00, 0x00, 0x00, 0x01, 0xfc, 0x00, 0x00, 0x00, 0x03,
    0xbb, 0xbc, 0xff, 0xb7, 0x00, 0x00, 0x04, 0xff, 0xff, 0xff, 0xfa, 0x00, 0x00, 0x00, 0x00, 0x01,
    0xfc, 0x00, 0x00, 0x05, 0xbe, 0xec, 0x62, 0xfc, 0x00, 0x00, 0x8f, 0xfd, 0xbe, 0xfb, 0xfc, 0x00,
    0x05, 0xfe, 0x40, 0x00, 0x7f, 0xfc, 0x00, 0x0c, 0xf5, 0x00, 0x00, 0x09, 0xfc, 0x00, 0x1f, 0xe0,
    0x00, 0x00, 0x03, 0xfc, 0x00, 0x2f, 0xc0, 0x00, 0x00, 0x02, 0xfc, 0x00, 0x1f, 0xe0, 0x00, 0x00,
    0x03, 0xfc, 0x00, 0x0c, 0xf5, 0x00, 0x00, 0x09, 0xfc, 0x00, 0x05, 0xfe, 0x40, 0x00, 0x7f, 0xfc,
    0x00, 0x00, 0x8f, 0xfd, 0xbe, 0xfa, 0xfc, 0x00, 0x00, 0x05, 0xbe, 0xfc, 0x60, 0xfc, 0x00, 0x02,
    0xbb, 0xbb, 0xbb, 0x40, 0x00, 0x3f, 0xff, 0xff, 0xf5, 0x00, 0x00, 0x00, 0x00, 0x00, 0x00, 0x00,
    0x00, 0x00, 0x00, 0x00, 0x00, 0xef, 0xff, 0xff, 0xff, 0xff, 0x0e, 0xfb, 0xbb, 0xbb, 0xbb, 0xb0,
    0xef, 0x10, 0x00, 0x00, 0x00, 0x0e, 0xf1, 0x00, 0x00, 0x00, 0x00, 0xef, 0x10, 0x00, 0x00, 0x00,
    0x0e, 0xf1, 0x00, 0x00, 0x00, 0x00, 0xef, 0xff, 0xff, 0xff, 0xf2, 0x0e, 0xfb, 0xbb, 0xbb, 0xbb,
    0x10, 0xef, 0x10, 0x00, 0x00, 0x00, 0x0e, 0xf1, 0x00, 0x00, 0x00, 0x00, 0xef, 0x10, 0x00, 0x00,
    0x00, 0x0e, 0xf1, 0x00, 0x00, 0x00, 0x00, 0xef, 0xbb, 0xbb, 0xbb, 0xbb, 0x3e, 0xff, 0xff, 0xff,
    0xff, 0xf4, 0x00, 0x1b, 0xbb, 0xbb, 0xb4, 0x00, 0x00, 0x2f, 0xff, 0xff, 0xf6, 0x00, 0x00, 0x00,
    0x00, 0x00, 0x00, 0x00, 0x00, 0x00, 0x00, 0x00, 0x00, 0x00, 0x00, 0x04, 0xbe, 0xec, 0x70, 0x00,
    0x00, 0x8f, 0xfc, 0xce, 0xfc, 0x10, 0x05, 0xfb, 0x20, 0x01, 0x8f, 0x90, 0x0c, 0xf1, 0x00, 0x00,
    0x0b, 0xf1, 0x1f, 0xeb, 0xbb, 0xbb, 0xbd, 0xf5, 0x2f, 0xff, 0xff, 0xff, 0xff, 0xf6, 0x1f, 0xe0,
    0x00, 0x00, 0x00, 0x00, 0x0c, 0xf5, 0x00, 0x00, 0x00, 0x00, 0x05, 0xfe, 0x50, 0x00, 0x3c, 0x20,
    0x00, 0x7f, 0xfd, 0xbc, 0xff, 0x60, 0x00, 0x03, 0xad, 0xfe, 0xa4, 0x00, 0x01, 0xf3, 0x00, 0x1f,
    0x30, 0x00, 0x0b, 0xb2, 0x1a, 0xc0, 0x00, 0x00, 0x19, 0xee, 0xa2, 0x00, 0x00, 0x00, 0x00, 0x00,
    0x00, 0x00, 0x00, 0x00, 0x00, 0x00, 0x00, 0x0e, 0xff, 0xff, 0xff, 0xff, 0xf0, 0xef, 0xbb, 0xbb,
    0xbb, 0xbb, 0x0e, 0xf1, 0x00, 0x00, 0x00, 0x00, 0xef, 0x10, 0x00, 0x00, 0x00, 0x0e, 0xf1, 0x00,
    0x00, 0x00, 0x00, 0xef, 0x10, 0x00, 0x00, 0x00, 0x0e, 0xff, 0xff, 0xff, 0xff, 0x20, 0xef, 0xbb,
    0xbb, 0xbb, 0xb1, 0x0e, 0xf1, 0x00, 0x00, 0x00, 0x00, 0xef, 0x10, 0x00, 0x00, 0x00, 0x0e, 0xf1,
    0x00, 0x00, 0x00, 0x00, 0xef, 0x10, 0x00, 0x00, 0x00, 0x0e, 0xfb, 0xbb, 0xbb, 0xbb, 0xb3, 0xef,
    0xff, 0xff, 0xff, 0xff, 0x40, 0x00, 0x0f, 0x40, 0x01, 0xf4, 0x00, 0x00, 0x0a, 0xc2, 0x19, 0xd1,
    0x00, 0x00, 0x01, 0x9e, 0xeb, 0x20, 0x00, 0x00, 0x00, 0x00, 0x00, 0x00, 0x00, 0x00, 0x04, 0xbe,
    0xec, 0x70, 0x00, 0x00, 0x8f, 0xfc, 0xce, 0xfc, 0x10, 0x05, 0xfb, 0x20, 0x01, 0x8f, 0x90, 0x0c,
    0xf1, 0x00, 0x00, 0x0b, 0xf1, 0x1f, 0xeb, 0xbb, 0xbb, 0xbd, 0xf5, 0x2f, 0xff, 0xff, 0xff, 0xff,
    0xf6, 0x1f, 0xe0, 0x00, 0x00, 0x00, 0x00, 0x0c, 0xf5, 0x00, 0x00, 0x00, 0x00, 0x05, 0xfe, 0x50,
    0x00, 0x3c, 0x20, 0x00, 0x7f, 0xfd, 0xbc, 0xff, 0x60, 0x00, 0x03, 0xad, 0xfe, 0xa4, 0x00, 0x00,
    0x00, 0x11, 0x00, 0x00, 0x00, 0x00, 0x1e, 0xe2, 0x00, 0x00, 0x00, 0x00, 0xcd, 0x10, 0x00, 0x00,
    0x00, 0x00, 0x00, 0x00, 0x00, 0x00, 0x00, 0x00, 0x00, 0x00, 0x0e, 0xff, 0xff, 0xff, 0xff, 0xf0,
    0xef, 0xbb, 0xbb, 0xbb, 0xbb, 0x0e, 0xf1, 0x00, 0x00, 0x00, 0x00, 0xef, 0x10, 0x00, 0x00, 0x00,
    0x0e, 0xf1, 0x00, 0x00, 0x00, 0x00, 0xef, 0x10, 0x00, 0x00, 0x00, 0x0e, 0xff, 0xff, 0xff, 0xff,
    0x20, 0xef, 0xbb, 0xbb, 0xbb, 0xb1, 0x0e, 0xf1, 0x00, 0x00, 0x00, 0x00, 0xef, 0x10, 0x00, 0x00,
    0x00, 0x0e, 0xf1, 0x00, 0x00, 0x00, 0x00, 0xef, 0x10, 0x00, 0x00, 0x00, 0x0e, 0xfb, 0xbb, 0xbb,
    0xbb, 0xb3, 0xef, 0xff, 0xff, 0xff, 0xff, 0x40, 0x00, 0x00, 0x01, 0x10, 0x00, 0x00, 0x00, 0x00,
    0x0d, 0xf3, 0x00, 0x00, 0x00, 0x00, 0x0b, 0xe2, 0x00, 0x00, 0x00, 0x00, 0x00, 0x00, 0x00, 0x00,
    0x00, 0x00, 0x00, 0x00, 0x00, 0x00, 0x00, 0x04, 0xbe, 0xec, 0x70, 0x00, 0x00, 0x8f, 0xfc, 0xce,
    0xfc, 0x10, 0x05, 0xfb, 0x20, 0x01, 0x8f, 0x90, 0x0c, 0xf1, 0x00, 0x00, 0x0b, 0xf1, 0x1f, 0xeb,
    0xbb, 0xbb, 0xbd, 0xf5, 0x2f, 0xff, 0xff, 0xff, 0xff, 0xf6, 0x1f, 0xe0, 0x00, 0x00, 0x00, 0x00,
    0x0c, 0xf5, 0x00, 0x00, 0x00, 0x00, 0x05, 0xfe, 0x50, 0x00, 0x3c, 0x20, 0x00, 0x7f, 0xfd, 0xbc,
    0xff, 0x60, 0x00, 0x03, 0xad, 0xfe, 0xa4, 0x00, 0xef, 0xff, 0xff, 0xff, 0xff, 0x0e, 0xfb, 0xbb,
    0xbb, 0xbb, 0xb0, 0xef, 0x10, 0x00, 0x00, 0x00, 0x0e, 0xf1, 0x00, 0x00, 0x00, 0x00, 0xef, 0x10,
    0x00, 0x00, 0x00, 0x0e, 0xf1, 0x00, 0x00, 0x00, 0x00, 0xef, 0xff, 0xff, 0xff, 0xf2, 0x0e, 0xfb,
    0xbb, 0xbb, 0xbb, 0x10, 0xef, 0x10, 0x00, 0x00, 0x00, 0x0e, 0xf1, 0x00, 0x00, 0x00, 0x00, 0xef,
    0x10, 0x00, 0x00, 0x00, 0x0e, 0xf1, 0x00, 0x00, 0x00, 0x00, 0xef, 0xbb, 0xbb, 0xbb, 0xbb, 0x3e,
    0xff, 0xff, 0xff, 0xff, 0xf5, 0x00, 0x00, 0x00, 0x1d, 0xa1, 0x00, 0x00, 0x00, 0x06, 0xe1, 0x00,
    0x00, 0x00, 0x00, 0x6f, 0x31, 0x20, 0x00, 0x00, 0x00, 0xae, 0xe6, 0x00, 0x04, 0xbe, 0xec, 0x70,
    0x00, 0x00, 0x8f, 0xfc, 0xce, 0xfc, 0x10, 0x05, 0xfb, 0x20, 0x01, 0x8f, 0x90, 0x0c, 0xf1, 0x00,
    0x00, 0x0b, 0xf1, 0x1f, 0xeb, 0xbb, 0xbb, 0xbd, 0xf5, 0x2f, 0xff, 0xff, 0xff, 0xff, 0xf6, 0x1f,
    0xe0, 0x00, 0x00, 0x00, 0x00, 0x0c, 0xf5, 0x00, 0x00, 0x00, 0x00, 0x05, 0xfe, 0x50, 0x00, 0x3c,
    0x20, 0x00, 0x7f, 0xfd, 0xbc, 0xff, 0x60, 0x00, 0x03, 0xad, 0xff, 0xf5, 0x00, 0x00, 0x00, 0x00,
    0x2e, 0x50, 0x00, 0x00, 0x00, 0x00, 0x8c, 0x00, 0x00, 0x00, 0x00, 0x00, 0x9d, 0x11, 0x10, 0x00,
    0x00, 0x00, 0x2b, 0xee, 0x40, 0x02, 0x74, 0x00, 0x38, 0x30, 0x00, 0x07, 0xf7, 0x6f, 0x90, 0x00,
    0x00, 0x06, 0xff, 0x80, 0x00, 0x00, 0x00, 0x00, 0x00, 0x00, 0x00, 0x00, 0x00, 0x00, 0x00, 0x00,
    0x0e, 0xff, 0xff, 0xff, 0xff, 0xf0, 0xef, 0xbb, 0xbb, 0xbb, 0xbb, 0x0e, 0xf1, 0x00, 0x00, 0x00,
    0x00, 0xef, 0x10, 0x00, 0x00, 0x00, 0x0e, 0xf1, 0x00, 0x00, 0x00, 0x00, 0xef, 0x10, 0x00, 0x00,
    0x00, 0x0e, 0xff, 0xff, 0xff, 0xff, 0x20, 0xef, 0xbb, 0xbb, 0xbb, 0xb1, 0x0e, 0xf1, 0x00, 0x00,
    0x00, 0x00, 0xef, 0x10, 0x00, 0x00, 0x00, 0x0e, 0xf1, 0x00, 0x00, 0x00, 0x00, 0xef, 0x10, 0x00,
    0x00, 0x00, 0x0e, 0xfb, 0xbb, 0xbb, 0xbb, 0xb3, 0xef, 0xff, 0xff, 0xff, 0xff, 0x40, 0x00, 0x17,
    0x50, 0x02, 0x83, 0x00, 0x00, 0x06, 0xf8, 0x5e, 0xa0, 0x00, 0x00, 0x00, 0x5f, 0xf9, 0x00, 0x00,
    0x00, 0x00, 0x00, 0x00, 0x00, 0x00, 0x00, 0x04, 0xbe, 0xec, 0x70, 0x00, 0x00, 0x8f, 0xfc, 0xce,
    0xfc, 0x10, 0x05, 0xfb, 0x20, 0x01, 0x8f, 0x90, 0x0c, 0xf1, 0x00, 0x00, 0x0b, 0xf1, 0x1f, 0xeb,
    0xbb, 0xbb, 0xbd, 0xf5, 0x2f, 0xff, 0xff, 0xff, 0xff, 0xf6, 0x1f, 0xe0, 0x00, 0x00, 0x00, 0x00,
    0x0c, 0xf5, 0x00, 0x00, 0x00, 0x00, 0x05, 0xfe, 0x50, 0x00, 0x3c, 0x20, 0x00, 0x7f, 0xfd, 0xbc,
    0xff, 0x60, 0x00, 0x03, 0xad, 0xfe, 0xa4, 0x00, 0x00, 0x00, 0x00, 0x07, 0x83, 0x00, 0x00, 0x00,
    0x00, 0x01, 0xbe, 0xce, 0x40, 0x00, 0x00, 0x00, 0x1c, 0xd2, 0x09, 0xe4, 0x00, 0x00, 0x00, 0x00,
    0x00, 0x00, 0x00, 0x00, 0x00, 0x00, 0x00, 0x00, 0x00, 0x00, 0x00, 0x00, 0x00, 0x16, 0xbd, 0xfe,
    0xb7, 0x10, 0x00, 0x05, 0xef, 0xfd, 0xbc, 0xff, 0xe4, 0x00, 0x5f, 0xf8, 0x20, 0x00, 0x18, 0xf6,
    0x02, 0xef, 0x50, 0x00, 0x00, 0x00, 0x10, 0x08, 0xf9, 0x00, 0x00, 0x00, 0x00, 0x00, 0x0d, 0xf3,
    0x00, 0x00, 0x00, 0x00, 0x00, 0x0f, 0xf0, 0x00, 0x00, 0x00, 0x00, 0x11, 0x0f, 0xf0, 0x00, 0x00,
    0x00, 0x03, 0xfb, 0x0d, 0xf3, 0x00, 0x00, 0x00, 0x03, 0xfb, 0x08, 0xf9, 0x00, 0x00, 0x00, 0x03,
    0xfb, 0x02, 0xef, 0x50, 0x00, 0x00, 0x03, 0xfb, 0x00, 0x5f, 0xf8, 0x10, 0x00, 0x18, 0xfb, 0x00,
    0x05, 0xef, 0xfd, 0xbd, 0xff, 0xe6, 0x00, 0x00, 0x17, 0xbe, 0xfe, 0xb7, 0x10, 0x00, 0x00, 0x05,
    0x86, 0x00, 0x00, 0x00, 0x00, 0x6f, 0xbf, 0x80, 0x00, 0x00, 0x07, 0xf6, 0x04, 0xe9, 0x00, 0x00,
    0x00, 0x00, 0x00, 0x00, 0x00, 0x00, 0x04, 0xbe, 0xfc, 0x70, 0xde, 0x00, 0x8f, 0xfd, 0xbd, 0xfc,
    0xde, 0x05, 0xfe, 0x40, 0x00, 0x5e, 0xfe, 0x0c, 0xf4, 0x00, 0x00, 0x06, 0xfe, 0x1f, 0xe0, 0x00,
    0x00, 0x01, 0xfe, 0x2f, 0xc0, 0x00, 0x00, 0x00, 0xee, 0x1f, 0xe0, 0x00, 0x00, 0x01, 0xfe, 0x0c,
    0xf5, 0x00, 0x00, 0x07, 0xfe, 0x05, 0xfe, 0x40, 0x00, 0x5f, 0xfe, 0x00, 0x8f, 0xfd, 0xbd, 0xfc,
    0xfe, 0x00, 0x04, 0xbe, 0xfd, 0x71, 0xfd, 0x00, 0x00, 0x00, 0x00, 0x04, 0xfa, 0x01, 0xa4, 0x00,
    0x00, 0x3d, 0xf5, 0x05, 0xff, 0xec, 0xbd, 0xff, 0xa0, 0x00, 0x28, 0xce, 0xfe, 0xb6, 0x00, 0x00,
    0x00, 0x0e, 0x50, 0x00, 0xe5, 0x00, 0x00, 0x00, 0x09, 0xd3, 0x19, 0xe1, 0x00, 0x00, 0x00, 0x00,
    0x8d, 0xeb, 0x30, 0x00, 0x00, 0x00, 0x00, 0x00, 0x00, 0x00, 0x00, 0x00, 0x00, 0x00, 0x00, 0x00,
    0x00, 0x00, 0x00, 0x00, 0x16, 0xbd, 0xfe, 0xb7, 0x10, 0x00, 0x05, 0xef, 0xfd, 0xbc, 0xff, 0xe4,
    0x00, 0x5f, 0xf8, 0x20, 0x00, 0x18, 0xf6, 0x02, 0xef, 0x50, 0x00, 0x00, 0x00, 0x10, 0x08, 0xf9,
    0x00, 0x00, 0x00, 0x00, 0x00, 0x0d, 0xf3, 0x00, 0x00, 0x00, 0x00, 0x00, 0x0f, 0xf0, 0x00, 0x00,
    0x00, 0x00, 0x11, 0x0f, 0xf0, 0x00, 0x00, 0x00, 0x03, 0xfb, 0x0d, 0xf3, 0x00, 0x00, 0x00, 0x03,
    0xfb, 0x08, 0xf9, 0x00, 0x00, 0x00, 0x03, 0xfb, 0x02, 0xef, 0x50, 0x00, 0x00, 0x03, 0xfb, 0x00,
    0x5f, 0xf8, 0x10, 0x00, 0x18, 0xfb, 0x00, 0x05, 0xef, 0xfd, 0xbd, 0xff, 0xe6, 0x00, 0x00, 0x17,
    0xbe, 0xfe, 0xb7, 0x10, 0x00, 0x08, 0xb0, 0x00, 0x9b, 0x00, 0x00, 0x03, 0xf6, 0x14, 0xe5, 0x00,
    0x00, 0x00, 0x4c, 0xed, 0x60, 0x00, 0x00, 0x00, 0x00, 0x00, 0x00, 0x00, 0x00, 0x04, 0xbe, 0xfc,
    0x70, 0xde, 0x00, 0x8f, 0xfd, 0xbd, 0xfc, 0xde, 0x05, 0xfe, 0x40, 0x00, 0x5e, 0xfe, 0x0c, 0xf4,
    0x00, 0x00, 0x06, 0xfe, 0x1f, 0xe0, 0x00, 0x00, 0x01, 0xfe, 0x2f, 0xc0, 0x00, 0x00, 0x00, 0xee,
    0x1f, 0xe0, 0x00, 0x00, 0x01, 0xfe, 0x0c, 0xf5, 0x00, 0x00, 0x07, 0xfe, 0x05, 0xfe, 0x40, 0x00,
    0x5f, 0xfe, 0x00, 0x8f, 0xfd, 0xbd, 0xfc, 0xfe, 0x00, 0x04, 0xbe, 0xfd, 0x71, 0xfd, 0x00, 0x00,
    0x00, 0x00, 0x04, 0xfa, 0x01, 0xa4, 0x00, 0x00, 0x3d, 0xf5, 0x05, 0xff, 0xec, 0xbd, 0xff, 0xa0,
    0x00, 0x28, 0xce, 0xfe, 0xb6, 0x00, 0x00, 0x00, 0x00, 0x00, 0x10, 0x00, 0x00, 0x00, 0x00, 0x00,
    0x0c, 0xf4, 0x00, 0x00, 0x00, 0x00, 0x00, 0x0a, 0xe3, 0x00, 0x00, 0x00, 0x00, 0x00, 0x00, 0x00,
    0x00, 0x00, 0x00, 0x00, 0x00, 0x00, 0x00, 0x00, 0x00, 0x00, 0x00, 0x16, 0xbd, 0xfe, 0xb7, 0x10,
    0x00, 0x05, 0xef, 0xfd, 0xbc, 0xff, 0xe4, 0x00, 0x5f, 0xf8, 0x20, 0x00, 0x18, 0xf6, 0x02, 0xef,
    0x50, 0x00, 0x00, 0x00, 0x10, 0x08, 0xf9, 0x00, 0x00, 0x00, 0x00, 0x00, 0x0d, 0xf3, 0x00, 0x00,
    0x00, 0x00, 0x00, 0x0f, 0xf0, 0x00, 0x00, 0x00, 0x00, 0x11, 0x0f, 0xf0, 0x00, 0x00, 0x00, 0x03,
    0xfb, 0x0d, 0xf3, 0x00, 0x00, 0x00, 0x03, 0xfb, 0x08, 0xf9, 0x00, 0x00, 0x00, 0x03, 0xfb, 0x02,
    0xef, 0x50, 0x00, 0x00, 0x03, 0xfb, 0x00, 0x5f, 0xf8, 0x10, 0x00, 0x18, 0xfb, 0x00, 0x05, 0xef,
    0xfd, 0xbd, 0xff, 0xe6, 0x00, 0x00, 0x17, 0xbe, 0xfe, 0xb7, 0x10, 0x00, 0x00, 0x00, 0x20, 0x00,
    0x00, 0x00, 0x00, 0x07, 0xf9, 0x00, 0x00, 0x00, 0x00, 0x05, 0xe7, 0x00, 0x00, 0x00, 0x00, 0x00,
    0x00, 0x00, 0x00, 0x00, 0x00, 0x00, 0x00, 0x00, 0x00, 0x00, 0x04, 0xbe, 0xfc, 0x70, 0xde, 0x00,
    0x8f, 0xfd, 0xbd, 0xfc, 0xde, 0x05, 0xfe, 0x40, 0x00, 0x5e, 0xfe, 0x0c, 0xf4, 0x00, 0x00, 0x06,
    0xfe, 0x1f, 0xe0, 0x00, 0x00, 0x01, 0xfe, 0x2f, 0xc0, 0x00, 0x00, 0x00, 0xee, 0x1f, 0xe0, 0x00,
    0x00, 0x01, 0xfe, 0x0c, 0xf5, 0x00, 0x00, 0x07, 0xfe, 0x05, 0xfe, 0x40, 0x00, 0x5f, 0xfe, 0x00,
    0x8f, 0xfd, 0xbd, 0xfc, 0xfe, 0x00, 0x04, 0xbe, 0xfd, 0x71, 0xfd, 0x00, 0x00, 0x00, 0x00, 0x04,
    0xfa, 0x01, 0xa4, 0x00, 0x00, 0x3d, 0xf5, 0x05, 0xff, 0xec, 0xbd, 0xff, 0xa0, 0x00, 0x28, 0xce,
    0xfe, 0xb6, 0x00, 0x00, 0x00, 0x16, 0xbd, 0xfe, 0xb7, 0x10, 0x00, 0x05, 0xef, 0xfd, 0xbc, 0xff,
    0xe4, 0x00, 0x5f, 0xf8, 0x20, 0x00, 0x18, 0xf6, 0x02, 0xef, 0x50, 0x00, 0x00, 0x00, 0x10, 0x08,
    0xf9, 0x00, 0x00, 0x00, 0x00, 0x00, 0x0d, 0xf3, 0x00, 0x00, 0x00, 0x00, 0x00, 0x0f, 0xf0, 0x00,
    0x00, 0x00, 0x00, 0x11, 0x0f, 0xf0, 0x00, 0x00, 0x00, 0x03, 0xfb, 0x0d, 0xf3, 0x00, 0x00, 0x00,
    0x03, 0xfb, 0x08, 0xf9, 0x00, 0x00, 0x00, 0x03, 0xfb, 0x02, 0xef, 0x50, 0x00, 0x00, 0x03, 0xfb,
    0x00, 0x5f, 0xf8, 0x10, 0x00, 0x18, 0xfb, 0x00, 0x05, 0xef, 0xfd, 0xbd, 0xff, 0xe6, 0x00, 0x00,
    0x17, 0xbe, 0xfe, 0xb7, 0x10, 0x00, 0x00, 0x00, 0x00, 0x00, 0x00, 0x00, 0x00, 0x00, 0x00, 0x00,
    0x00, 0x00, 0x00, 0x00, 0x00, 0x00, 0x0b, 0xd1, 0x00, 0x00, 0x00, 0x00, 0x00, 0x08, 0xe0, 0x00,
    0x00, 0x00, 0x00, 0x00, 0x09, 0x70, 0x00, 0x00, 0x00, 0x00, 0x00, 0xa7, 0x00, 0x00, 0x00, 0x00,
    0x01, 0xf3, 0x00, 0x00, 0x00, 0x00, 0x06, 0xf6, 0x00, 0x00, 0x00, 0x00, 0x05, 0xe7, 0x00, 0x00,
    0x00, 0x00, 0x00, 0x00, 0x00, 0x00, 0x00, 0x04, 0xbe, 0xfc, 0x70, 0xde, 0x00, 0x8f, 0xfd, 0xbd,
    0xfc, 0xde, 0x05, 0xfe, 0x40, 0x00, 0x5e, 0xfe, 0x0c, 0xf4, 0x00, 0x00, 0x06, 0xfe, 0x1f, 0xe0,
    0x00, 0x00, 0x01, 0xfe, 0x2f, 0xc0, 0x00, 0x00, 0x00, 0xee, 0x1f, 0xe0, 0x00, 0x00, 0x01, 0xfe,
    0x0c, 0xf5, 0x00, 0x00, 0x07, 0xfe, 0x05, 0xfe, 0x40, 0x00, 0x5f, 0xfe, 0x00, 0x8f, 0xfd, 0xbd,
    0xfc, 0xfe, 0x00, 0x04, 0xbe, 0xfd, 0x71, 0xfd, 0x00, 0x00, 0x00, 0x00, 0x04, 0xfa, 0x01, 0xa4,
    0x00, 0x00, 0x3d, 0xf5, 0x05, 0xff, 0xec, 0xbd, 0xff, 0xa0, 0x00, 0x28, 0xce, 0xfe, 0xb6, 0x00,
    0x00, 0x00, 0x17, 0x82, 0x00, 0x00, 0x00, 0x00, 0x1c, 0xec, 0xe3, 0x00, 0x00, 0x00, 0x2d, 0xc2,
    0x1a, 0xe3, 0x00, 0x00, 0x00, 0x00, 0x00, 0x00, 0x00, 0x00, 0x00, 0x00, 0x00, 0x00, 0x00, 0x00,
    0x0e, 0xf1, 0x00, 0x00, 0x00, 0x0d, 0xf2, 0xef, 0x10, 0x00, 0x00, 0x00, 0xdf, 0x2e, 0xf1, 0x00,
    0x00, 0x00, 0x0d, 0xf2, 0xef, 0x10, 0x00, 0x00, 0x00, 0xdf, 0x2e, 0xf1, 0x00, 0x00, 0x00, 0x0d,
    0xf2, 0xef, 0x10, 0x00, 0x00, 0x00, 0xdf, 0x2e, 0xff, 0xff, 0xff, 0xff, 0xff, 0xf2, 0xef, 0xbb,
    0xbb, 0xbb, 0xbb, 0xef, 0x2e, 0xf1, 0x00, 0x00, 0x00, 0x0d, 0xf2, 0xef, 0x10, 0x00, 0x00, 0x00,
    0xdf, 0x2e, 0xf1, 0x00, 0x00, 0x00, 0x0d, 0xf2, 0xef, 0x10, 0x00, 0x00, 0x00, 0xdf, 0x2e, 0xf1,
    0x00, 0x00, 0x00, 0x0d, 0xf2, 0xef, 0x10, 0x00, 0x00, 0x00, 0xdf, 0x20, 0x00, 0x38, 0x70, 0x00,
    0x00, 0x00, 0x00, 0x4e, 0xce, 0xb1, 0x00, 0x00, 0x00, 0x4f, 0x80, 0x2d, 0xb1, 0x00, 0x00, 0x00,
    0x00, 0x00, 0x00, 0x00, 0x00, 0x00, 0x00, 0x00, 0x00, 0x00, 0x00, 0x00, 0x00, 0x03, 0xfb, 0x00,
    0x00, 0x00, 0x00, 0x00, 0x3f, 0xb0, 0x00, 0x00, 0x00, 0x00, 0x03, 0xfb, 0x00, 0x00, 0x00, 0x00,
    0x00, 0x3f, 0xb0, 0x00, 0x00, 0x00, 0x00, 0x03, 0xfb, 0x29, 0xdf, 0xd9, 0x10, 0x00, 0x3f, 0xde,
    0xfc, 0xce, 0xfd, 0x10, 0x03, 0xff, 0xc2, 0x00, 0x2c, 0xf7, 0x00, 0x3f, 0xf2, 0x00, 0x00, 0x4f,
    0xb0, 0x03, 0xfd, 0x00, 0x00, 0x02, 0xfd, 0x00, 0x3f, 0xb0, 0x00, 0x00, 0x1f, 0xd0, 0x03, 0xfb,
    0x00, 0x00, 0x01, 0xfd, 0x00, 0x3f, 0xb0, 0x00, 0x00, 0x1f, 0xd0, 0x03, 0xfb, 0x00, 0x00, 0x01,
    0xfd, 0x00, 0x3f, 0xb0, 0x00, 0x00, 0x1f, 0xd0, 0x03, 0xfb, 0x00, 0x00, 0x01, 0xfd, 0x00, 0xbf,
    0x40, 0x00, 0x00, 0x00, 0xbf, 0x40, 0x00, 0x0b, 0xf4, 0x00, 0x00, 0x00, 0x0b, 0xf4, 0x00, 0x9b,
    0xff, 0xfb, 0xbb, 0xbb, 0xbb, 0xff, 0xfb, 0x4c, 0xff, 0xff, 0xff, 0xff, 0xff, 0xff, 0xff, 0xf5,
    0x00, 0xbf, 0x40, 0x00, 0x00, 0x00, 0xbf, 0x40, 0x00, 0x0b, 0xf4, 0x00, 0x00, 0x00, 0x0b, 0xf4,
    0x00, 0x00, 0xbf, 0xff, 0xff, 0xff, 0xff, 0xff, 0x40, 0x00, 0x0b, 0xfc, 0xbb, 0xbb, 0xbb, 0xbe,
    0xf4, 0x00, 0x00, 0xbf, 0x40, 0x00, 0x00, 0x00, 0xbf, 0x40, 0x00, 0x0b, 0xf4, 0x00, 0x00, 0x00,
    0x0b, 0xf4, 0x00, 0x00, 0xbf, 0x40, 0x00, 0x00, 0x00, 0xbf, 0x40, 0x00, 0x0b, 0xf4, 0x00, 0x00,
    0x00, 0x0b, 0xf4, 0x00, 0x00, 0xbf, 0x40, 0x00, 0x00, 0x00, 0xbf, 0x40, 0x00, 0x0b, 0xf4, 0x00,
    0x00, 0x00, 0x0b, 0xf4, 0x00, 0x03, 0xfb, 0x00, 0x00, 0x00, 0x00, 0xbe, 0xff, 0xbb, 0xba, 0x00,
    0x00, 0xff, 0xff, 0xff, 0xfe, 0x00, 0x00, 0x03, 0xfb, 0x00, 0x00, 0x00, 0x00, 0x03, 0xfb, 0x29,
    0xdf, 0xd9, 0x10, 0x03, 0xfd, 0xef, 0xcc, 0xef, 0xd1, 0x03, 0xff, 0xc2, 0x00, 0x2c, 0xf7, 0x03,
    0xff, 0x20, 0x00, 0x04, 0xfb, 0x03, 0xfd, 0x00, 0x00, 0x02, 0xfd, 0x03, 0xfb, 0x00, 0x00, 0x01,
    0xfd, 0x03, 0xfb, 0x00, 0x00, 0x01, 0xfd, 0x03, 0xfb, 0x00, 0x00, 0x01, 0xfd, 0x03, 0xfb, 0x00,
    0x00, 0x01, 0xfd, 0x03, 0xfb, 0x00, 0x00, 0x01, 0xfd, 0x03, 0xfb, 0x00, 0x00, 0x01, 0xfd, 0x08,
    0xec, 0x51, 0xc5, 0x2e, 0x24, 0xbe, 0xa0, 0x00, 0x00, 0x00, 0x00, 0x00, 0x00, 0x00, 0x00, 0x00,
    0x0e, 0xf1, 0x00, 0x00, 0x0e, 0xf1, 0x00, 0x00, 0x0e, 0xf1, 0x00, 0x00, 0x0e, 0xf1, 0x00, 0x00,
    0x0e, 0xf1, 0x00, 0x00, 0x0e, 0xf1, 0x00, 0x00, 0x0e, 0xf1, 0x00, 0x00, 0x0e, 0xf1, 0x00, 0x00,
    0x0e, 0xf1, 0x00, 0x00, 0x0e, 0xf1, 0x00, 0x00, 0x0e, 0xf1, 0x00, 0x00, 0x0e, 0xf1, 0x00, 0x00,
    0x0e, 0xf1, 0x00, 0x00, 0x0e, 0xf1, 0x00, 0x07, 0xeb, 0x29, 0x90, 0xf3, 0x7f, 0xe3, 0x02, 0x00,
    0x11, 0x00, 0x00, 0x00, 0x00, 0x00, 0x3f, 0xb0, 0x00, 0x03, 0xfb, 0x00, 0x00, 0x3f, 0xb0, 0x00,
    0x03, 0xfb, 0x00, 0x00, 0x3f, 0xb0, 0x00, 0x03, 0xfb, 0x00, 0x00, 0x3f, 0xb0, 0x00, 0x03, 0xfb,
    0x00, 0x00, 0x3f, 0xb0, 0x00, 0x03, 0xfb, 0x00, 0x00, 0x3f, 0xb0, 0x00, 0x6b, 0xbb, 0xb8, 0x8f,
    0xff, 0xfb, 0x00, 0x00, 0x00, 0x00, 0x00, 0x00, 0x00, 0xef, 0x10, 0x00, 0xef, 0x10, 0x00, 0xef,
    0x10, 0x00, 0xef, 0x10, 0x00, 0xef, 0x10, 0x00, 0xef, 0x10, 0x00, 0xef, 0x10, 0x00, 0xef, 0x10,
    0x00, 0xef, 0x10, 0x00, 0xef, 0x10, 0x00, 0xef, 0x10, 0x00, 0xef, 0x10, 0x00, 0xef, 0x10, 0x00,
    0xef, 0x10, 0xdf, 0xff, 0xf7, 0x9b, 0xbb, 0xb5, 0x00, 0x00, 0x00, 0x03, 0xfb, 0x00, 0x03, 0xfb,
    0x00, 0x03, 0xfb, 0x00, 0x03, 0xfb, 0x00, 0x03, 0xfb, 0x00, 0x03, 0xfb, 0x00, 0x03, 0xfb, 0x00,
    0x03, 0xfb, 0x00, 0x03, 0xfb, 0x00, 0x03, 0xfb, 0x00, 0x03, 0xfb, 0x00, 0x1f, 0x40, 0x01, 0xf3,
    0x0a, 0xc2, 0x1a, 0xd0, 0x01, 0x9e, 0xea, 0x20, 0x00, 0x00, 0x00, 0x00, 0x00, 0x00, 0x00, 0x00,
    0x00, 0x0e, 0xf1, 0x00, 0x00, 0x0e, 0xf1, 0x00, 0x00, 0x0e, 0xf1, 0x00, 0x00, 0x0e, 0xf1, 0x00,
    0x00, 0x0e, 0xf1, 0x00, 0x00, 0x0e, 0xf1, 0x00, 0x00, 0x0e, 0xf1, 0x00, 0x00, 0x0e, 0xf1, 0x00,
    0x00, 0x0e, 0xf1, 0x00, 0x00, 0x0e, 0xf1, 0x00, 0x00, 0x0e, 0xf1, 0x00, 0x00, 0x0e, 0xf1, 0x00,
    0x00, 0x0e, 0xf1, 0x00, 0x00, 0x0e, 0xf1, 0x00, 0xd5, 0x00, 0xc7, 0x9b, 0x14, 0xf2, 0x1a, 0xed,
    0x50, 0x00, 0x00, 0x00, 0x03, 0xfb, 0x00, 0x03, 0xfb, 0x00, 0x03, 0xfb, 0x00, 0x03, 0xfb, 0x00,
    0x03, 0xfb, 0x00, 0x03, 0xfb, 0x00, 0x03, 0xfb, 0x00, 0x03, 0xfb, 0x00, 0x03, 0xfb, 0x00, 0x03,
    0xfb, 0x00, 0x03, 0xfb, 0x00, 0x0e, 0xf1, 0x0e, 0xf1, 0x0e, 0xf1, 0x0e, 0xf1, 0x0e, 0xf1, 0x0e,
    0xf1, 0x0e, 0xf1, 0x0e, 0xf1, 0x0e, 0xf1, 0x0e, 0xf1, 0x0e, 0xf1, 0x0e, 0xf1, 0x0e, 0xf1, 0x0f,
    0xf2, 0x1e, 0x60, 0x5f, 0x10, 0x5f, 0x21, 0x0b, 0xf9, 0x3e, 0xa0, 0x7f, 0xf1, 0x2b, 0x80, 0x00,
    0x00, 0x3f, 0xb0, 0x3f, 0xb0, 0x3f, 0xb0, 0x3f, 0xb0, 0x3f, 0xb0, 0x3f, 0xb0, 0x3f, 0xb0, 0x3f,
    0xb0, 0x3f, 0xb0, 0x3f, 0xb0, 0x3f, 0xf0, 0x5e, 0x10, 0xba, 0x00, 0xbc, 0x10, 0x3d, 0xe4, 0x01,
    0x10, 0x0e, 0xf2, 0x0c, 0xd2, 0x00, 0x00, 0x00, 0x00, 0x0e, 0xf1, 0x0e, 0xf1, 0x0e, 0xf1, 0x0e,
    0xf1, 0x0e, 0xf1, 0x0e, 0xf1, 0x0e, 0xf1, 0x0e, 0xf1, 0x0e, 0xf1, 0x0e, 0xf1, 0x0e, 0xf1, 0x0e,
    0xf1, 0x0e, 0xf1, 0x0e, 0xf1, 0x3f, 0xb3, 0xfb, 0x3f, 0xb3, 0xfb, 0x3f, 0xb3, 0xfb, 0x3f, 0xb3,
    0xfb, 0x3f, 0xb3, 0xfb, 0x3f, 0xb0, 0x0f, 0xf0, 0x00, 0x00, 0x09, 0xf6, 0x0f, 0xf0, 0x00, 0x00,
    0x09, 0xf6, 0x0f, 0xf0, 0x00, 0x00, 0x09, 0xf6, 0x0f, 0xf0, 0x00, 0x00, 0x09, 0xf6, 0x0f, 0xf0,
    0x00, 0x00, 0x09, 0xf6, 0x0f, 0xf0, 0x00, 0x00, 0x09, 0xf6, 0x0f, 0xf0, 0x00, 0x00, 0x09, 0xf6,
    0x0f, 0xf0, 0x00, 0x00, 0x09, 0xf6, 0x00, 0x00, 0x00, 0x00, 0x09, 0xf6, 0x00, 0x00, 0x00, 0x00,
    0x0b, 0xf4, 0x00, 0x00, 0x00, 0x00, 0x2f, 0xe1, 0x08, 0x61, 0x00, 0x02, 0xcf, 0x80, 0x1e, 0xff,
    0xcb, 0xcf, 0xfa, 0x00, 0x01, 0x7b, 0xef, 0xeb, 0x50, 0x00, 0x3e, 0xa0, 0x00, 0x7e, 0x67, 0xff,
    0x10, 0x0c, 0xfb, 0x2b, 0x80, 0x00, 0x5c, 0x40, 0x00, 0x00, 0x00, 0x00, 0x3f, 0xb0, 0x00, 0x8f,
    0x63, 0xfb, 0x00, 0x08, 0xf6, 0x3f, 0xb0, 0x00, 0x8f, 0x63, 0xfb, 0x00, 0x08, 0xf6, 0x3f, 0xb0,
    0x00, 0x8f, 0x63, 0xfb, 0x00, 0x08, 0xf6, 0x3f, 0xb0, 0x00, 0x8f, 0x63, 0xfb, 0x00, 0x08, 0xf6,
    0x3f, 0xb0, 0x00, 0x8f, 0x63, 0xfb, 0x00, 0x08, 0xf6, 0x3f, 0xb0, 0x00, 0x8f, 0x60, 0x00, 0x00,
    0x08, 0xf6, 0x00, 0x00, 0x00, 0xbf, 0x40, 0x00, 0xdb, 0xcf, 0xc0, 0x00, 0x1b, 0xee, 0xa2, 0x00,
    0x00, 0x00, 0x38, 0x70, 0x00, 0x00, 0x04, 0xec, 0xeb, 0x10, 0x00, 0x4f, 0x80, 0x2d, 0xb1, 0x00,
    0x00, 0x00, 0x00, 0x00, 0x00, 0x00, 0x00, 0x00, 0x00, 0x00, 0xcf, 0xff, 0xff, 0xf4, 0x00, 0x8b,
    0xbb, 0xbe, 0xf4, 0x00, 0x00, 0x00, 0x0b, 0xf4, 0x00, 0x00, 0x00, 0x0b, 0xf4, 0x00, 0x00, 0x00,
    0x0b, 0xf4, 0x00, 0x00, 0x00, 0x0b, 0xf4, 0x00, 0x00, 0x00, 0x0b, 0xf4, 0x00, 0x00, 0x00, 0x0b,
    0xf4, 0x00, 0x00, 0x00, 0x0b, 0xf4, 0x00, 0x00, 0x00, 0x0b, 0xf4, 0x01, 0x10, 0x00, 0x0d, 0xf3,
    0x0b, 0xb1, 0x00, 0x5f, 0xe0, 0x0a, 0xff, 0xcc, 0xff, 0x60, 0x00, 0x6c, 0xee, 0xc5, 0x00, 0x00,
    0x07, 0xff, 0x40, 0x00, 0x5f, 0x7a, 0xe2, 0x00, 0x75, 0x00, 0x75, 0x00, 0x00, 0x00, 0x00, 0x00,
    0x01, 0xfd, 0x00, 0x00, 0x01, 0xfd, 0x00, 0x00, 0x01, 0xfd, 0x00, 0x00, 0x01, 0xfd, 0x00, 0x00,
    0x01, 0xfd, 0x00, 0x00, 0x01, 0xfd, 0x00, 0x00, 0x01, 0xfd, 0x00, 0x00, 0x01, 0xfd, 0x00, 0x00,
    0x01, 0xfd, 0x00, 0x00, 0x01, 0xfd, 0x00, 0x00, 0x01, 0xfd, 0x00, 0x00, 0x01, 0xfc, 0x00, 0x00,
    0x05, 0xfa, 0x00, 0x7d, 0xbf, 0xf4, 0x00, 0x7d, 0xec, 0x50, 0x00, 0xef, 0x10, 0x00, 0x00, 0x1b,
    0xf8, 0x0e, 0xf1, 0x00, 0x00, 0x0b, 0xf9, 0x00, 0xef, 0x10, 0x00, 0x0a, 0xf9, 0x00, 0x0e, 0xf1,
    0x00, 0x0a, 0xfa, 0x00, 0x00, 0xef, 0x10, 0x0a, 0xfb, 0x00, 0x00, 0x0e, 0xf1, 0x09, 0xfb, 0x10,
    0x00, 0x00, 0xef, 0x19, 0xff, 0x30, 0x00, 0x00, 0x0e, 0xfa, 0xfe, 0xfd, 0x10, 0x00, 0x00, 0xef,
    0xfd, 0x2b, 0xfb, 0x00, 0x00, 0x0e, 0xfd, 0x20, 0x1c, 0xf9, 0x00, 0x00, 0xef, 0x30, 0x00, 0x2d,
    0xf7, 0x00, 0x0e, 0xf1, 0x00, 0x00, 0x3e, 0xf4, 0x00, 0xef, 0x10, 0x00, 0x00, 0x4f, 0xe2, 0x0e,
    0xf1, 0x00, 0x00, 0x00, 0x6f, 0xd1, 0x00, 0x00, 0x00, 0x00, 0x00, 0x00, 0x00, 0x00, 0x00, 0x00,
    0x00, 0x00, 0x00, 0x00, 0x00, 0x5e, 0x50, 0x00, 0x00, 0x00, 0x00, 0x02, 0xf5, 0x00, 0x00, 0x00,
    0x00, 0x00, 0x3d, 0x00, 0x00, 0x00, 0x00, 0x3f, 0xb0, 0x00, 0x00, 0x00, 0x00, 0x3f, 0xb0, 0x00,
    0x00, 0x00, 0x00, 0x3f, 0xb0, 0x00, 0x00, 0x00, 0x00, 0x3f, 0xb0, 0x00, 0x00, 0x00, 0x00, 0x3f,
    0xb0, 0x00, 0x02, 0xdf, 0x50, 0x3f, 0xb0, 0x00, 0x2d, 0xf6, 0x00, 0x3f, 0xb0, 0x03, 0xef, 0x60,
    0x00, 0x3f, 0xb0, 0x3e, 0xf7, 0x00, 0x00, 0x3f, 0xb3, 0xef, 0x90, 0x00, 0x00, 0x3f, 0xde, 0xff,
    0xe2, 0x00, 0x00, 0x3f, 0xff, 0x6a, 0xfc, 0x00, 0x00, 0x3f, 0xf5, 0x01, 0xcf, 0x90, 0x00, 0x3f,
    0xb0, 0x00, 0x2e, 0xf5, 0x00, 0x3f, 0xb0, 0x00, 0x04, 0xfe, 0x30, 0x3f, 0xb0, 0x00, 0x00, 0x7f,
    0xd1, 0x00, 0x00, 0x00, 0x00, 0x00, 0x00, 0x00, 0x00, 0x00, 0x00, 0x00, 0x00, 0x00, 0x00, 0x8e,
    0x20, 0x00, 0x00, 0x00, 0x00, 0x6f, 0x10, 0x00, 0x00, 0x00, 0x00, 0x6a, 0x00, 0x00, 0x00, 0x3f,
    0xb0, 0x00, 0x02, 0xdf, 0x50, 0x3f, 0xb0, 0x00, 0x2d, 0xf6, 0x00, 0x3f, 0xb0, 0x03, 0xef, 0x60,
    0x00, 0x3f, 0xb0, 0x3e, 0xf7, 0x00, 0x00, 0x3f, 0xb3, 0xef, 0x90, 0x00, 0x00, 0x3f, 0xde, 0xff,
    0xe2, 0x00, 0x00, 0x3f, 0xff, 0x6a, 0xfc, 0x00, 0x00, 0x3f, 0xf5, 0x01, 0xcf, 0x90, 0x00, 0x3f,
    0xb0, 0x00, 0x2e, 0xf5, 0x00, 0x3f, 0xb0, 0x00, 0x04, 0xfe, 0x30, 0x3f, 0xb0, 0x00, 0x00, 0x7f,
    0xd1, 0x00, 0x07, 0x83, 0x00, 0x00, 0x00, 0x1b, 0xf6, 0x00, 0x00, 0x00, 0x1c, 0xd3, 0x00, 0x00,
    0x00, 0x00, 0x00, 0x00, 0x00, 0x00, 0x00, 0x00, 0x00, 0x00, 0x00, 0x00, 0x00, 0xef, 0x10, 0x00,
    0x00, 0x00, 0x0e, 0xf1, 0x00, 0x00, 0x00, 0x00, 0xef, 0x10, 0x00, 0x00, 0x00, 0x0e, 0xf1, 0x00,
    0x00, 0x00, 0x00, 0xef, 0x10, 0x00, 0x00, 0x00, 0x0e, 0xf1, 0x00, 0x00, 0x00, 0x00, 0xef, 0x10,
    0x00, 0x00, 0x00, 0x0e, 0xf1, 0x00, 0x00, 0x00, 0x00, 0xef, 0x10, 0x00, 0x00, 0x00, 0x0e, 0xf1,
    0x00, 0x00, 0x00, 0x00, 0xef, 0x10, 0x00, 0x00, 0x00, 0x0e, 0xf1, 0x00, 0x00, 0x00, 0x00, 0xef,
    0xcc, 0xcc, 0xcc, 0xc8, 0x0e, 0xff, 0xff, 0xff, 0xff, 0xa0, 0x00, 0x28, 0x71, 0x03, 0xed, 0x30,
    0x4e, 0xa1, 0x00, 0x00, 0x00, 0x00, 0x3f, 0xb0, 0x00, 0x3f, 0xb0, 0x00, 0x3f, 0xb0, 0x00, 0x3f,
    0xb0, 0x00, 0x3f, 0xb0, 0x00, 0x3f, 0xb0, 0x00, 0x3f, 0xb0, 0x00, 0x3f, 0xb0, 0x00, 0x3f, 0xb0,
    0x00, 0x3f, 0xb0, 0x00, 0x3f, 0xb0, 0x00, 0x3f, 0xb0, 0x00, 0x3f, 0xb0, 0x00, 0x3f, 0xb0, 0x00,
    0x3f, 0xb0, 0x00, 0xef, 0x10, 0x00, 0x00, 0x00, 0xef, 0x10, 0x00, 0x00, 0x00, 0xef, 0x10, 0x00,
    0x00, 0x00, 0xef, 0x10, 0x00, 0x00, 0x00, 0xef, 0x10, 0x00, 0x00, 0x00, 0xef, 0x10, 0x00, 0x00,
    0x00, 0xef, 0x10, 0x00, 0x00, 0x00, 0xef, 0x10, 0x00, 0x00, 0x00, 0xef, 0x10, 0x00, 0x00, 0x00,
    0xef, 0x10, 0x00, 0x00, 0x00, 0xef, 0x10, 0x00, 0x00, 0x00, 0xef, 0x10, 0x00, 0x00, 0x00, 0xef,
    0xcc, 0xcc, 0xcc, 0xc8, 0xef, 0xff, 0xff, 0xff, 0xfa, 0x00, 0x00, 0x00, 0x00, 0x00, 0x00, 0x00,
    0x00, 0x00, 0x00, 0x00, 0x00, 0xad, 0x10, 0x00, 0x00, 0x00, 0x8e, 0x00, 0x00, 0x00, 0x00, 0x88,
    0x00, 0x00, 0x3f, 0xb3, 0xfb, 0x3f, 0xb3, 0xfb, 0x3f, 0xb3, 0xfb, 0x3f, 0xb3, 0xfb, 0x3f, 0xb3,
    0xfb, 0x3f, 0xb3, 0xfb, 0x3f, 0xb3, 0xfb, 0x3f, 0xb0, 0x00, 0x00, 0x02, 0xd9, 0x1c, 0x90, 0xd3,
    0x00, 0x00, 0x00, 0x4f, 0x50, 0xef, 0x10, 0x00, 0x4f, 0x40, 0xef, 0x10, 0x00, 0x4f, 0x30, 0xef,
    0x10, 0x00, 0x4f, 0x20, 0xef, 0x10, 0x00, 0x00, 0x00, 0xef, 0x10, 0x00, 0x00, 0x00, 0xef, 0x10,
    0x00, 0x00, 0x00, 0xef, 0x10, 0x00, 0x00, 0x00, 0xef, 0x10, 0x00, 0x00, 0x00, 0xef, 0x10, 0x00,
    0x00, 0x00, 0xef, 0x10, 0x00, 0x00, 0x00, 0xef, 0x10, 0x00, 0x00, 0x00, 0xef, 0x10, 0x00, 0x00,
    0x00, 0xef, 0xcc, 0xcc, 0xcc, 0xc8, 0xef, 0xff, 0xff, 0xff, 0xfa, 0x00, 0x00, 0x7f, 0x13, 0xfb,
    0x07, 0xf0, 0x3f, 0xb0, 0x7e, 0x03, 0xfb, 0x07, 0xd0, 0x3f, 0xb0, 0x00, 0x03, 0xfb, 0x00, 0x00,
    0x3f, 0xb0, 0x00, 0x03, 0xfb, 0x00, 0x00, 0x3f, 0xb0, 0x00, 0x03, 0xfb, 0x00, 0x00, 0x3f, 0xb0,
    0x00, 0x03, 0xfb, 0x00, 0x00, 0x3f, 0xb0, 0x00, 0x03, 0xfb, 0x00, 0x00, 0x3f, 0xb0, 0x00, 0x03,
    0xfb, 0x00, 0x00, 0xef, 0x10, 0x00, 0x00, 0x00, 0xef, 0x10, 0x00, 0x00, 0x00, 0xef, 0x10, 0x00,
    0x00, 0x00, 0xef, 0x10, 0x00, 0x00, 0x00, 0xef, 0x10, 0x00, 0x00, 0x00, 0xef, 0x10, 0x00, 0x9a,
    0x00, 0xef, 0x10, 0x02, 0xff, 0x30, 0xef, 0x10, 0x00, 0xcc, 0x10, 0xef, 0x10, 0x00, 0x00, 0x00,
    0xef, 0x10, 0x00, 0x00, 0x00, 0xef, 0x10, 0x00, 0x00, 0x00, 0xef, 0x10, 0x00, 0x00, 0x00, 0xef,
    0xcc, 0xcc, 0xcc, 0xc8, 0xef, 0xff, 0xff, 0xff, 0xfa, 0x3f, 0xb0, 0x00, 0x03, 0xfb, 0x00, 0x00,
    0x3f, 0xb0, 0x00, 0x03, 0xfb, 0x00, 0x00, 0x3f, 0xb0, 0x00, 0x03, 0xfb, 0x00, 0x10, 0x3f, 0xb0,
    0xbf, 0x43, 0xfb, 0x09, 0xe3, 0x3f, 0xb0, 0x00, 0x03, 0xfb, 0x00, 0x00, 0x3f, 0xb0, 0x00, 0x03,
    0xfb, 0x00, 0x00, 0x3f, 0xb0, 0x00, 0x03, 0xfb, 0x00, 0x00, 0x3f, 0xb0, 0x00, 0x00, 0x00, 0xbf,
    0x40, 0x00, 0x00, 0x00, 0x00, 0xbf, 0x40, 0x00, 0x00, 0x00, 0x00, 0xbf, 0x40, 0x00, 0x00, 0x00,
    0x00, 0xbf, 0x45, 0xc1, 0x00, 0x00, 0x00, 0xbf, 0xcf, 0xb1, 0x00, 0x00, 0x00, 0xdf, 0xf7, 0x00,
    0x00, 0x00, 0x04, 0xff, 0x80, 0x00, 0x00, 0x00, 0x7f, 0xff, 0x40, 0x00, 0x00, 0x00, 0x48, 0xbf,
    0x40, 0x00, 0x00, 0x00, 0x00, 0xbf, 0x40, 0x00, 0x00, 0x00, 0x00, 0xbf, 0x40, 0x00, 0x00, 0x00,
    0x00, 0xbf, 0x40, 0x00, 0x00, 0x00, 0x00, 0xbf, 0xdc, 0xcc, 0xcc, 0xca, 0x00, 0xbf, 0xff, 0xff,
    0xff, 0xfd, 0x00, 0x0f, 0xd0, 0x00, 0x00, 0xfd, 0x00, 0x00, 0x0f, 0xd0, 0x00, 0x00, 0xfd, 0x00,
    0x00, 0x0f, 0xd0, 0x00, 0x00, 0xfd, 0x01, 0x00, 0x0f, 0xfc, 0xb0, 0x00, 0xff, 0xe4, 0x00, 0x8f,
    0xf1, 0x00, 0xbf, 0xfe, 0x00, 0x07, 0x5f, 0xd0, 0x00, 0x00, 0xfd, 0x00, 0x00, 0x0f, 0xd0, 0x00,
    0x00, 0xfd, 0x00, 0x00, 0x0f, 0xd0, 0x00, 0x00, 0x00, 0x00, 0x07, 0x83, 0x00, 0x00, 0x00, 0x00,
    0x1b, 0xf6, 0x00, 0x00, 0x00, 0x00, 0x1c, 0xd3, 0x00, 0x00, 0x00, 0x00, 0x00, 0x00, 0x00, 0x00,
    0x00, 0x00, 0x00, 0x00, 0x00, 0x00, 0x00, 0x0e, 0xe3, 0x00, 0x00, 0x00, 0x0d, 0xf2, 0xef, 0xd1,
    0x00, 0x00, 0x00, 0xdf, 0x2e, 0xff, 0xb0, 0x00, 0x00, 0x0d, 0xf2, 0xef, 0xef, 0x80, 0x00, 0x00,
    0xdf, 0x2e, 0xf5, 0xff, 0x50, 0x00, 0x0d, 0xf2, 0xef, 0x16, 0xfe, 0x30, 0x00, 0xdf, 0x2e, 0xf1,
    0x09, 0xfd, 0x10, 0x0d, 0xf2, 0xef, 0x10, 0x0b, 0xfb, 0x00, 0xdf, 0x2e, 0xf1, 0x00, 0x1d, 0xf9,
    0x0d, 0xf2, 0xef, 0x10, 0x00, 0x3e, 0xf6, 0xdf, 0x2e, 0xf1, 0x00, 0x00, 0x5f, 0xfe, 0xf2, 0xef,
    0x10, 0x00, 0x00, 0x8f, 0xff, 0x2e, 0xf1, 0x00, 0x00, 0x00, 0xbf, 0xf2, 0xef, 0x10, 0x00, 0x00,
    0x01, 0xdf, 0x20, 0x00, 0x00, 0x00, 0x17, 0x71, 0x00, 0x00, 0x00, 0x2d, 0xe4, 0x00, 0x00, 0x00,
    0x3e, 0xb1, 0x00, 0x00, 0x00, 0x00, 0x00, 0x00, 0x00, 0x3f, 0xa2, 0xae, 0xfd, 0x91, 0x03, 0xfc,
    0xef, 0xcc, 0xef, 0xd1, 0x3f, 0xfc, 0x20, 0x02, 0xcf, 0x73, 0xff, 0x20, 0x00, 0x04, 0xfb, 0x3f,
    0xd0, 0x00, 0x00, 0x2f, 0xd3, 0xfb, 0x00, 0x00, 0x01, 0xfd, 0x3f, 0xb0, 0x00, 0x00, 0x1f, 0xd3,
    0xfb, 0x00, 0x00, 0x01, 0xfd, 0x3f, 0xb0, 0x00, 0x00, 0x1f, 0xd3, 0xfb, 0x00, 0x00, 0x01, 0xfd,
    0x3f, 0xb0, 0x00, 0x00, 0x1f, 0xd0, 0xee, 0x30, 0x00, 0x00, 0x00, 0xdf, 0x2e, 0xfd, 0x10, 0x00,
    0x00, 0x0d, 0xf2, 0xef, 0xfb, 0x00, 0x00, 0x00, 0xdf, 0x2e, 0xfe, 0xf8, 0x00, 0x00, 0x0d, 0xf2,
    0xef, 0x5f, 0xf5, 0x00, 0x00, 0xdf, 0x2e, 0xf1, 0x6f, 0xe3, 0x00, 0x0d, 0xf2, 0xef, 0x10, 0x9f,
    0xd1, 0x00, 0xdf, 0x2e, 0xf1, 0x00, 0xbf, 0xb0, 0x0d, 0xf2, 0xef, 0x10, 0x01, 0xdf, 0x90, 0xdf,
    0x2e, 0xf1, 0x00, 0x03, 0xef, 0x6d, 0xf2, 0xef, 0x10, 0x00, 0x05, 0xff, 0xef, 0x2e, 0xf1, 0x00,
    0x00, 0x08, 0xff, 0xf2, 0xef, 0x10, 0x00, 0x00, 0x0b, 0xff, 0x2e, 0xf1, 0x00, 0x00, 0x00, 0x1d,
    0xf2, 0x00, 0x00, 0x00, 0x00, 0x00, 0x00, 0x00, 0x00, 0x00, 0x00, 0x00, 0x00, 0x00, 0x00, 0x00,
    0x0b, 0xd1, 0x00, 0x00, 0x00, 0x00, 0x00, 0x8e, 0x00, 0x00, 0x00, 0x00, 0x00, 0x09, 0x70, 0x00,
    0x00, 0x00, 0x3f, 0xa2, 0xae, 0xfd, 0x91, 0x03, 0xfc, 0xef, 0xcc, 0xef, 0xd1, 0x3f, 0xfc, 0x20,
    0x02, 0xcf, 0x73, 0xff, 0x20, 0x00, 0x04, 0xfb, 0x3f, 0xd0, 0x00, 0x00, 0x2f, 0xd3, 0xfb, 0x00,
    0x00, 0x01, 0xfd, 0x3f, 0xb0, 0x00, 0x00, 0x1f, 0xd3, 0xfb, 0x00, 0x00, 0x01, 0xfd, 0x3f, 0xb0,
    0x00, 0x00, 0x1f, 0xd3, 0xfb, 0x00, 0x00, 0x01, 0xfd, 0x3f, 0xb0, 0x00, 0x00, 0x1f, 0xd0, 0x00,
    0x00, 0x00, 0x00, 0x00, 0x00, 0x00, 0x00, 0x00, 0x00, 0x00, 0x00, 0x01, 0xda, 0x00, 0x00, 0x00,
    0x00, 0x0b, 0xa0, 0x00, 0x00, 0x00, 0x00, 0xc4, 0x00, 0x00, 0x00, 0x27, 0x40, 0x03, 0x83, 0x00,
    0x00, 0x00, 0x6f, 0x75, 0xe9, 0x00, 0x00, 0x00, 0x00, 0x6f, 0xf8, 0x00, 0x00, 0x00, 0x00, 0x00,
    0x00, 0x00, 0x00, 0x00, 0x00, 0x00, 0x00, 0x00, 0x00, 0x00, 0x0e, 0xe3, 0x00, 0x00, 0x00, 0x0d,
    0xf2, 0xef, 0xd1, 0x00, 0x00, 0x00, 0xdf, 0x2e, 0xff, 0xb0, 0x00, 0x00, 0x0d, 0xf2, 0xef, 0xef,
    0x80, 0x00, 0x00, 0xdf, 0x2e, 0xf5, 0xff, 0x50, 0x00, 0x0d, 0xf2, 0xef, 0x16, 0xfe, 0x30, 0x00,
    0xdf, 0x2e, 0xf1, 0x09, 0xfd, 0x10, 0x0d, 0xf2, 0xef, 0x10, 0x0b, 0xfb, 0x00, 0xdf, 0x2e, 0xf1,
    0x00, 0x1d, 0xf9, 0x0d, 0xf2, 0xef, 0x10, 0x00, 0x3e, 0xf6, 0xdf, 0x2e, 0xf1, 0x00, 0x00, 0x5f,
    0xfe, 0xf2, 0xef, 0x10, 0x00, 0x00, 0x8f, 0xff, 0x2e, 0xf1, 0x00, 0x00, 0x00, 0xbf, 0xf2, 0xef,
    0x10, 0x00, 0x00, 0x01, 0xdf, 0x20, 0x00, 0x38, 0x20, 0x05, 0x71, 0x00, 0x00, 0xae, 0x58, 0xf6,
    0x00, 0x00, 0x00, 0x9f, 0xf5, 0x00, 0x00, 0x00, 0x00, 0x00, 0x00, 0x00, 0x3f, 0xa2, 0xae, 0xfd,
    0x91, 0x03, 0xfc, 0xef, 0xcc, 0xef, 0xd1, 0x3f, 0xfc, 0x20, 0x02, 0xcf, 0x73, 0xff, 0x20, 0x00,
    0x04, 0xfb, 0x3f, 0xd0, 0x00, 0x00, 0x2f, 0xd3, 0xfb, 0x00, 0x00, 0x01, 0xfd, 0x3f, 0xb0, 0x00,
    0x00, 0x1f, 0xd3, 0xfb, 0x00, 0x00, 0x01, 0xfd, 0x3f, 0xb0, 0x00, 0x00, 0x1f, 0xd3, 0xfb, 0x00,
    0x00, 0x01, 0xfd, 0x3f, 0xb0, 0x00, 0x00, 0x1f, 0xd0, 0xd6, 0x00, 0x00, 0x00, 0x00, 0x00, 0x0d,
    0x50, 0x00, 0x00, 0x00, 0x00, 0x00, 0xe4, 0x00, 0x00, 0x00, 0x00, 0x00, 0x0e, 0x36, 0xf7, 0x4b,
    0xef, 0xd7, 0x00, 0xe2, 0x6f, 0xcf, 0xec, 0xcf, 0xfa, 0x00, 0x06, 0xff, 0xa1, 0x00, 0x3e, 0xf4,
    0x00, 0x6f, 0xe1, 0x00, 0x00, 0x7f, 0x80, 0x06, 0xfa, 0x00, 0x00, 0x05, 0xfa, 0x00, 0x6f, 0x80,
    0x00, 0x00, 0x4f, 0xa0, 0x06, 0xf8, 0x00, 0x00, 0x04, 0xfa, 0x00, 0x6f, 0x80, 0x00, 0x00, 0x4f,
    0xa0, 0x06, 0xf8, 0x00, 0x00, 0x04, 0xfa, 0x00, 0x6f, 0x80, 0x00, 0x00, 0x4f, 0xa0, 0x06, 0xf8,
    0x00, 0x00, 0x04, 0xfa, 0xee, 0x30, 0x00, 0x00, 0x00, 0xdf, 0x2e, 0xfd, 0x10, 0x00, 0x00, 0x0d,
    0xf2, 0xef, 0xfb, 0x00, 0x00, 0x00, 0xdf, 0x2e, 0xfe, 0xf8, 0x00, 0x00, 0x0d, 0xf2, 0xef, 0x5f,
    0xf5, 0x00, 0x00, 0xdf, 0x2e, 0xf1, 0x6f, 0xe3, 0x00, 0x0d, 0xf2, 0xef, 0x10, 0x9f, 0xd1, 0x00,
    0xdf, 0x2e, 0xf1, 0x00, 0xbf, 0xb0, 0x0d, 0xf2, 0xef, 0x10, 0x01, 0xdf, 0x90, 0xdf, 0x2e, 0xf1,
    0x00, 0x03, 0xef, 0x6d, 0xf2, 0xef, 0x10, 0x00, 0x05, 0xff, 0xef, 0x2e, 0xf1, 0x00, 0x00, 0x08,
    0xff, 0xf2, 0xef, 0x10, 0x00, 0x00, 0x0b, 0xff, 0x2e, 0xf1, 0x00, 0x00, 0x00, 0x1e, 0xf2, 0x00,
    0x00, 0x00, 0x00, 0x00, 0xff, 0x10, 0x00, 0x03, 0xa1, 0x00, 0x7f, 0xc0, 0x00, 0x00, 0x8f, 0xeb,
    0xdf, 0xf4, 0x00, 0x00, 0x00, 0x6c, 0xfe, 0xb4, 0x00, 0x3f, 0xa2, 0xae, 0xfd, 0x91, 0x03, 0xfc,
    0xef, 0xcc, 0xef, 0xd1, 0x3f, 0xfc, 0x20, 0x02, 0xcf, 0x73, 0xff, 0x20, 0x00, 0x04, 0xfb, 0x3f,
    0xd0, 0x00, 0x00, 0x1f, 0xd3, 0xfb, 0x00, 0x00, 0x01, 0xfd, 0x3f, 0xb0, 0x00, 0x00, 0x1f, 0xd3,
    0xfb, 0x00, 0x00, 0x01, 0xfd, 0x3f, 0xb0, 0x00, 0x00, 0x1f, 0xd3, 0xfb, 0x00, 0x00, 0x01, 0xfd,
    0x3f, 0xb0, 0x00, 0x00, 0x1f, 0xd0, 0x00, 0x00, 0x00, 0x01, 0xfd, 0x00, 0x00, 0x00, 0x00, 0x5f,
    0xb0, 0x00, 0x00, 0x7d, 0xbf, 0xf5, 0x00, 0x00, 0x06, 0xde, 0xd6, 0x00, 0x00, 0x00, 0x09, 0xbb,
    0xbb, 0xb7, 0x00, 0x00, 0x00, 0x00, 0x0d, 0xff, 0xff, 0xfa, 0x00, 0x00, 0x00, 0x00, 0x00, 0x00,
    0x00, 0x00, 0x00, 0x00, 0x00, 0x00, 0x00, 0x00, 0x00, 0x00, 0x00, 0x00, 0x00, 0x00, 0x17, 0xbd,
    0xfd, 0xb5, 0x10, 0x00, 0x00, 0x05, 0xef, 0xfc, 0xbd, 0xff, 0xd3, 0x00, 0x00, 0x5f, 0xf8, 0x10,
    0x00, 0x2a, 0xfe, 0x30, 0x02, 0xef, 0x50, 0x00, 0x00, 0x00, 0x8f, 0xd0, 0x08, 0xf9, 0x00, 0x00,
    0x00, 0x00, 0x0c, 0xf5, 0x0d, 0xf3, 0x00, 0x00, 0x00, 0x00, 0x06, 0xfa, 0x0f, 0xf0, 0x00, 0x00,
    0x00, 0x00, 0x03, 0xfc, 0x0f, 0xf0, 0x00, 0x00, 0x00, 0x00, 0x03, 0xfc, 0x0d, 0xf3, 0x00, 0x00,
    0x00, 0x00, 0x06, 0xfa, 0x08, 0xf9, 0x00, 0x00, 0x00, 0x00, 0x0c, 0xf5, 0x02, 0xef, 0x50, 0x00,
    0x00, 0x00, 0x8f, 0xd0, 0x00, 0x5f, 0xf8, 0x10, 0x00, 0x2a, 0xfe, 0x30, 0x00, 0x05, 0xef, 0xfc,
    0xbd, 0xff, 0xd3, 0x00, 0x00, 0x00, 0x17, 0xbe, 0xfd, 0xb6, 0x10, 0x00, 0x00, 0x0a, 0xbb, 0xbb,
    0xb7, 0x00, 0x00, 0x0e, 0xff, 0xff, 0xf9, 0x00, 0x00, 0x00, 0x00, 0x00, 0x00, 0x00, 0x00, 0x00,
    0x00, 0x00, 0x00, 0x00, 0x00, 0x04, 0xae, 0xfd, 0x92, 0x00, 0x00, 0x7f, 0xfd, 0xbe, 0xfe, 0x40,
    0x05, 0xfe, 0x40, 0x00, 0x7f, 0xe1, 0x0c, 0xf5, 0x00, 0x00, 0x09, 0xf7, 0x1f, 0xe0, 0x00, 0x00,
    0x03, 0xfb, 0x2f, 0xc0, 0x00, 0x00, 0x02, 0xfc, 0x1f, 0xe0, 0x00, 0x00, 0x03, 0xfb, 0x0c, 0xf5,
    0x00, 0x00, 0x09, 0xf7, 0x05, 0xfe, 0x40, 0x00, 0x7f, 0xe1, 0x00, 0x7f, 0xfd, 0xbe, 0xfe, 0x40,
    0x00, 0x04, 0xae, 0xfd, 0x92, 0x00, 0x00, 0x00, 0x0b, 0x90, 0x00, 0xb8, 0x00, 0x00, 0x00, 0x00,
    0x05, 0xe4, 0x16, 0xf3, 0x00, 0x00, 0x00, 0x00, 0x00, 0x6d, 0xec, 0x40, 0x00, 0x00, 0x00, 0x00,
    0x00, 0x00, 0x00, 0x00, 0x00, 0x00, 0x00, 0x00, 0x00, 0x00, 0x00, 0x00, 0x00, 0x00, 0x00, 0x00,
    0x17, 0xbd, 0xfd, 0xb5, 0x10, 0x00, 0x00, 0x05, 0xef, 0xfc, 0xbd, 0xff, 0xd3, 0x00, 0x00, 0x5f,
    0xf8, 0x10, 0x00, 0x2a, 0xfe, 0x30, 0x02, 0xef, 0x50, 0x00, 0x00, 0x00, 0x8f, 0xd0, 0x08, 0xf9,
    0x00, 0x00, 0x00, 0x00, 0x0c, 0xf5, 0x0d, 0xf3, 0x00, 0x00, 0x00, 0x00, 0x06, 0xfa, 0x0f, 0xf0,
    0x00, 0x00, 0x00, 0x00, 0x03, 0xfc, 0x0f, 0xf0, 0x00, 0x00, 0x00, 0x00, 0x03, 0xfc, 0x0d, 0xf3,
    0x00, 0x00, 0x00, 0x00, 0x06, 0xfa, 0x08, 0xf9, 0x00, 0x00, 0x00, 0x00, 0x0c, 0xf5, 0x02, 0xef,
    0x50, 0x00, 0x00, 0x00, 0x8f, 0xd0, 0x00, 0x5f, 0xf8, 0x10, 0x00, 0x2a, 0xfe, 0x30, 0x00, 0x05,
    0xef, 0xfc, 0xbd, 0xff, 0xd3, 0x00, 0x00, 0x00, 0x17, 0xbe, 0xfd, 0xb6, 0x10, 0x00, 0x00, 0x0c,
    0x80, 0x00, 0xc7, 0x00, 0x00, 0x07, 0xe4, 0x17, 0xe2, 0x00, 0x00, 0x00, 0x7d, 0xec, 0x40, 0x00,
    0x00, 0x00, 0x00, 0x00, 0x00, 0x00, 0x00, 0x04, 0xae, 0xfd, 0x92, 0x00, 0x00, 0x7f, 0xfd, 0xbe,
    0xfe, 0x40, 0x05, 0xfe, 0x40, 0x00, 0x7f, 0xe1, 0x0c, 0xf5, 0x00, 0x00, 0x09, 0xf7, 0x1f, 0xe0,
    0x00, 0x00, 0x03, 0xfb, 0x2f, 0xc0, 0x00, 0x00, 0x02, 0xfc, 0x1f, 0xe0, 0x00, 0x00, 0x03, 0xfb,
    0x0c, 0xf5, 0x00, 0x00, 0x09, 0xf7, 0x05, 0xfe, 0x40, 0x00, 0x7f, 0xe1, 0x00, 0x7f, 0xfd, 0xbe,
    0xfe, 0x40, 0x00, 0x04, 0xae, 0xfd, 0x92, 0x00, 0x00, 0x00, 0x00, 0x08, 0xd5, 0x2c, 0xa0, 0x00,
    0x00, 0x00, 0x00, 0x3f, 0xa0, 0xbe, 0x30, 0x00, 0x00, 0x00, 0x00, 0xcc, 0x15, 0xf5, 0x00, 0x00,
    0x00, 0x00, 0x00, 0x00, 0x00, 0x00, 0x00, 0x00, 0x00, 0x00, 0x00, 0x00, 0x00, 0x00, 0x00, 0x00,
    0x00, 0x00, 0x17, 0xbd, 0xfd, 0xb5, 0x10, 0x00, 0x00, 0x05, 0xef, 0xfc, 0xbd, 0xff, 0xd3, 0x00,
    0x00, 0x5f, 0xf8, 0x10, 0x00, 0x2a, 0xfe, 0x30, 0x02, 0xef, 0x50, 0x00, 0x00, 0x00, 0x8f, 0xd0,
    0x08, 0xf9, 0x00, 0x00, 0x00, 0x00, 0x0c, 0xf5, 0x0d, 0xf3, 0x00, 0x00, 0x00, 0x00, 0x06, 0xfa,
    0x0f, 0xf0, 0x00, 0x00, 0x00, 0x00, 0x03, 0xfc, 0x0f, 0xf0, 0x00, 0x00, 0x00, 0x00, 0x03, 0xfc,
    0x0d, 0xf3, 0x00, 0x00, 0x00, 0x00, 0x06, 0xfa, 0x08, 0xf9, 0x00, 0x00, 0x00, 0x00, 0x0c, 0xf5,
    0x02, 0xef, 0x50, 0x00, 0x00, 0x00, 0x8f, 0xd0, 0x00, 0x5f, 0xf8, 0x10, 0x00, 0x2a, 0xfe, 0x30,
    0x00, 0x05, 0xef, 0xfc, 0xbd, 0xff, 0xd3, 0x00, 0x00, 0x00, 0x17, 0xbe, 0xfd, 0xb6, 0x10, 0x00,
    0x00, 0x00, 0x09, 0xd4, 0x3d, 0xa0, 0x00, 0x00, 0x4f, 0x90, 0xce, 0x20, 0x00, 0x01, 0xdc, 0x06,
    0xf4, 0x00, 0x00, 0x00, 0x00, 0x00, 0x00, 0x00, 0x00, 0x04, 0xae, 0xfd, 0x92, 0x00, 0x00, 0x7f,
    0xfd, 0xbe, 0xfe, 0x40, 0x05, 0xfe, 0x40, 0x00, 0x7f, 0xe1, 0x0c, 0xf5, 0x00, 0x00, 0x09, 0xf7,
    0x1f, 0xe0, 0x00, 0x00, 0x03, 0xfb, 0x2f, 0xc0, 0x00, 0x00, 0x02, 0xfc, 0x1f, 0xe0, 0x00, 0x00,
    0x03, 0xfb, 0x0c, 0xf5, 0x00, 0x00, 0x09, 0xf7, 0x05, 0xfe, 0x40, 0x00, 0x7f, 0xe1, 0x00, 0x7f,
    0xfd, 0xbe, 0xfe, 0x40, 0x00, 0x04, 0xae, 0xfd, 0x92, 0x00, 0x00, 0x00, 0x17, 0xbd, 0xff, 0xff,
    0xff, 0xff, 0xff, 0xff, 0xf1, 0x00, 0x05, 0xef, 0xfd, 0xbb, 0xbe, 0xfc, 0xbb, 0xbb, 0xbb, 0xb1,
    0x00, 0x6f, 0xf8, 0x10, 0x00, 0x0c, 0xf3, 0x00, 0x00, 0x00, 0x00, 0x02, 0xff, 0x40, 0x00, 0x00,
    0x0c, 0xf3, 0x00, 0x00, 0x00, 0x00, 0x09, 0xf8, 0x00, 0x00, 0x00, 0x0c, 0xf3, 0x00, 0x00, 0x00,
    0x00, 0x0d, 0xf3, 0x00, 0x00, 0x00, 0x0c, 0xf3, 0x00, 0x00, 0x00, 0x00, 0x0f, 0xf0, 0x00, 0x00,
    0x00, 0x0c, 0xff, 0xff, 0xff, 0xff, 0x40, 0x0f, 0xf0, 0x00, 0x00, 0x00, 0x0c, 0xfc, 0xbb, 0xbb,
    0xbb, 0x30, 0x0d, 0xf3, 0x00, 0x00, 0x00, 0x0c, 0xf3, 0x00, 0x00, 0x00, 0x00, 0x09, 0xf8, 0x00,
    0x00, 0x00, 0x0c, 0xf3, 0x00, 0x00, 0x00, 0x00, 0x02, 0xff, 0x40, 0x00, 0x00, 0x0c, 0xf3, 0x00,
    0x00, 0x00, 0x00, 0x00, 0x6f, 0xf7, 0x10, 0x00, 0x0c, 0xf3, 0x00, 0x00, 0x00, 0x00, 0x00, 0x06,
    0xef, 0xfd, 0xbb, 0xbe, 0xfc, 0xbb, 0xbb, 0xbb, 0xb4, 0x00, 0x00, 0x17, 0xcd, 0xff, 0xff, 0xff,
    0xff, 0xff, 0xff, 0xf6, 0x00, 0x04, 0xae, 0xfd, 0x92, 0x00, 0x4a, 0xee, 0xd7, 0x10, 0x00, 0x07,
    0xff, 0xdb, 0xef, 0xe3, 0x6f, 0xfc, 0xbe, 0xfd, 0x10, 0x05, 0xfe, 0x40, 0x00, 0x7f, 0xef, 0xc2,
    0x00, 0x07, 0xfb, 0x00, 0xcf, 0x50, 0x00, 0x00, 0x9f, 0xf2, 0x00, 0x00, 0x09, 0xf2, 0x1f, 0xe0,
    0x00, 0x00, 0x03, 0xff, 0xbb, 0xbb, 0xbb, 0xcf, 0x62, 0xfc, 0x00, 0x00, 0x00, 0x2f, 0xff, 0xff,
    0xff, 0xff, 0xf7, 0x1f, 0xe0, 0x00, 0x00, 0x03, 0xff, 0x10, 0x00, 0x00, 0x00, 0x00, 0xcf, 0x50,
    0x00, 0x00, 0x9f, 0xf6, 0x00, 0x00, 0x00, 0x00, 0x05, 0xfe, 0x40, 0x00, 0x7f, 0xde, 0xf6, 0x00,
    0x02, 0xb3, 0x00, 0x07, 0xff, 0xdb, 0xef, 0xe2, 0x5e, 0xfe, 0xbc, 0xff, 0x70, 0x00, 0x04, 0xae,
    0xfd, 0x81, 0x00, 0x29, 0xdf, 0xeb, 0x40, 0x00, 0x00, 0x00, 0x00, 0x58, 0x60, 0x00, 0x00, 0x00,
    0x07, 0xfa, 0x10, 0x00, 0x00, 0x00, 0x8f, 0x60, 0x00, 0x00, 0x00, 0x00, 0x00, 0x00, 0x00, 0x00,
    0x00, 0x00, 0x00, 0x00, 0x00, 0x00, 0xef, 0xff, 0xff, 0xec, 0x71, 0x00, 0xef, 0xbb, 0xbb, 0xdf,
    0xfd, 0x20, 0xef, 0x10, 0x00, 0x02, 0xaf, 0xc0, 0xef, 0x10, 0x00, 0x00, 0x1d, 0xf3, 0xef, 0x10,
    0x00, 0x00, 0x0a, 0xf6, 0xef, 0x10, 0x00, 0x00, 0x0b, 0xf5, 0xef, 0x10, 0x00, 0x00, 0x2e, 0xf2,
    0xef, 0x10, 0x00, 0x26, 0xdf, 0x90, 0xef, 0xff, 0xff, 0xff, 0xf9, 0x00, 0xef, 0xbb, 0xbb, 0xdf,
    0x90, 0x00, 0xef, 0x10, 0x00, 0x1e, 0xf3, 0x00, 0xef, 0x10, 0x00, 0x04, 0xfd, 0x10, 0xef, 0x10,
    0x00, 0x00, 0x9f, 0x90, 0xef, 0x10, 0x00, 0x00, 0x1d, 0xf4, 0x00, 0x00, 0x38, 0x71, 0x00, 0x04,
    0xed, 0x30, 0x00, 0x5f, 0x91, 0x00, 0x00, 0x00, 0x00, 0x00, 0x3f, 0xa2, 0xae, 0x80, 0x3f, 0xce,
    0xfc, 0x60, 0x3f, 0xfc, 0x20, 0x00, 0x3f, 0xf3, 0x00, 0x00, 0x3f, 0xd0, 0x00, 0x00, 0x3f, 0xb0,
    0x00, 0x00, 0x3f, 0xb0, 0x00, 0x00, 0x3f, 0xb0, 0x00, 0x00, 0x3f, 0xb0, 0x00, 0x00, 0x3f, 0xb0,
    0x00, 0x00, 0x3f, 0xb0, 0x00, 0x00, 0xef, 0xff, 0xff, 0xec, 0x71, 0x00, 0xef, 0xbb, 0xbb, 0xdf,
    0xfd, 0x20, 0xef, 0x10, 0x00, 0x02, 0xaf, 0xc0, 0xef, 0x10, 0x00, 0x00, 0x1d, 0xf3, 0xef, 0x10,
    0x00, 0x00, 0x0a, 0xf6, 0xef, 0x10, 0x00, 0x00, 0x0b, 0xf5, 0xef, 0x10, 0x00, 0x00, 0x2e, 0xf2,
    0xef, 0x10, 0x00, 0x26, 0xdf, 0x90, 0xef, 0xff, 0xff, 0xff, 0xf9, 0x00, 0xef, 0xbb, 0xbb, 0xdf,
    0x90, 0x00, 0xef, 0x10, 0x00, 0x1e, 0xf3, 0x00, 0xef, 0x10, 0x00, 0x04, 0xfd, 0x10, 0xef, 0x10,
    0x00, 0x00, 0x9f, 0x90, 0xef, 0x10, 0x00, 0x00, 0x1d, 0xf4, 0x00, 0x00, 0x00, 0x00, 0x00, 0x00,
    0x00, 0x00, 0x00, 0x00, 0x00, 0x00, 0x00, 0x00, 0x6e, 0x40, 0x00, 0x00, 0x00, 0x00, 0x3f, 0x40,
    0x00, 0x00, 0x00, 0x00, 0x4c, 0x00, 0x00, 0x00, 0x3f, 0xa2, 0xae, 0x83, 0xfc, 0xef, 0xc6, 0x3f,
    0xfc, 0x20, 0x03, 0xff, 0x30, 0x00, 0x3f, 0xd0, 0x00, 0x03, 0xfb, 0x00, 0x00, 0x3f, 0xb0, 0x00,
    0x03, 0xfb, 0x00, 0x00, 0x3f, 0xb0, 0x00, 0x03, 0xfb, 0x00, 0x00, 0x3f, 0xb0, 0x00, 0x00, 0x00,
    0x00, 0x00, 0x00, 0x00, 0x00, 0x02, 0xd9, 0x00, 0x00, 0x1c, 0x90, 0x00, 0x00, 0xd3, 0x00, 0x00,
    0x00, 0x76, 0x00, 0x17, 0x60, 0x00, 0x00, 0x3e, 0xb3, 0xdd, 0x20, 0x00, 0x00, 0x02, 0xdf, 0xc1,
    0x00, 0x00, 0x00, 0x00, 0x00, 0x00, 0x00, 0x00, 0x00, 0x00, 0x00, 0x00, 0x00, 0x00, 0xef, 0xff,
    0xff, 0xec, 0x71, 0x00, 0xef, 0xbb, 0xbb, 0xdf, 0xfd, 0x20, 0xef, 0x10, 0x00, 0x02, 0xaf, 0xc0,
    0xef, 0x10, 0x00, 0x00, 0x1d, 0xf3, 0xef, 0x10, 0x00, 0x00, 0x0a, 0xf6, 0xef, 0x10, 0x00, 0x00,
    0x0b, 0xf5, 0xef, 0x10, 0x00, 0x00, 0x2e, 0xf2, 0xef, 0x10, 0x00, 0x26, 0xdf, 0x90, 0xef, 0xff,
    0xff, 0xff, 0xf9, 0x00, 0xef, 0xbb, 0xbb, 0xdf, 0x90, 0x00, 0xef, 0x10, 0x00, 0x1e, 0xf3, 0x00,
    0xef, 0x10, 0x00, 0x04, 0xfd, 0x10, 0xef, 0x10, 0x00, 0x00, 0x9f, 0x90, 0xef, 0x10, 0x00, 0x00,
    0x1d, 0xf4, 0x57, 0x10, 0x06, 0x70, 0x1c, 0xd4, 0xae, 0x40, 0x01, 0xbf, 0xe3, 0x00, 0x00, 0x00,
    0x00, 0x00, 0x3f, 0xa2, 0xae, 0x80, 0x3f, 0xce, 0xfc, 0x60, 0x3f, 0xfc, 0x20, 0x00, 0x3f, 0xf3,
    0x00, 0x00, 0x3f, 0xd0, 0x00, 0x00, 0x3f, 0xb0, 0x00, 0x00, 0x3f, 0xb0, 0x00, 0x00, 0x3f, 0xb0,
    0x00, 0x00, 0x3f, 0xb0, 0x00, 0x00, 0x3f, 0xb0, 0x00, 0x00, 0x3f, 0xb0, 0x00, 0x00, 0x00, 0x00,
    0x00, 0x05, 0x86, 0x00, 0x00, 0x00, 0x00, 0x7f, 0xa1, 0x00, 0x00, 0x00, 0x08, 0xf6, 0x00, 0x00,
    0x00, 0x00, 0x00, 0x00, 0x00, 0x00, 0x00, 0x00, 0x00, 0x00, 0x00, 0x00, 0x00, 0x06, 0xbe, 0xfe,
    0xb7, 0x10, 0x01, 0xcf, 0xfc, 0xbc, 0xff, 0xd0, 0x08, 0xfc, 0x20, 0x00, 0x16, 0x60, 0x0c, 0xf3,
    0x00, 0x00, 0x00, 0x00, 0x0b, 0xf4, 0x00, 0x00, 0x00, 0x00, 0x06, 0xfe, 0x71, 0x00, 0x00, 0x00,
    0x00, 0x8f, 0xff, 0xd9, 0x40, 0x00, 0x00, 0x02, 0x6b, 0xef, 0xfd, 0x40, 0x00, 0x00, 0x00, 0x03,
    0xaf, 0xf2, 0x00, 0x00, 0x00, 0x00, 0x08, 0xf7, 0x01, 0x00, 0x00, 0x00, 0x07, 0xf8, 0x0c, 0xa3,
    0x00, 0x00, 0x3d, 0xf4, 0x1b, 0xff, 0xec, 0xbd, 0xff, 0x90, 0x00, 0x49, 0xde, 0xfd, 0xa4, 0x00,
    0x00, 0x00, 0x01, 0x77, 0x20, 0x00, 0x00, 0x1c, 0xe5, 0x00, 0x00, 0x02, 0xdc, 0x20, 0x00, 0x00,
    0x00, 0x00, 0x00, 0x00, 0x00, 0x5b, 0xef, 0xda, 0x40, 0x09, 0xff, 0xcb, 0xef, 0xd0, 0x1f, 0xe2,
    0x00, 0x04, 0x40, 0x2f, 0xc0, 0x00, 0x00, 0x00, 0x0d, 0xfb, 0x63, 0x00, 0x00, 0x02, 0xbf, 0xff,
    0xfb, 0x30, 0x00, 0x01, 0x47, 0xbf, 0xe2, 0x00, 0x00, 0x00, 0x09, 0xf6, 0x09, 0x30, 0x00, 0x0b,
    0xf5, 0x5f, 0xfe, 0xbb, 0xef, 0xc0, 0x05, 0xad, 0xfe, 0xc7, 0x10, 0x00, 0x00, 0x06, 0x85, 0x00,
    0x00, 0x00, 0x00, 0x8f, 0xbf, 0x60, 0x00, 0x00, 0x09, 0xe4, 0x06, 0xf7, 0x00, 0x00, 0x00, 0x00,
    0x00, 0x00, 0x00, 0x00, 0x00, 0x00, 0x00, 0x00, 0x00, 0x00, 0x06, 0xbe, 0xfe, 0xb7, 0x10, 0x01,
    0xcf, 0xfc, 0xbc, 0xff, 0xd0, 0x08, 0xfc, 0x20, 0x00, 0x16, 0x60, 0x0c, 0xf3, 0x00, 0x00, 0x00,
    0x00, 0x0b, 0xf4, 0x00, 0x00, 0x00, 0x00, 0x06, 0xfe, 0x71, 0x00, 0x00, 0x00, 0x00, 0x8f, 0xff,
    0xd9, 0x40, 0x00, 0x00, 0x02, 0x6b, 0xef, 0xfd, 0x40, 0x00, 0x00, 0x00, 0x03, 0xaf, 0xf2, 0x00,
    0x00, 0x00, 0x00, 0x08, 0xf7, 0x01, 0x00, 0x00, 0x00, 0x07, 0xf8, 0x0c, 0xa3, 0x00, 0x00, 0x3d,
    0xf4, 0x1b, 0xff, 0xec, 0xbd, 0xff, 0x90, 0x00, 0x49, 0xde, 0xfd, 0xa4, 0x00, 0x00, 0x02, 0x77,
    0x10, 0x00, 0x00, 0x2d, 0xdd, 0xc2, 0x00, 0x03, 0xea, 0x11, 0xbd, 0x20, 0x00, 0x00, 0x00, 0x00,
    0x00, 0x00, 0x5b, 0xef, 0xda, 0x40, 0x09, 0xff, 0xcb, 0xef, 0xd0, 0x1f, 0xe2, 0x00, 0x04, 0x40,
    0x2f, 0xc0, 0x00, 0x00, 0x00, 0x0d, 0xfb, 0x63, 0x00, 0x00, 0x02, 0xbf, 0xff, 0xfb, 0x30, 0x00,
    0x01, 0x47, 0xbf, 0xe2, 0x00, 0x00, 0x00, 0x09, 0xf6, 0x09, 0x30, 0x00, 0x0b, 0xf5, 0x5f, 0xfe,
    0xbb, 0xef, 0xc0, 0x05, 0xad, 0xfe, 0xc7, 0x10, 0x00, 0x06, 0xbe, 0xfe, 0xb7, 0x10, 0x01, 0xcf,
    0xfc, 0xbc, 0xff, 0xd0, 0x08, 0xfc, 0x20, 0x00, 0x16, 0x60, 0x0c, 0xf3, 0x00, 0x00, 0x00, 0x00,
    0x0b, 0xf4, 0x00, 0x00, 0x00, 0x00, 0x06, 0xfe, 0x71, 0x00, 0x00, 0x00, 0x00, 0x8f, 0xff, 0xd9,
    0x40, 0x00, 0x00, 0x02, 0x6b, 0xef, 0xfd, 0x40, 0x00, 0x00, 0x00, 0x03, 0xaf, 0xf2, 0x00, 0x00,
    0x00, 0x00, 0x08, 0xf7, 0x01, 0x00, 0x00, 0x00, 0x07, 0xf8, 0x0c, 0xa3, 0x00, 0x00, 0x3d, 0xf4,
    0x1b, 0xff, 0xec, 0xbd, 0xff, 0x90, 0x00, 0x49, 0xde, 0xfd, 0xa4, 0x00, 0x00, 0x00, 0x02, 0x90,
    0x00, 0x00, 0x00, 0x00, 0x07, 0xe7, 0x00, 0x00, 0x00, 0x00, 0x00, 0x3f, 0x40, 0x00, 0x00, 0x00,
    0x31, 0x2f, 0x50, 0x00, 0x00, 0x00, 0x9e, 0xe9, 0x00, 0x00, 0x00, 0x5b, 0xef, 0xda, 0x40, 0x09,
    0xff, 0xcb, 0xef, 0xd0, 0x1f, 0xe2, 0x00, 0x04, 0x40, 0x2f, 0xc0, 0x00, 0x00, 0x00, 0x0d, 0xfb,
    0x63, 0x00, 0x00, 0x02, 0xbf, 0xff, 0xfb, 0x30, 0x00, 0x01, 0x47, 0xbf, 0xe2, 0x00, 0x00, 0x00,
    0x09, 0xf6, 0x09, 0x30, 0x00, 0x0b, 0xf5, 0x5f, 0xfe, 0xbb, 0xef, 0xc0, 0x05, 0xad, 0xfe, 0xc7,
    0x10, 0x00, 0x00, 0x84, 0x00, 0x00, 0x00, 0x00, 0xeb, 0x20, 0x00, 0x00, 0x00, 0x09, 0xc0, 0x00,
    0x00, 0x03, 0x09, 0xd0, 0x00, 0x00, 0x2d, 0xfc, 0x30, 0x00, 0x00, 0x06, 0x60, 0x01, 0x76, 0x00,
    0x00, 0x03, 0xeb, 0x3c, 0xd2, 0x00, 0x00, 0x00, 0x2d, 0xfc, 0x10, 0x00, 0x00, 0x00, 0x00, 0x00,
    0x00, 0x00, 0x00, 0x00, 0x00, 0x00, 0x00, 0x00, 0x00, 0x06, 0xbe, 0xfe, 0xb7, 0x10, 0x01, 0xcf,
    0xfc, 0xbc, 0xff, 0xd0, 0x08, 0xfc, 0x20, 0x00, 0x16, 0x60, 0x0c, 0xf3, 0x00, 0x00, 0x00, 0x00,
    0x0b, 0xf4, 0x00, 0x00, 0x00, 0x00, 0x06, 0xfe, 0x71, 0x00, 0x00, 0x00, 0x00, 0x8f, 0xff, 0xd9,
    0x40, 0x00, 0x00, 0x02, 0x6b, 0xef, 0xfd, 0x40, 0x00, 0x00, 0x00, 0x03, 0xaf, 0xf2, 0x00, 0x00,
    0x00, 0x00, 0x08, 0xf7, 0x01, 0x00, 0x00, 0x00, 0x07, 0xf8, 0x0c, 0xa3, 0x00, 0x00, 0x3d, 0xf4,
    0x1b, 0xff, 0xec, 0xbd, 0xff, 0x90, 0x00, 0x49, 0xde, 0xfd, 0xa4, 0x00, 0x03, 0x83, 0x00, 0x48,
    0x20, 0x00, 0x8f, 0x67, 0xf7, 0x00, 0x00, 0x08, 0xff, 0x60, 0x00, 0x00, 0x00, 0x00, 0x00, 0x00,
    0x00, 0x5b, 0xef, 0xda, 0x40, 0x09, 0xff, 0xcb, 0xef, 0xd0, 0x1f, 0xe2, 0x00, 0x04, 0x40, 0x2f,
    0xc0, 0x00, 0x00, 0x00, 0x0d, 0xfb, 0x63, 0x00, 0x00, 0x02, 0xbf, 0xff, 0xfb, 0x30, 0x00, 0x01,
    0x47, 0xbf, 0xe2, 0x00, 0x00, 0x00, 0x09, 0xf6, 0x09, 0x30, 0x00, 0x0b, 0xf5, 0x5f, 0xfe, 0xbb,
    0xef, 0xc0, 0x05, 0xad, 0xfe, 0xc7, 0x10, 0xef, 0xff, 0xff, 0xff, 0xff, 0xfa, 0xab, 0xbb, 0xbf,
    0xeb, 0xbb, 0xb7, 0x00, 0x00, 0x2f, 0xd0, 0x00, 0x00, 0x00, 0x00, 0x2f, 0xd0, 0x00, 0x00, 0x00,
    0x00, 0x2f, 0xd0, 0x00, 0x00, 0x00, 0x00, 0x2f, 0xd0, 0x00, 0x00, 0x00, 0x00, 0x2f, 0xd0, 0x00,
    0x00, 0x00, 0x00, 0x2f, 0xd0, 0x00, 0x00, 0x00, 0x00, 0x2f, 0xd0, 0x00, 0x00, 0x00, 0x00, 0x2f,
    0xd0, 0x00, 0x00, 0x00, 0x00, 0x2f, 0xd0, 0x00, 0x00, 0x00, 0x00, 0x2f, 0xd0, 0x00, 0x00, 0x00,
    0x00, 0x2f, 0xd0, 0x00, 0x00, 0x00, 0x00, 0x2f, 0xd0, 0x00, 0x00, 0x00, 0x00, 0x09, 0x30, 0x00,
    0x00, 0x00, 0x00, 0x1f, 0xa2, 0x00, 0x00, 0x00, 0x00, 0x00, 0xbb, 0x00, 0x00, 0x00, 0x01, 0x31,
    0xab, 0x00, 0x00, 0x00, 0x03, 0xef, 0xc3, 0x00, 0x00, 0x00, 0x78, 0x00, 0x00, 0x00, 0xef, 0x00,
    0x00, 0x00, 0xef, 0x00, 0x00, 0xbf, 0xff, 0xff, 0xf1, 0x8b, 0xff, 0xbb, 0xb1, 0x00, 0xef, 0x00,
    0x00, 0x00, 0xef, 0x00, 0x00, 0x00, 0xef, 0x00, 0x00, 0x00, 0xef, 0x00, 0x00, 0x00, 0xef, 0x00,
    0x00, 0x00, 0xdf, 0x00, 0x00, 0x00, 0xcf, 0x40, 0x00, 0x00, 0x6f, 0xea, 0xc7, 0x00, 0x07, 0xde,
    0xd5, 0x00, 0x00, 0x75, 0x00, 0x00, 0x00, 0xdb, 0x30, 0x00, 0x00, 0x08, 0xe0, 0x00, 0x03, 0x08,
    0xe0, 0x00, 0x1d, 0xfd, 0x50, 0x00, 0x38, 0x20, 0x05, 0x71, 0x00, 0x00, 0x0a, 0xe5, 0x8f, 0x60,
    0x00, 0x00, 0x00, 0x9f, 0xf5, 0x00, 0x00, 0x00, 0x00, 0x00, 0x00, 0x00, 0x00, 0x00, 0x00, 0x00,
    0x00, 0x00, 0x00, 0xef, 0xff, 0xff, 0xff, 0xff, 0xfa, 0xab, 0xbb, 0xbf, 0xeb, 0xbb, 0xb7, 0x00,
    0x00, 0x2f, 0xd0, 0x00, 0x00, 0x00, 0x00, 0x2f, 0xd0, 0x00, 0x00, 0x00, 0x00, 0x2f, 0xd0, 0x00,
    0x00, 0x00, 0x00, 0x2f, 0xd0, 0x00, 0x00, 0x00, 0x00, 0x2f, 0xd0, 0x00, 0x00, 0x00, 0x00, 0x2f,
    0xd0, 0x00, 0x00, 0x00, 0x00, 0x2f, 0xd0, 0x00, 0x00, 0x00, 0x00, 0x2f, 0xd0, 0x00, 0x00, 0x00,
    0x00, 0x2f, 0xd0, 0x00, 0x00, 0x00, 0x00, 0x2f, 0xd0, 0x00, 0x00, 0x00, 0x00, 0x2f, 0xd0, 0x00,
    0x00, 0x00, 0x00, 0x2f, 0xd0, 0x00, 0x00, 0x00, 0x00, 0x04, 0xf3, 0x00, 0x78, 0x04, 0xf2, 0x00,
    0xef, 0x04, 0xf1, 0x00, 0xef, 0x00, 0x00, 0xbf, 0xff, 0xff, 0xf1, 0x8b, 0xff, 0xbb, 0xb1, 0x00,
    0xef, 0x00, 0x00, 0x00, 0xef, 0x00, 0x00, 0x00, 0xef, 0x00, 0x00, 0x00, 0xef, 0x00, 0x00, 0x00,
    0xef, 0x00, 0x00, 0x00, 0xdf, 0x00, 0x00, 0x00, 0xcf, 0x40, 0x00, 0x00, 0x6f, 0xea, 0xc7, 0x00,
    0x07, 0xde, 0xd5, 0xef, 0xff, 0xff, 0xff, 0xff, 0xfa, 0xab, 0xbb, 0xbf, 0xeb, 0xbb, 0xb7, 0x00,
    0x00, 0x2f, 0xd0, 0x00, 0x00, 0x00, 0x00, 0x2f, 0xd0, 0x00, 0x00, 0x00, 0x00, 0x2f, 0xd0, 0x00,
    0x00, 0x01, 0xbb, 0xdf, 0xfb, 0xb9, 0x00, 0x02, 0xff, 0xff, 0xff, 0xfd, 0x00, 0x00, 0x00, 0x2f,
    0xd0, 0x00, 0x00, 0x00, 0x00, 0x2f, 0xd0, 0x00, 0x00, 0x00, 0x00, 0x2f, 0xd0, 0x00, 0x00, 0x00,
    0x00, 0x2f, 0xd0, 0x00, 0x00, 0x00, 0x00, 0x2f, 0xd0, 0x00, 0x00, 0x00, 0x00, 0x2f, 0xd0, 0x00,
    0x00, 0x00, 0x00, 0x2f, 0xd0, 0x00, 0x00, 0x00, 0x68, 0x10, 0x00, 0x00, 0xcf, 0x20, 0x00, 0x00,
    0xcf, 0x20, 0x00, 0x9f, 0xff, 0xff, 0xf2, 0x7b, 0xef, 0xbb, 0xb2, 0x00, 0xcf, 0x20, 0x00, 0x00,
    0xcf, 0x20, 0x00, 0x01, 0xdf, 0x31, 0x10, 0x5f, 0xff, 0xff, 0xe0, 0x14, 0xff, 0x64, 0x40, 0x00,
    0xcf, 0x20, 0x00, 0x00, 0xaf, 0x50, 0x00, 0x00, 0x5f, 0xfa, 0xc8, 0x00, 0x06, 0xde, 0xd6, 0x00,
    0x00, 0xae, 0xb4, 0x1e, 0x30, 0x00, 0x00, 0x5c, 0x15, 0xce, 0x80, 0x00, 0x00, 0x00, 0x00, 0x00,
    0x00, 0x00, 0x00, 0x00, 0x00, 0x00, 0x00, 0x00, 0x00, 0x0f, 0xf0, 0x00, 0x00, 0x00, 0x2f, 0xc0,
    0xff, 0x00, 0x00, 0x00, 0x02, 0xfc, 0x0f, 0xf0, 0x00, 0x00, 0x00, 0x2f, 0xc0, 0xff, 0x00, 0x00,
    0x00, 0x02, 0xfc, 0x0f, 0xf0, 0x00, 0x00, 0x00, 0x2f, 0xc0, 0xff, 0x00, 0x00, 0x00, 0x02, 0xfc,
    0x0f, 0xf0, 0x00, 0x00, 0x00, 0x2f, 0xc0, 0xff, 0x00, 0x00, 0x00, 0x02, 0xfc, 0x0f, 0xf0, 0x00,
    0x00, 0x00, 0x3f, 0xc0, 0xdf, 0x30, 0x00, 0x00, 0x05, 0xfa, 0x09, 0xf8, 0x00, 0x00, 0x00, 0xbf,
    0x60, 0x2f, 0xf6, 0x00, 0x00, 0x8f, 0xd1, 0x00, 0x5f, 0xfe, 0xbb, 0xef, 0xe3, 0x00, 0x00, 0x29,
    0xdf, 0xec, 0x81, 0x00, 0x00, 0x2c, 0xea, 0x23, 0xe0, 0x00, 0x08, 0xa1, 0x7d, 0xe6, 0x00, 0x00,
    0x00, 0x00, 0x00, 0x00, 0x00, 0x00, 0x00, 0x00, 0x00, 0x00, 0x4f, 0xa0, 0x00, 0x00, 0x3f, 0xb4,
    0xfa, 0x00, 0x00, 0x03, 0xfb, 0x4f, 0xa0, 0x00, 0x00, 0x3f, 0xb4, 0xfa, 0x00, 0x00, 0x03, 0xfb,
    0x4f, 0xa0, 0x00, 0x00, 0x3f, 0xb4, 0xfa, 0x00, 0x00, 0x03, 0xfb, 0x4f, 0xa0, 0x00, 0x00, 0x5f,
    0xb2, 0xfd, 0x00, 0x00, 0x09, 0xfb, 0x0d, 0xf8, 0x00, 0x06, 0xff, 0xb0, 0x5f, 0xfd, 0xbd, 0xfb,
    0xfb, 0x00, 0x3b, 0xef, 0xc6, 0x2f, 0xb0, 0x00, 0x04, 0xbb, 0xbb, 0xbb, 0x20, 0x00, 0x00, 0x5f,
    0xff, 0xff, 0xf3, 0x00, 0x00, 0x00, 0x00, 0x00, 0x00, 0x00, 0x00, 0x00, 0x00, 0x00, 0x00, 0x00,
    0x00, 0x0f, 0xf0, 0x00, 0x00, 0x00, 0x2f, 0xc0, 0xff, 0x00, 0x00, 0x00, 0x02, 0xfc, 0x0f, 0xf0,
    0x00, 0x00, 0x00, 0x2f, 0xc0, 0xff, 0x00, 0x00, 0x00, 0x02, 0xfc, 0x0f, 0xf0, 0x00, 0x00, 0x00,
    0x2f, 0xc0, 0xff, 0x00, 0x00, 0x00, 0x02, 0xfc, 0x0f, 0xf0, 0x00, 0x00, 0x00, 0x2f, 0xc0, 0xff,
    0x00, 0x00, 0x00, 0x02, 0xfc, 0x0f, 0xf0, 0x00, 0x00, 0x00, 0x3f, 0xc0, 0xdf, 0x30, 0x00, 0x00,
    0x05, 0xfa, 0x09, 0xf8, 0x00, 0x00, 0x00, 0xbf, 0x60, 0x2f, 0xf6, 0x00, 0x00, 0x8f, 0xd1, 0x00,
    0x5f, 0xfe, 0xbb, 0xef, 0xe3, 0x00, 0x00, 0x29, 0xdf, 0xec, 0x81, 0x00, 0x00, 0x6b, 0xbb, 0xbb,
    0xb0, 0x00, 0x08, 0xff, 0xff, 0xff, 0x00, 0x00, 0x00, 0x00, 0x00, 0x00, 0x00, 0x00, 0x00, 0x00,
    0x00, 0x00, 0x4f, 0xa0, 0x00, 0x00, 0x3f, 0xb4, 0xfa, 0x00, 0x00, 0x03, 0xfb, 0x4f, 0xa0, 0x00,
    0x00, 0x3f, 0xb4, 0xfa, 0x00, 0x00, 0x03, 0xfb, 0x4f, 0xa0, 0x00, 0x00, 0x3f, 0xb4, 0xfa, 0x00,
    0x00, 0x03, 0xfb, 0x4f, 0xa0, 0x00, 0x00, 0x5f, 0xb2, 0xfd, 0x00, 0x00, 0x09, 0xfb, 0x0d, 0xf8,
    0x00, 0x06, 0xff, 0xb0, 0x5f, 0xfd, 0xbd, 0xfb, 0xfb, 0x00, 0x3b, 0xef, 0xc6, 0x2f, 0xb0, 0x00,
    0x03, 0xf1, 0x00, 0x4f, 0x10, 0x00, 0x00, 0x0d, 0xa1, 0x2c, 0xa0, 0x00, 0x00, 0x00, 0x2a, 0xee,
    0x91, 0x00, 0x00, 0x00, 0x00, 0x00, 0x00, 0x00, 0x00, 0x00, 0x00, 0x00, 0x00, 0x00, 0x00, 0x00,
    0xff, 0x00, 0x00, 0x00, 0x02, 0xfc, 0x0f, 0xf0, 0x00, 0x00, 0x00, 0x2f, 0xc0, 0xff, 0x00, 0x00,
    0x00, 0x02, 0xfc, 0x0f, 0xf0, 0x00, 0x00, 0x00, 0x2f, 0xc0, 0xff, 0x00, 0x00, 0x00, 0x02, 0xfc,
    0x0f, 0xf0, 0x00, 0x00, 0x00, 0x2f, 0xc0, 0xff, 0x00, 0x00, 0x00, 0x02, 0xfc, 0x0f, 0xf0, 0x00,
    0x00, 0x00, 0x2f, 0xc0, 0xff, 0x00, 0x00, 0x00, 0x03, 0xfc, 0x0d, 0xf3, 0x00, 0x00, 0x00, 0x5f,
    0xa0, 0x9f, 0x80, 0x00, 0x00, 0x0b, 0xf6, 0x02, 0xff, 0x60, 0x00, 0x08, 0xfd, 0x10, 0x05, 0xff,
    0xeb, 0xbe, 0xfe, 0x30, 0x00, 0x02, 0x9d, 0xfe, 0xc8, 0x10, 0x00, 0x00, 0x6d, 0x00, 0x07, 0xd0,
    0x00, 0x02, 0xe7, 0x13, 0xd7, 0x00, 0x00, 0x03, 0xbe, 0xd7, 0x00, 0x00, 0x00, 0x00, 0x00, 0x00,
    0x00, 0x4f, 0xa0, 0x00, 0x00, 0x3f, 0xb4, 0xfa, 0x00, 0x00, 0x03, 0xfb, 0x4f, 0xa0, 0x00, 0x00,
    0x3f, 0xb4, 0xfa, 0x00, 0x00, 0x03, 0xfb, 0x4f, 0xa0, 0x00, 0x00, 0x3f, 0xb4, 0xfa, 0x00, 0x00,
    0x03, 0xfb, 0x4f, 0xa0, 0x00, 0x00, 0x5f, 0xb2, 0xfd, 0x00, 0x00, 0x09, 0xfb, 0x0d, 0xf8, 0x00,
    0x06, 0xff, 0xb0, 0x5f, 0xfd, 0xbd, 0xfb, 0xfb, 0x00, 0x3b, 0xef, 0xc6, 0x2f, 0xb0, 0x00, 0x00,
    0x05, 0xed, 0x30, 0x00, 0x00, 0x00, 0x01, 0xd2, 0x3d, 0x00, 0x00, 0x00, 0x00, 0x4a, 0x00, 0xc1,
    0x00, 0x00, 0x00, 0x01, 0xd2, 0x3d, 0x00, 0x00, 0x00, 0x00, 0x06, 0xed, 0x40, 0x00, 0x00, 0x00,
    0x00, 0x00, 0x00, 0x00, 0x00, 0x0f, 0xf0, 0x00, 0x00, 0x00, 0x2f, 0xc0, 0xff, 0x00, 0x00, 0x00,
    0x02, 0xfc, 0x0f, 0xf0, 0x00, 0x00, 0x00, 0x2f, 0xc0, 0xff, 0x00, 0x00, 0x00, 0x02, 0xfc, 0x0f,
    0xf0, 0x00, 0x00, 0x00, 0x2f, 0xc0, 0xff, 0x00, 0x00, 0x00, 0x02, 0xfc, 0x0f, 0xf0, 0x00, 0x00,
    0x00, 0x2f, 0xc0, 0xff, 0x00, 0x00, 0x00, 0x02, 0xfc, 0x0f, 0xf0, 0x00, 0x00, 0x00, 0x3f, 0xc0,
    0xdf, 0x30, 0x00, 0x00, 0x05, 0xfa, 0x09, 0xf8, 0x00, 0x00, 0x00, 0xbf, 0x60, 0x2f, 0xf6, 0x00,
    0x00, 0x8f, 0xd1, 0x00, 0x5f, 0xfe, 0xbb, 0xef, 0xe3, 0x00, 0x00, 0x29, 0xdf, 0xec, 0x81, 0x00,
    0x00, 0x00, 0x8e, 0xc2, 0x00, 0x00, 0x00, 0x4b, 0x16, 0xa0, 0x00, 0x00, 0x07, 0x70, 0x0d, 0x00,
    0x00, 0x00, 0x4b, 0x16, 0xb0, 0x00, 0x00, 0x00, 0x8e, 0xc2, 0x00, 0x00, 0x00, 0x00, 0x00, 0x00,
    0x00, 0x4f, 0xa0, 0x00, 0x00, 0x3f, 0xb4, 0xfa, 0x00, 0x00, 0x03, 0xfb, 0x4f, 0xa0, 0x00, 0x00,
    0x3f, 0xb4, 0xfa, 0x00, 0x00, 0x03, 0xfb, 0x4f, 0xa0, 0x00, 0x00, 0x3f, 0xb4, 0xfa, 0x00, 0x00,
    0x03, 0xfb, 0x4f, 0xa0, 0x00, 0x00, 0x5f, 0xb2, 0xfd, 0x00, 0x00, 0x09, 0xfb, 0x0d, 0xf8, 0x00,
    0x06, 0xff, 0xb0, 0x5f, 0xfd, 0xbd, 0xfb, 0xfb, 0x00, 0x3b, 0xef, 0xc6, 0x2f, 0xb0, 0x00, 0x00,
    0x02, 0xcb, 0x08, 0xd4, 0x00, 0x00, 0x00, 0xae, 0x33, 0xf9, 0x00, 0x00, 0x00, 0x5f, 0x60, 0xcc,
    0x10, 0x00, 0x00, 0x00, 0x00, 0x00, 0x00, 0x00, 0x00, 0x00, 0x00, 0x00, 0x00, 0x00, 0x00, 0xff,
    0x00, 0x00, 0x00, 0x02, 0xfc, 0x0f, 0xf0, 0x00, 0x00, 0x00, 0x2f, 0xc0, 0xff, 0x00, 0x00, 0x00,
    0x02, 0xfc, 0x0f, 0xf0, 0x00, 0x00, 0x00, 0x2f, 0xc0, 0xff, 0x00, 0x00, 0x00, 0x02, 0xfc, 0x0f,
    0xf0, 0x00, 0x00, 0x00, 0x2f, 0xc0, 0xff, 0x00, 0x00, 0x00, 0x02, 0xfc, 0x0f, 0xf0, 0x00, 0x00,
    0x00, 0x2f, 0xc0, 0xff, 0x00, 0x00, 0x00, 0x03, 0xfc, 0x0d, 0xf3, 0x00, 0x00, 0x00, 0x5f, 0xa0,
    0x9f, 0x80, 0x00, 0x00, 0x0b, 0xf6, 0x02, 0xff, 0x60, 0x00, 0x08, 0xfd, 0x10, 0x05, 0xff, 0xeb,
    0xbe, 0xfe, 0x30, 0x00, 0x02, 0x9d, 0xfe, 0xc8, 0x10, 0x00, 0x00, 0x00, 0x4d, 0x90, 0xac, 0x20,
    0x00, 0x1d, 0xd1, 0x6f, 0x60, 0x00, 0x08, 0xf3, 0x1e, 0xa0, 0x00, 0x00, 0x00, 0x00, 0x00, 0x00,
    0x4f, 0xa0, 0x00, 0x00, 0x3f, 0xb4, 0xfa, 0x00, 0x00, 0x03, 0xfb, 0x4f, 0xa0, 0x00, 0x00, 0x3f,
    0xb4, 0xfa, 0x00, 0x00, 0x03, 0xfb, 0x4f, 0xa0, 0x00, 0x00, 0x3f, 0xb4, 0xfa, 0x00, 0x00, 0x03,
    0xfb, 0x4f, 0xa0, 0x00, 0x00, 0x5f, 0xb2, 0xfd, 0x00, 0x00, 0x09, 0xfb, 0x0d, 0xf8, 0x00, 0x06,
    0xff, 0xb0, 0x5f, 0xfd, 0xbd, 0xfb, 0xfb, 0x00, 0x3b, 0xef, 0xc6, 0x2f, 0xb0, 0x0f, 0xf0, 0x00,
    0x00, 0x00, 0x2f, 0xc0, 0xff, 0x00, 0x00, 0x00, 0x02, 0xfc, 0x0f, 0xf0, 0x00, 0x00, 0x00, 0x2f,
    0xc0, 0xff, 0x00, 0x00, 0x00, 0x02, 0xfc, 0x0f, 0xf0, 0x00, 0x00, 0x00, 0x2f, 0xc0, 0xff, 0x00,
    0x00, 0x00, 0x02, 0xfc, 0x0f, 0xf0, 0x00, 0x00, 0x00, 0x2f, 0xc0, 0xff, 0x00, 0x00, 0x00, 0x02,
    0xfc, 0x0f, 0xf0, 0x00, 0x00, 0x00, 0x3f, 0xb0, 0xdf, 0x30, 0x00, 0x00, 0x05, 0xf9, 0x0a, 0xf8,
    0x00, 0x00, 0x00, 0xbf, 0x50, 0x3f, 0xf6, 0x00, 0x00, 0x8f, 0xc0, 0x00, 0x7f, 0xfe, 0xbb, 0xef,
    0xd2, 0x00, 0x00, 0x4b, 0xef, 0xfd, 0x60, 0x00, 0x00, 0x00, 0x04, 0xe5, 0x00, 0x00, 0x00, 0x00,
    0x00, 0xe7, 0x00, 0x00, 0x00, 0x00, 0x00, 0x0e, 0x80, 0x20, 0x00, 0x00, 0x00, 0x00, 0x5d, 0xfc,
    0x00, 0x00, 0x4f, 0xa0, 0x00, 0x00, 0x3f, 0xb0, 0x4f, 0xa0, 0x00, 0x00, 0x3f, 0xb0, 0x4f, 0xa0,
    0x00, 0x00, 0x3f, 0xb0, 0x4f, 0xa0, 0x00, 0x00, 0x3f, 0xb0, 0x4f, 0xa0, 0x00, 0x00, 0x3f, 0xb0,
    0x4f, 0xa0, 0x00, 0x00, 0x3f, 0xb0, 0x4f, 0xa0, 0x00, 0x00, 0x5f, 0xb0, 0x2f, 0xd0, 0x00, 0x00,
    0x9f, 0xb0, 0x0d, 0xf8, 0x00, 0x06, 0xff, 0xb0, 0x05, 0xff, 0xdb, 0xdf, 0xbf, 0xb0, 0x00, 0x3b,
    0xef, 0xc6, 0x8f, 0xf0, 0x00, 0x00, 0x00, 0x07, 0xe4, 0x00, 0x00, 0x00, 0x00, 0x0e, 0x70, 0x00,
    0x00, 0x00, 0x00, 0x0e, 0x90, 0x20, 0x00, 0x00, 0x00, 0x05, 0xdf, 0xc0, 0x00, 0x00, 0x00, 0x00,
    0x00, 0x78, 0x30, 0x00, 0x00, 0x00, 0x00, 0x00, 0x00, 0x00, 0x00, 0x0a, 0xeb, 0xf4, 0x00, 0x00,
    0x00, 0x00, 0x00, 0x00, 0x00, 0x01, 0xbd, 0x30, 0x8f, 0x50, 0x00, 0x00, 0x00, 0x00, 0x00, 0x00,
    0x00, 0x00, 0x00, 0x00, 0x00, 0x00, 0x00, 0x00, 0x00, 0x00, 0x00, 0x00, 0x00, 0x00, 0x00, 0x00,
    0x00, 0x00, 0x00, 0x3f, 0xd0, 0x00, 0x00, 0x00, 0xbf, 0x60, 0x00, 0x00, 0x03, 0xfb, 0x0d, 0xf3,
    0x00, 0x00, 0x02, 0xff, 0xc0, 0x00, 0x00, 0x08, 0xf6, 0x08, 0xf8, 0x00, 0x00, 0x07, 0xff, 0xf2,
    0x00, 0x00, 0x0d, 0xf1, 0x03, 0xfd, 0x00, 0x00, 0x0c, 0xf9, 0xf7, 0x00, 0x00, 0x3f, 0xb0, 0x00,
    0xdf, 0x30, 0x00, 0x2f, 0xb2, 0xfc, 0x00, 0x00, 0x8f, 0x60, 0x00, 0x8f, 0x80, 0x00, 0x7f, 0x60,
    0xcf, 0x20, 0x00, 0xdf, 0x10, 0x00, 0x3f, 0xd0, 0x00, 0xcf, 0x10, 0x7f, 0x70, 0x03, 0xfb, 0x00,
    0x00, 0x0d, 0xf3, 0x03, 0xfa, 0x00, 0x2f, 0xc0, 0x08, 0xf6, 0x00, 0x00, 0x08, 0xf8, 0x08, 0xf5,
    0x00, 0x0c, 0xf2, 0x0d, 0xf1, 0x00, 0x00, 0x03, 0xfd, 0x0d, 0xe1, 0x00, 0x07, 0xf7, 0x3f, 0xb0,
    0x00, 0x00, 0x00, 0xdf, 0x6f, 0xa0, 0x00, 0x02, 0xfc, 0x8f, 0x60, 0x00, 0x00, 0x00, 0x8f, 0xef,
    0x50, 0x00, 0x00, 0xcf, 0xef, 0x10, 0x00, 0x00, 0x00, 0x3f, 0xfe, 0x00, 0x00, 0x00, 0x6f, 0xfb,
    0x00, 0x00, 0x00, 0x00, 0x0d, 0xf9, 0x00, 0x00, 0x00, 0x1f, 0xf6, 0x00, 0x00, 0x00, 0x00, 0x00,
    0x02, 0x77, 0x10, 0x00, 0x00, 0x00, 0x00, 0x00, 0x00, 0x2d, 0xdd, 0xc1, 0x00, 0x00, 0x00, 0x00,
    0x00, 0x03, 0xea, 0x11, 0xbd, 0x20, 0x00, 0x00, 0x00, 0x00, 0x00, 0x00, 0x00, 0x00, 0x00, 0x00,
    0x00, 0xbf, 0x20, 0x00, 0x00, 0xee, 0x10, 0x00, 0x01, 0xfa, 0x5f, 0x70, 0x00, 0x05, 0xff, 0x60,
    0x00, 0x06, 0xf5, 0x1e, 0xc0, 0x00, 0x0a, 0xff, 0xb0, 0x00, 0x0b, 0xe0, 0x09, 0xf2, 0x00, 0x1f,
    0xbb, 0xf1, 0x00, 0x2f, 0x90, 0x04, 0xf8, 0x00, 0x6f, 0x55, 0xf7, 0x00, 0x7f, 0x40, 0x00, 0xdd,
    0x00, 0xce, 0x01, 0xec, 0x00, 0xcd, 0x00, 0x00, 0x8f, 0x32, 0xf9, 0x00, 0x9f, 0x23, 0xf8, 0x00,
    0x00, 0x3f, 0x88, 0xf3, 0x00, 0x4f, 0x88, 0xf2, 0x00, 0x00, 0x0d, 0xed, 0xd0, 0x00, 0x0d, 0xdd,
    0xc0, 0x00, 0x00, 0x07, 0xff, 0x70, 0x00, 0x07, 0xff, 0x70, 0x00, 0x00, 0x02, 0xff, 0x20, 0x00,
    0x02, 0xff, 0x10, 0x00, 0x00, 0x00, 0x00, 0x58, 0x50, 0x00, 0x00, 0x00, 0x00, 0x07, 0xfb, 0xf7,
    0x00, 0x00, 0x00, 0x00, 0x8e, 0x50, 0x5e, 0x80, 0x00, 0x00, 0x00, 0x00, 0x00, 0x00, 0x00, 0x00,
    0x00, 0x00, 0x00, 0x00, 0x00, 0x00, 0x00, 0x0c, 0xf5, 0x00, 0x00, 0x00, 0x04, 0xfb, 0x03, 0xfe,
    0x10, 0x00, 0x00, 0x0d, 0xf2, 0x00, 0x8f, 0x90, 0x00, 0x00, 0x7f, 0x80, 0x00, 0x1d, 0xf3, 0x00,
    0x02, 0xed, 0x00, 0x00, 0x05, 0xfc, 0x00, 0x0a, 0xf4, 0x00, 0x00, 0x00, 0xbf, 0x60, 0x4f, 0xa0,
    0x00, 0x00, 0x00, 0x2f, 0xe2, 0xde, 0x20, 0x00, 0x00, 0x00, 0x08, 0xfd, 0xf7, 0x00, 0x00, 0x00,
    0x00, 0x01, 0xdf, 0xd0, 0x00, 0x00, 0x00, 0x00, 0x00, 0x8f, 0x70, 0x00, 0x00, 0x00, 0x00, 0x00,
    0x8f, 0x70, 0x00, 0x00, 0x00, 0x00, 0x00, 0x8f, 0x70, 0x00, 0x00, 0x00, 0x00, 0x00, 0x8f, 0x70,
    0x00, 0x00, 0x00, 0x00, 0x00, 0x8f, 0x70, 0x00, 0x00, 0x00, 0x00, 0x06, 0x84, 0x00, 0x00, 0x00,
    0x00, 0x0a, 0xfb, 0xf5, 0x00, 0x00, 0x00, 0x0b, 0xd3, 0x07, 0xf6, 0x00, 0x00, 0x00, 0x00, 0x00,
    0x00, 0x00, 0x00, 0x0c, 0xf2, 0x00, 0x00, 0x00, 0xde, 0x10, 0x6f, 0x90, 0x00, 0x00, 0x5f, 0x80,
    0x01, 0xee, 0x10, 0x00, 0x0b, 0xf2, 0x00, 0x08, 0xf7, 0x00, 0x02, 0xfb, 0x00, 0x00, 0x2f, 0xd0,
    0x00, 0x9f, 0x40, 0x00, 0x00, 0xaf, 0x40, 0x1e, 0xd0, 0x00, 0x00, 0x04, 0xfb, 0x06, 0xf6, 0x00,
    0x00, 0x00, 0x0c, 0xf2, 0xce, 0x10, 0x00, 0x00, 0x00, 0x6f, 0xcf, 0x80, 0x00, 0x00, 0x00, 0x01,
    0xef, 0xf2, 0x00, 0x00, 0x00, 0x00, 0x08, 0xfa, 0x00, 0x00, 0x00, 0x00, 0x00, 0xaf, 0x40, 0x00,
    0x00, 0x04, 0x00, 0x3f, 0xc0, 0x00, 0x00, 0x03, 0xfd, 0xbf, 0xf3, 0x00, 0x00, 0x00, 0x19, 0xde,
    0xc4, 0x00, 0x00, 0x00, 0x00, 0x00, 0x00, 0x29, 0x40, 0x49, 0x20, 0x00, 0x00, 0x00, 0x3e, 0x70,
    0x7e, 0x30, 0x00, 0x00, 0x00, 0x00, 0x00, 0x00, 0x00, 0x00, 0x00, 0x00, 0x00, 0x00, 0x00, 0x00,
    0x00, 0x0c, 0xf5, 0x00, 0x00, 0x00, 0x04, 0xfb, 0x03, 0xfe, 0x10, 0x00, 0x00, 0x0d, 0xf2, 0x00,
    0x8f, 0x90, 0x00, 0x00, 0x7f, 0x80, 0x00, 0x1d, 0xf3, 0x00, 0x02, 0xed, 0x00, 0x00, 0x05, 0xfc,
    0x00, 0x0a, 0xf4, 0x00, 0x00, 0x00, 0xbf, 0x60, 0x4f, 0xa0, 0x00, 0x00, 0x00, 0x2f, 0xe2, 0xde,
    0x20, 0x00, 0x00, 0x00, 0x08, 0xfd, 0xf7, 0x00, 0x00, 0x00, 0x00, 0x01, 0xdf, 0xd0, 0x00, 0x00,
    0x00, 0x00, 0x00, 0x8f, 0x70, 0x00, 0x00, 0x00, 0x00, 0x00, 0x8f, 0x70, 0x00, 0x00, 0x00, 0x00,
    0x00, 0x8f, 0x70, 0x00, 0x00, 0x00, 0x00, 0x00, 0x8f, 0x70, 0x00, 0x00, 0x00, 0x00, 0x00, 0x8f,
    0x70, 0x00, 0x00, 0x00, 0x00, 0x00, 0x03, 0x87, 0x10, 0x00, 0x00, 0x00, 0x03, 0xed, 0x30, 0x00,
    0x00, 0x00, 0x04, 0xea, 0x10, 0x00, 0x00, 0x00, 0x00, 0x00, 0x00, 0x00, 0x00, 0x00, 0x00, 0x00,
    0x00, 0x00, 0x00, 0x00, 0xff, 0xff, 0xff, 0xff, 0xff, 0xf4, 0x0b, 0xbb, 0xbb, 0xbb, 0xbd, 0xff,
    0x20, 0x00, 0x00, 0x00, 0x01, 0xdf, 0x60, 0x00, 0x00, 0x00, 0x00, 0xbf, 0x90, 0x00, 0x00, 0x00,
    0x00, 0x9f, 0xb0, 0x00, 0x00, 0x00, 0x00, 0x6f, 0xd1, 0x00, 0x00, 0x00, 0x00, 0x3f, 0xf3, 0x00,
    0x00, 0x00, 0x00, 0x1d, 0xf6, 0x00, 0x00, 0x00, 0x00, 0x0c, 0xf9, 0x00, 0x00, 0x00, 0x00, 0x09,
    0xfb, 0x00, 0x00, 0x00, 0x00, 0x06, 0xfd, 0x10, 0x00, 0x00, 0x00, 0x03, 0xff, 0x30, 0x00, 0x00,
    0x00, 0x01, 0xef, 0xeb, 0xbb, 0xbb, 0xbb, 0xb6, 0x2f, 0xff, 0xff, 0xff, 0xff, 0xff, 0x80, 0x00,
    0x00, 0x00, 0x68, 0x40, 0x00, 0x00, 0x09, 0xf8, 0x00, 0x00, 0x00, 0xae, 0x40, 0x00, 0x00, 0x00,
    0x00, 0x00, 0x00, 0x1f, 0xff, 0xff, 0xff, 0xf8, 0x1b, 0xbb, 0xbb, 0xbf, 0xf5, 0x00, 0x00, 0x00,
    0x8f, 0x90, 0x00, 0x00, 0x05, 0xfc, 0x00, 0x00, 0x00, 0x3e, 0xe2, 0x00, 0x00, 0x01, 0xdf, 0x40,
    0x00, 0x00, 0x0b, 0xf7, 0x00, 0x00, 0x00, 0x8f, 0xa0, 0x00, 0x00, 0x04, 0xfd, 0x10, 0x00, 0x00,
    0x1e, 0xfc, 0xbb, 0xbb, 0xb7, 0x3f, 0xff, 0xff, 0xff, 0xfa, 0x00, 0x00, 0x00, 0x10, 0x00, 0x00,
    0x00, 0x00, 0x00, 0x5f, 0xb0, 0x00, 0x00, 0x00, 0x00, 0x04, 0xe9, 0x00, 0x00, 0x00, 0x00, 0x00,
    0x00, 0x00, 0x00, 0x00, 0x00, 0x00, 0x00, 0x00, 0x00, 0x00, 0x00, 0xff, 0xff, 0xff, 0xff, 0xff,
    0xf4, 0x0b, 0xbb, 0xbb, 0xbb, 0xbd, 0xff, 0x20, 0x00, 0x00, 0x00, 0x01, 0xdf, 0x60, 0x00, 0x00,
    0x00, 0x00, 0xbf, 0x90, 0x00, 0x00, 0x00, 0x00, 0x9f, 0xb0, 0x00, 0x00, 0x00, 0x00, 0x6f, 0xd1,
    0x00, 0x00, 0x00, 0x00, 0x3f, 0xf3, 0x00, 0x00, 0x00, 0x00, 0x1d, 0xf6, 0x00, 0x00, 0x00, 0x00,
    0x0c, 0xf9, 0x00, 0x00, 0x00, 0x00, 0x09, 0xfb, 0x00, 0x00, 0x00, 0x00, 0x06, 0xfd, 0x10, 0x00,
    0x00, 0x00, 0x03, 0xff, 0x30, 0x00, 0x00, 0x00, 0x01, 0xef, 0xeb, 0xbb, 0xbb, 0xbb, 0xb6, 0x2f,
    0xff, 0xff, 0xff, 0xff, 0xff, 0x80, 0x00, 0x00, 0x01, 0x00, 0x00, 0x00, 0x00, 0xcf, 0x40, 0x00,
    0x00, 0x00, 0xae, 0x30, 0x00, 0x00, 0x00, 0x00, 0x00, 0x00, 0x00, 0x00, 0x00, 0x00, 0x00, 0x1f,
    0xff, 0xff, 0xff, 0xf8, 0x1b, 0xbb, 0xbb, 0xbf, 0xf5, 0x00, 0x00, 0x00, 0x8f, 0x90, 0x00, 0x00,
    0x05, 0xfc, 0x00, 0x00, 0x00, 0x3e, 0xe2, 0x00, 0x00, 0x01, 0xdf, 0x40, 0x00, 0x00, 0x0b, 0xf7,
    0x00, 0x00, 0x00, 0x8f, 0xa0, 0x00, 0x00, 0x04, 0xfd, 0x10, 0x00, 0x00, 0x1e, 0xfc, 0xbb, 0xbb,
    0xb7, 0x3f, 0xff, 0xff, 0xff, 0xfa, 0x00, 0x04, 0x71, 0x00, 0x67, 0x10, 0x00, 0x00, 0x1b, 0xd4,
    0xae, 0x40, 0x00, 0x00, 0x00, 0x0b, 0xfe, 0x30, 0x00, 0x00, 0x00, 0x00, 0x00, 0x00, 0x00, 0x00,
    0x00, 0x00, 0x00, 0x00, 0x00, 0x00, 0x00, 0xff, 0xff, 0xff, 0xff, 0xff, 0xf4, 0x0b, 0xbb, 0xbb,
    0xbb, 0xbd, 0xff, 0x20, 0x00, 0x00, 0x00, 0x01, 0xdf, 0x60, 0x00, 0x00, 0x00, 0x00, 0xbf, 0x90,
    0x00, 0x00, 0x00, 0x00, 0x9f, 0xb0, 0x00, 0x00, 0x00, 0x00, 0x6f, 0xd1, 0x00, 0x00, 0x00, 0x00,
    0x3f, 0xf3, 0x00, 0x00, 0x00, 0x00, 0x1d, 0xf6, 0x00, 0x00, 0x00, 0x00, 0x0c, 0xf9, 0x00, 0x00,
    0x00, 0x00, 0x09, 0xfb, 0x00, 0x00, 0x00, 0x00, 0x06, 0xfd, 0x10, 0x00, 0x00, 0x00, 0x03, 0xff,
    0x30, 0x00, 0x00, 0x00, 0x01, 0xef, 0xeb, 0xbb, 0xbb, 0xbb, 0xb6, 0x2f, 0xff, 0xff, 0xff, 0xff,
    0xff, 0x80, 0x01, 0x75, 0x00, 0x27, 0x40, 0x00, 0x5f, 0x94, 0xeb, 0x10, 0x00, 0x04, 0xef, 0xa0,
    0x00, 0x00, 0x00, 0x00, 0x00, 0x00, 0x1f, 0xff, 0xff, 0xff, 0xf8, 0x1b, 0xbb, 0xbb, 0xbf, 0xf5,
    0x00, 0x00, 0x00, 0x8f, 0x90, 0x00, 0x00, 0x05, 0xfc, 0x00, 0x00, 0x00, 0x3e, 0xe2, 0x00, 0x00,
    0x01, 0xdf, 0x40, 0x00, 0x00, 0x0b, 0xf7, 0x00, 0x00, 0x00, 0x8f, 0xa0, 0x00, 0x00, 0x04, 0xfd,
    0x10, 0x00, 0x00, 0x1e, 0xfc, 0xbb, 0xbb, 0xb7, 0x3f, 0xff, 0xff, 0xff, 0xfa, 0x00, 0x05, 0xce,
    0xd8, 0x00, 0x4f, 0xfc, 0xc9, 0x00, 0x9f, 0x70, 0x00, 0x00, 0xbf, 0x40, 0x00, 0x8f, 0xff, 0x30,
    0x00, 0x5b, 0xef, 0x30, 0x00, 0x00, 0xbf, 0x30, 0x00, 0x00, 0xbf, 0x30, 0x00, 0x00, 0xbf, 0x30,
    0x00, 0x00, 0xbf, 0x30, 0x00, 0x00, 0xbf, 0x30, 0x00, 0x00, 0xbf, 0x30, 0x00, 0x00, 0xbf, 0x30,
    0x00, 0x00, 0xbf, 0x30, 0x00, 0x00, 0xbf, 0x30, 0x00, 0x9b, 0xbb, 0xb6, 0xdf, 0xff, 0xf8, 0x02,
    0x22, 0x22, 0x22, 0x22, 0x23, 0xff, 0xff, 0xff, 0xff, 0xfe, 0x3f, 0x94, 0x44, 0x44, 0x4b, 0xe3,
    0xf6, 0x00, 0x00, 0x00, 0xae, 0x3f, 0x60, 0x00, 0x00, 0x0a, 0xe3, 0xf6, 0x00, 0x00, 0x00, 0xae,
    0x3f, 0x60, 0x00, 0x00, 0x0a, 0xe3, 0xf6, 0x00, 0x00, 0x00, 0xae, 0x3f, 0x60, 0x00, 0x00, 0x0a,
    0xe3, 0xf6, 0x00, 0x00, 0x00, 0xae, 0x3f, 0x60, 0x00, 0x00, 0x0a, 0xe3, 0xf6, 0x00, 0x00, 0x00,
    0xae, 0x3f, 0x60, 0x00, 0x00, 0x0a, 0xe3, 0xf7, 0x22, 0x22, 0x22, 0xae, 0x3f, 0xff, 0xff, 0xff,
    0xff, 0xe1, 0x44, 0x44, 0x44, 0x44, 0x44, 0x1b, 0xbb, 0xbb, 0xbb, 0xbb, 0xbb, 0xb1, 0x1f, 0xff,
    0xff, 0xff, 0xff, 0xff, 0xf1, 0xbb, 0xbb, 0xbb, 0xbb, 0xbb, 0xff, 0xff, 0xff, 0xff, 0xff, 0xbb,
    0xbb, 0xbb, 0xbb, 0xbb, 0xbb, 0xbb, 0xbb, 0xbb, 0xbb, 0xff, 0xff, 0xff, 0xff, 0xff, 0xff, 0xff,
    0xff, 0xff, 0xff, 0xbb, 0xbb, 0xbb, 0xbb, 0xbb, 0xbb, 0xbb, 0xbb, 0xbb, 0xbb, 0xff, 0xff, 0xff,
    0xff, 0xff, 0xff, 0xff, 0xff, 0xff, 0xff, 0x02, 0x22, 0x22, 0x22, 0x22, 0x23, 0xff, 0xff, 0xff,
    0xff, 0xfe, 0x3f, 0x94, 0x44, 0x44, 0x4b, 0xe3, 0xf6, 0x00, 0x00, 0x00, 0xae, 0x3f, 0x60, 0x00,
    0x00, 0x0a, 0xe3, 0xf6, 0x00, 0x00, 0x00, 0xae, 0x3f, 0x60, 0x00, 0x00, 0x0a, 0xe3, 0xf6, 0x00,
    0x00, 0x00, 0xae, 0x3f, 0x60, 0x00, 0x00, 0x0a, 0xe3, 0xf6, 0x00, 0x00, 0x00, 0xae, 0x3f, 0x60,
    0x00, 0x00, 0x0a, 0xe3, 0xf6, 0x00, 0x00, 0x00, 0xae, 0x3f, 0x60, 0x00, 0x00, 0x0a, 0xe3, 0xf7,
    0x22, 0x22, 0x22, 0xae, 0x3f, 0xff, 0xff, 0xff, 0xff, 0xe1, 0x44, 0x44, 0x44, 0x44, 0x44, 0x02,
    0x22, 0x22, 0x22, 0x22, 0x23, 0xff, 0xff, 0xff, 0xff, 0xfe, 0x3f, 0x94, 0x44, 0x44, 0x4b, 0xe3,
    0xf6, 0x00, 0x00, 0x00, 0xae, 0x3f, 0x60, 0x00, 0x00, 0x0a, 0xe3, 0xf6, 0x00, 0x00, 0x00, 0xae,
    0x3f, 0x60, 0x00, 0x00, 0x0a, 0xe3, 0xf6, 0x00, 0x00, 0x00, 0xae, 0x3f, 0x60, 0x00, 0x00, 0x0a,
    0xe3, 0xf6, 0x00, 0x00, 0x00, 0xae, 0x3f, 0x60, 0x00, 0x00, 0x0a, 0xe3, 0xf6, 0x00, 0x00, 0x00,
    0xae, 0x3f, 0x60, 0x00, 0x00, 0x0a, 0xe3, 0xf7, 0x22, 0x22, 0x22, 0xae, 0x3f, 0xff, 0xff, 0xff,
    0xff, 0xe1, 0x44, 0x44, 0x44, 0x44, 0x44, 0x00, 0xe5, 0x04, 0xf2, 0x08, 0xe0, 0x0d, 0xe2, 0x1f,
    0xf8, 0x0a, 0xe4, 0x0a, 0xe4, 0x0f, 0xf8, 0x09, 0xf6, 0x05, 0xf2, 0x09, 0xc0, 0x0c, 0x70, 0x0a,
    0xe4, 0x0f, 0xf8, 0x09, 0xf6, 0x05, 0xf2, 0x09, 0xc0, 0x0c, 0x70, 0x02, 0x22, 0x22, 0x22, 0x22,
    0x23, 0xff, 0xff, 0xff, 0xff, 0xfe, 0x3f, 0x94, 0x44, 0x44, 0x4b, 0xe3, 0xf6, 0x00, 0x00, 0x00,
    0xae, 0x3f, 0x60, 0x00, 0x00, 0x0a, 0xe3, 0xf6, 0x00, 0x00, 0x00, 0xae, 0x3f, 0x60, 0x00, 0x00,
    0x0a, 0xe3, 0xf6, 0x00, 0x00, 0x00, 0xae, 0x3f, 0x60, 0x00, 0x00, 0x0a, 0xe3, 0xf6, 0x00, 0x00,
    0x00, 0xae, 0x3f, 0x60, 0x00, 0x00, 0x0a, 0xe3, 0xf6, 0x00, 0x00, 0x00, 0xae, 0x3f, 0x60, 0x00,
    0x00, 0x0a, 0xe3, 0xf7, 0x22, 0x22, 0x22, 0xae, 0x3f, 0xff, 0xff, 0xff, 0xff, 0xe1, 0x44, 0x44,
    0x44, 0x44, 0x44, 0x00, 0xe5, 0x02, 0xf2, 0x04, 0xf2, 0x07, 0xe0, 0x08, 0xe0, 0x0c, 0xa0, 0x0d,
    0xe2, 0x2f, 0xc1, 0x1f, 0xf8, 0x4f, 0xf4, 0x0a, 0xe4, 0x1c, 0xd1, 0x0a, 0xe4, 0x1c, 0xd1, 0x0f,
    0xf8, 0x3f, 0xf5, 0x09, 0xf6, 0x0c, 0xf3, 0x05, 0xf2, 0x09, 0xd0, 0x09, 0xc0, 0x0c, 0x90, 0x0c,
    0x70, 0x1f, 0x40, 0x0a, 0xe4, 0x1c, 0xd1, 0x0f, 0xf8, 0x3f, 0xf5, 0x09, 0xf6, 0x0b, 0xf3, 0x05,
    0xf2, 0x09, 0xd0, 0x09, 0xc0, 0x0c, 0x90, 0x0c, 0x70, 0x1f, 0x40, 0x02, 0x22, 0x22, 0x22, 0x22,
    0x23, 0xff, 0xff, 0xff, 0xff, 0xfe, 0x3f, 0x94, 0x44, 0x44, 0x4b, 0xe3, 0xf6, 0x00, 0x00, 0x00,
    0xae, 0x3f, 0x60, 0x00, 0x00, 0x0a, 0xe3, 0xf6, 0x00, 0x00, 0x00, 0xae, 0x3f, 0x60, 0x00, 0x00,
    0x0a, 0xe3, 0xf6, 0x00, 0x00, 0x00, 0xae, 0x3f, 0x60, 0x00, 0x00, 0x0a, 0xe3, 0xf6, 0x00, 0x00,
    0x00, 0xae, 0x3f, 0x60, 0x00, 0x00, 0x0a, 0xe3, 0xf6, 0x00, 0x00, 0x00, 0xae, 0x3f, 0x60, 0x00,
    0x00, 0x0a, 0xe3, 0xf7, 0x22, 0x22, 0x22, 0xae, 0x3f, 0xff, 0xff, 0xff, 0xff, 0xe1, 0x44, 0x44,
    0x44, 0x44, 0x44, 0x00, 0x00, 0x6f, 0x80, 0x00, 0x00, 0x00, 0x06, 0xf8, 0x00, 0x00, 0x00, 0x00,
    0x6f, 0x80, 0x00, 0x00, 0x00, 0x06, 0xf8, 0x00, 0x00, 0x4b, 0xbb, 0xcf, 0xdb, 0xbb, 0x66, 0xff,
    0xff, 0xff, 0xff, 0xf9, 0x00, 0x00, 0x6f, 0x80, 0x00, 0x00, 0x00, 0x06, 0xf8, 0x00, 0x00, 0x00,
    0x00, 0x6f, 0x80, 0x00, 0x00, 0x00, 0x06, 0xf8, 0x00, 0x00, 0x00, 0x00, 0x6f, 0x80, 0x00, 0x00,
    0x00, 0x06, 0xf8, 0x00, 0x00, 0x00, 0x00, 0x6f, 0x80, 0x00, 0x00, 0x00, 0x06, 0xf8, 0x00, 0x00,
    0x00, 0x00, 0x6f, 0x80, 0x00, 0x00, 0x00, 0x06, 0xf8, 0x00, 0x00, 0x00, 0x00, 0x6f, 0x80, 0x00,
    0x00, 0x00, 0x06, 0xf8, 0x00, 0x00, 0x00, 0x00, 0x6f, 0x80, 0x00, 0x00, 0x00, 0x06, 0xf8, 0x00,
    0x00, 0x00, 0x00, 0x6f, 0x80, 0x00, 0x00, 0x00, 0x06, 0xf8, 0x00, 0x00, 0x4b, 0xbb, 0xcf, 0xdb,
    0xbb, 0x66, 0xff, 0xff, 0xff, 0xff, 0xf9, 0x00, 0x00, 0x6f, 0x80, 0x00, 0x00, 0x00, 0x06, 0xf8,
    0x00, 0x00, 0x00, 0x00, 0x6f, 0x80, 0x00, 0x00, 0x00, 0x06, 0xf8, 0x00, 0x00, 0x00, 0x00, 0x6f,
    0x80, 0x00, 0x04, 0xbb, 0xbc, 0xfd, 0xbb, 0xb6, 0x6f, 0xff, 0xff, 0xff, 0xff, 0x90, 0x00, 0x06,
    0xf8, 0x00, 0x00, 0x00, 0x00, 0x6f, 0x80, 0x00, 0x00, 0x00, 0x06, 0xf8, 0x00, 0x00, 0x00, 0x00,
    0x6f, 0x80, 0x00, 0x00, 0x00, 0x06, 0xf8, 0x00, 0x00, 0x2c, 0xe4, 0x9f, 0xfd, 0x9f, 0xfd, 0x2c,
    0xe4, 0x02, 0x22, 0x22, 0x22, 0x22, 0x23, 0xff, 0xff, 0xff, 0xff, 0xfe, 0x3f, 0x94, 0x44, 0x44,
    0x4b, 0xe3, 0xf6, 0x00, 0x00, 0x00, 0xae, 0x3f, 0x60, 0x00, 0x00, 0x0a, 0xe3, 0xf6, 0x00, 0x00,
    0x00, 0xae, 0x3f, 0x60, 0x00, 0x00, 0x0a, 0xe3, 0xf6, 0x00, 0x00, 0x00, 0xae, 0x3f, 0x60, 0x00,
    0x00, 0x0a, 0xe3, 0xf6, 0x00, 0x00, 0x00, 0xae, 0x3f, 0x60, 0x00, 0x00, 0x0a, 0xe3, 0xf6, 0x00,
    0x00, 0x00, 0xae, 0x3f, 0x60, 0x00, 0x00, 0x0a, 0xe3, 0xf7, 0x22, 0x22, 0x22, 0xae, 0x3f, 0xff,
    0xff, 0xff, 0xff, 0xe1, 0x44, 0x44, 0x44, 0x44, 0x44, 0x02, 0x22, 0x22, 0x22, 0x22, 0x23, 0xff,
    0xff, 0xff, 0xff, 0xfe, 0x3f, 0x94, 0x44, 0x44, 0x4b, 0xe3, 0xf6, 0x00, 0x00, 0x00, 0xae, 0x3f,
    0x60, 0x00, 0x00, 0x0a, 0xe3, 0xf6, 0x00, 0x00, 0x00, 0xae, 0x3f, 0x60, 0x00, 0x00, 0x0a, 0xe3,
    0xf6, 0x00, 0x00, 0x00, 0xae, 0x3f, 0x60, 0x00, 0x00, 0x0a, 0xe3, 0xf6, 0x00, 0x00, 0x00, 0xae,
    0x3f, 0x60, 0x00, 0x00, 0x0a, 0xe3, 0xf6, 0x00, 0x00, 0x00, 0xae, 0x3f, 0x60, 0x00, 0x00, 0x0a,
    0xe3, 0xf7, 0x22, 0x22, 0x22, 0xae, 0x3f, 0xff, 0xff, 0xff, 0xff, 0xe1, 0x44, 0x44, 0x44, 0x44,
    0x44, 0x02, 0x22, 0x22, 0x22, 0x22, 0x23, 0xff, 0xff, 0xff, 0xff, 0xfe, 0x3f, 0x94, 0x44, 0x44,
    0x4b, 0xe3, 0xf6, 0x00, 0x00, 0x00, 0xae, 0x3f, 0x60, 0x00, 0x00, 0x0a, 0xe3, 0xf6, 0x00, 0x00,
    0x00, 0xae, 0x3f, 0x60, 0x00, 0x00, 0x0a, 0xe3, 0xf6, 0x00, 0x00, 0x00, 0xae, 0x3f, 0x60, 0x00,
    0x00, 0x0a, 0xe3, 0xf6, 0x00, 0x00, 0x00, 0xae, 0x3f, 0x60, 0x00, 0x00, 0x0a, 0xe3, 0xf6, 0x00,
    0x00, 0x00, 0xae, 0x3f, 0x60, 0x00, 0x00, 0x0a, 0xe3, 0xf7, 0x22, 0x22, 0x22, 0xae, 0x3f, 0xff,
    0xff, 0xff, 0xff, 0xe1, 0x44, 0x44, 0x44, 0x44, 0x44, 0x08, 0xc3, 0x01, 0xba, 0x00, 0x4c, 0x60,
    0xff, 0x80, 0x6f, 0xf3, 0x0b, 0xfc, 0x0a, 0xe4, 0x02, 0xdc, 0x00, 0x6e, 0x70,
};

static const lv_font_fmt_txt_glyph_dsc_t glyph_dsc[] = {
    {.bitmap_index = 0, .adv_w = 0, .box_w = 0, .box_h = 0, .ofs_x = 0, .ofs_y = 0}, /* id = 0 reserved */
    {.bitmap_index = 0, .adv_w = 80, .box_w = 0, .box_h = 0, .ofs_x = 0, .ofs_y = 0}, /* U+0020 */
    {.bitmap_index = 0, .adv_w = 80, .box_w = 3, .box_h = 14, .ofs_x = 1, .ofs_y = 0}, /* U+0021 */
    {.bitmap_index = 21, .adv_w = 128, .box_w = 6, .box_h = 5, .ofs_x = 1, .ofs_y = 9}, /* U+0022 */
    {.bitmap_index = 36, .adv_w = 224, .box_w = 14, .box_h = 14, .ofs_x = 0, .ofs_y = 0}, /* U+0023 */
    {.bitmap_index = 134, .adv_w = 192, .box_w = 12, .box_h = 20, .ofs_x = 0, .ofs_y = -3}, /* U+0024 */
    {.bitmap_index = 254, .adv_w = 272, .box_w = 17, .box_h = 14, .ofs_x = 0, .ofs_y = 0}, /* U+0025 */
    {.bitmap_index = 373, .adv_w = 224, .box_w = 14, .box_h = 14, .ofs_x = 0, .ofs_y = 0}, /* U+0026 */
    {.bitmap_index = 471, .adv_w = 64, .box_w = 2, .box_h = 5, .ofs_x = 1, .ofs_y = 9}, /* U+0027 */
    {.bitmap_index = 476, .adv_w = 112, .box_w = 6, .box_h = 19, .ofs_x = 1, .ofs_y = -4}, /* U+0028 */
    {.bitmap_index = 533, .adv_w = 112, .box_w = 5, .box_h = 19, .ofs_x = 0, .ofs_y = -4}, /* U+0029 */
    {.bitmap_index = 581, .adv_w = 128, .box_w = 8, .box_h = 8, .ofs_x = 0, .ofs_y = 7}, /* U+002A */
    {.bitmap_index = 613, .adv_w = 192, .box_w = 10, .box_h = 9, .ofs_x = 1, .ofs_y = 3}, /* U+002B */
    {.bitmap_index = 658, .adv_w = 80, .box_w = 4, .box_h = 6, .ofs_x = 0, .ofs_y = -3}, /* U+002C */
    {.bitmap_index = 670, .adv_w = 128, .box_w = 6, .box_h = 2, .ofs_x = 1, .ofs_y = 5}, /* U+002D */
    {.bitmap_index = 676, .adv_w = 80, .box_w = 4, .box_h = 3, .ofs_x = 0, .ofs_y = 0}, /* U+002E */
    {.bitmap_index = 682, .adv_w = 112, .box_w = 9, .box_h = 20, .ofs_x = -1, .ofs_y = -2}, /* U+002F */
    {.bitmap_index = 772, .adv_w = 208, .box_w = 13, .box_h = 14, .ofs_x = 0, .ofs_y = 0}, /* U+0030 */
    {.bitmap_index = 863, .adv_w = 112, .box_w = 6, .box_h = 14, .ofs_x = 0, .ofs_y = 0}, /* U+0031 */
    {.bitmap_index = 905, .adv_w = 176, .box_w = 11, .box_h = 14, .ofs_x = 0, .ofs_y = 0}, /* U+0032 */
    {.bitmap_index = 982, .adv_w = 176, .box_w = 11, .box_h = 14, .ofs_x = 0, .ofs_y = 0}, /* U+0033 */
    {.bitmap_index = 1059, .adv_w = 208, .box_w = 14, .box_h = 14, .ofs_x = 0, .ofs_y = 0}, /* U+0034 */
    {.bitmap_index = 1157, .adv_w = 176, .box_w = 11, .box_h = 14, .ofs_x = 0, .ofs_y = 0}, /* U+0035 */
    {.bitmap_index = 1234, .adv_w = 192, .box_w = 12, .box_h = 14, .ofs_x = 0, .ofs_y = 0}, /* U+0036 */
    {.bitmap_index = 1318, .adv_w = 192, .box_w = 12, .box_h = 14, .ofs_x = 0, .ofs_y = 0}, /* U+0037 */
    {.bitmap_index = 1402, .adv_w = 208, .box_w = 12, .box_h = 14, .ofs_x = 0, .ofs_y = 0}, /* U+0038 */
    {.bitmap_index = 1486, .adv_w = 192, .box_w = 12, .box_h = 14, .ofs_x = 0, .ofs_y = 0}, /* U+0039 */
    {.bitmap_index = 1570, .adv_w = 80, .box_w = 4, .box_h = 11, .ofs_x = 0, .ofs_y = 0}, /* U+003A */
    {.bitmap_index = 1592, .adv_w = 80, .box_w = 4, .box_h = 14, .ofs_x = 0, .ofs_y = -3}, /* U+003B */
    {.bitmap_index = 1620, .adv_w = 192, .box_w = 10, .box_h = 10, .ofs_x = 1, .ofs_y = 2}, /* U+003C */
    {.bitmap_index = 1670, .adv_w = 192, .box_w = 10, .box_h = 7, .ofs_x = 1, .ofs_y = 4}, /* U+003D */
    {.bitmap_index = 1705, .adv_w = 192, .box_w = 10, .box_h = 10, .ofs_x = 1, .ofs_y = 2}, /* U+003E */
    {.bitmap_index = 1755, .adv_w = 176, .box_w = 11, .box_h = 14, .ofs_x = 0, .ofs_y = 0}, /* U+003F */
    {.bitmap_index = 1832, .adv_w = 336, .box_w = 20, .box_h = 18, .ofs_x = 0, .ofs_y = -4}, /* U+0040 */
    {.bitmap_index = 2012, .adv_w = 240, .box_w = 15, .box_h = 14, .ofs_x = 0, .ofs_y = 0}, /* U+0041 */
    {.bitmap_index = 2117, .adv_w = 240, .box_w = 13, .box_h = 14, .ofs_x = 2, .ofs_y = 0}, /* U+0042 */
    {.bitmap_index = 2208, .adv_w = 224, .box_w = 14, .box_h = 14, .ofs_x = 0, .ofs_y = 0}, /* U+0043 */
    {.bitmap_index = 2306, .adv_w = 272, .box_w = 14, .box_h = 14, .ofs_x = 2, .ofs_y = 0}, /* U+0044 */
    {.bitmap_index = 2404, .adv_w = 208, .box_w = 11, .box_h = 14, .ofs_x = 2, .ofs_y = 0}, /* U+0045 */
    {.bitmap_index = 2481, .adv_w = 208, .box_w = 10, .box_h = 14, .ofs_x = 2, .ofs_y = 0}, /* U+0046 */
    {.bitmap_index = 2551, .adv_w = 240, .box_w = 14, .box_h = 14, .ofs_x = 0, .ofs_y = 0}, /* U+0047 */
    {.bitmap_index = 2649, .adv_w = 256, .box_w = 13, .box_h = 14, .ofs_x = 2, .ofs_y = 0}, /* U+0048 */
    {.bitmap_index = 2740, .adv_w = 96, .box_w = 3, .box_h = 14, .ofs_x = 2, .ofs_y = 0}, /* U+0049 */
    {.bitmap_index = 2761, .adv_w = 160, .box_w = 10, .box_h = 14, .ofs_x = -1, .ofs_y = 0}, /* U+004A */
    {.bitmap_index = 2831, .adv_w = 224, .box_w = 13, .box_h = 14, .ofs_x = 2, .ofs_y = 0}, /* U+004B */
    {.bitmap_index = 2922, .adv_w = 192, .box_w = 10, .box_h = 14, .ofs_x = 2, .ofs_y = 0}, /* U+004C */
    {.bitmap_index = 2992, .adv_w = 304, .box_w = 15, .box_h = 14, .ofs_x = 2, .ofs_y = 0}, /* U+004D */
    {.bitmap_index = 3097, .adv_w = 256, .box_w = 13, .box_h = 14, .ofs_x = 2, .ofs_y = 0}, /* U+004E */
    {.bitmap_index = 3188, .adv_w = 272, .box_w = 16, .box_h = 14, .ofs_x = 0, .ofs_y = 0}, /* U+004F */
    {.bitmap_index = 3300, .adv_w = 224, .box_w = 12, .box_h = 14, .ofs_x = 2, .ofs_y = 0}, /* U+0050 */
    {.bitmap_index = 3384, .adv_w = 272, .box_w = 17, .box_h = 17, .ofs_x = 0, .ofs_y = -3}, /* U+0051 */
    {.bitmap_index = 3529, .adv_w = 240, .box_w = 12, .box_h = 14, .ofs_x = 2, .ofs_y = 0}, /* U+0052 */
    {.bitmap_index = 3613, .adv_w = 192, .box_w = 12, .box_h = 14, .ofs_x = 0, .ofs_y = 0}, /* U+0053 */
    {.bitmap_index = 3697, .adv_w = 192, .box_w = 12, .box_h = 14, .ofs_x = 0, .ofs_y = 0}, /* U+0054 */
    {.bitmap_index = 3781, .adv_w = 256, .box_w = 13, .box_h = 14, .ofs_x = 1, .ofs_y = 0}, /* U+0055 */
    {.bitmap_index = 3872, .adv_w = 224, .box_w = 15, .box_h = 14, .ofs_x = 0, .ofs_y = 0}, /* U+0056 */
    {.bitmap_index = 3977, .adv_w = 368, .box_w = 22, .box_h = 14, .ofs_x = 0, .ofs_y = 0}, /* U+0057 */
    {.bitmap_index = 4131, .adv_w = 208, .box_w = 14, .box_h = 14, .ofs_x = 0, .ofs_y = 0}, /* U+0058 */
    {.bitmap_index = 4229, .adv_w = 208, .box_w = 14, .box_h = 14, .ofs_x = -1, .ofs_y = 0}, /* U+0059 */
    {.bitmap_index = 4327, .adv_w = 208, .box_w = 13, .box_h = 14, .ofs_x = 0, .ofs_y = 0}, /* U+005A */
    {.bitmap_index = 4418, .adv_w = 112, .box_w = 5, .box_h = 19, .ofs_x = 2, .ofs_y = -4}, /* U+005B */
    {.bitmap_index = 4466, .adv_w = 112, .box_w = 9, .box_h = 20, .ofs_x = -1, .ofs_y = -2}, /* U+005C */
    {.bitmap_index = 4556, .adv_w = 112, .box_w = 5, .box_h = 19, .ofs_x = 0, .ofs_y = -4}, /* U+005D */
    {.bitmap_index = 4604, .adv_w = 192, .box_w = 10, .box_h = 9, .ofs_x = 1, .ofs_y = 3}, /* U+005E */
    {.bitmap_index = 4649, .adv_w = 160, .box_w = 10, .box_h = 2, .ofs_x = 0, .ofs_y = -1}, /* U+005F */
    {.bitmap_index = 4659, .adv_w = 192, .box_w = 6, .box_h = 3, .ofs_x = 2, .ofs_y = 12}, /* U+0060 */
    {.bitmap_index = 4668, .adv_w = 192, .box_w = 10, .box_h = 11, .ofs_x = 1, .ofs_y = 0}, /* U+0061 */
    {.bitmap_index = 4723, .adv_w = 224, .box_w = 12, .box_h = 15, .ofs_x = 1, .ofs_y = 0}, /* U+0062 */
    {.bitmap_index = 4813, .adv_w = 176, .box_w = 11, .box_h = 11, .ofs_x = 0, .ofs_y = 0}, /* U+0063 */
    {.bitmap_index = 4874, .adv_w = 224, .box_w = 12, .box_h = 15, .ofs_x = 0, .ofs_y = 0}, /* U+0064 */
    {.bitmap_index = 4964, .adv_w = 192, .box_w = 12, .box_h = 11, .ofs_x = 0, .ofs_y = 0}, /* U+0065 */
    {.bitmap_index = 5030, .adv_w = 112, .box_w = 8, .box_h = 15, .ofs_x = 0, .ofs_y = 0}, /* U+0066 */
    {.bitmap_index = 5090, .adv_w = 224, .box_w = 12, .box_h = 15, .ofs_x = 0, .ofs_y = -4}, /* U+0067 */
    {.bitmap_index = 5180, .adv_w = 224, .box_w = 11, .box_h = 15, .ofs_x = 1, .ofs_y = 0}, /* U+0068 */
    {.bitmap_index = 5263, .adv_w = 96, .box_w = 4, .box_h = 15, .ofs_x = 1, .ofs_y = 0}, /* U+0069 */
    {.bitmap_index = 5293, .adv_w = 96, .box_w = 7, .box_h = 19, .ofs_x = -2, .ofs_y = -4}, /* U+006A */
    {.bitmap_index = 5360, .adv_w = 192, .box_w = 12, .box_h = 15, .ofs_x = 1, .ofs_y = 0}, /* U+006B */
    {.bitmap_index = 5450, .adv_w = 96, .box_w = 3, .box_h = 15, .ofs_x = 1, .ofs_y = 0}, /* U+006C */
    {.bitmap_index = 5473, .adv_w = 336, .box_w = 19, .box_h = 11, .ofs_x = 1, .ofs_y = 0}, /* U+006D */
    {.bitmap_index = 5578, .adv_w = 224, .box_w = 11, .box_h = 11, .ofs_x = 1, .ofs_y = 0}, /* U+006E */
    {.bitmap_index = 5639, .adv_w = 208, .box_w = 12, .box_h = 11, .ofs_x = 0, .ofs_y = 0}, /* U+006F */
    {.bitmap_index = 5705, .adv_w = 224, .box_w = 12, .box_h = 15, .ofs_x = 1, .ofs_y = -4}, /* U+0070 */
    {.bitmap_index = 5795, .adv_w = 224, .box_w = 12, .box_h = 15, .ofs_x = 0, .ofs_y = -4}, /* U+0071 */
    {.bitmap_index = 5885, .adv_w = 128, .box_w = 7, .box_h = 11, .ofs_x = 1, .ofs_y = 0}, /* U+0072 */
    {.bitmap_index = 5924, .adv_w = 160, .box_w = 10, .box_h = 11, .ofs_x = 0, .ofs_y = 0}, /* U+0073 */
    {.bitmap_index = 5979, .adv_w = 128, .box_w = 8, .box_h = 14, .ofs_x = 0, .ofs_y = 0}, /* U+0074 */
    {.bitmap_index = 6035, .adv_w = 224, .box_w = 11, .box_h = 11, .ofs_x = 1, .ofs_y = 0}, /* U+0075 */
    {.bitmap_index = 6096, .adv_w = 176, .box_w = 12, .box_h = 11, .ofs_x = 0, .ofs_y = 0}, /* U+0076 */
    {.bitmap_index = 6162, .adv_w = 288, .box_w = 18, .box_h = 11, .ofs_x = 0, .ofs_y = 0}, /* U+0077 */
    {.bitmap_index = 6261, .adv_w = 176, .box_w = 11, .box_h = 11, .ofs_x = 0, .ofs_y = 0}, /* U+0078 */
    {.bitmap_index = 6322, .adv_w = 176, .box_w = 13, .box_h = 15, .ofs_x = -1, .ofs_y = -4}, /* U+0079 */
    {.bitmap_index = 6420, .adv_w = 160, .box_w = 10, .box_h = 11, .ofs_x = 0, .ofs_y = 0}, /* U+007A */
    {.bitmap_index = 6475, .adv_w = 112, .box_w = 6, .box_h = 19, .ofs_x = 1, .ofs_y = -4}, /* U+007B */
    {.bitmap_index = 6532, .adv_w = 96, .box_w = 2, .box_h = 19, .ofs_x = 2, .ofs_y = -4}, /* U+007C */
    {.bitmap_index = 6551, .adv_w = 112, .box_w = 6, .box_h = 19, .ofs_x = 0, .ofs_y = -4}, /* U+007D */
    {.bitmap_index = 6608, .adv_w = 192, .box_w = 10, .box_h = 4, .ofs_x = 1, .ofs_y = 6}, /* U+007E */
    {.bitmap_index = 6628, .adv_w = 80, .box_w = 0, .box_h = 0, .ofs_x = 0, .ofs_y = 0}, /* U+00A0 */
    {.bitmap_index = 6628, .adv_w = 80, .box_w = 3, .box_h = 14, .ofs_x = 1, .ofs_y = -3}, /* U+00A1 */
    {.bitmap_index = 6649, .adv_w = 176, .box_w = 11, .box_h = 16, .ofs_x = 0, .ofs_y = -2}, /* U+00A2 */
    {.bitmap_index = 6737, .adv_w = 208, .box_w = 13, .box_h = 14, .ofs_x = 0, .ofs_y = 0}, /* U+00A3 */
    {.bitmap_index = 6828, .adv_w = 224, .box_w = 14, .box_h = 15, .ofs_x = 0, .ofs_y = -1}, /* U+00A4 */
    {.bitmap_index = 6933, .adv_w = 224, .box_w = 16, .box_h = 14, .ofs_x = -1, .ofs_y = 0}, /* U+00A5 */
    {.bitmap_index = 7045, .adv_w = 96, .box_w = 2, .box_h = 19, .ofs_x = 2, .ofs_y = -4}, /* U+00A6 */
    {.bitmap_index = 7064, .adv_w = 160, .box_w = 10, .box_h = 17, .ofs_x = 0, .ofs_y = -3}, /* U+00A7 */
    {.bitmap_index = 7149, .adv_w = 192, .box_w = 6, .box_h = 2, .ofs_x = 3, .ofs_y = 13}, /* U+00A8 */
    {.bitmap_index = 7155, .adv_w = 256, .box_w = 16, .box_h = 15, .ofs_x = 0, .ofs_y = 0}, /* U+00A9 */
    {.bitmap_index = 7275, .adv_w = 128, .box_w = 7, .box_h = 7, .ofs_x = 0, .ofs_y = 8}, /* U+00AA */
    {.bitmap_index = 7300, .adv_w = 160, .box_w = 10, .box_h = 8, .ofs_x = 0, .ofs_y = 2}, /* U+00AB */
    {.bitmap_index = 7340, .adv_w = 192, .box_w = 10, .box_h = 6, .ofs_x = 1, .ofs_y = 2}, /* U+00AC */
    {.bitmap_index = 7370, .adv_w = 128, .box_w = 6, .box_h = 2, .ofs_x = 1, .ofs_y = 5}, /* U+00AD */
    {.bitmap_index = 7376, .adv_w = 256, .box_w = 16, .box_h = 15, .ofs_x = 0, .ofs_y = 0}, /* U+00AE */
    {.bitmap_index = 7496, .adv_w = 192, .box_w = 8, .box_h = 2, .ofs_x = 2, .ofs_y = 13}, /* U+00AF */
    {.bitmap_index = 7504, .adv_w = 128, .box_w = 8, .box_h = 7, .ofs_x = 0, .ofs_y = 8}, /* U+00B0 */
    {.bitmap_index = 7532, .adv_w = 192, .box_w = 10, .box_h = 13, .ofs_x = 1, .ofs_y = 0}, /* U+00B1 */
    {.bitmap_index = 7597, .adv_w = 144, .box_w = 8, .box_h = 9, .ofs_x = 0, .ofs_y = 7}, /* U+00B2 */
    {.bitmap_index = 7633, .adv_w = 144, .box_w = 8, .box_h = 9, .ofs_x = 0, .ofs_y = 7}, /* U+00B3 */
    {.bitmap_index = 7669, .adv_w = 192, .box_w = 6, .box_h = 3, .ofs_x = 4, .ofs_y = 12}, /* U+00B4 */
    {.bitmap_index = 7678, .adv_w = 224, .box_w = 11, .box_h = 15, .ofs_x = 1, .ofs_y = -4}, /* U+00B5 */
    {.bitmap_index = 7761, .adv_w = 208, .box_w = 11, .box_h = 18, .ofs_x = 0, .ofs_y = -3}, /* U+00B6 */
    {.bitmap_index = 7860, .adv_w = 80, .box_w = 3, .box_h = 3, .ofs_x = 1, .ofs_y = 4}, /* U+00B7 */
    {.bitmap_index = 7865, .adv_w = 192, .box_w = 5, .box_h = 5, .ofs_x = 3, .ofs_y = -5}, /* U+00B8 */
    {.bitmap_index = 7878, .adv_w = 144, .box_w = 7, .box_h = 9, .ofs_x = 1, .ofs_y = 7}, /* U+00B9 */
    {.bitmap_index = 7910, .adv_w = 128, .box_w = 8, .box_h = 6, .ofs_x = 0, .ofs_y = 9}, /* U+00BA */
    {.bitmap_index = 7934, .adv_w = 160, .box_w = 10, .box_h = 8, .ofs_x = 0, .ofs_y = 2}, /* U+00BB */
    {.bitmap_index = 7974, .adv_w = 336, .box_w = 20, .box_h = 14, .ofs_x = 1, .ofs_y = 0}, /* U+00BC */
    {.bitmap_index = 8114, .adv_w = 336, .box_w = 19, .box_h = 14, .ofs_x = 1, .ofs_y = 0}, /* U+00BD */
    {.bitmap_index = 8247, .adv_w = 336, .box_w = 21, .box_h = 14, .ofs_x = 0, .ofs_y = 0}, /* U+00BE */
    {.bitmap_index = 8394, .adv_w = 176, .box_w = 11, .box_h = 15, .ofs_x = 1, .ofs_y = -4}, /* U+00BF */
    {.bitmap_index = 8477, .adv_w = 240, .box_w = 15, .box_h = 19, .ofs_x = 0, .ofs_y = 0}, /* U+00C0 */
    {.bitmap_index = 8620, .adv_w = 240, .box_w = 15, .box_h = 19, .ofs_x = 0, .ofs_y = 0}, /* U+00C1 */
    {.bitmap_index = 8763, .adv_w = 240, .box_w = 15, .box_h = 19, .ofs_x = 0, .ofs_y = 0}, /* U+00C2 */
    {.bitmap_index = 8906, .adv_w = 240, .box_w = 15, .box_h = 18, .ofs_x = 0, .ofs_y = 0}, /* U+00C3 */
    {.bitmap_index = 9041, .adv_w = 240, .box_w = 15, .box_h = 18, .ofs_x = 0, .ofs_y = 0}, /* U+00C4 */
    {.bitmap_index = 9176, .adv_w = 240, .box_w = 15, .box_h = 20, .ofs_x = 0, .ofs_y = 0}, /* U+00C5 */
    {.bitmap_index = 9326, .adv_w = 336, .box_w = 20, .box_h = 14, .ofs_x = 0, .ofs_y = 0}, /* U+00C6 */
    {.bitmap_index = 9466, .adv_w = 224, .box_w = 14, .box_h = 19, .ofs_x = 0, .ofs_y = -5}, /* U+00C7 */
    {.bitmap_index = 9599, .adv_w = 208, .box_w = 11, .box_h = 19, .ofs_x = 2, .ofs_y = 0}, /* U+00C8 */
    {.bitmap_index = 9704, .adv_w = 208, .box_w = 11, .box_h = 19, .ofs_x = 2, .ofs_y = 0}, /* U+00C9 */
    {.bitmap_index = 9809, .adv_w = 208, .box_w = 11, .box_h = 19, .ofs_x = 2, .ofs_y = 0}, /* U+00CA */
    {.bitmap_index = 9914, .adv_w = 208, .box_w = 11, .box_h = 18, .ofs_x = 2, .ofs_y = 0}, /* U+00CB */
    {.bitmap_index = 10013, .adv_w = 96, .box_w = 6, .box_h = 19, .ofs_x = -1, .ofs_y = 0}, /* U+00CC */
    {.bitmap_index = 10070, .adv_w = 96, .box_w = 6, .box_h = 19, .ofs_x = 1, .ofs_y = 0}, /* U+00CD */
    {.bitmap_index = 10127, .adv_w = 96, .box_w = 8, .box_h = 19, .ofs_x = -1, .ofs_y = 0}, /* U+00CE */
    {.bitmap_index = 10203, .adv_w = 96, .box_w = 6, .box_h = 18, .ofs_x = 0, .ofs_y = 0}, /* U+00CF */
    {.bitmap_index = 10257, .adv_w = 272, .box_w = 16, .box_h = 14, .ofs_x = 0, .ofs_y = 0}, /* U+00D0 */
    {.bitmap_index = 10369, .adv_w = 256, .box_w = 13, .box_h = 18, .ofs_x = 2, .ofs_y = 0}, /* U+00D1 */
    {.bitmap_index = 10486, .adv_w = 272, .box_w = 16, .box_h = 19, .ofs_x = 0, .ofs_y = 0}, /* U+00D2 */
    {.bitmap_index = 10638, .adv_w = 272, .box_w = 16, .box_h = 19, .ofs_x = 0, .ofs_y = 0}, /* U+00D3 */
    {.bitmap_index = 10790, .adv_w = 272, .box_w = 16, .box_h = 19, .ofs_x = 0, .ofs_y = 0}, /* U+00D4 */
    {.bitmap_index = 10942, .adv_w = 272, .box_w = 16, .box_h = 18, .ofs_x = 0, .ofs_y = 0}, /* U+00D5 */
    {.bitmap_index = 11086, .adv_w = 272, .box_w = 16, .box_h = 18, .ofs_x = 0, .ofs_y = 0}, /* U+00D6 */
    {.bitmap_index = 11230, .adv_w = 192, .box_w = 8, .box_h = 8, .ofs_x = 2, .ofs_y = 3}, /* U+00D7 */
    {.bitmap_index = 11262, .adv_w = 272, .box_w = 16, .box_h = 18, .ofs_x = 0, .ofs_y = -1}, /* U+00D8 */
    {.bitmap_index = 11406, .adv_w = 256, .box_w = 13, .box_h = 19, .ofs_x = 1, .ofs_y = 0}, /* U+00D9 */
    {.bitmap_index = 11530, .adv_w = 256, .box_w = 13, .box_h = 19, .ofs_x = 1, .ofs_y = 0}, /* U+00DA */
    {.bitmap_index = 11654, .adv_w = 256, .box_w = 13, .box_h = 19, .ofs_x = 1, .ofs_y = 0}, /* U+00DB */
    {.bitmap_index = 11778, .adv_w = 256, .box_w = 13, .box_h = 18, .ofs_x = 1, .ofs_y = 0}, /* U+00DC */
    {.bitmap_index = 11895, .adv_w = 208, .box_w = 14, .box_h = 19, .ofs_x = -1, .ofs_y = 0}, /* U+00DD */
    {.bitmap_index = 12028, .adv_w = 224, .box_w = 12, .box_h = 14, .ofs_x = 2, .ofs_y = 0}, /* U+00DE */
    {.bitmap_index = 12112, .adv_w = 224, .box_w = 12, .box_h = 15, .ofs_x = 1, .ofs_y = 0}, /* U+00DF */
    {.bitmap_index = 12202, .adv_w = 192, .box_w = 10, .box_h = 15, .ofs_x = 1, .ofs_y = 0}, /* U+00E0 */
    {.bitmap_index = 12277, .adv_w = 192, .box_w = 10, .box_h = 15, .ofs_x = 1, .ofs_y = 0}, /* U+00E1 */
    {.bitmap_index = 12352, .adv_w = 192, .box_w = 10, .box_h = 15, .ofs_x = 1, .ofs_y = 0}, /* U+00E2 */
    {.bitmap_index = 12427, .adv_w = 192, .box_w = 10, .box_h = 15, .ofs_x = 1, .ofs_y = 0}, /* U+00E3 */
    {.bitmap_index = 12502, .adv_w = 192, .box_w = 10, .box_h = 15, .ofs_x = 1, .ofs_y = 0}, /* U+00E4 */
    {.bitmap_index = 12577, .adv_w = 192, .box_w = 10, .box_h = 17, .ofs_x = 1, .ofs_y = 0}, /* U+00E5 */
    {.bitmap_index = 12662, .adv_w = 320, .box_w = 18, .box_h = 11, .ofs_x = 1, .ofs_y = 0}, /* U+00E6 */
    {.bitmap_index = 12761, .adv_w = 176, .box_w = 11, .box_h = 16, .ofs_x = 0, .ofs_y = -5}, /* U+00E7 */
    {.bitmap_index = 12849, .adv_w = 192, .box_w = 12, .box_h = 15, .ofs_x = 0, .ofs_y = 0}, /* U+00E8 */
    {.bitmap_index = 12939, .adv_w = 192, .box_w = 12, .box_h = 15, .ofs_x = 0, .ofs_y = 0}, /* U+00E9 */
    {.bitmap_index = 13029, .adv_w = 192, .box_w = 12, .box_h = 15, .ofs_x = 0, .ofs_y = 0}, /* U+00EA */
    {.bitmap_index = 13119, .adv_w = 192, .box_w = 12, .box_h = 15, .ofs_x = 0, .ofs_y = 0}, /* U+00EB */
    {.bitmap_index = 13209, .adv_w = 96, .box_w = 6, .box_h = 15, .ofs_x = -1, .ofs_y = 0}, /* U+00EC */
    {.bitmap_index = 13254, .adv_w = 96, .box_w = 6, .box_h = 15, .ofs_x = 1, .ofs_y = 0}, /* U+00ED */
    {.bitmap_index = 13299, .adv_w = 96, .box_w = 7, .box_h = 15, .ofs_x = -1, .ofs_y = 0}, /* U+00EE */
    {.bitmap_index = 13352, .adv_w = 96, .box_w = 6, .box_h = 15, .ofs_x = 0, .ofs_y = 0}, /* U+00EF */
    {.bitmap_index = 13397, .adv_w = 208, .box_w = 12, .box_h = 15, .ofs_x = 0, .ofs_y = 0}, /* U+00F0 */
    {.bitmap_index = 13487, .adv_w = 224, .box_w = 11, .box_h = 15, .ofs_x = 1, .ofs_y = 0}, /* U+00F1 */
    {.bitmap_index = 13570, .adv_w = 208, .box_w = 12, .box_h = 15, .ofs_x = 0, .ofs_y = 0}, /* U+00F2 */
    {.bitmap_index = 13660, .adv_w = 208, .box_w = 12, .box_h = 15, .ofs_x = 0, .ofs_y = 0}, /* U+00F3 */
    {.bitmap_index = 13750, .adv_w = 208, .box_w = 12, .box_h = 15, .ofs_x = 0, .ofs_y = 0}, /* U+00F4 */
    {.bitmap_index = 13840, .adv_w = 208, .box_w = 12, .box_h = 15, .ofs_x = 0, .ofs_y = 0}, /* U+00F5 */
    {.bitmap_index = 13930, .adv_w = 208, .box_w = 12, .box_h = 15, .ofs_x = 0, .ofs_y = 0}, /* U+00F6 */
    {.bitmap_index = 14020, .adv_w = 192, .box_w = 10, .box_h = 11, .ofs_x = 1, .ofs_y = 2}, /* U+00F7 */
    {.bitmap_index = 14075, .adv_w = 208, .box_w = 12, .box_h = 14, .ofs_x = 0, .ofs_y = -1}, /* U+00F8 */
    {.bitmap_index = 14159, .adv_w = 224, .box_w = 11, .box_h = 15, .ofs_x = 1, .ofs_y = 0}, /* U+00F9 */
    {.bitmap_index = 14242, .adv_w = 224, .box_w = 11, .box_h = 15, .ofs_x = 1, .ofs_y = 0}, /* U+00FA */
    {.bitmap_index = 14325, .adv_w = 224, .box_w = 11, .box_h = 15, .ofs_x = 1, .ofs_y = 0}, /* U+00FB */
    {.bitmap_index = 14408, .adv_w = 224, .box_w = 11, .box_h = 15, .ofs_x = 1, .ofs_y = 0}, /* U+00FC */
    {.bitmap_index = 14491, .adv_w = 176, .box_w = 13, .box_h = 19, .ofs_x = -1, .ofs_y = -4}, /* U+00FD */
    {.bitmap_index = 14615, .adv_w = 224, .box_w = 12, .box_h = 19, .ofs_x = 1, .ofs_y = -4}, /* U+00FE */
    {.bitmap_index = 14729, .adv_w = 176, .box_w = 13, .box_h = 19, .ofs_x = -1, .ofs_y = -4}, /* U+00FF */
    {.bitmap_index = 14853, .adv_w = 240, .box_w = 15, .box_h = 18, .ofs_x = 0, .ofs_y = 0}, /* U+0100 */
    {.bitmap_index = 14988, .adv_w = 192, .box_w = 10, .box_h = 15, .ofs_x = 1, .ofs_y = 0}, /* U+0101 */
    {.bitmap_index = 15063, .adv_w = 240, .box_w = 15, .box_h = 19, .ofs_x = 0, .ofs_y = 0}, /* U+0102 */
    {.bitmap_index = 15206, .adv_w = 192, .box_w = 10, .box_h = 15, .ofs_x = 1, .ofs_y = 0}, /* U+0103 */
    {.bitmap_index = 15281, .adv_w = 240, .box_w = 16, .box_h = 18, .ofs_x = 0, .ofs_y = -4}, /* U+0104 */
    {.bitmap_index = 15425, .adv_w = 192, .box_w = 10, .box_h = 15, .ofs_x = 1, .ofs_y = -4}, /* U+0105 */
    {.bitmap_index = 15500, .adv_w = 224, .box_w = 14, .box_h = 19, .ofs_x = 0, .ofs_y = 0}, /* U+0106 */
    {.bitmap_index = 15633, .adv_w = 176, .box_w = 11, .box_h = 15, .ofs_x = 0, .ofs_y = 0}, /* U+0107 */
    {.bitmap_index = 15716, .adv_w = 224, .box_w = 14, .box_h = 19, .ofs_x = 0, .ofs_y = 0}, /* U+0108 */
    {.bitmap_index = 15849, .adv_w = 176, .box_w = 11, .box_h = 15, .ofs_x = 0, .ofs_y = 0}, /* U+0109 */
    {.bitmap_index = 15932, .adv_w = 224, .box_w = 14, .box_h = 19, .ofs_x = 0, .ofs_y = 0}, /* U+010A */
    {.bitmap_index = 16065, .adv_w = 176, .box_w = 11, .box_h = 16, .ofs_x = 0, .ofs_y = 0}, /* U+010B */
    {.bitmap_index = 16153, .adv_w = 224, .box_w = 14, .box_h = 19, .ofs_x = 0, .ofs_y = 0}, /* U+010C */
    {.bitmap_index = 16286, .adv_w = 176, .box_w = 11, .box_h = 15, .ofs_x = 0, .ofs_y = 0}, /* U+010D */
    {.bitmap_index = 16369, .adv_w = 272, .box_w = 14, .box_h = 19, .ofs_x = 2, .ofs_y = 0}, /* U+010E */
    {.bitmap_index = 16502, .adv_w = 224, .box_w = 16, .box_h = 16, .ofs_x = 0, .ofs_y = 0}, /* U+010F */
    {.bitmap_index = 16630, .adv_w = 272, .box_w = 16, .box_h = 14, .ofs_x = 0, .ofs_y = 0}, /* U+0110 */
    {.bitmap_index = 16742, .adv_w = 224, .box_w = 14, .box_h = 15, .ofs_x = 0, .ofs_y = 0}, /* U+0111 */
    {.bitmap_index = 16847, .adv_w = 208, .box_w = 11, .box_h = 18, .ofs_x = 2, .ofs_y = 0}, /* U+0112 */
    {.bitmap_index = 16946, .adv_w = 192, .box_w = 12, .box_h = 15, .ofs_x = 0, .ofs_y = 0}, /* U+0113 */
    {.bitmap_index = 17036, .adv_w = 208, .box_w = 11, .box_h = 19, .ofs_x = 2, .ofs_y = 0}, /* U+0114 */
    {.bitmap_index = 17141, .adv_w = 192, .box_w = 12, .box_h = 15, .ofs_x = 0, .ofs_y = 0}, /* U+0115 */
    {.bitmap_index = 17231, .adv_w = 208, .box_w = 11, .box_h = 19, .ofs_x = 2, .ofs_y = 0}, /* U+0116 */
    {.bitmap_index = 17336, .adv_w = 192, .box_w = 12, .box_h = 16, .ofs_x = 0, .ofs_y = 0}, /* U+0117 */
    {.bitmap_index = 17432, .adv_w = 208, .box_w = 11, .box_h = 18, .ofs_x = 2, .ofs_y = -4}, /* U+0118 */
    {.bitmap_index = 17531, .adv_w = 192, .box_w = 12, .box_h = 15, .ofs_x = 0, .ofs_y = -4}, /* U+0119 */
    {.bitmap_index = 17621, .adv_w = 208, .box_w = 11, .box_h = 19, .ofs_x = 2, .ofs_y = 0}, /* U+011A */
    {.bitmap_index = 17726, .adv_w = 192, .box_w = 12, .box_h = 15, .ofs_x = 0, .ofs_y = 0}, /* U+011B */
    {.bitmap_index = 17816, .adv_w = 240, .box_w = 14, .box_h = 19, .ofs_x = 0, .ofs_y = 0}, /* U+011C */
    {.bitmap_index = 17949, .adv_w = 224, .box_w = 12, .box_h = 19, .ofs_x = 0, .ofs_y = -4}, /* U+011D */
    {.bitmap_index = 18063, .adv_w = 240, .box_w = 14, .box_h = 19, .ofs_x = 0, .ofs_y = 0}, /* U+011E */
    {.bitmap_index = 18196, .adv_w = 224, .box_w = 12, .box_h = 19, .ofs_x = 0, .ofs_y = -4}, /* U+011F */
    {.bitmap_index = 18310, .adv_w = 240, .box_w = 14, .box_h = 19, .ofs_x = 0, .ofs_y = 0}, /* U+0120 */
    {.bitmap_index = 18443, .adv_w = 224, .box_w = 12, .box_h = 20, .ofs_x = 0, .ofs_y = -4}, /* U+0121 */
    {.bitmap_index = 18563, .adv_w = 240, .box_w = 14, .box_h = 19, .ofs_x = 0, .ofs_y = -5}, /* U+0122 */
    {.bitmap_index = 18696, .adv_w = 224, .box_w = 12, .box_h = 20, .ofs_x = 0, .ofs_y = -4}, /* U+0123 */
    {.bitmap_index = 18816, .adv_w = 256, .box_w = 13, .box_h = 19, .ofs_x = 2, .ofs_y = 0}, /* U+0124 */
    {.bitmap_index = 18940, .adv_w = 224, .box_w = 13, .box_h = 20, .ofs_x = -1, .ofs_y = 0}, /* U+0125 */
    {.bitmap_index = 19070, .adv_w = 272, .box_w = 17, .box_h = 14, .ofs_x = 0, .ofs_y = 0}, /* U+0126 */
    {.bitmap_index = 19189, .adv_w = 224, .box_w = 12, .box_h = 15, .ofs_x = 0, .ofs_y = 0}, /* U+0127 */
    {.bitmap_index = 19279, .adv_w = 96, .box_w = 8, .box_h = 18, .ofs_x = -1, .ofs_y = 0}, /* U+0128 */
    {.bitmap_index = 19351, .adv_w = 96, .box_w = 7, .box_h = 15, .ofs_x = -1, .ofs_y = 0}, /* U+0129 */
    {.bitmap_index = 19404, .adv_w = 96, .box_w = 6, .box_h = 18, .ofs_x = 0, .ofs_y = 0}, /* U+012A */
    {.bitmap_index = 19458, .adv_w = 96, .box_w = 6, .box_h = 14, .ofs_x = 0, .ofs_y = 0}, /* U+012B */
    {.bitmap_index = 19500, .adv_w = 96, .box_w = 8, .box_h = 19, .ofs_x = -1, .ofs_y = 0}, /* U+012C */
    {.bitmap_index = 19576, .adv_w = 96, .box_w = 6, .box_h = 15, .ofs_x = 0, .ofs_y = 0}, /* U+012D */
    {.bitmap_index = 19621, .adv_w = 96, .box_w = 4, .box_h = 18, .ofs_x = 1, .ofs_y = -4}, /* U+012E */
    {.bitmap_index = 19657, .adv_w = 96, .box_w = 4, .box_h = 19, .ofs_x = 1, .ofs_y = -4}, /* U+012F */
    {.bitmap_index = 19695, .adv_w = 96, .box_w = 4, .box_h = 19, .ofs_x = 1, .ofs_y = 0}, /* U+0130 */
    {.bitmap_index = 19733, .adv_w = 96, .box_w = 3, .box_h = 11, .ofs_x = 1, .ofs_y = 0}, /* U+0131 */
    {.bitmap_index = 19750, .adv_w = 224, .box_w = 12, .box_h = 14, .ofs_x = 1, .ofs_y = 0}, /* U+0132 */
    {.bitmap_index = 19834, .adv_w = 176, .box_w = 9, .box_h = 19, .ofs_x = 1, .ofs_y = -4}, /* U+0133 */
    {.bitmap_index = 19920, .adv_w = 160, .box_w = 10, .box_h = 19, .ofs_x = -1, .ofs_y = 0}, /* U+0134 */
    {.bitmap_index = 20015, .adv_w = 96, .box_w = 8, .box_h = 19, .ofs_x = -2, .ofs_y = -4}, /* U+0135 */
    {.bitmap_index = 20091, .adv_w = 224, .box_w = 13, .box_h = 19, .ofs_x = 2, .ofs_y = -5}, /* U+0136 */
    {.bitmap_index = 20215, .adv_w = 192, .box_w = 12, .box_h = 20, .ofs_x = 1, .ofs_y = -5}, /* U+0137 */
    {.bitmap_index = 20335, .adv_w = 192, .box_w = 12, .box_h = 11, .ofs_x = 1, .ofs_y = 0}, /* U+0138 */
    {.bitmap_index = 20401, .adv_w = 192, .box_w = 11, .box_h = 19, .ofs_x = 1, .ofs_y = 0}, /* U+0139 */
    {.bitmap_index = 20506, .adv_w = 96, .box_w = 6, .box_h = 19, .ofs_x = 1, .ofs_y = 0}, /* U+013A */
    {.bitmap_index = 20563, .adv_w = 192, .box_w = 10, .box_h = 19, .ofs_x = 2, .ofs_y = -5}, /* U+013B */
    {.bitmap_index = 20658, .adv_w = 96, .box_w = 3, .box_h = 20, .ofs_x = 1, .ofs_y = -5}, /* U+013C */
    {.bitmap_index = 20688, .adv_w = 192, .box_w = 10, .box_h = 15, .ofs_x = 2, .ofs_y = 0}, /* U+013D */
    {.bitmap_index = 20763, .adv_w = 96, .box_w = 7, .box_h = 16, .ofs_x = 1, .ofs_y = 0}, /* U+013E */
    {.bitmap_index = 20819, .adv_w = 192, .box_w = 10, .box_h = 14, .ofs_x = 2, .ofs_y = 0}, /* U+013F */
    {.bitmap_index = 20889, .adv_w = 112, .box_w = 7, .box_h = 15, .ofs_x = 1, .ofs_y = 0}, /* U+0140 */
    {.bitmap_index = 20942, .adv_w = 192, .box_w = 12, .box_h = 14, .ofs_x = 0, .ofs_y = 0}, /* U+0141 */
    {.bitmap_index = 21026, .adv_w = 96, .box_w = 7, .box_h = 15, .ofs_x = -1, .ofs_y = 0}, /* U+0142 */
    {.bitmap_index = 21079, .adv_w = 256, .box_w = 13, .box_h = 19, .ofs_x = 2, .ofs_y = 0}, /* U+0143 */
    {.bitmap_index = 21203, .adv_w = 224, .box_w = 11, .box_h = 15, .ofs_x = 1, .ofs_y = 0}, /* U+0144 */
    {.bitmap_index = 21286, .adv_w = 256, .box_w = 13, .box_h = 19, .ofs_x = 2, .ofs_y = -5}, /* U+0145 */
    {.bitmap_index = 21410, .adv_w = 224, .box_w = 11, .box_h = 16, .ofs_x = 1, .ofs_y = -5}, /* U+0146 */
    {.bitmap_index = 21498, .adv_w = 256, .box_w = 13, .box_h = 19, .ofs_x = 2, .ofs_y = 0}, /* U+0147 */
    {.bitmap_index = 21622, .adv_w = 224, .box_w = 11, .box_h = 15, .ofs_x = 1, .ofs_y = 0}, /* U+0148 */
    {.bitmap_index = 21705, .adv_w = 240, .box_w = 13, .box_h = 14, .ofs_x = 1, .ofs_y = 0}, /* U+0149 */
    {.bitmap_index = 21796, .adv_w = 256, .box_w = 13, .box_h = 18, .ofs_x = 2, .ofs_y = -4}, /* U+014A */
    {.bitmap_index = 21913, .adv_w = 224, .box_w = 11, .box_h = 15, .ofs_x = 1, .ofs_y = -4}, /* U+014B */
    {.bitmap_index = 21996, .adv_w = 272, .box_w = 16, .box_h = 18, .ofs_x = 0, .ofs_y = 0}, /* U+014C */
    {.bitmap_index = 22140, .adv_w = 208, .box_w = 12, .box_h = 15, .ofs_x = 0, .ofs_y = 0}, /* U+014D */
    {.bitmap_index = 22230, .adv_w = 272, .box_w = 16, .box_h = 19, .ofs_x = 0, .ofs_y = 0}, /* U+014E */
    {.bitmap_index = 22382, .adv_w = 208, .box_w = 12, .box_h = 15, .ofs_x = 0, .ofs_y = 0}, /* U+014F */
    {.bitmap_index = 22472, .adv_w = 272, .box_w = 16, .box_h = 19, .ofs_x = 0, .ofs_y = 0}, /* U+0150 */
    {.bitmap_index = 22624, .adv_w = 208, .box_w = 12, .box_h = 15, .ofs_x = 0, .ofs_y = 0}, /* U+0151 */
    {.bitmap_index = 22714, .adv_w = 368, .box_w = 22, .box_h = 14, .ofs_x = 0, .ofs_y = 0}, /* U+0152 */
    {.bitmap_index = 22868, .adv_w = 336, .box_w = 21, .box_h = 11, .ofs_x = 0, .ofs_y = 0}, /* U+0153 */
    {.bitmap_index = 22984, .adv_w = 240, .box_w = 12, .box_h = 19, .ofs_x = 2, .ofs_y = 0}, /* U+0154 */
    {.bitmap_index = 23098, .adv_w = 128, .box_w = 8, .box_h = 15, .ofs_x = 1, .ofs_y = 0}, /* U+0155 */
    {.bitmap_index = 23158, .adv_w = 240, .box_w = 12, .box_h = 19, .ofs_x = 2, .ofs_y = -5}, /* U+0156 */
    {.bitmap_index = 23272, .adv_w = 128, .box_w = 7, .box_h = 16, .ofs_x = 1, .ofs_y = -5}, /* U+0157 */
    {.bitmap_index = 23328, .adv_w = 240, .box_w = 12, .box_h = 19, .ofs_x = 2, .ofs_y = 0}, /* U+0158 */
    {.bitmap_index = 23442, .adv_w = 128, .box_w = 8, .box_h = 15, .ofs_x = 1, .ofs_y = 0}, /* U+0159 */
    {.bitmap_index = 23502, .adv_w = 192, .box_w = 12, .box_h = 19, .ofs_x = 0, .ofs_y = 0}, /* U+015A */
    {.bitmap_index = 23616, .adv_w = 160, .box_w = 10, .box_h = 15, .ofs_x = 0, .ofs_y = 0}, /* U+015B */
    {.bitmap_index = 23691, .adv_w = 192, .box_w = 12, .box_h = 19, .ofs_x = 0, .ofs_y = 0}, /* U+015C */
    {.bitmap_index = 23805, .adv_w = 160, .box_w = 10, .box_h = 15, .ofs_x = 0, .ofs_y = 0}, /* U+015D */
    {.bitmap_index = 23880, .adv_w = 192, .box_w = 12, .box_h = 19, .ofs_x = 0, .ofs_y = -5}, /* U+015E */
    {.bitmap_index = 23994, .adv_w = 160, .box_w = 10, .box_h = 16, .ofs_x = 0, .ofs_y = -5}, /* U+015F */
    {.bitmap_index = 24074, .adv_w = 192, .box_w = 12, .box_h = 19, .ofs_x = 0, .ofs_y = 0}, /* U+0160 */
    {.bitmap_index = 24188, .adv_w = 160, .box_w = 10, .box_h = 15, .ofs_x = 0, .ofs_y = 0}, /* U+0161 */
    {.bitmap_index = 24263, .adv_w = 192, .box_w = 12, .box_h = 19, .ofs_x = 0, .ofs_y = -5}, /* U+0162 */
    {.bitmap_index = 24377, .adv_w = 128, .box_w = 8, .box_h = 19, .ofs_x = 0, .ofs_y = -5}, /* U+0163 */
    {.bitmap_index = 24453, .adv_w = 192, .box_w = 12, .box_h = 19, .ofs_x = 0, .ofs_y = 0}, /* U+0164 */
    {.bitmap_index = 24567, .adv_w = 128, .box_w = 8, .box_h = 15, .ofs_x = 0, .ofs_y = 0}, /* U+0165 */
    {.bitmap_index = 24627, .adv_w = 192, .box_w = 12, .box_h = 14, .ofs_x = 0, .ofs_y = 0}, /* U+0166 */
    {.bitmap_index = 24711, .adv_w = 128, .box_w = 8, .box_h = 14, .ofs_x = 0, .ofs_y = 0}, /* U+0167 */
    {.bitmap_index = 24767, .adv_w = 256, .box_w = 13, .box_h = 18, .ofs_x = 1, .ofs_y = 0}, /* U+0168 */
    {.bitmap_index = 24884, .adv_w = 224, .box_w = 11, .box_h = 15, .ofs_x = 1, .ofs_y = 0}, /* U+0169 */
    {.bitmap_index = 24967, .adv_w = 256, .box_w = 13, .box_h = 18, .ofs_x = 1, .ofs_y = 0}, /* U+016A */
    {.bitmap_index = 25084, .adv_w = 224, .box_w = 11, .box_h = 15, .ofs_x = 1, .ofs_y = 0}, /* U+016B */
    {.bitmap_index = 25167, .adv_w = 256, .box_w = 13, .box_h = 19, .ofs_x = 1, .ofs_y = 0}, /* U+016C */
    {.bitmap_index = 25291, .adv_w = 224, .box_w = 11, .box_h = 15, .ofs_x = 1, .ofs_y = 0}, /* U+016D */
    {.bitmap_index = 25374, .adv_w = 256, .box_w = 13, .box_h = 20, .ofs_x = 1, .ofs_y = 0}, /* U+016E */
    {.bitmap_index = 25504, .adv_w = 224, .box_w = 11, .box_h = 17, .ofs_x = 1, .ofs_y = 0}, /* U+016F */
    {.bitmap_index = 25598, .adv_w = 256, .box_w = 13, .box_h = 19, .ofs_x = 1, .ofs_y = 0}, /* U+0170 */
    {.bitmap_index = 25722, .adv_w = 224, .box_w = 11, .box_h = 15, .ofs_x = 1, .ofs_y = 0}, /* U+0171 */
    {.bitmap_index = 25805, .adv_w = 256, .box_w = 13, .box_h = 18, .ofs_x = 1, .ofs_y = -4}, /* U+0172 */
    {.bitmap_index = 25922, .adv_w = 224, .box_w = 12, .box_h = 15, .ofs_x = 1, .ofs_y = -4}, /* U+0173 */
    {.bitmap_index = 26012, .adv_w = 368, .box_w = 22, .box_h = 19, .ofs_x = 0, .ofs_y = 0}, /* U+0174 */
    {.bitmap_index = 26221, .adv_w = 288, .box_w = 18, .box_h = 15, .ofs_x = 0, .ofs_y = 0}, /* U+0175 */
    {.bitmap_index = 26356, .adv_w = 208, .box_w = 14, .box_h = 19, .ofs_x = -1, .ofs_y = 0}, /* U+0176 */
    {.bitmap_index = 26489, .adv_w = 176, .box_w = 13, .box_h = 19, .ofs_x = -1, .ofs_y = -4}, /* U+0177 */
    {.bitmap_index = 26613, .adv_w = 208, .box_w = 14, .box_h = 18, .ofs_x = -1, .ofs_y = 0}, /* U+0178 */
    {.bitmap_index = 26739, .adv_w = 208, .box_w = 13, .box_h = 19, .ofs_x = 0, .ofs_y = 0}, /* U+0179 */
    {.bitmap_index = 26863, .adv_w = 160, .box_w = 10, .box_h = 15, .ofs_x = 0, .ofs_y = 0}, /* U+017A */
    {.bitmap_index = 26938, .adv_w = 208, .box_w = 13, .box_h = 19, .ofs_x = 0, .ofs_y = 0}, /* U+017B */
    {.bitmap_index = 27062, .adv_w = 160, .box_w = 10, .box_h = 16, .ofs_x = 0, .ofs_y = 0}, /* U+017C */
    {.bitmap_index = 27142, .adv_w = 208, .box_w = 13, .box_h = 19, .ofs_x = 0, .ofs_y = 0}, /* U+017D */
    {.bitmap_index = 27266, .adv_w = 160, .box_w = 10, .box_h = 15, .ofs_x = 0, .ofs_y = 0}, /* U+017E */
    {.bitmap_index = 27341, .adv_w = 96, .box_w = 8, .box_h = 15, .ofs_x = 0, .ofs_y = 0}, /* U+017F */
    {.bitmap_index = 27401, .adv_w = 128, .box_w = 6, .box_h = 2, .ofs_x = 1, .ofs_y = 5}, /* U+2010 */
    {.bitmap_index = 27407, .adv_w = 192, .box_w = 11, .box_h = 16, .ofs_x = 0, .ofs_y = -1}, /* U+2011 */
    {.bitmap_index = 27495, .adv_w = 224, .box_w = 14, .box_h = 2, .ofs_x = 0, .ofs_y = 7}, /* U+2012 */
    {.bitmap_index = 27509, .adv_w = 160, .box_w = 10, .box_h = 2, .ofs_x = 0, .ofs_y = 5}, /* U+2013 */
    {.bitmap_index = 27519, .adv_w = 320, .box_w = 20, .box_h = 2, .ofs_x = 0, .ofs_y = 5}, /* U+2014 */
    {.bitmap_index = 27539, .adv_w = 320, .box_w = 20, .box_h = 2, .ofs_x = 0, .ofs_y = 5}, /* U+2015 */
    {.bitmap_index = 27559, .adv_w = 192, .box_w = 11, .box_h = 16, .ofs_x = 0, .ofs_y = -1}, /* U+2016 */
    {.bitmap_index = 27647, .adv_w = 192, .box_w = 11, .box_h = 16, .ofs_x = 0, .ofs_y = -1}, /* U+2017 */
    {.bitmap_index = 27735, .adv_w = 80, .box_w = 4, .box_h = 6, .ofs_x = 0, .ofs_y = 9}, /* U+2018 */
    {.bitmap_index = 27747, .adv_w = 80, .box_w = 4, .box_h = 6, .ofs_x = 0, .ofs_y = 9}, /* U+2019 */
    {.bitmap_index = 27759, .adv_w = 80, .box_w = 4, .box_h = 6, .ofs_x = 0, .ofs_y = -3}, /* U+201A */
    {.bitmap_index = 27771, .adv_w = 192, .box_w = 11, .box_h = 16, .ofs_x = 0, .ofs_y = -1}, /* U+201B */
    {.bitmap_index = 27859, .adv_w = 128, .box_w = 8, .box_h = 6, .ofs_x = 0, .ofs_y = 9}, /* U+201C */
    {.bitmap_index = 27883, .adv_w = 128, .box_w = 8, .box_h = 6, .ofs_x = 0, .ofs_y = 9}, /* U+201D */
    {.bitmap_index = 27907, .adv_w = 128, .box_w = 8, .box_h = 6, .ofs_x = 0, .ofs_y = -3}, /* U+201E */
    {.bitmap_index = 27931, .adv_w = 192, .box_w = 11, .box_h = 16, .ofs_x = 0, .ofs_y = -1}, /* U+201F */
    {.bitmap_index = 28019, .adv_w = 176, .box_w = 11, .box_h = 18, .ofs_x = 0, .ofs_y = -4}, /* U+2020 */
    {.bitmap_index = 28118, .adv_w = 176, .box_w = 11, .box_h = 18, .ofs_x = 0, .ofs_y = -4}, /* U+2021 */
    {.bitmap_index = 28217, .adv_w = 96, .box_w = 4, .box_h = 4, .ofs_x = 1, .ofs_y = 4}, /* U+2022 */
    {.bitmap_index = 28225, .adv_w = 192, .box_w = 11, .box_h = 16, .ofs_x = 0, .ofs_y = -1}, /* U+2023 */
    {.bitmap_index = 28313, .adv_w = 192, .box_w = 11, .box_h = 16, .ofs_x = 0, .ofs_y = -1}, /* U+2024 */
    {.bitmap_index = 28401, .adv_w = 192, .box_w = 11, .box_h = 16, .ofs_x = 0, .ofs_y = -1}, /* U+2025 */
    {.bitmap_index = 28489, .adv_w = 224, .box_w = 13, .box_h = 3, .ofs_x = 0, .ofs_y = 0}, /* U+2026 */
};

static const uint16_t glyph_unicode_list[] = {
    0, 1, 2, 3, 4, 5, 6, 7, 8, 9, 10, 11, 12, 13, 14, 15, 16, 17, 18, 19, 20, 21, 22, 23, 24, 25, 26, 27, 28, 29, 30, 31, 32, 33, 34, 35, 36, 37, 38, 39, 40, 41, 42, 43, 44, 45, 46, 47, 48, 49, 50, 51, 52, 53, 54, 55, 56, 57, 58, 59, 60, 61, 62, 63, 64, 65, 66, 67, 68, 69, 70, 71, 72, 73, 74, 75, 76, 77, 78, 79, 80, 81, 82, 83, 84, 85, 86, 87, 88, 89, 90, 91, 92, 93, 94, 128, 129, 130, 131, 132, 133, 134, 135, 136, 137, 138, 139, 140, 141, 142, 143, 144, 145, 146, 147, 148, 149, 150, 151, 152, 153, 154, 155, 156, 157, 158, 159, 160, 161, 162, 163, 164, 165, 166, 167, 168, 169, 170, 171, 172, 173, 174, 175, 176, 177, 178, 179, 180, 181, 182, 183, 184, 185, 186, 187, 188, 189, 190, 191, 192, 193, 194, 195, 196, 197, 198, 199, 200, 201, 202, 203, 204, 205, 206, 207, 208, 209, 210, 211, 212, 213, 214, 215, 216, 217, 218, 219, 220, 221, 222, 223, 224, 225, 226, 227, 228, 229, 230, 231, 232, 233, 234, 235, 236, 237, 238, 239, 240, 241, 242, 243, 244, 245, 246, 247, 248, 249, 250, 251, 252, 253, 254, 255, 256, 257, 258, 259, 260, 261, 262, 263, 264, 265, 266, 267, 268, 269, 270, 271, 272, 273, 274, 275, 276, 277, 278, 279, 280, 281, 282, 283, 284, 285, 286, 287, 288, 289, 290, 291, 292, 293, 294, 295, 296, 297, 298, 299, 300, 301, 302, 303, 304, 305, 306, 307, 308, 309, 310, 311, 312, 313, 314, 315, 316, 317, 318, 319, 320, 321, 322, 323, 324, 325, 326, 327, 328, 329, 330, 331, 332, 333, 334, 335, 336, 337, 338, 339, 340, 341, 342, 343, 344, 345, 346, 347, 348, 349, 350, 351, 8176, 8177, 8178, 8179, 8180, 8181, 8182, 8183, 8184, 8185, 8186, 8187, 8188, 8189, 8190, 8191, 8192, 8193, 8194, 8195, 8196, 8197, 8198
};

static const lv_font_fmt_txt_cmap_t cmaps[] = {
    { .range_start = 32, .range_length = 8199, .glyph_id_start = 1,
      .unicode_list = glyph_unicode_list, .glyph_id_ofs_list = NULL, .list_length = 342, .type = LV_FONT_FMT_TXT_CMAP_SPARSE_TINY }
};

#if LVGL_VERSION_MAJOR == 8
static lv_font_fmt_txt_glyph_cache_t cache;
#endif
#if LVGL_VERSION_MAJOR >= 8
static const lv_font_fmt_txt_dsc_t font_dsc = {
#else
static lv_font_fmt_txt_dsc_t font_dsc = {
#endif
    .glyph_bitmap = glyph_bitmap,
    .glyph_dsc = glyph_dsc,
    .cmaps = cmaps,
    .kern_dsc = NULL,
    .kern_scale = 0,
    .cmap_num = 1,
    .bpp = 4,
    .kern_classes = 0,
    .bitmap_format = 0,
#if LVGL_VERSION_MAJOR == 8
    .cache = &cache
#endif
};

#if LVGL_VERSION_MAJOR >= 8
const lv_font_t lv_font_hc_20 = {
#else
lv_font_t lv_font_hc_20 = {
#endif
    .get_glyph_dsc = lv_font_get_glyph_dsc_fmt_txt,
    .get_glyph_bitmap = lv_font_get_bitmap_fmt_txt,
    .line_height = 26,
    .base_line = 6,
#if !(LVGL_VERSION_MAJOR == 6 && LVGL_VERSION_MINOR == 0)
    .subpx = LV_FONT_SUBPX_NONE,
#endif
#if LV_VERSION_CHECK(7, 4, 0) || LVGL_VERSION_MAJOR >= 8
    .underline_position = -2,
    .underline_thickness = 1,
#endif
    .dsc = &font_dsc,
#if LV_VERSION_CHECK(8, 2, 0) || LVGL_VERSION_MAJOR >= 9
    .fallback = &lv_font_montserrat_20,
#endif
    .user_data = NULL,
};

#endif /* LV_FONT_HC_20 */
